{
	"format_version": "1.12.0",
	"minecraft:geometry": [
		{
			"description": {
				"identifier": "geometry.swampert",
				"texture_width": 256,
				"texture_height": 256,
				"visible_bounds_width": 8,
				"visible_bounds_height": 4,
				"visible_bounds_offset": [0, 1, 0]
			},
			"bones": [
				{
					"name": "swampert",
					"pivot": [0, 0, 0]
				},
				{
					"name": "body",
					"parent": "swampert",
					"pivot": [0, 13, 6]
				},
				{
					"name": "torso",
					"parent": "body",
					"pivot": [0, 13, 6.5],
					"rotation": [-5, 0, 0],
					"cubes": [
						{"origin": [-8, 5, 1.5], "size": [16, 16, 13], "inflate": 0.01, "uv": [0, 57]}
					]
				},
				{
					"name": "chest",
					"parent": "torso",
					"pivot": [0, 13, 2],
					"rotation": [-17.5, 0, 0],
					"cubes": [
						{"origin": [-9, 7.5, -2.5], "size": [18, 15, 7], "inflate": 0.01, "uv": [48, 87]}
					]
				},
				{
					"name": "chest2",
					"parent": "chest",
					"pivot": [0, 15, -2.5],
					"cubes": [
						{"origin": [-10.5, 6.25, -10], "size": [21, 17, 10], "uv": [44, 30]},
						{"origin": [10.25, 14.5, -12.25], "size": [1, 8, 5], "pivot": [10.25, 21.5, -11.25], "rotation": [85, 0, -22.5], "uv": [123, 0]},
						{"origin": [9.25, 14.5, -12.25], "size": [1, 8, 5], "pivot": [10.25, 21.5, -11.25], "rotation": [85, 0, -22.5], "uv": [0, 86]},
						{"origin": [-10.25, 14.5, -12.25], "size": [1, 8, 5], "pivot": [-10.25, 21.5, -11.25], "rotation": [85, 0, 22.5], "uv": [0, 57]},
						{"origin": [-11.25, 14.5, -12.25], "size": [1, 8, 5], "pivot": [-10.25, 21.5, -11.25], "rotation": [85, 0, 22.5], "uv": [65, 118]},
						{"origin": [-1, 20.5, -10], "size": [2, 7, 8], "inflate": 0.01, "uv": [158, 39]},
						{"origin": [-0.5, 20.5, -2], "size": [1, 6, 3], "inflate": 0.01, "uv": [44, 30]}
					]
				},
				{
					"name": "arms",
					"parent": "chest2",
					"pivot": [0, 16.25, -7.25]
				},
				{
					"name": "arm_left",
					"parent": "arms",
					"pivot": [10, 17.75, -8.75],
					"cubes": [
						{"origin": [7.5, 11.25, -12], "size": [8, 9, 10], "inflate": 0.1, "uv": [132, 47]}
					]
				},
				{
					"name": "arm_left2",
					"parent": "arm_left",
					"pivot": [14.5, 15.75, -8.25],
					"cubes": [
						{"origin": [14.5, 11.75, -10.25], "size": [8, 8, 7], "inflate": 0.1, "uv": [148, 17]}
					]
				},
				{
					"name": "arm_left3",
					"parent": "arm_left2",
					"pivot": [26.5, 17.75, -5.25],
					"cubes": [
						{"origin": [26.5, 8.28806, -14.05866], "size": [9, 15, 15], "inflate": 0.01, "uv": [0, 86]},
						{"origin": [26, 12.75, -16.75], "size": [11, 6, 3], "inflate": 0.01, "pivot": [29, 15.25, -13.75], "rotation": [0, -5, 0], "uv": [148, 81]},
						{"origin": [20.5, 9.78806, -12.55866], "size": [6, 12, 12], "inflate": 0.01, "uv": [124, 23]},
						{"origin": [28, 19.75, -14.75], "size": [8, 4, 1], "inflate": 0.01, "pivot": [28, 21.25, -13.75], "rotation": [-12.5, -1.5, 0], "uv": [160, 32]},
						{"origin": [28, 7.75, -14.75], "size": [8, 4, 1], "inflate": 0.01, "pivot": [28, 10.25, -13.75], "rotation": [12.5, -1.5, 0], "uv": [136, 17]}
					]
				},
				{
					"name": "wrist_left",
					"parent": "arm_left3",
					"pivot": [35.5, 15.75, -6]
				},
				{
					"name": "hand_left",
					"parent": "wrist_left",
					"pivot": [35.5, 15.75, -8],
					"cubes": [
						{"origin": [33.5, 8.78806, -13.80866], "size": [6, 14, 14], "inflate": 0.02, "uv": [84, 95]}
					]
				},
				{
					"name": "fingers_left",
					"parent": "hand_left",
					"pivot": [39.5, 15.75, -6.75]
				},
				{
					"name": "finger_front_left",
					"parent": "fingers_left",
					"pivot": [39.5, 14.25, -7.75],
					"cubes": [
						{"origin": [39.5, 11.25, -9.75], "size": [4, 3, 5], "inflate": 0.01, "uv": [164, 130]}
					]
				},
				{
					"name": "finger_front_left2",
					"parent": "finger_front_left",
					"pivot": [43.5, 12.75, -7.75],
					"cubes": [
						{"origin": [43.5, 11.25, -9.75], "size": [4, 3, 5], "uv": [164, 61]}
					]
				},
				{
					"name": "finger_middle_left",
					"parent": "fingers_left",
					"pivot": [39.5, 15.75, -7.75],
					"cubes": [
						{"origin": [39.5, 14.25, -9.75], "size": [4, 3, 5], "inflate": 0.02, "uv": [154, 160]}
					]
				},
				{
					"name": "finger_middle_left2",
					"parent": "finger_middle_left",
					"pivot": [43.5, 15.75, -7.75],
					"cubes": [
						{"origin": [43.5, 14.25, -9.75], "size": [5, 3, 5], "inflate": 0.01, "uv": [118, 47]}
					]
				},
				{
					"name": "finger_back_left",
					"parent": "fingers_left",
					"pivot": [39.5, 17.25, -7.75],
					"cubes": [
						{"origin": [39.5, 17.25, -9.75], "size": [4, 3, 5], "inflate": 0.01, "uv": [73, 162]}
					]
				},
				{
					"name": "finger_back_left2",
					"parent": "finger_back_left",
					"pivot": [43.5, 18.75, -7.75],
					"cubes": [
						{"origin": [43.5, 17.25, -9.75], "size": [4, 3, 5], "uv": [55, 162]}
					]
				},
				{
					"name": "arm_right",
					"parent": "arms",
					"pivot": [-10, 17.75, -8.75],
					"cubes": [
						{"origin": [-15.5, 11.25, -12], "size": [8, 9, 10], "inflate": 0.1, "uv": [124, 92]}
					]
				},
				{
					"name": "arm_right2",
					"parent": "arm_right",
					"pivot": [-14.5, 15.75, -8.25],
					"cubes": [
						{"origin": [-22.5, 11.75, -10.25], "size": [8, 8, 7], "inflate": 0.1, "uv": [0, 116]}
					]
				},
				{
					"name": "arm_right3",
					"parent": "arm_right2",
					"pivot": [-26.5, 17.75, -5.25],
					"cubes": [
						{"origin": [-35.5, 8.28806, -14.05866], "size": [9, 15, 15], "inflate": 0.01, "uv": [58, 57]},
						{"origin": [-37, 12.75, -16.75], "size": [11, 6, 3], "inflate": 0.01, "pivot": [-29, 15.25, -13.75], "rotation": [0, 5, 0], "uv": [52, 109]},
						{"origin": [-26.5, 9.78806, -12.55866], "size": [6, 12, 12], "inflate": 0.01, "uv": [65, 123]},
						{"origin": [-36, 19.75, -14.75], "size": [8, 4, 1], "inflate": 0.01, "pivot": [-28, 21.25, -13.75], "rotation": [-12.5, 1.5, 0], "uv": [23, 116]},
						{"origin": [-36, 7.75, -14.75], "size": [8, 4, 1], "inflate": 0.01, "pivot": [-28, 10.25, -13.75], "rotation": [12.5, 1.5, 0], "uv": [36, 0]}
					]
				},
				{
					"name": "wrist_right",
					"parent": "arm_right3",
					"pivot": [-35.5, 15.75, -6]
				},
				{
					"name": "hand_right",
					"parent": "wrist_right",
					"pivot": [-35.5, 15.75, -8],
					"cubes": [
						{"origin": [-39.5, 8.78806, -13.80866], "size": [6, 14, 14], "inflate": 0.02, "uv": [92, 43]}
					]
				},
				{
					"name": "fingers_right",
					"parent": "hand_right",
					"pivot": [-39.5, 15.75, -6.75]
				},
				{
					"name": "finger_front_right",
					"parent": "fingers_right",
					"pivot": [-39.5, 14.25, -7.75],
					"cubes": [
						{"origin": [-43.5, 11.25, -9.75], "size": [4, 3, 5], "inflate": 0.01, "uv": [136, 160]}
					]
				},
				{
					"name": "finger_front_right2",
					"parent": "finger_front_right",
					"pivot": [-43.5, 12.75, -7.75],
					"cubes": [
						{"origin": [-47.5, 11.25, -9.75], "size": [4, 3, 5], "uv": [160, 98]}
					]
				},
				{
					"name": "finger_middle_right",
					"parent": "fingers_right",
					"pivot": [-39.5, 15.75, -7.75],
					"cubes": [
						{"origin": [-43.5, 14.25, -9.75], "size": [4, 3, 5], "inflate": 0.02, "uv": [42, 159]}
					]
				},
				{
					"name": "finger_middle_right2",
					"parent": "finger_middle_right",
					"pivot": [-43.5, 15.75, -7.75],
					"cubes": [
						{"origin": [-48.5, 14.25, -9.75], "size": [5, 3, 5], "inflate": 0.01, "uv": [33, 86]}
					]
				},
				{
					"name": "finger_back_right",
					"parent": "fingers_right",
					"pivot": [-39.5, 17.25, -7.75],
					"cubes": [
						{"origin": [-43.5, 17.25, -9.75], "size": [4, 3, 5], "inflate": 0.01, "uv": [127, 132]}
					]
				},
				{
					"name": "finger_back_right2",
					"parent": "finger_back_right",
					"pivot": [-43.5, 18.75, -7.75],
					"cubes": [
						{"origin": [-47.5, 17.25, -9.75], "size": [4, 3, 5], "uv": [106, 35]}
					]
				},
				{
					"name": "neck",
					"parent": "chest2",
					"pivot": [0, 15.75, -9],
					"cubes": [
						{"origin": [-10, 4, -17], "size": [20, 19, 11], "uv": [44, 0]},
						{"origin": [-0.5, 22, -17.5], "size": [1, 4, 8], "inflate": 0.02, "pivot": [0, 25, -10.5], "rotation": [10, 0, 0], "uv": [89, 123]}
					]
				},
				{
					"name": "head",
					"parent": "neck",
					"pivot": [0, 9.75, -15.5],
					"rotation": [-10, 0, 0]
				},
				{
					"name": "head_correction",
					"parent": "head",
					"pivot": [0, 9.75, -15.5],
					"rotation": [-42.5, 0, 0]
				},
				{
					"name": "head_ai",
					"parent": "head_correction",
					"pivot": [0, 8.75, -16.5]
				},
				{
					"name": "head_angle",
					"parent": "head_ai",
					"pivot": [0, 9.75, -16.5],
					"cubes": [
						{"origin": [-7.5, -1, -24], "size": [15, 16, 6], "inflate": 0.01, "uv": [0, 0]},
						{"origin": [-0.5, 0, -31], "size": [1, 18, 7], "inflate": 0.01, "pivot": [0, 0, -24], "rotation": [-12.5, 0, 0], "uv": [102, 151]},
						{"origin": [-7.5, 6, -18], "size": [15, 9, 4], "inflate": 0.01, "uv": [133, 147]},
						{"origin": [-7.5, -1.01, -18], "size": [15, 0, 2], "inflate": 0.01, "uv": [89, 92]},
						{"origin": [7.5, -1.01, -18], "size": [0, 3, 2], "inflate": 0.01, "uv": [49, 28]},
						{"origin": [-7.5, -1.01, -18], "size": [0, 3, 2], "inflate": 0.01, "uv": [0, 0]}
					]
				},
				{
					"name": "eyes",
					"parent": "head_angle",
					"pivot": [0, -1.02, -20.5]
				},
				{
					"name": "eye_left",
					"parent": "eyes",
					"pivot": [4.25, -1.02, -20.5],
					"cubes": [
						{"origin": [2.75, -1.02, -22], "size": [3, 0, 3], "uv": [42, 57]}
					]
				},
				{
					"name": "eye_angry_left",
					"parent": "eye_left",
					"pivot": [4.75, -0.93, -21.5],
					"cubes": [
						{"origin": [3.75, -0.93, -22], "size": [2, 0, 1], "inflate": 0.01, "uv": [35, 5]},
						{"origin": [2.75, -0.93, -21.5], "size": [1, 0, 1], "inflate": 0.01, "uv": [41, 6]}
					]
				},
				{
					"name": "eye_sad_left",
					"parent": "eye_left",
					"pivot": [4.75, -0.93, -21.5],
					"cubes": [
						{"origin": [3.75, -0.93, -22.5], "size": [1, 0, 1], "inflate": 0.01, "uv": [41, 5]},
						{"origin": [4.75, -0.94, -22], "size": [1, 0, 1], "inflate": 0.01, "uv": [39, 5]}
					]
				},
				{
					"name": "pupil_left",
					"parent": "eye_left",
					"pivot": [3.75, -1.03, -20.5],
					"cubes": [
						{"origin": [3.25, -1.03, -21.5], "size": [1, 0, 2], "uv": [2, 0]}
					]
				},
				{
					"name": "eyelid_left",
					"parent": "eye_left",
					"pivot": [4.25, -0.43, -20.5],
					"cubes": [
						{"origin": [2.75, -0.93, -22], "size": [3, 1, 3], "inflate": 0.01, "uv": [106, 7]}
					]
				},
				{
					"name": "eyelid_happy_left",
					"parent": "eye_left",
					"pivot": [4.25, -0.43, -20.5],
					"cubes": [
						{"origin": [2.75, -0.93, -22], "size": [3, 1, 3], "inflate": 0.01, "uv": [110, 101]}
					]
				},
				{
					"name": "eyelid_recoil_left",
					"parent": "eye_left",
					"pivot": [4.25, -0.43, -20.5],
					"cubes": [
						{"origin": [2.75, -0.93, -22], "size": [3, 1, 3], "inflate": 0.01, "uv": [106, 79]}
					]
				},
				{
					"name": "eye_right",
					"parent": "eyes",
					"pivot": [-4.25, -1.02, -20.5],
					"cubes": [
						{"origin": [-5.75, -1.02, -22], "size": [3, 0, 3], "uv": [4, 57]}
					]
				},
				{
					"name": "eye_angry_right",
					"parent": "eye_right",
					"pivot": [-4.75, -0.93, -21.5],
					"cubes": [
						{"origin": [-5.75, -0.93, -22], "size": [2, 0, 1], "inflate": 0.01, "uv": [0, 5]},
						{"origin": [-3.75, -0.93, -21.5], "size": [1, 0, 1], "inflate": 0.01, "uv": [3, 4]}
					]
				},
				{
					"name": "eye_sad_right",
					"parent": "eye_right",
					"pivot": [-4.75, -0.93, -21.5],
					"cubes": [
						{"origin": [-4.75, -0.93, -22.5], "size": [1, 0, 1], "inflate": 0.01, "uv": [3, 3]},
						{"origin": [-5.75, -0.94, -22], "size": [1, 0, 1], "inflate": 0.01, "uv": [3, 2]}
					]
				},
				{
					"name": "pupil_right",
					"parent": "eye_right",
					"pivot": [-3.75, -1.03, -20.5],
					"cubes": [
						{"origin": [-4.25, -1.03, -21.5], "size": [1, 0, 2], "uv": [0, 0]}
					]
				},
				{
					"name": "eyelid_right",
					"parent": "eye_right",
					"pivot": [-4.25, -0.43, -20.5],
					"cubes": [
						{"origin": [-5.75, -0.93, -22], "size": [3, 1, 3], "inflate": 0.01, "uv": [42, 5]}
					]
				},
				{
					"name": "eyelid_happy_right",
					"parent": "eye_right",
					"pivot": [-4.25, -0.43, -20.5],
					"cubes": [
						{"origin": [-5.75, -0.93, -22], "size": [3, 1, 3], "inflate": 0.01, "uv": [106, 75]}
					]
				},
				{
					"name": "eyelid_recoil_right",
					"parent": "eye_right",
					"pivot": [-4.25, -0.43, -20.5],
					"cubes": [
						{"origin": [-5.75, -0.93, -22], "size": [3, 1, 3], "inflate": 0.01, "uv": [106, 71]}
					]
				},
				{
					"name": "jaw",
					"parent": "head_angle",
					"pivot": [0, 6, -18],
					"cubes": [
						{"origin": [-7.5, -1, -18], "size": [15, 7, 4], "uv": [142, 111]}
					]
				},
				{
					"name": "checks",
					"parent": "head_angle",
					"pivot": [0, 6.25, -19]
				},
				{
					"name": "check_right",
					"parent": "checks",
					"pivot": [-8.51, 4.25, -19.5],
					"rotation": [10, 0, 5],
					"cubes": [
						{"origin": [-8.51, -2.25, -22], "size": [2, 11, 7], "inflate": 0.01, "uv": [118, 153]}
					]
				},
				{
					"name": "check_right_spike_front",
					"parent": "check_right",
					"pivot": [-8.51, 1.5, -19],
					"rotation": [0, 0, -15],
					"cubes": [
						{"origin": [-13.51, -0.5, -20], "size": [5, 2, 2], "uv": [33, 94]},
						{"origin": [-16.51, 0, -19.5], "size": [3, 1, 1], "uv": [58, 70]}
					]
				},
				{
					"name": "check_right_spike_middle",
					"parent": "check_right",
					"pivot": [-8.01, 3.25, -19],
					"cubes": [
						{"origin": [-14.51, 1.75, -20.5], "size": [6, 2, 3], "uv": [91, 151]},
						{"origin": [-19.51, 2.25, -20], "size": [5, 1, 2], "uv": [96, 35]}
					]
				},
				{
					"name": "check_right_spike_back",
					"parent": "check_right",
					"pivot": [-8.51, 4, -19],
					"rotation": [0, 0, 32.5],
					"cubes": [
						{"origin": [-16.51, 4, -21], "size": [8, 3, 4], "uv": [110, 94]},
						{"origin": [-21.51, 4.5, -20.5], "size": [5, 2, 3], "uv": [86, 162]},
						{"origin": [-24.51, 5, -20], "size": [3, 1, 2], "uv": [33, 98]}
					]
				},
				{
					"name": "check_left",
					"parent": "checks",
					"pivot": [8.51, 4.25, -19.5],
					"rotation": [10, 0, -5],
					"cubes": [
						{"origin": [6.51, -2.25, -22], "size": [2, 11, 7], "inflate": 0.01, "uv": [0, 153]}
					]
				},
				{
					"name": "check_left_spike_front",
					"parent": "check_left",
					"pivot": [8.51, 1.5, -19],
					"rotation": [0, 0, 15],
					"cubes": [
						{"origin": [8.51, -0.5, -20], "size": [5, 2, 2], "uv": [91, 87]},
						{"origin": [13.51, 0, -19.5], "size": [3, 1, 1], "uv": [42, 9]}
					]
				},
				{
					"name": "check_left_spike_middle",
					"parent": "check_left",
					"pivot": [8.01, 3.25, -19],
					"cubes": [
						{"origin": [8.51, 1.75, -20.5], "size": [6, 2, 3], "uv": [54, 147]},
						{"origin": [14.51, 2.25, -20], "size": [5, 1, 2], "uv": [95, 7]}
					]
				},
				{
					"name": "check_left_spike_back",
					"parent": "check_left",
					"pivot": [8.51, 4, -19],
					"rotation": [0, 0, -32.5],
					"cubes": [
						{"origin": [8.51, 4, -21], "size": [8, 3, 4], "uv": [95, 0]},
						{"origin": [16.51, 4.5, -20.5], "size": [5, 2, 3], "uv": [160, 106]},
						{"origin": [21.51, 5, -20], "size": [3, 1, 2], "uv": [96, 30]}
					]
				},
				{
					"name": "eyebrow_left",
					"parent": "head_angle",
					"pivot": [4.5, -0.5, -24],
					"rotation": [-27.5, -2.5, 5],
					"cubes": [
						{"origin": [3.5, -0.5, -36.5], "size": [2, 22, 13], "uv": [35, 109]},
						{"origin": [3.5, 1.5, -40.5], "size": [2, 20, 4], "uv": [30, 159]}
					]
				},
				{
					"name": "eyebrow_right",
					"parent": "head_angle",
					"pivot": [-4.5, -0.5, -24],
					"rotation": [-27.5, 2.5, -5],
					"cubes": [
						{"origin": [-5.5, -0.5, -36.5], "size": [2, 22, 13], "uv": [106, 0]},
						{"origin": [-5.5, 1.5, -40.5], "size": [2, 20, 4], "uv": [18, 155]}
					]
				},
				{
					"name": "tail_base",
					"parent": "torso",
					"pivot": [0, 14, 14.5],
					"cubes": [
						{"origin": [-6.5, 7.5, 14.5], "size": [13, 12, 5], "inflate": 0.01, "uv": [136, 0]}
					]
				},
				{
					"name": "tail",
					"parent": "tail_base",
					"pivot": [0, 21, 5.5],
					"rotation": [-7.5, 0, 0],
					"cubes": [
						{"origin": [0, 3.5, 5.5], "size": [0, 35, 22], "uv": [0, 0]},
						{"origin": [0, 19.5, 3.5], "size": [0, 8, 2], "uv": [80, 107]}
					]
				},
				{
					"name": "tail_base2",
					"parent": "tail_base",
					"pivot": [0, 19.5, 19],
					"rotation": [30, 0, 0],
					"cubes": [
						{"origin": [-3.5, 19, 12], "size": [7, 6, 7], "inflate": 0.01, "uv": [45, 57]}
					]
				},
				{
					"name": "legs",
					"parent": "body",
					"pivot": [0, 13, 9.5]
				},
				{
					"name": "leg_left",
					"parent": "legs",
					"pivot": [8, 17, 9.5],
					"rotation": [0, 0, -20],
					"cubes": [
						{"origin": [0, 14, 3.75], "size": [8, 4, 11], "uv": [64, 147]}
					]
				},
				{
					"name": "leg_left2",
					"parent": "leg_left",
					"pivot": [8, 14, 3.75],
					"cubes": [
						{"origin": [-0.75, 5, 3], "size": [9, 9, 12], "uv": [112, 111]}
					]
				},
				{
					"name": "leg_left3",
					"parent": "leg_left2",
					"pivot": [3.5, 5, 3.5],
					"rotation": [27.5, 0, 0],
					"cubes": [
						{"origin": [-0.5, -3.5, 3.5], "size": [8, 9, 10], "uv": [0, 134]}
					]
				},
				{
					"name": "foot_left",
					"parent": "leg_left3",
					"pivot": [3.5, -2, 8.5],
					"cubes": [
						{"origin": [-1, -6.5, 3.5], "size": [9, 5, 10], "inflate": 0.01, "uv": [26, 144]}
					]
				},
				{
					"name": "foot_left2",
					"parent": "foot_left",
					"pivot": [3.5, -6.5, 3.75],
					"cubes": [
						{"origin": [-1, -6.5, -1.25], "size": [9, 3, 5], "uv": [154, 122]}
					]
				},
				{
					"name": "leg_right",
					"parent": "legs",
					"pivot": [-8, 17, 9.5],
					"rotation": [0, 0, 20],
					"cubes": [
						{"origin": [-8, 14, 3.75], "size": [8, 4, 11], "uv": [137, 132]}
					]
				},
				{
					"name": "leg_right2",
					"parent": "leg_right",
					"pivot": [-8, 14, 3.75],
					"cubes": [
						{"origin": [-8.25, 5, 3], "size": [9, 9, 12], "uv": [106, 71]}
					]
				},
				{
					"name": "leg_right3",
					"parent": "leg_right2",
					"pivot": [-3.5, 5, 3.5],
					"rotation": [27.5, 0, 0],
					"cubes": [
						{"origin": [-7.5, -3.5, 3.5], "size": [8, 9, 10], "uv": [101, 132]}
					]
				},
				{
					"name": "foot_right",
					"parent": "leg_right3",
					"pivot": [-3.5, -2, 8.5],
					"cubes": [
						{"origin": [-8, -6.5, 3.5], "size": [9, 5, 10], "inflate": 0.01, "uv": [136, 66]}
					]
				},
				{
					"name": "foot_right2",
					"parent": "foot_right",
					"pivot": [-3.5, -6.5, 3.5],
					"cubes": [
						{"origin": [-8, -6.5, -1.5], "size": [9, 3, 5], "uv": [150, 90]}
					]
				}
			]
		}
	]
}