{
	"format_version": "1.8.0",
	"animations": {
		"animation.gumshoos.ground_idle": {
			"loop": true,
			"bones": {
				"Torso": {
					"rotation": ["math.cos(query.anim_time*90*2)*1", 0, 0]
				},
				"tail1": {
					"rotation": [0, "math.cos(query.anim_time*90*2)*10", 0]
				},
				"Tail2": {
					"rotation": [0, "math.cos((query.anim_time-0.3)*90*2)*10", 0]
				},
				"Tail3": {
					"rotation": [0, "math.cos((query.anim_time-0.6)*90*2)*10", 0]
				},
				"Tail4": {
					"rotation": [0, "math.cos((query.anim_time-0.9)*90*2)*10", 0]
				},
				"Tail5": {
					"rotation": [0, "math.cos((query.anim_time-1.1)*90*2)*10", 0]
				},
				"Tail6": {
					"rotation": [0, "math.cos((query.anim_time-1.4)*90*2)*10", 0]
				}
			}
		},
		"animation.gumshoos.ground_walk": {
			"loop": true,
			"bones": {
				"Body": {
					"position": [0, 0, 0]
				},
				"Torso": {
					"rotation": ["math.cos(query.anim_time*720)*1", 0, "math.sin(query.anim_time*720)*1"]
				},
				"legright": {
					"rotation": ["math.cos(query.anim_time*360)*20", 0, 0],
					"position": [0, "math.clamp(math.sin(query.anim_time*360)*1,0,1)", "math.cos(query.anim_time*360)*1"]
				},
				"KneeRight": {
					"rotation": ["math.clamp(-math.cos(query.anim_time*360)*20,0,20)", 0, 0]
				},
				"legleft": {
					"rotation": ["-math.cos(query.anim_time*360)*20", 0, 0],
					"position": [0, "math.clamp(-math.sin(query.anim_time*360)*1,0,1)", "-math.cos(query.anim_time*360)*1"]
				},
				"KneeLeft": {
					"rotation": ["math.clamp(math.cos(query.anim_time*360)*20,0,20)", 0, 0]
				}
			}
		},
		"animation.gumshoos.sleep": {
			"loop": true,
			"animation_length": 4,
			"bones": {
				"Body": {
					"rotation": [90, 0, 0],
					"position": [0, -5.5, 11]
				},
				"tail1": {
					"rotation": [-67.5, 0, 0]
				},
				"Tail2": {
					"rotation": [-45, 0, 0]
				},
				"Tail3": {
					"rotation": [2.5, "math.cos(query.anim_time*90)*5", 0]
				},
				"Tail4": {
					"rotation": [2.5, "math.cos((query.anim_time-0.3)*90)*5", 0]
				},
				"Tail5": {
					"rotation": [2.5, "math.cos((query.anim_time-0.6)*90)*5", 0]
				},
				"head": {
					"rotation": [-22.5, 0, 0]
				},
				"ArmLeft": {
					"rotation": [171.8753, -11.0311, 48.2732]
				},
				"ArmRight": {
					"rotation": [-171.87532, 11.0311, -48.27323]
				},
				"legright": {
					"rotation": [-37.5, 0, 0]
				},
				"legleft": {
					"rotation": [-37.5, 0, 0]
				},
				"Tail6": {
					"rotation": [5, "math.cos((query.anim_time-0.9)*90)*5", 0]
				}
			}
		},
		"animation.gumshoos.blink": {
			"loop": true
		},
		"animation.gumshoos.faint": {
			"loop": true,
			"animation_length": 4,
			"bones": {
				"Body": {
					"rotation": [90, 0, 0],
					"position": [0, -5.5, 11]
				},
				"tail1": {
					"rotation": [-67.5, 0, 0]
				},
				"Tail2": {
					"rotation": [-45, 0, 0]
				},
				"Tail3": {
					"rotation": [2.5, "math.cos(query.anim_time*90)*5", 0]
				},
				"Tail4": {
					"rotation": [2.5, "math.cos((query.anim_time-0.3)*90)*5", 0]
				},
				"Tail5": {
					"rotation": [2.5, "math.cos((query.anim_time-0.6)*90)*5", 0]
				},
				"head": {
					"rotation": [-22.5, 0, 0]
				},
				"ArmLeft": {
					"rotation": [171.8753, -11.0311, 48.2732]
				},
				"ArmRight": {
					"rotation": [-171.87532, 11.0311, -48.27323]
				},
				"legright": {
					"rotation": [-37.5, 0, 0]
				},
				"legleft": {
					"rotation": [-37.5, 0, 0]
				},
				"Tail6": {
					"rotation": [5, "math.cos((query.anim_time-0.9)*90)*5", 0]
				}
			}
		}
	}
}