{
	"format_version": "1.8.0",
	"animations": {
		"animation.victini.ground_idle": {
			"loop": true,
			"animation_length": 6,
			"bones": {
				"torso": {
					"rotation": [5, 0, 0],
					"position": [0, "0.15*(math.sin(q.anim_time*120*4-90)*1+1)", 0]
				},
				"head": {
					"rotation": {
						"0.0": [0, 0, "2*(math.sin(q.anim_time*60*4)*1+0)"],
						"4.4167": [0, 0, "2*(math.sin(q.anim_time*60*4)*1+0)"],
						"4.625": [-11.17991, 11.49747, "2*(math.sin(q.anim_time*60*4)*1+0)"],
						"5.1667": [-11.17991, 11.49747, "2*(math.sin(q.anim_time*60*4)*1+0)"],
						"5.3333": [0, 0, "2*(math.sin(q.anim_time*60*4)*1+0)"]
					},
					"position": [0, "0.15*(math.sin(q.anim_time*120*4-90)*1+1)", 0]
				},
				"left_arm": {
					"rotation": {
						"0.0": [0, -15, "-20-5*(math.sin(q.anim_time*120*4)*1+1)"],
						"4.4167": [0, -15, "-20-5*(math.sin(q.anim_time*120*4)*1+1)"],
						"4.5833": [-25.44068, -47.24484, "10*(math.sin(q.anim_time*60*4)*1+1)"],
						"5.2083": [-25.44068, -47.24484, "10*(math.sin(q.anim_time*60*4)*1+1)"],
						"5.4583": [0, -15, "-20-5*(math.sin(q.anim_time*120*4)*1+1)"]
					}
				},
				"right_arm": {
					"rotation": {
						"0.0": [0, 15, "20+5*(math.sin(q.anim_time*120*4)*1+1)"],
						"4.4167": [0, 15, "20+5*(math.sin(q.anim_time*120*4)*1+1)"],
						"4.5833": [0, -5, "20+5*(math.sin(q.anim_time*120*4)*1+1)"],
						"5.2083": [0, -5, "20+5*(math.sin(q.anim_time*120*4)*1+1)"],
						"5.4583": [0, 15, "20+5*(math.sin(q.anim_time*120*4)*1+1)"]
					}
				},
				"left_leg": {
					"rotation": {
						"0.0": [0, 15, 0],
						"4.5": [0, 15, 0],
						"4.6667": [0, 22.5, 0],
						"4.9583": [0, 22.5, 0],
						"5.125": [0, 15, 0]
					}
				},
				"left_wing": {
					"rotation": [25, "-6*(math.sin(q.anim_time*120*4)*1)", 0]
				},
				"right_leg": {
					"rotation": {
						"0.0": [0, -15, 0],
						"4.4583": [0, -15, 0],
						"4.625": [0, -20, 0],
						"4.9167": [0, -20, 0],
						"5.0833": [0, -15, 0]
					}
				},
				"right_wing": {
					"rotation": [25, "6*(math.sin(q.anim_time*120*4)*1)", 0]
				},
				"victini": {
					"rotation": {
						"0.0": [0, 0, 0],
						"4.375": {
							"pre": [0, 0, 0],
							"post": [0, 0, 0],
							"lerp_mode": "catmullrom"
						},
						"4.5417": {
							"post": [0, -15, 0],
							"lerp_mode": "catmullrom"
						},
						"5.0833": {
							"post": [0, -15, 0],
							"lerp_mode": "catmullrom"
						},
						"5.375": {
							"post": [0, 0, 0],
							"lerp_mode": "catmullrom"
						}
					}
				},
				"open": {
					"position": {
						"0.0": [0, 0, 1],
						"4.4167": [0, 0, 1],
						"4.4583": [0, 0, 0],
						"5.1667": [0, 0, 0],
						"5.2083": [0, 0, 1]
					}
				},
				"closed": {
					"position": {
						"0.0": [0, 0, 0],
						"4.4167": [0, 0, 0],
						"4.4583": [0, 0, 1],
						"5.1667": [0, 0, 1],
						"5.2083": [0, 0, 0]
					}
				},
				"left_thumb": {
					"rotation": {
						"0.0": [0, 0, 0],
						"4.2917": [0, 0, 0],
						"4.5833": [45.76981, 24.52962, 137.98189],
						"5.0833": [45.76981, 24.52962, 137.98189],
						"5.3333": [0, 0, 0]
					},
					"position": {
						"0.0": [0, 0, 0],
						"4.2917": [0, 0, 0],
						"4.5833": [0, 0.25, 0.25],
						"5.0833": [0, 0.25, 0.25],
						"5.3333": [0, 0, 0]
					}
				},
				"left_foot": {
					"rotation": [0, 0, 0]
				},
				"right_foot": {
					"rotation": [0, 0, 0]
				},
				"left_eyelid": {
					"position": [0, 0, 1]
				},
				"right_eyelid": {
					"position": [0, 0, 1]
				}
			}
		},
		"animation.victini.ground_walk": {
			"loop": true,
			"bones": {
				"body": {
					"rotation": [35, "0+1.5*(math.sin(q.anim_time*60*6)*1+0)", "0+1.5*(math.sin(q.anim_time*60*6)*1+0)"],
					"position": [
						0,
						"-math.clamp(math.sin(-query.anim_time*90*4+45/2)*0.6,0.1,1)-math.clamp(math.sin(-query.anim_time*90*4+45/2+180)*0.6,0.1,1)+0.7",
						"-math.clamp(math.sin(query.anim_time*90*4)*0.7,0.1,0.6)-math.clamp(math.sin(-query.anim_time*90*4)*0.7,0.1,0.6)+0.2"
					]
				},
				"head": {
					"rotation": [-35, 0, "0+3*(math.sin(q.anim_time*60*6)*1+0)"]
				},
				"victini": {
					"position": [0, "4+1*(math.sin(q.anim_time*30*6)*1+0)", 0]
				},
				"left_arm": {
					"rotation": [0, -35, "-20-5*(math.sin(q.anim_time*60*6)*1+0)"]
				},
				"right_arm": {
					"rotation": [0, 35, "20+5*(math.sin(q.anim_time*60*6)*1+0)"]
				},
				"left_leg": {
					"rotation": [-15, 15, 0]
				},
				"left_wing": {
					"rotation": [25, "-12*(math.sin(q.anim_time*120*8)*1)", 0]
				},
				"left_foot": {
					"rotation": ["6*(math.sin(q.anim_time*60*6-90)*1+1)", 0, 0]
				},
				"right_leg": {
					"rotation": [-15, -15, 0]
				},
				"right_wing": {
					"rotation": [25, "12*(math.sin(q.anim_time*120*8)*1)", 0]
				},
				"right_foot": {
					"rotation": ["6*(math.sin(q.anim_time*60*6-90)*1+1)", 0, 0]
				},
				"open": {
					"position": [0, 0, 1]
				},
				"closed": {
					"position": [0, 0, 0]
				},
				"left_eyelid": {
					"position": [0, 0, 1]
				},
				"right_eyelid": {
					"position": [0, 0, 1]
				}
			}
		},
		"animation.victini.blink": {
			"animation_length": 0.16667,
			"bones": {
				"open": {
					"position": [0, 0, 1]
				},
				"left_eye": {
					"position": {
						"0.0": [0, 0, 1],
						"0.125": {
							"pre": [0, 0, 1],
							"post": [0, 0, 0]
						}
					}
				},
				"left_eyelid": {
					"position": {
						"0.0": [0, 0, 0],
						"0.125": {
							"pre": [0, 0, 0],
							"post": [0, 0, 1]
						}
					}
				},
				"right_eye": {
					"position": {
						"0.0": [0, 0, 1],
						"0.125": {
							"pre": [0, 0, 1],
							"post": [0, 0, 0]
						}
					}
				},
				"right_eyelid": {
					"position": {
						"0.0": [0, 0, 0],
						"0.125": {
							"pre": [0, 0, 0],
							"post": [0, 0, 1]
						}
					}
				}
			}
		}
	}
}