{
	"format_version": "1.12.0",
	"minecraft:geometry": [
		{
			"description": {
				"identifier": "geometry.latias",
				"texture_width": 128,
				"texture_height": 128,
				"visible_bounds_width": 4,
				"visible_bounds_height": 4.5,
				"visible_bounds_offset": [0, 1.75, 0]
			},
			"bones": [
				{
					"name": "latias",
					"pivot": [0, 0, 0]
				},
				{
					"name": "body",
					"parent": "latias",
					"pivot": [0, 9.05, -0.97],
					"cubes": [
						{"origin": [-5.5, 3.3, -12.47], "size": [11, 12, 7], "inflate": -0.1, "uv": [78, 24]},
						{"origin": [-7.5, 1.3, -6.47], "size": [15, 15, 15], "inflate": -0.1, "uv": [0, 0]}
					]
				},
				{
					"name": "tail_part_2",
					"parent": "body",
					"pivot": [0, 8.8, 8.5],
					"cubes": [
						{"origin": [-4.5, 4.3, 6.53], "size": [9, 9, 8], "inflate": 0.1, "uv": [78, 43]}
					]
				},
				{
					"name": "tail_left",
					"parent": "tail_part_2",
					"pivot": [4.5, 7.3, 13.03],
					"cubes": [
						{"origin": [0.5, 7.3, 6.53], "size": [16, 0, 13], "uv": [6, 114]}
					]
				},
				{
					"name": "tail_right",
					"parent": "tail_part_2",
					"pivot": [-4.5, 7.3, 13.03],
					"cubes": [
						{"origin": [-16.5, 7.3, 6.53], "size": [16, 0, 13], "uv": [39, 114]}
					]
				},
				{
					"name": "tail_part_3",
					"parent": "tail_part_2",
					"pivot": [0, 8.8, 14.53],
					"cubes": [
						{"origin": [-2, 6.8, 13.53], "size": [4, 4, 6], "uv": [88, 73]}
					]
				},
				{
					"name": "arm_left_1",
					"parent": "body",
					"pivot": [6.8, 8.3, -7.4],
					"rotation": [0, 0, 0],
					"cubes": [
						{"origin": [3.8, 5.8, -12.4], "size": [4, 4, 10], "uv": [30, 62]}
					]
				},
				{
					"name": "arm_left_2",
					"parent": "arm_left_1",
					"pivot": [7.8, 7.3, -5.2],
					"cubes": [
						{"origin": [7.8, 7.3, -5.2], "size": [4, 1, 1], "uv": [66, 26]}
					]
				},
				{
					"name": "arm_left_3",
					"parent": "arm_left_2",
					"pivot": [11.745, 7.8, -4.75],
					"cubes": [
						{"origin": [11.5, 6, -11.75], "size": [3, 4, 8], "inflate": 0.01, "uv": [22, 76]}
					]
				},
				{
					"name": "arm_left_claw_top",
					"parent": "arm_left_3",
					"pivot": [13.5, 9.25, -11.75],
					"cubes": [
						{"origin": [11.5, 9.25, -13.75], "size": [2, 0, 2], "uv": [66, 64]}
					]
				},
				{
					"name": "arm_left_claw_bottom",
					"parent": "arm_left_3",
					"pivot": [13.5, 6.75, -11.75],
					"cubes": [
						{"origin": [11.5, 6.75, -13.75], "size": [2, 0, 2], "uv": [58, 66]}
					]
				},
				{
					"name": "arm_left_claw_middle",
					"parent": "arm_left_3",
					"pivot": [13.5, 8, -11.75],
					"cubes": [
						{"origin": [11.5, 8, -13.75], "size": [2, 0, 2], "uv": [66, 66]}
					]
				},
				{
					"name": "arm_right_1",
					"parent": "body",
					"pivot": [-6.8, 8.3, -7.4],
					"rotation": [0, 0, 0],
					"cubes": [
						{"origin": [-7.8, 5.8, -12.4], "size": [4, 4, 10], "uv": [58, 69]}
					]
				},
				{
					"name": "arm_right_2",
					"parent": "arm_right_1",
					"pivot": [-7.8, 7.3, -5.2],
					"cubes": [
						{"origin": [-11.8, 7.3, -5.2], "size": [4, 1, 1], "uv": [66, 24]}
					]
				},
				{
					"name": "arm_right_3",
					"parent": "arm_right_2",
					"pivot": [-11.745, 7.8, -4.75],
					"cubes": [
						{"origin": [-14.5, 6, -11.75], "size": [3, 4, 8], "inflate": 0.01, "uv": [0, 76]}
					]
				},
				{
					"name": "arm_right_claw_top",
					"parent": "arm_right_3",
					"pivot": [-13.5, 9.25, -11.75],
					"cubes": [
						{"origin": [-13.5, 9.25, -13.75], "size": [2, 0, 2], "uv": [58, 62]}
					]
				},
				{
					"name": "arm_right_claw_bottom",
					"parent": "arm_right_3",
					"pivot": [-13.5, 6.75, -11.75],
					"cubes": [
						{"origin": [-13.5, 6.75, -13.75], "size": [2, 0, 2], "uv": [58, 64]}
					]
				},
				{
					"name": "arm_right_claw_middle",
					"parent": "arm_right_3",
					"pivot": [-13.5, 8, -11.75],
					"cubes": [
						{"origin": [-13.5, 8, -13.75], "size": [2, 0, 2], "uv": [66, 62]}
					]
				},
				{
					"name": "wing_left",
					"parent": "body",
					"pivot": [7.5, 16.3, 5.83],
					"cubes": [
						{"origin": [7.5, 12.3, -8.7], "size": [0, 30, 19], "uv": [0, 12]}
					]
				},
				{
					"name": "wing_right",
					"parent": "body",
					"pivot": [-7.5, 16.3, 5.83],
					"cubes": [
						{"origin": [-7.5, 12.3, -8.7], "size": [0, 30, 19], "uv": [38, 12]}
					]
				},
				{
					"name": "neck",
					"parent": "body",
					"pivot": [0, 10, -11.25],
					"cubes": [
						{"origin": [-4, 6.5, -26.97], "size": [8, 7, 17], "inflate": -0.1, "uv": [60, 0]}
					]
				},
				{
					"name": "head",
					"parent": "neck",
					"pivot": [0, 10, -26.47],
					"cubes": [
						{"origin": [-4.5, 6, -32.47], "size": [9, 8, 6], "inflate": -0.01, "uv": [0, 62]}
					]
				},
				{
					"name": "ear_left",
					"parent": "head",
					"pivot": [4.5, 14, -29.97],
					"cubes": [
						{"origin": [4.5, 13, -29.97], "size": [0, 7, 4], "uv": [1, 116]}
					]
				},
				{
					"name": "ear_right",
					"parent": "head",
					"pivot": [-4.5, 14, -29.97],
					"cubes": [
						{"origin": [-4.5, 13, -29.97], "size": [0, 7, 4], "uv": [10, 116]}
					]
				},
				{
					"name": "face",
					"parent": "head",
					"pivot": [0.7, 12, -36],
					"rotation": [0, -45, 0],
					"cubes": [
						{"origin": [-0.3, 6.15, -36], "size": [6, 7, 6], "inflate": 0.13, "uv": [88, 60]}
					]
				},
				{
					"name": "eye_left",
					"parent": "face",
					"pivot": [4.6, 8.2, -36.165],
					"cubes": [
						{"origin": [2.85, 7.5, -36.16], "size": [3, 3, 0], "uv": [52, 76]},
						{"origin": [6.52, 7.5, -34.371], "size": [1, 3, 0], "pivot": [4.5, 10.5, -33.3], "rotation": [0, 45, 0], "uv": [48, 99]},
						{"origin": [7.52, 7.5, -34.37], "size": [0, 3, 2], "pivot": [4.5, 10.5, -33.3], "rotation": [0, 45, 0], "uv": [41, 97]}
					]
				},
				{
					"name": "pupil_left",
					"parent": "eye_left",
					"pivot": [4.1, 9.2, -36.1675],
					"cubes": [
						{"origin": [3.65, 8.8, -36.17], "size": [1, 1, 0], "uv": [58, 68]},
						{"origin": [3.85, 8, -36.165], "size": [1, 2, 0], "uv": [74, 28]}
					]
				},
				{
					"name": "eyelid_left",
					"parent": "eye_left",
					"pivot": [4.6, 8.2, -36.165],
					"cubes": [
						{"origin": [2.85, 7.5, -36.06], "size": [3, 3, 0], "uv": [33, 99]},
						{"origin": [6.52, 7.5, -34.271], "size": [1, 3, 0], "pivot": [4.5, 10.5, -33.2], "rotation": [0, 45, 0], "uv": [52, 79]},
						{"origin": [7.52, 7.5, -34.27], "size": [0, 3, 2], "pivot": [4.5, 10.5, -33.2], "rotation": [0, 45, 0], "uv": [64, 83]}
					]
				},
				{
					"name": "eye_right",
					"parent": "face",
					"pivot": [-0.5, 8.2, -31.065],
					"rotation": [0, 90, 0],
					"cubes": [
						{"origin": [-1.75, 7.5, -31], "size": [3, 3, 0], "uv": [52, 76], "mirror": true},
						{"origin": [-3.35, 7.5, -29.26], "size": [1, 3, 0], "pivot": [-0.4, 10.5, -28.2], "rotation": [0, -45, 0], "uv": [48, 99], "mirror": true},
						{"origin": [-3.35, 7.5, -29.26], "size": [0, 3, 2], "pivot": [-0.4, 10.5, -28.2], "rotation": [0, -45, 0], "uv": [41, 97], "mirror": true}
					]
				},
				{
					"name": "pupil_right",
					"parent": "eye_right",
					"pivot": [0, 9.2, -31.0675],
					"cubes": [
						{"origin": [-0.55, 8.8, -31.07], "size": [1, 1, 0], "uv": [58, 68], "mirror": true},
						{"origin": [-0.75, 8, -31.065], "size": [1, 2, 0], "uv": [74, 28], "mirror": true}
					]
				},
				{
					"name": "eyelid_right",
					"parent": "eye_right",
					"pivot": [-0.5, 8.2, -31.065],
					"cubes": [
						{"origin": [-1.75, 7.5, -30.9], "size": [3, 3, 0], "uv": [33, 99], "mirror": true},
						{"origin": [-3.35, 7.5, -29.16], "size": [1, 3, 0], "pivot": [-0.4, 10.5, -28.1], "rotation": [0, -45, 0], "uv": [52, 79], "mirror": true},
						{"origin": [-3.35, 7.5, -29.16], "size": [0, 3, 2], "pivot": [-0.4, 10.5, -28.1], "rotation": [0, -45, 0], "uv": [64, 83], "mirror": true}
					]
				},
				{
					"name": "mouths",
					"parent": "face",
					"pivot": [-24.8, 0, -10.1],
					"rotation": [0, -45, 0]
				},
				{
					"name": "mouth_smile",
					"parent": "mouths",
					"pivot": [-20.3, 12, -46.2],
					"rotation": [0, -45, 0],
					"cubes": [
						{"origin": [-22.2, 5.99, -45.6], "size": [2, 0, 2], "uv": [66, 28]}
					]
				},
				{
					"name": "mouth_open",
					"parent": "mouths",
					"pivot": [-21.36066, 6.07, -45.70503],
					"rotation": [0, -45, 0],
					"cubes": [
						{"origin": [-22.86066, 6.07, -47.20503], "size": [3, 0, 3], "uv": [57, 68]}
					]
				}
			]
		}
	]
}