{
	"format_version": "1.12.0",
	"minecraft:geometry": [
		{
			"description": {
				"identifier": "geometry.mega_latios",
				"texture_width": 128,
				"texture_height": 256,
				"visible_bounds_width": 8,
				"visible_bounds_height": 4,
				"visible_bounds_offset": [0, 1, 0]
			},
			"bones": [
				{
					"name": "mega_latios",
					"pivot": [0, 0, 0]
				},
				{
					"name": "body",
					"parent": "mega_latios",
					"pivot": [-1, 13.5, -2.4],
					"cubes": [
						{"origin": [-7.5, 3.5, -3.47], "size": [15, 15, 18], "uv": [0, 0]},
						{"origin": [-5.5, 6.5, -10.47], "size": [11, 11, 8], "uv": [66, 21]}
					]
				},
				{
					"name": "tail_left",
					"parent": "body",
					"pivot": [7.5, 3.5, 4.53],
					"rotation": [0, 0, 0],
					"cubes": [
						{"origin": [7.5, -17.5, 4.53], "size": [0, 25, 15], "uv": [32, 171]}
					]
				},
				{
					"name": "tail_right",
					"parent": "body",
					"pivot": [-7.5, 3.5, 4.53],
					"rotation": [0, 0, 0],
					"cubes": [
						{"origin": [-7.5, -17.5, 4.53], "size": [0, 25, 15], "uv": [1, 171]}
					]
				},
				{
					"name": "tail_part_1",
					"parent": "body",
					"pivot": [0, 11, 14.53],
					"cubes": [
						{"origin": [-4.5, 6.5, 13.53], "size": [9, 9, 9], "uv": [0, 72]}
					]
				},
				{
					"name": "tail_part_2",
					"parent": "tail_part_1",
					"pivot": [0, 11, 22.53],
					"cubes": [
						{"origin": [-2, 9, 21.53], "size": [4, 4, 6], "uv": [52, 85]}
					]
				},
				{
					"name": "arm_left_1",
					"parent": "body",
					"pivot": [5.9, 11.4, -6.47],
					"cubes": [
						{"origin": [3.4, 9.4, -10.77], "size": [4, 5, 9], "uv": [80, 56]}
					]
				},
				{
					"name": "arm_left_2",
					"parent": "arm_left_1",
					"pivot": [7.4, 11.89905, -6.02638],
					"cubes": [
						{"origin": [5.9, 10.89905, -7], "size": [8, 2, 2], "uv": [62, 0]}
					]
				},
				{
					"name": "arm_left_3",
					"parent": "arm_left_2",
					"pivot": [13.4, 12.39905, -6.02638],
					"cubes": [
						{"origin": [13.4, 4.89905, -8.02638], "size": [1, 10, 4], "uv": [0, 90]},
						{"origin": [14.4, -15.10095, -10], "size": [4, 5, 8], "uv": [60, 72]},
						{"origin": [14.4, 14.89905, -10], "size": [4, 5, 8], "uv": [26, 33]},
						{"origin": [14.4, -10.10095, -13], "size": [6, 25, 14], "uv": [0, 33]},
						{"origin": [18.41, 12.89905, -10.62638], "size": [2, 2, 9], "inflate": 0.01, "uv": [51, 95]},
						{"origin": [18.41, 14.89905, -8.62638], "size": [0, 3, 5], "uv": [28, 109]}
					]
				},
				{
					"name": "wing_left",
					"parent": "arm_left_3",
					"pivot": [20.4, 11.79905, -6],
					"cubes": [
						{"origin": [20.4, -9.10095, -6], "size": [32, 21, 0], "uv": [1, 234]}
					]
				},
				{
					"name": "hand_left_1",
					"parent": "arm_left_3",
					"pivot": [15.9, -9.10095, -9.52638],
					"cubes": [
						{"origin": [13.4, -13.60095, -9.02638], "size": [1, 6, 6], "uv": [48, 0]}
					]
				},
				{
					"name": "finger_left_top",
					"parent": "hand_left_1",
					"pivot": [13.9, -12.10095, -9.02638],
					"cubes": [
						{"origin": [13.4, -15.10095, -9.02638], "size": [1, 3, 2], "inflate": -0.01, "uv": [14, 116]},
						{"origin": [13.9, -18.10095, -9.02638], "size": [0, 3, 2], "uv": [38, 113]}
					]
				},
				{
					"name": "finger_left_back",
					"parent": "hand_left_1",
					"pivot": [13.9, -12.10095, -3.02638],
					"cubes": [
						{"origin": [13.4, -15.10095, -5.02638], "size": [1, 3, 2], "inflate": -0.01, "uv": [48, 12]},
						{"origin": [13.9, -18.10095, -5.02638], "size": [0, 3, 2], "uv": [38, 107]}
					]
				},
				{
					"name": "finger_left_middle",
					"parent": "hand_left_1",
					"pivot": [13.9, -12.60095, -7.02638],
					"cubes": [
						{"origin": [13.4, -15.60095, -7.02638], "size": [1, 2, 2], "inflate": -0.01, "uv": [78, 70]},
						{"origin": [13.9, -18.60095, -7.02638], "size": [0, 3, 2], "uv": [38, 110]}
					]
				},
				{
					"name": "arm_right_1",
					"parent": "body",
					"pivot": [-5.9, 11.4, -6.47],
					"cubes": [
						{"origin": [-7.4, 9.4, -10.77], "size": [4, 5, 9], "uv": [84, 70]}
					]
				},
				{
					"name": "arm_right_2",
					"parent": "arm_right_1",
					"pivot": [-7.4, 11.89905, -6.12638],
					"cubes": [
						{"origin": [-13.9, 10.89905, -7], "size": [8, 2, 2], "uv": [62, 4]}
					]
				},
				{
					"name": "arm_right_3",
					"parent": "arm_right_2",
					"pivot": [-13.4, 12.39905, -6.12638],
					"cubes": [
						{"origin": [-14.4, 4.89905, -8.12638], "size": [1, 10, 4], "uv": [10, 90]},
						{"origin": [-18.4, -15.10095, -10], "size": [4, 5, 8], "uv": [36, 72]},
						{"origin": [-18.4, 14.89905, -10], "size": [4, 5, 8], "uv": [28, 85]},
						{"origin": [-18.41, 14.89905, -8.62638], "size": [0, 3, 5], "uv": [28, 106]},
						{"origin": [-20.41, 12.89905, -10.62638], "size": [2, 2, 9], "inflate": 0.01, "uv": [38, 98]},
						{"origin": [-20.4, -10.10095, -13], "size": [6, 25, 14], "uv": [40, 33]}
					]
				},
				{
					"name": "wing_right",
					"parent": "arm_right_3",
					"pivot": [-20.4, 11.79905, -6],
					"cubes": [
						{"origin": [-52.4, -9.10095, -6], "size": [32, 21, 0], "uv": [1, 212]}
					]
				},
				{
					"name": "hand_right_1",
					"parent": "arm_right_3",
					"pivot": [-15.9, -9.10095, -9.62638],
					"cubes": [
						{"origin": [-14.4, -13.60095, -9.12638], "size": [1, 6, 6], "uv": [20, 111]}
					]
				},
				{
					"name": "finger_right_top",
					"parent": "hand_right_1",
					"pivot": [-13.9, -12.10095, -9.12638],
					"cubes": [
						{"origin": [-14.4, -15.10095, -9.12638], "size": [1, 3, 2], "inflate": -0.01, "uv": [54, 12]},
						{"origin": [-13.9, -18.10095, -9.12638], "size": [0, 3, 2], "uv": [38, 116]}
					]
				},
				{
					"name": "finger_right_back",
					"parent": "hand_right_1",
					"pivot": [-13.9, -12.10095, -3.12638],
					"cubes": [
						{"origin": [-14.4, -15.10095, -5.12638], "size": [1, 3, 2], "inflate": -0.01, "uv": [12, 111]},
						{"origin": [-13.9, -18.10095, -5.12638], "size": [0, 3, 2], "uv": [38, 119]}
					]
				},
				{
					"name": "finger_right_middle",
					"parent": "hand_right_1",
					"pivot": [-13.9, -12.60095, -7.12638],
					"cubes": [
						{"origin": [-14.4, -15.60095, -7.12638], "size": [1, 2, 2], "inflate": -0.01, "uv": [6, 90]},
						{"origin": [-13.9, -18.60095, -7.12638], "size": [0, 3, 2], "uv": [38, 122]}
					]
				},
				{
					"name": "neck",
					"parent": "body",
					"pivot": [0, 12, -11.47],
					"cubes": [
						{"origin": [-3, 9.5, -25.37], "size": [6, 5, 16], "inflate": 0.1, "uv": [66, 0]}
					]
				},
				{
					"name": "head",
					"parent": "neck",
					"pivot": [0, 12.2, -23.47],
					"cubes": [
						{"origin": [-4.5, 8.2, -31.37], "size": [9, 8, 8], "uv": [80, 40]}
					]
				},
				{
					"name": "mouthpice_left_1",
					"parent": "head",
					"pivot": [4.7, 7.1, -26.97],
					"rotation": [-2.5753, -0.25601, 34.54569],
					"cubes": [
						{"origin": [2.7, 7.1, -29.87], "size": [2, 2, 5], "uv": [90, 84]}
					]
				},
				{
					"name": "mouthpice_left_2",
					"parent": "mouthpice_left_1",
					"pivot": [4.7, 9.1, -26.97],
					"rotation": [0, 0, -55.5],
					"cubes": [
						{"origin": [2.7, 9.1, -29.87], "size": [2, 4, 5], "uv": [0, 104]}
					]
				},
				{
					"name": "mouthpice_left_3",
					"parent": "mouthpice_left_1",
					"pivot": [4.7, 7.1, -29.97],
					"rotation": [7.5, 10, -35],
					"cubes": [
						{"origin": [4.6, 7.1, -34.87], "size": [0, 4, 6], "uv": [76, 193]}
					]
				},
				{
					"name": "mouthpice_left_4",
					"parent": "head",
					"pivot": [-4.7, 7.1, -26.97],
					"rotation": [-2.5753, 0.25601, -34.54569],
					"cubes": [
						{"origin": [-4.7, 7.1, -29.87], "size": [2, 2, 5], "uv": [60, 8]}
					]
				},
				{
					"name": "mouthpice_left_5",
					"parent": "mouthpice_left_4",
					"pivot": [-4.7, 9.1, -26.97],
					"rotation": [0, 0, 55.5],
					"cubes": [
						{"origin": [-4.7, 9.1, -29.87], "size": [2, 4, 5], "uv": [0, 113]}
					]
				},
				{
					"name": "mouthpice_left_6",
					"parent": "mouthpice_left_4",
					"pivot": [-4.7, 7.1, -29.97],
					"rotation": [7.5, -10, 35],
					"cubes": [
						{"origin": [-4.6, 7.1, -34.87], "size": [0, 4, 6], "uv": [63, 193]}
					]
				},
				{
					"name": "mouthpice_right_1",
					"parent": "head",
					"pivot": [-4.7, 7.1, -26.97],
					"rotation": [-2.5753, 0.25601, -34.54569]
				},
				{
					"name": "mouthpice_right_2",
					"parent": "mouthpice_right_1",
					"pivot": [-4.7, 9.1, -26.97],
					"rotation": [0, 0, 55.5]
				},
				{
					"name": "mouthpice_right_3",
					"parent": "mouthpice_right_1",
					"pivot": [-4.7, 7.1, -29.97],
					"rotation": [7.32399, -10.12901, 33.50714]
				},
				{
					"name": "ear_right",
					"parent": "head",
					"pivot": [-4.5, 13.15, -29.4],
					"cubes": [
						{"origin": [-4.48, 13.15, -29.4], "size": [0, 12, 6], "uv": [63, 180]}
					]
				},
				{
					"name": "ear_left",
					"parent": "head",
					"pivot": [4.5, 13.15, -29.4],
					"cubes": [
						{"origin": [4.48, 13.15, -29.4], "size": [0, 12, 6], "uv": [76, 180]}
					]
				},
				{
					"name": "face",
					"parent": "head",
					"pivot": [0.8, 14.2, -35],
					"rotation": [0, -45, 0],
					"cubes": [
						{"origin": [-0.19, 8.35, -34.86], "size": [6, 7, 6], "inflate": 0.15, "uv": [72, 85]},
						{"origin": [-0.19, 8.35, -34.86], "size": [6, 7, 6], "inflate": 0.18, "uv": [14, 98]}
					]
				},
				{
					"name": "eye_left",
					"parent": "face",
					"pivot": [3.5, 10.3, -34.965],
					"cubes": [
						{"origin": [5.47, 10.2, -34.874], "size": [1, 4, 1], "pivot": [6.01, 12.1, -34.374], "rotation": [0, 45, 0], "uv": [6, 0]},
						{"origin": [0.95, 9.1, -35.014], "size": [5, 5, 0], "uv": [105, 0]}
					]
				},
				{
					"name": "pupil_left",
					"parent": "eye_left",
					"pivot": [3, 10.3, -34.965],
					"cubes": [
						{"origin": [2.25, 9.1, -35.018], "size": [3, 5, 0], "uv": [0, 122]}
					]
				},
				{
					"name": "iris_left",
					"parent": "pupil_left",
					"pivot": [3.5, 11.3, -34.9675],
					"cubes": [
						{"origin": [2.45, 10.6, -35.025], "size": [1, 1, 0], "uv": [0, 0]},
						{"origin": [2.95, 9.6, -35.022], "size": [1, 3, 0], "uv": [0, 2]}
					]
				},
				{
					"name": "eyelid_left",
					"parent": "eye_left",
					"pivot": [3.5, 10.3, -35.165],
					"cubes": [
						{"origin": [5.47, 10.1, -34.774], "size": [1, 4, 1], "pivot": [6.01, 12.1, -34.274], "rotation": [0, 45, 0], "uv": [115, 5]},
						{"origin": [0.95, 9.1, -34.914], "size": [5, 5, 0], "uv": [95, 5]}
					]
				},
				{
					"name": "eye_right",
					"parent": "face",
					"pivot": [-0.3, 10.3, -31.165],
					"rotation": [0, 90, 0],
					"cubes": [
						{"origin": [-3.27, 10.2, -31.074], "size": [1, 4, 1], "pivot": [-2.81, 12.1, -30.574], "rotation": [0, -45, 0], "uv": [2, 0]},
						{"origin": [-2.75, 9.1, -31.214], "size": [5, 5, 0], "uv": [95, 0]}
					]
				},
				{
					"name": "pupil_right",
					"parent": "eye_right",
					"pivot": [0.2, 10.3, -31.165],
					"cubes": [
						{"origin": [-2.05, 9.1, -31.218], "size": [3, 5, 0], "uv": [0, 127]}
					]
				},
				{
					"name": "iris_right",
					"parent": "pupil_right",
					"pivot": [-0.3, 11.3, -31.1675],
					"cubes": [
						{"origin": [-0.25, 10.6, -31.225], "size": [1, 1, 0], "uv": [0, 1]},
						{"origin": [-0.75, 9.6, -31.222], "size": [1, 3, 0], "uv": [0, 5]}
					]
				},
				{
					"name": "eyelid_right",
					"parent": "eye_right",
					"pivot": [-0.3, 10.3, -31.065],
					"cubes": [
						{"origin": [-2.75, 9.1, -31.114], "size": [5, 5, 0], "uv": [105, 5]},
						{"origin": [-3.27, 10.1, -30.974], "size": [1, 4, 1], "pivot": [-2.81, 12.1, -30.474], "rotation": [0, -45, 0], "uv": [119, 5]}
					]
				},
				{
					"name": "mouths",
					"parent": "face",
					"pivot": [-24.4, 2.2, -8.5],
					"rotation": [0, -45, 0]
				},
				{
					"name": "mouth_closed",
					"parent": "mouths",
					"pivot": [-21.97071, 7.185, -43.87071],
					"rotation": [0, 135, 0],
					"cubes": [
						{"origin": [-23.47071, 8.19, -44.77071], "size": [3, 0, 3], "uv": [-3, 11]}
					]
				},
				{
					"name": "mouth_open",
					"parent": "mouths",
					"pivot": [-21.97071, 7.285, -43.87071],
					"rotation": [0, 135, 0],
					"cubes": [
						{"origin": [-23.47071, 8.29, -44.77071], "size": [3, 0, 3], "uv": [-3, 8]}
					]
				}
			]
		}
	]
}