{
  "target": "cobblemon:applin",
  "implemented": true,
  "shoulderMountable": true,
  "baseScale": 0.5,
  "hitbox": {
    "width": 0.6,
    "height": 0.7,
    "fixed": false
    },
  "behaviour": {
    "resting": {
      "canSleep": true,
      "depth": "normal",
      "light": "0-4"
    },
    "moving": {
      "canLook": false,
      "walk": {
	    "walkSpeed": 0.145,
        "canWalk": true,
        "avoidsLand": false
      },
      "swim": {
        "swimSpeed": 0.1,
        "canSwimInWater": true,
        "canBreatheUnderwater": false
       }
     }
  },
  "evolutions": [
    {
      "id": "applin_dipplin2",
      "variant": "item_interact",
      "result": "dipplin",
      "consumeHeldItem": true,
      "learnableMoves": [
        "doublehit"
      ],
      "requirements": [],
      "requiredContext": "minecraft:honey_bottle"
    }
  ]
}
