{
  "target": "cobblemon:duraludon",
  "implemented": true,
  "baseScale": 1.5,
  "hitbox": {
    "width": 1.0,
    "height": 1.3,
    "fixed": false
  },
  "behaviour": {
    "resting": {
      "canSleep": true,
      "depth": "normal",
      "light": "0-4"
    },
    "moving": {
      "canLook": false,
      "walk": {
	    "walkSpeed": 0.18,
        "canWalk": true,
        "avoidsLand": false
      },
      "swim": {
        "swimSpeed": 0.1,
        "canSwimInWater": false,
        "canBreatheUnderwater": false
      }
    }
  }
}
