{
  "target": "cobblemon:kubfu",
  "implemented": true,
  "hitbox": {
    "width": 1,
    "height": 1.5,
    "fixed": false
  },
  "drops": {
    "amount": 5,
    "entries": [
      {
        "item": "cobblemon:rare_candy",
        "quantityRange": "3-6"
      },
      {
        "item": "cobblemon:black_belt",
        "percentage": 50.0
      },
      {
        "item": "cobblemon:black_belt",
        "percentage": 50.0
      },
      {
        "item": "cobblemon:ability_capsule",
        "percentage": 25.0
      },
      {
        "item": "cobblemon:ability_patch",
        "percentage": 5.0
      }
    ]
  }
}
