{
	"format_version": "1.12.0",
	"minecraft:geometry": [
		{
			"description": {
				"identifier": "geometry.gengar",
				"texture_width": 256,
				"texture_height": 256,
				"visible_bounds_width": 5,
				"visible_bounds_height": 5,
				"visible_bounds_offset": [0, 1.5, 0]
			},
			"bones": [
				{
					"name": "gengar",
					"pivot": [0, 0, 0]
				},
				{
					"name": "body",
					"parent": "gengar",
					"pivot": [0, 11.5, 0.5]
				},
				{
					"name": "torso",
					"parent": "body",
					"pivot": [0, 2.5, 0.25],
					"rotation": [7.5, 0, 0],
					"cubes": [
						{"origin": [-10.5, -1, -9], "size": [21, 25, 20], "uv": [0, 0]},
						{"origin": [-2.5, 24, -9], "size": [5, 6, 5], "pivot": [0, 24, -9], "rotation": [-22.5, 0, 0], "uv": [142, 73]},
						{"origin": [0, 30, -9], "size": [0, 8, 5], "pivot": [0, 24, -9], "rotation": [-22.5, 0, 0], "uv": [32, 153]},
						{"origin": [5, 24, -9], "size": [6, 9, 9], "pivot": [5, 24, -9], "rotation": [-22.5, 0, 22.5], "uv": [106, 110]},
						{"origin": [6.5, 33, -6], "size": [3, 6, 6], "pivot": [5, 24, -9], "rotation": [-22.5, 0, 22.5], "uv": [142, 122]},
						{"origin": [8, 33, -9], "size": [0, 15, 9], "pivot": [5, 24, -9], "rotation": [-22.5, 0, 22.5], "uv": [124, 67]},
						{"origin": [-9.5, 33, -6], "size": [3, 6, 6], "pivot": [-5, 24, -9], "rotation": [-22.5, 0, -22.5], "uv": [50, 147]},
						{"origin": [-11, 24, -9], "size": [6, 9, 9], "pivot": [-5, 24, -9], "rotation": [-22.5, 0, -22.5], "uv": [34, 116]},
						{"origin": [-8, 33, -9], "size": [0, 15, 9], "pivot": [-5, 24, -9], "rotation": [-22.5, 0, -22.5], "uv": [94, 128]},
						{"origin": [0, 9, 0.5], "size": [0, 19, 17], "uv": [0, 45]},
						{"origin": [10, 11, 0.5], "size": [0, 17, 15], "pivot": [10, 39, 9], "rotation": [0, 20, 0], "uv": [34, 45]},
						{"origin": [-10, 11, 1.5], "size": [0, 17, 15], "pivot": [-10, 39, 9], "rotation": [0, -20, 0], "uv": [64, 45]}
					]
				},
				{
					"name": "tongue",
					"parent": "torso",
					"pivot": [0, 5, 2],
					"cubes": [
						{"origin": [-7.5, 5, -8], "size": [15, 0, 10], "uv": [34, 77]}
					]
				},
				{
					"name": "tongue2",
					"parent": "tongue",
					"pivot": [0, 5, -8],
					"rotation": [-90, 0, 0],
					"cubes": [
						{"origin": [-7.5, 5, -18], "size": [15, 0, 10], "uv": [82, 0]}
					]
				},
				{
					"name": "tongue3",
					"parent": "tongue2",
					"pivot": [0, 5, -18],
					"rotation": [-90, 0, 0],
					"cubes": [
						{"origin": [-7.5, 5, -28], "size": [15, 0, 10], "uv": [82, 10]}
					]
				},
				{
					"name": "eye_right",
					"parent": "torso",
					"pivot": [-6, 16, -8.5],
					"cubes": [
						{"origin": [-9, 12, -9], "size": [7, 7, 1], "inflate": 0.01, "uv": [90, 152]}
					]
				},
				{
					"name": "eyelid_right",
					"parent": "eye_right",
					"pivot": [-5.5, 15.5, -8.4],
					"cubes": [
						{"origin": [-9, 12, -8.9], "size": [7, 7, 1], "inflate": 0.02, "uv": [152, 150]}
					]
				},
				{
					"name": "eye_left",
					"parent": "torso",
					"pivot": [6, 16, -8.5],
					"cubes": [
						{"origin": [2, 12, -9], "size": [7, 7, 1], "inflate": 0.01, "uv": [0, 153]}
					]
				},
				{
					"name": "eyelid_left",
					"parent": "eye_left",
					"pivot": [5.5, 15.5, -8.4],
					"cubes": [
						{"origin": [2, 12, -8.9], "size": [7, 7, 1], "inflate": 0.02, "uv": [16, 153]}
					]
				},
				{
					"name": "mouth_closed",
					"parent": "torso",
					"pivot": [0, 8.95, -9],
					"cubes": [
						{"origin": [-10.5, 4.95, -9], "size": [21, 8, 0], "inflate": 0.01, "uv": [94, 59]}
					]
				},
				{
					"name": "mouth_ajar",
					"parent": "torso",
					"pivot": [0, 7.95, -8.9],
					"cubes": [
						{"origin": [-10.5, 3.45, -8.9], "size": [21, 9, 0], "inflate": 0.01, "uv": [94, 50]}
					]
				},
				{
					"name": "mouth_open",
					"parent": "torso",
					"pivot": [0, 7.45, -8.9],
					"cubes": [
						{"origin": [-10.5, 0.95, -8.9], "size": [21, 13, 0], "inflate": 0.01, "uv": [40, 87]}
					]
				},
				{
					"name": "arm_right",
					"parent": "torso",
					"pivot": [-11, 13.75, -0.25],
					"rotation": [0, -22.5, -37.5],
					"cubes": [
						{"origin": [-16, 12.75, -2.25], "size": [7, 4, 4], "uv": [140, 42]},
						{"origin": [-25, 11.75, -3.25], "size": [9, 6, 6], "uv": [112, 128]}
					]
				},
				{
					"name": "arm_right2",
					"parent": "arm_right",
					"pivot": [-25, 14.75, -0.25],
					"rotation": [0, 0, -22.5],
					"cubes": [
						{"origin": [-33, 11.25, -5.25], "size": [10, 7, 10], "uv": [84, 77]},
						{"origin": [-33, 12.25, -5.25], "size": [6, 5, 2], "pivot": [-33, 14.75, -5.25], "rotation": [0, 22.5, 0], "uv": [50, 140]},
						{"origin": [-33, 12.25, 2.75], "size": [6, 5, 2], "pivot": [-33, 14.75, 4.75], "rotation": [0, -22.5, 0], "uv": [106, 155]},
						{"origin": [-33, 9.75, -4.25], "size": [12, 10, 0], "pivot": [-33, 14.75, -5.25], "rotation": [0, 22.5, 0], "uv": [112, 140]},
						{"origin": [-33, 9.75, 3.75], "size": [12, 10, 0], "pivot": [-33, 14.75, 4.75], "rotation": [0, -22.5, 0], "uv": [112, 140]},
						{"origin": [-33, 14.25, -2.25], "size": [10, 4, 4], "pivot": [-33, 18.25, -0.25], "rotation": [0, 0, -27.5], "uv": [94, 67]},
						{"origin": [-33, 16.25, -4.25], "size": [18, 0, 8], "pivot": [-33, 18.25, -0.25], "rotation": [0, 0, -27.5], "uv": [82, 20]},
						{"origin": [-32.5, 16.25, -5.25], "size": [7, 2, 3], "pivot": [-32.5, 18.25, -2.25], "rotation": [0, 10, -27.5], "uv": [142, 134]},
						{"origin": [-32.5, 16.25, 1.75], "size": [7, 2, 3], "pivot": [-32.5, 18.25, 1.75], "rotation": [0, -10, -27.5], "uv": [22, 148]},
						{"origin": [-32.5, 11.25, -5.25], "size": [6, 2, 3], "pivot": [-32.5, 11.25, -2.25], "rotation": [0, 10, 27.5], "uv": [68, 155]},
						{"origin": [-32.5, 11.25, 1.75], "size": [6, 2, 3], "pivot": [-32.5, 11.25, 1.75], "rotation": [0, -10, 27.5], "uv": [64, 116]},
						{"origin": [-32.5, 12.25, -6.75], "size": [10, 0, 6], "pivot": [-32.5, 11.25, -2.25], "rotation": [0, 10, 27.5], "uv": [134, 24]},
						{"origin": [-32.5, 12.25, 0.25], "size": [10, 0, 6], "pivot": [-32.5, 11.25, 1.75], "rotation": [0, -10, 27.5], "uv": [134, 18]},
						{"origin": [-32.5, 17.25, -6.75], "size": [11, 0, 6], "pivot": [-32.5, 18.25, -2.25], "rotation": [0, 10, -27.5], "uv": [128, 36]},
						{"origin": [-32.5, 17.25, 0.25], "size": [11, 0, 6], "pivot": [-32.5, 18.25, 1.75], "rotation": [0, -10, -27.5], "uv": [0, 81]},
						{"origin": [-33, 11.25, -1.75], "size": [9, 3, 3], "pivot": [-33, 11.25, -0.25], "rotation": [0, 0, 27.5], "uv": [140, 101]},
						{"origin": [-33, 12.75, -3.75], "size": [16, 0, 7], "pivot": [-33, 11.25, -0.25], "rotation": [0, 0, 27.5], "uv": [82, 36]}
					]
				},
				{
					"name": "arm_right3",
					"parent": "arm_right2",
					"pivot": [-33, 14.75, 3.25],
					"rotation": [0, 0, 0],
					"cubes": [
						{"origin": [-36, 11.75, -3.75], "size": [5, 6, 7], "uv": [66, 134]}
					]
				},
				{
					"name": "finger_right_index",
					"parent": "arm_right3",
					"pivot": [-35.75, 14.75, -1.75],
					"rotation": [0, -30, 0],
					"cubes": [
						{"origin": [-37.75, 14.75, -3.25], "size": [2, 0, 2], "uv": [74, 100]},
						{"origin": [-39.75, 14.75, -2.75], "size": [2, 0, 1], "uv": [110, 75]}
					]
				},
				{
					"name": "finger_right_middle",
					"parent": "arm_right3",
					"pivot": [-36, 14.75, -0.25],
					"cubes": [
						{"origin": [-38, 14.75, -1.25], "size": [2, 0, 2], "uv": [82, 43]},
						{"origin": [-40, 14.75, -0.75], "size": [2, 0, 1], "uv": [34, 112]}
					]
				},
				{
					"name": "finger_right_ring",
					"parent": "arm_right3",
					"pivot": [-35.75, 14.75, 1.25],
					"rotation": [0, 30, 0],
					"cubes": [
						{"origin": [-37.75, 14.75, 0.75], "size": [2, 0, 2], "uv": [94, 75]},
						{"origin": [-39.75, 14.75, 1.25], "size": [2, 0, 1], "uv": [110, 76]}
					]
				},
				{
					"name": "arm_left",
					"parent": "torso",
					"pivot": [11, 13.75, -0.25],
					"rotation": [0, 22.5, 37.5],
					"cubes": [
						{"origin": [9, 12.75, -2.25], "size": [7, 4, 4], "uv": [68, 147]},
						{"origin": [16, 11.75, -3.25], "size": [9, 6, 6], "uv": [132, 0]}
					]
				},
				{
					"name": "arm_left2",
					"parent": "arm_left",
					"pivot": [25, 14.75, -0.25],
					"rotation": [0, 0, 22.5],
					"cubes": [
						{"origin": [23, 11.25, -5.25], "size": [10, 7, 10], "uv": [0, 87]},
						{"origin": [27, 12.25, -5.25], "size": [6, 5, 2], "pivot": [33, 14.75, -5.25], "rotation": [0, -22.5, 0], "uv": [122, 155]},
						{"origin": [27, 12.25, 2.75], "size": [6, 5, 2], "pivot": [33, 14.75, 4.75], "rotation": [0, 22.5, 0], "uv": [138, 158]},
						{"origin": [21, 9.75, -4.25], "size": [12, 10, 0], "pivot": [33, 14.75, -5.25], "rotation": [0, -22.5, 0], "uv": [136, 140]},
						{"origin": [21, 9.75, 3.75], "size": [12, 10, 0], "pivot": [33, 14.75, 4.75], "rotation": [0, 22.5, 0], "uv": [136, 140]},
						{"origin": [23, 14.25, -2.25], "size": [10, 4, 4], "pivot": [33, 18.25, -0.25], "rotation": [0, 0, 27.5], "uv": [22, 140]},
						{"origin": [15, 16.25, -4.25], "size": [18, 0, 8], "pivot": [33, 18.25, -0.25], "rotation": [0, 0, 27.5], "uv": [82, 28]},
						{"origin": [25.5, 16.25, -5.25], "size": [7, 2, 3], "pivot": [32.5, 18.25, -2.25], "rotation": [0, -10, 27.5], "uv": [112, 150]},
						{"origin": [25.5, 16.25, 1.75], "size": [7, 2, 3], "pivot": [32.5, 18.25, 1.75], "rotation": [0, 10, 27.5], "uv": [132, 150]},
						{"origin": [26.5, 11.25, -5.25], "size": [6, 2, 3], "pivot": [32.5, 11.25, -2.25], "rotation": [0, -10, -27.5], "uv": [154, 158]},
						{"origin": [26.5, 11.25, 1.75], "size": [6, 2, 3], "pivot": [32.5, 11.25, 1.75], "rotation": [0, 10, -27.5], "uv": [42, 159]},
						{"origin": [22.5, 12.25, -6.75], "size": [10, 0, 6], "pivot": [32.5, 11.25, -2.25], "rotation": [0, -10, -27.5], "uv": [134, 30]},
						{"origin": [22.5, 12.25, 0.25], "size": [10, 0, 6], "pivot": [32.5, 11.25, 1.75], "rotation": [0, 10, -27.5], "uv": [34, 134]},
						{"origin": [21.5, 17.25, -6.75], "size": [11, 0, 6], "pivot": [32.5, 18.25, -2.25], "rotation": [0, -10, 27.5], "uv": [132, 12]},
						{"origin": [21.5, 17.25, 0.25], "size": [11, 0, 6], "pivot": [32.5, 18.25, 1.75], "rotation": [0, 10, 27.5], "uv": [0, 133]},
						{"origin": [24, 11.25, -1.75], "size": [9, 3, 3], "pivot": [33, 11.25, -0.25], "rotation": [0, 0, -27.5], "uv": [142, 84]},
						{"origin": [17, 12.75, -3.75], "size": [16, 0, 7], "pivot": [33, 11.25, -0.25], "rotation": [0, 0, -27.5], "uv": [94, 43]}
					]
				},
				{
					"name": "arm_left3",
					"parent": "arm_left2",
					"pivot": [33, 14.75, 3.25],
					"rotation": [0, 0, 0],
					"cubes": [
						{"origin": [31, 11.75, -3.75], "size": [5, 6, 7], "uv": [136, 50]}
					]
				},
				{
					"name": "finger_left_index",
					"parent": "arm_left3",
					"pivot": [35.75, 14.75, -1.75],
					"rotation": [0, 30, 0],
					"cubes": [
						{"origin": [35.75, 14.75, -3.25], "size": [2, 0, 2], "uv": [74, 102]},
						{"origin": [37.75, 14.75, -2.75], "size": [2, 0, 1], "uv": [34, 113]}
					]
				},
				{
					"name": "finger_left_middle",
					"parent": "arm_left3",
					"pivot": [36, 14.75, -0.25],
					"cubes": [
						{"origin": [36, 14.75, -1.25], "size": [2, 0, 2], "uv": [102, 75]},
						{"origin": [38, 14.75, -0.75], "size": [2, 0, 1], "uv": [34, 114]}
					]
				},
				{
					"name": "finger_left_ring",
					"parent": "arm_left3",
					"pivot": [35.75, 14.75, 1.25],
					"rotation": [0, -30, 0],
					"cubes": [
						{"origin": [35.75, 14.75, 0.75], "size": [2, 0, 2], "uv": [74, 104]},
						{"origin": [37.75, 14.75, 1.25], "size": [2, 0, 1], "uv": [74, 114]}
					]
				},
				{
					"name": "tail",
					"parent": "torso",
					"pivot": [0, 5, 6.5],
					"rotation": [-12.5, 0, 0],
					"cubes": [
						{"origin": [-5.5, -0.5, 8], "size": [11, 10, 6], "uv": [40, 100]}
					]
				},
				{
					"name": "tail2",
					"parent": "tail",
					"pivot": [0, 4, 13],
					"cubes": [
						{"origin": [-3.5, -0.5, 13], "size": [7, 7, 5], "uv": [136, 110]},
						{"origin": [-1.5, 0, 18], "size": [3, 6, 8], "uv": [0, 139]},
						{"origin": [0, 1, 18], "size": [0, 15, 12], "uv": [82, 94]}
					]
				},
				{
					"name": "leg_right",
					"parent": "body",
					"pivot": [-9, -2.5, 0.5],
					"rotation": [67.5, 0, -22.5],
					"cubes": [
						{"origin": [-11, -7.5, -4], "size": [8, 7, 9], "inflate": 0.01, "uv": [0, 104]}
					]
				},
				{
					"name": "leg_right2",
					"parent": "leg_right",
					"pivot": [-7, -7.5, -3.5],
					"rotation": [22.5, 0, 0],
					"cubes": [
						{"origin": [-10.5, -12.5, -3.5], "size": [7, 5, 8], "uv": [0, 120]}
					]
				},
				{
					"name": "toe_right",
					"parent": "leg_right2",
					"pivot": [-7, -12.5, -3.5],
					"cubes": [
						{"origin": [-7, -12.5, -5.5], "size": [0, 2, 2], "uv": [34, 104]}
					]
				},
				{
					"name": "toe_right2",
					"parent": "leg_right2",
					"pivot": [-9, -12.5, -3.5],
					"rotation": [0, 30, 0],
					"cubes": [
						{"origin": [-9, -12.5, -5.5], "size": [0, 2, 2], "uv": [74, 106]}
					]
				},
				{
					"name": "toe_left2",
					"parent": "leg_right2",
					"pivot": [-5, -12.5, -3.5],
					"rotation": [0, -30, 0],
					"cubes": [
						{"origin": [-5, -12.5, -5.5], "size": [0, 2, 2], "uv": [78, 106]}
					]
				},
				{
					"name": "leg_left",
					"parent": "body",
					"pivot": [9, -2.5, 0.5],
					"rotation": [67.5, 0, 22.5],
					"cubes": [
						{"origin": [3, -7.5, -4], "size": [8, 7, 9], "inflate": 0.01, "uv": [106, 94]}
					]
				},
				{
					"name": "leg_left2",
					"parent": "leg_left",
					"pivot": [7, -7.5, -3.5],
					"rotation": [22.5, 0, 0],
					"cubes": [
						{"origin": [3.5, -12.5, -3.5], "size": [7, 5, 8], "uv": [64, 121]}
					]
				},
				{
					"name": "toe_left",
					"parent": "leg_left2",
					"pivot": [7, -12.5, -3.5],
					"cubes": [
						{"origin": [7, -12.5, -5.5], "size": [0, 2, 2], "uv": [34, 108]}
					]
				},
				{
					"name": "toe_right4",
					"parent": "leg_left2",
					"pivot": [9, -12.5, -3.5],
					"rotation": [0, -30, 0],
					"cubes": [
						{"origin": [9, -12.5, -5.5], "size": [0, 2, 2], "uv": [74, 110]}
					]
				},
				{
					"name": "toe_left3",
					"parent": "leg_left2",
					"pivot": [5, -12.5, -3.5],
					"rotation": [0, 30, 0],
					"cubes": [
						{"origin": [5, -12.5, -5.5], "size": [0, 2, 2], "uv": [78, 110]}
					]
				}
			]
		}
	]
}