{
	"format_version": "1.12.0",
	"minecraft:geometry": [
		{
			"description": {
				"identifier": "geometry.sableye_mega",
				"texture_width": 64,
				"texture_height": 64,
				"visible_bounds_width": 3,
				"visible_bounds_height": 2.5,
				"visible_bounds_offset": [0, 0.75, 0]
			},
			"bones": [
				{
					"name": "sableye_mega",
					"pivot": [0, 1, 0]
				},
				{
					"name": "body",
					"parent": "sableye_mega",
					"pivot": [0, 8.5, 0.5]
				},
				{
					"name": "torso",
					"parent": "body",
					"pivot": [0, 8, 0.5],
					"cubes": [
						{"origin": [-2.5, 7, -1], "size": [5, 3, 3], "uv": [30, 7]},
						{"origin": [-2, 7.75, -1], "size": [1, 1, 1], "inflate": 0.01, "pivot": [-1.5, 8.5, -0.5], "rotation": [0, 0, -45], "uv": [0, 0]},
						{"origin": [1, 7.75, -1], "size": [1, 1, 1], "inflate": 0.01, "pivot": [1.5, 8.5, -0.5], "rotation": [0, 0, 45], "uv": [0, 0], "mirror": true},
						{"origin": [-2, 7.25, -1], "size": [1, 1, 1], "inflate": 0.02, "pivot": [-1.5, 8.5, -0.5], "rotation": [0, 0, -45], "uv": [0, 15]},
						{"origin": [1, 7.25, -1], "size": [1, 1, 1], "inflate": 0.02, "pivot": [1.5, 8.5, -0.5], "rotation": [0, 0, 45], "uv": [0, 15], "mirror": true}
					]
				},
				{
					"name": "gem",
					"parent": "torso",
					"pivot": [0, 13, -8.5],
					"cubes": [
						{"origin": [-5, 6, -11], "size": [10, 10, 5], "inflate": 0.01, "uv": [0, 0]},
						{"origin": [-3.5, 12.5, -11], "size": [7, 7, 5], "pivot": [0, 16, -8.5], "rotation": [0, 0, 45], "uv": [0, 27]},
						{"origin": [-3.5, 2.5, -11], "size": [7, 7, 5], "pivot": [0, 6, -8.5], "rotation": [0, 0, 45], "uv": [24, 27]}
					]
				},
				{
					"name": "chest",
					"parent": "torso",
					"pivot": [0, 10, 2],
					"cubes": [
						{"origin": [-2.5, 10, -1], "size": [5, 4, 3], "inflate": 0.01, "uv": [30, 0]},
						{"origin": [0.75, 11, -1], "size": [1, 1, 1], "inflate": 0.02, "pivot": [1.5, 11.5, -0.5], "rotation": [0, 0, 45], "uv": [0, 0], "mirror": true},
						{"origin": [-1.75, 11, -1], "size": [1, 1, 1], "inflate": 0.02, "pivot": [-1.5, 11.5, -0.5], "rotation": [0, 0, -45], "uv": [0, 0]},
						{"origin": [0.25, 11, -1], "size": [1, 1, 1], "inflate": 0.03, "pivot": [1.5, 11.5, -0.5], "rotation": [0, 0, 45], "uv": [0, 15], "mirror": true},
						{"origin": [-1.25, 11, -1], "size": [1, 1, 1], "inflate": 0.03, "pivot": [-1.5, 11.5, -0.5], "rotation": [0, 0, -45], "uv": [0, 15]}
					]
				},
				{
					"name": "head",
					"parent": "chest",
					"pivot": [0.5, 13.5, 0.5],
					"cubes": [
						{"origin": [-4.5, 13.5, -3], "size": [9, 5, 7], "inflate": 0.01, "uv": [0, 15]},
						{"origin": [1.25, 16, -3], "size": [1, 1, 1], "inflate": 0.02, "pivot": [1.75, 16.5, -2.5], "rotation": [0, 0, 45], "uv": [0, 0], "mirror": true},
						{"origin": [-2.25, 16, -3], "size": [1, 1, 1], "inflate": 0.02, "pivot": [-1.75, 16.5, -2.5], "rotation": [0, 0, -45], "uv": [0, 0]},
						{"origin": [0, 18.5, 0], "size": [0, 3, 3], "inflate": 0.01, "uv": [46, 43]}
					]
				},
				{
					"name": "mouth",
					"parent": "head",
					"pivot": [0, 14.51, -2.915],
					"cubes": [
						{"origin": [-4.5, 13.51, -3.015], "size": [9, 2, 0], "uv": [30, 13]}
					]
				},
				{
					"name": "ear_right",
					"parent": "head",
					"pivot": [-4.5, 16.24148, 1.5647],
					"rotation": [-50, 50, -50],
					"cubes": [
						{"origin": [-9.5, 14.74148, 1.5647], "size": [5, 10, 0], "uv": [32, 15]},
						{"origin": [-7.5, 13.24148, 1.8147], "size": [5, 10, 0], "pivot": [0, 17.24148, 0.0647], "rotation": [-2.5, 0, 22.5], "uv": [32, 15]}
					]
				},
				{
					"name": "ear_left",
					"parent": "head",
					"pivot": [4.5, 16.24148, 1.5647],
					"rotation": [-50, -50, 50],
					"cubes": [
						{"origin": [4.5, 14.74148, 1.5647], "size": [5, 10, 0], "uv": [0, 39]},
						{"origin": [2.5, 13.24148, 1.8147], "size": [5, 10, 0], "pivot": [0, 17.24148, 0.0647], "rotation": [-2.5, 0, -22.5], "uv": [0, 39]}
					]
				},
				{
					"name": "eyes",
					"parent": "head",
					"pivot": [-0.05, 17.45, -2.75]
				},
				{
					"name": "eye_right",
					"parent": "eyes",
					"pivot": [-3.3, 18.2, -2.8],
					"cubes": [
						{"origin": [-4.8, 15.7, -3.3], "size": [3, 3, 3], "uv": [10, 39]}
					]
				},
				{
					"name": "eye_left",
					"parent": "eyes",
					"pivot": [3.3, 18.2, -2.8],
					"cubes": [
						{"origin": [1.8, 15.7, -3.3], "size": [3, 3, 3], "uv": [22, 39]}
					]
				},
				{
					"name": "arm_right",
					"parent": "chest",
					"pivot": [-2.5, 12, 0.5],
					"cubes": [
						{"origin": [-7.5, 11, -0.5], "size": [5, 2, 2], "inflate": 0.01, "uv": [34, 39]}
					]
				},
				{
					"name": "arm_right2",
					"parent": "arm_right",
					"pivot": [-7.5, 12, 1.5],
					"cubes": [
						{"origin": [-12.5, 11, -0.5], "size": [5, 2, 2], "uv": [42, 15]},
						{"origin": [-9, 12, 0], "size": [3, 0, 3], "pivot": [-7.5, 12, 1.5], "rotation": [0, -7.5, 0], "uv": [46, 4]}
					]
				},
				{
					"name": "finger_right1",
					"parent": "arm_right2",
					"pivot": [-12.5, 13, -0.5],
					"rotation": [7.5, -15, -25],
					"cubes": [
						{"origin": [-14.5, 12, -0.5], "size": [2, 1, 0], "uv": [32, 25]}
					]
				},
				{
					"name": "finger_right2",
					"parent": "arm_right2",
					"pivot": [-12.5, 13, 0.5],
					"rotation": [0, 0, -25],
					"cubes": [
						{"origin": [-14.5, 12, 0.5], "size": [2, 1, 0], "uv": [32, 26]}
					]
				},
				{
					"name": "finger_right3",
					"parent": "arm_right2",
					"pivot": [-12.5, 13, 1.5],
					"rotation": [-7.5, 15, -25],
					"cubes": [
						{"origin": [-14.5, 12, 1.5], "size": [2, 1, 0], "uv": [36, 25]}
					]
				},
				{
					"name": "arm_left",
					"parent": "chest",
					"pivot": [2.5, 12, 0.5],
					"cubes": [
						{"origin": [2.5, 11, -0.5], "size": [5, 2, 2], "inflate": 0.01, "uv": [42, 19]}
					]
				},
				{
					"name": "arm_left2",
					"parent": "arm_left",
					"pivot": [7.5, 12, 1.5],
					"cubes": [
						{"origin": [7.5, 11, -0.5], "size": [5, 2, 2], "uv": [42, 23]},
						{"origin": [6, 12, 0], "size": [3, 0, 3], "pivot": [7.5, 12, 1.5], "rotation": [0, 7.5, 0], "uv": [46, 7]}
					]
				},
				{
					"name": "finger_left1",
					"parent": "arm_left2",
					"pivot": [12.5, 13, -0.5],
					"rotation": [7.5, 15, 25],
					"cubes": [
						{"origin": [12.5, 12, -0.5], "size": [2, 1, 0], "uv": [48, 27]}
					]
				},
				{
					"name": "finger_left2",
					"parent": "arm_left2",
					"pivot": [12.5, 13, 0.5],
					"rotation": [0, 0, 25],
					"cubes": [
						{"origin": [12.5, 12, 0.5], "size": [2, 1, 0], "uv": [48, 28]}
					]
				},
				{
					"name": "finger_left3",
					"parent": "arm_left2",
					"pivot": [12.5, 13, 1.5],
					"rotation": [-7.5, -15, 25],
					"cubes": [
						{"origin": [12.5, 12, 1.5], "size": [2, 1, 0], "uv": [48, 29]}
					]
				},
				{
					"name": "leg_right",
					"parent": "body",
					"pivot": [-2, 8, 0.5],
					"cubes": [
						{"origin": [-6, 7.5, -0.5], "size": [4, 2, 2], "inflate": 0.01, "pivot": [-2, 8.5, 0.5], "rotation": [0, 0, -90], "uv": [34, 43]}
					]
				},
				{
					"name": "leg_right2",
					"parent": "leg_right",
					"pivot": [-2, 4.5, -0.5],
					"cubes": [
						{"origin": [-6, 3.5, -0.5], "size": [4, 2, 2], "pivot": [-2, 4.5, 0.5], "rotation": [0, 0, -90], "uv": [10, 45]}
					]
				},
				{
					"name": "foot_right",
					"parent": "leg_right2",
					"pivot": [-2, 0.5, 0.5],
					"cubes": [
						{"origin": [-2.5, -0.5, -0.5], "size": [1, 2, 2], "inflate": 0.01, "pivot": [-2, 0.5, 0.5], "rotation": [0, 0, -90], "uv": [34, 47]},
						{"origin": [-3.75, 0.75, -1.5], "size": [1, 0, 1], "pivot": [-3, 0.75, -0.5], "rotation": [-20, 0, -90], "uv": [36, 26]},
						{"origin": [-2.75, 0.75, -1.5], "size": [1, 0, 1], "pivot": [-2, 0.75, -0.5], "rotation": [0, 0, -90], "uv": [46, 10]},
						{"origin": [-1.75, 0.75, -1.5], "size": [1, 0, 1], "pivot": [-1, 0.75, -0.5], "rotation": [20, 0, -90], "uv": [46, 11]}
					]
				},
				{
					"name": "leg_left",
					"parent": "body",
					"pivot": [2, 8, 0.5],
					"cubes": [
						{"origin": [2, 7.5, -0.5], "size": [4, 2, 2], "inflate": 0.01, "pivot": [2, 8.5, 0.5], "rotation": [0, 0, 90], "uv": [22, 45]}
					]
				},
				{
					"name": "leg_left2",
					"parent": "leg_left",
					"pivot": [2, 4.5, -0.5],
					"cubes": [
						{"origin": [2, 3.5, -0.5], "size": [4, 2, 2], "pivot": [2, 4.5, 0.5], "rotation": [0, 0, 90], "uv": [46, 0]}
					]
				},
				{
					"name": "foot_left",
					"parent": "leg_left2",
					"pivot": [2, 0.5, 0.5],
					"cubes": [
						{"origin": [5, 3, -0.5], "size": [1, 2, 2], "inflate": 0.01, "pivot": [2, 4, 0.5], "rotation": [0, 0, 90], "uv": [40, 47]},
						{"origin": [2.75, 0.75, -1.5], "size": [1, 0, 1], "pivot": [3, 0.75, -0.5], "rotation": [-20, 0, 90], "uv": [46, 12]},
						{"origin": [1.75, 0.75, -1.5], "size": [1, 0, 1], "pivot": [2, 0.75, -0.5], "rotation": [0, 0, 90], "uv": [48, 13]},
						{"origin": [0.75, 0.75, -1.5], "size": [1, 0, 1], "pivot": [1, 0.75, -0.5], "rotation": [20, 0, 90], "uv": [48, 14]}
					]
				}
			]
		}
	]
}