{
  "target": "cobblemon:celebi",
  "implemented": true,
  "baseScale": 0.7,
  "hitbox": {
    "width": 0.5,
    "height": 1.4,
    "fixed": false
  },
  "behaviour": {
    "resting": {
      "canSleep": false,
      "depth": "normal",
      "light": "4-15"
    },
    "moving": {
      "canLook": false,
      "walk": {
        "canWalk": false,
        "avoidsLand": false
      },
      "swim": {
        "swimSpeed": 0.1,
        "canSwimInWater": false,
        "canBreatheUnderwater": false
      },
	    "fly": {
		    "canFly": true
	    }
    }
  },
  "drops": {
    "amount": 5,
    "entries": [
      {
        "item": "cobblemon:rare_candy",
        "quantityRange": "3-6"
      },
      {
        "item": "cobblemon:twisted_spoon",
        "percentage": 50.0
      },
      {
        "item": "cobblemon:miracle_seed",
        "percentage": 50.0
      },
      {
        "item": "cobblemon:ability_capsule",
        "percentage": 25.0
      },
      {
        "item": "cobblemon:ability_patch",
        "percentage": 5.0
      }
    ]
  }
}
