{
  "target": "cobblemon:hooh",
  "implemented": true,
  "baseScale": 1.2,
  "hitbox": {
    "width": 2.25,
    "height": 2.25,
    "fixed": false
  },
  "behaviour": {
    "moving": {
      "canLook": true,
      "fly": {
        "canFly": true
      }
    }
  },
  "drops": {
    "amount": 5,
    "entries": [
      {
        "item": "cobblemon:rare_candy",
        "quantityRange": "3-6"
      },
      {
        "item": "cobblemon:charcoal_stick",
        "percentage": 50.0
      },
      {
        "item": "cobblemon:sharp_beak",
        "percentage": 50.0
      },
      {
        "item": "cobblemon:ability_capsule",
        "percentage": 25.0
      },
      {
        "item": "cobblemon:ability_patch",
        "percentage": 5.0
      }
    ]
  }
}
