{
  "target": "cobblemon:suicune",
  "implemented": true,
  "baseScale": 0.8,
  "hitbox": {
    "width": 1.5,
    "height": 2,
    "fixed": false
  },
  "behaviour": {
    "moving": {
      "canLook": true,
      "fly": {
        "canFly": false
      },
      "swim": {
        "canWalkOnWater": true
      }
    }
  },
  "drops": {
    "amount": 5,
    "entries": [
      {
        "item": "cobblemon:rare_candy",
        "quantityRange": "3-6"
      },
      {
        "item": "cobblemon:mystic_water",
        "percentage": 50.0
      },
      {
        "item": "cobblemon:mystic_water",
        "percentage": 50.0
      },
      {
        "item": "cobblemon:ability_capsule",
        "percentage": 25.0
      },
      {
        "item": "cobblemon:ability_patch",
        "percentage": 5.0
      }
    ]
  }
}
