{
	"format_version": "1.12.0",
	"minecraft:geometry": [
		{
			"description": {
				"identifier": "geometry.lucario",
				"texture_width": 128,
				"texture_height": 128,
				"visible_bounds_width": 9,
				"visible_bounds_height": 8,
				"visible_bounds_offset": [0, 2, 0]
			},
			"bones": [
				{
					"name": "lucario",
					"pivot": [0, 0, 0]
				},
				{
					"name": "body",
					"parent": "lucario",
					"pivot": [0, 20.9, 0]
				},
				{
					"name": "torso",
					"parent": "body",
					"pivot": [0, 20, 0],
					"cubes": [
						{"origin": [-6, 15, -3.5], "size": [12, 7, 7], "inflate": -0.25, "uv": [0, 27]},
						{"origin": [-4.5, 21.35, -3.2], "size": [9, 2, 6], "inflate": -0.15, "pivot": [0, 22.35, -0.2], "rotation": [5, 0, 0], "uv": [0, 56]}
					]
				},
				{
					"name": "waist_fluff",
					"parent": "torso",
					"pivot": [0, 22.12, -3.05],
					"rotation": [60, 0, 0],
					"cubes": [
						{"origin": [-1.5, 22.12, -4.75], "size": [3, 0, 2], "uv": [50, 25]}
					]
				},
				{
					"name": "torso2",
					"parent": "torso",
					"pivot": [0, 23.45, 1.05],
					"cubes": [
						{"origin": [-2, 22.4, -1.8], "size": [4, 5, 3], "inflate": -0.15, "uv": [36, 74]}
					]
				},
				{
					"name": "torso3",
					"parent": "torso2",
					"pivot": [0, 26.4, -0.3],
					"cubes": [
						{"origin": [-2, 26.4, -2.4], "size": [4, 5, 4], "uv": [72, 10]},
						{"origin": [-1, 27.9, -4.3], "size": [2, 2, 2], "pivot": [0, 28.9, -4.05], "rotation": [0, 0, 45], "uv": [62, 10]},
						{"origin": [-0.5, 28.4, -5.8], "size": [1, 1, 2], "pivot": [0, 28.9, -4.05], "rotation": [0, 0, 45], "uv": [82, 34]}
					]
				},
				{
					"name": "arms",
					"parent": "torso3",
					"pivot": [0, 29.4, -0.3]
				},
				{
					"name": "shoulder_left",
					"parent": "arms",
					"pivot": [2, 31.5, -0.3],
					"cubes": [
						{"origin": [1.7, 27.6, -2.4], "size": [2, 4, 4], "inflate": -0.3, "pivot": [2.8, 29.6, -0.4], "rotation": [45, 0, 0], "uv": [66, 80]},
						{"origin": [2.25, 29, -3.65], "size": [1, 1, 2], "uv": [82, 34]}
					]
				},
				{
					"name": "arm_left",
					"parent": "shoulder_left",
					"pivot": [3.4, 29.7, -0.4],
					"cubes": [
						{"origin": [2.3, 28.7, -1.4], "size": [6, 2, 2], "inflate": -0.2, "uv": [58, 52]}
					]
				},
				{
					"name": "arm_left2",
					"parent": "arm_left",
					"pivot": [8.1, 29.7, 0.4],
					"cubes": [
						{"origin": [8.1, 28.7, -1.9], "size": [5, 2, 3], "uv": [76, 52]}
					]
				},
				{
					"name": "wrist_left",
					"parent": "arm_left2",
					"pivot": [13.1, 28.7, -0.4]
				},
				{
					"name": "hand_left",
					"parent": "wrist_left",
					"pivot": [13.1, 30.7, -0.4],
					"cubes": [
						{"origin": [13.1, 28.7, -2.4], "size": [3, 2, 4], "uv": [82, 24]},
						{"origin": [12.6, 30.5, -0.9], "size": [1, 2, 1], "pivot": [13.1, 30.75, -0.4], "rotation": [0, 45, 0], "uv": [16, 74]}
					],
					"locators": {
						"aura_left": [16.2, 29.4, -0.7]
					}
				},
				{
					"name": "hand_spike_left",
					"parent": "hand_left",
					"pivot": [15.6, 30.7, -0.4],
					"cubes": [
						{"origin": [14.6, 30.5, -1.4], "size": [2, 2, 2], "pivot": [15.6, 32.25, -0.4], "rotation": [0, 45, 0], "uv": [88, 80]},
						{"origin": [15.1, 32, -0.9], "size": [1, 2, 1], "pivot": [15.6, 32.25, -0.4], "rotation": [0, 45, 0], "uv": [16, 74]}
					]
				},
				{
					"name": "fingers_left",
					"parent": "hand_left",
					"pivot": [16.1, 30.7, -0.4],
					"cubes": [
						{"origin": [16.1, 28.7, -2.9], "size": [3, 2, 5], "uv": [20, 73]}
					]
				},
				{
					"name": "shoulder_right",
					"parent": "arms",
					"pivot": [-2, 31.5, -0.3],
					"cubes": [
						{"origin": [-3.7, 27.6, -2.4], "size": [2, 4, 4], "inflate": -0.3, "pivot": [-2.8, 29.6, -0.4], "rotation": [45, 0, 0], "uv": [28, 82]},
						{"origin": [-3.25, 29, -3.65], "size": [1, 1, 2], "uv": [82, 34], "mirror": true}
					]
				},
				{
					"name": "arm_right",
					"parent": "shoulder_right",
					"pivot": [-3.4, 29.7, -0.4],
					"cubes": [
						{"origin": [-8.3, 28.7, -1.4], "size": [6, 2, 2], "inflate": -0.2, "uv": [82, 30]}
					]
				},
				{
					"name": "arm_right2",
					"parent": "arm_right",
					"pivot": [-8.1, 29.7, 0.4],
					"cubes": [
						{"origin": [-13.1, 28.7, -1.9], "size": [5, 2, 3], "uv": [50, 78]}
					]
				},
				{
					"name": "wrist_right",
					"parent": "arm_right2",
					"pivot": [-13.1, 28.7, -0.4]
				},
				{
					"name": "hand_right",
					"parent": "wrist_right",
					"pivot": [-13.1, 30.7, -0.4],
					"cubes": [
						{"origin": [-16.1, 28.7, -2.4], "size": [3, 2, 4], "uv": [40, 83]},
						{"origin": [-13.6, 30.5, -0.9], "size": [1, 2, 1], "pivot": [-13.1, 30.75, -0.4], "rotation": [0, -45, 0], "uv": [16, 77]}
					],
					"locators": {
						"aura_right": [-16.2, 29.4, -0.7]
					}
				},
				{
					"name": "hand_spike_right",
					"parent": "hand_right",
					"pivot": [-15.6, 30.7, -0.4],
					"cubes": [
						{"origin": [-16.6, 30.5, -1.4], "size": [2, 2, 2], "pivot": [-15.6, 32.25, -0.4], "rotation": [0, -45, 0], "uv": [88, 84]},
						{"origin": [-16.1, 32, -0.9], "size": [1, 2, 1], "pivot": [-15.6, 32.25, -0.4], "rotation": [0, -45, 0], "uv": [16, 77]}
					]
				},
				{
					"name": "fingers_right",
					"parent": "hand_right",
					"pivot": [-16.1, 30.7, -0.4],
					"cubes": [
						{"origin": [-19.1, 28.7, -2.9], "size": [3, 2, 5], "uv": [0, 74]}
					]
				},
				{
					"name": "chest_fluff",
					"parent": "torso3",
					"pivot": [0, 32, -0.3],
					"cubes": [
						{"origin": [-2, 31, -2.9], "size": [0, 5, 5], "pivot": [-2, 31.4, -0.4], "rotation": [0, 0, -52.5], "uv": [78, 80]},
						{"origin": [2, 31, -2.9], "size": [0, 5, 5], "pivot": [2, 31.4, -0.4], "rotation": [0, 0, 52.5], "uv": [82, 0], "mirror": true},
						{"origin": [-2.5, 31, -2.4], "size": [5, 2, 0], "pivot": [0, 31.4, -2.4], "rotation": [30, 0, 0], "uv": [40, 25]},
						{"origin": [-4.5, 31, 1.6], "size": [9, 5, 0], "pivot": [0, 31.4, 1.6], "rotation": [-37.5, 0, 0], "uv": [72, 19]},
						{"origin": [-2.5, 29.9, -2.4], "size": [5, 2, 0], "pivot": [0, 31.4, -2.4], "rotation": [-35, 0, 0], "uv": [50, 74]},
						{"origin": [-2.5, 29.9, 1.6], "size": [5, 2, 0], "pivot": [0, 31.4, 1.6], "rotation": [35, 0, 0], "uv": [50, 76]}
					]
				},
				{
					"name": "neck",
					"parent": "torso3",
					"pivot": [0, 31.4, -0.3],
					"cubes": [
						{"origin": [-1.5, 30.8, -1.8], "size": [3, 4, 3], "inflate": -0.1, "uv": [0, 87]}
					]
				},
				{
					"name": "head",
					"parent": "neck",
					"pivot": [0, 32.7, -0.4]
				},
				{
					"name": "head_correction",
					"parent": "head",
					"pivot": [0, 32.7, -0.4]
				},
				{
					"name": "head_ai",
					"parent": "head_correction",
					"pivot": [0, 32.7, -0.4]
				},
				{
					"name": "head_angle",
					"parent": "head_ai",
					"pivot": [0, 32.7, -0.4],
					"cubes": [
						{"origin": [-3.5, 32.7, -4.5], "size": [7, 7, 7], "inflate": -0.01, "uv": [30, 42]},
						{"origin": [-3.5, 35.95, -4.5], "size": [7, 2, 3], "uv": [68, 37]},
						{"origin": [-1, 37.7, -4.5], "size": [2, 2, 0], "inflate": 0.01, "pivot": [0, 39.7, -4.5], "rotation": [0.5, 0, 0], "uv": [28, 80]},
						{"origin": [-1, 39.7, -4.5], "size": [2, 0, 4], "inflate": 0.01, "uv": [66, 88]}
					]
				},
				{
					"name": "eyes",
					"parent": "head_angle",
					"pivot": [0, 36.35, -4.5]
				},
				{
					"name": "eye_right",
					"parent": "eyes",
					"pivot": [-3.5, 36.35, -4.5]
				},
				{
					"name": "eye_right_core",
					"parent": "eye_right",
					"pivot": [-1.5, 36.35, -4.5],
					"cubes": [
						{"origin": [-3.5, 35.35, -4.5], "size": [2, 1, 1], "inflate": 0.01, "uv": [76, 64]},
						{"origin": [-3.5, 35.35, -4.5], "size": [1, 2, 1], "inflate": 0.0275, "uv": [92, 16]}
					]
				},
				{
					"name": "eye_right_emote",
					"parent": "eye_right",
					"pivot": [-1.5, 36.35, -4.5],
					"cubes": [
						{"origin": [-3.5, 36.35, -4.5], "size": [2, 1, 2], "inflate": 0.015, "uv": [78, 49]}
					]
				},
				{
					"name": "eye_right_emote2",
					"parent": "eye_right",
					"pivot": [-2.1, 36.35, -4.5],
					"cubes": [
						{"origin": [-2.1, 35.35, -4.51], "size": [1, 1, 0], "uv": [54, 65]}
					]
				},
				{
					"name": "eye_right_emote3",
					"parent": "eye_right",
					"pivot": [-2.1, 36.35, -4.4],
					"cubes": [
						{"origin": [-2.1, 36.35, -4.41], "size": [1, 1, 0], "uv": [66, 25]}
					]
				},
				{
					"name": "pupil_right",
					"parent": "eye_right",
					"pivot": [-2.25, 36.35, -4.01],
					"cubes": [
						{"origin": [-2.5, 36.35, -4.5], "size": [1, 1, 1], "inflate": 0.02, "uv": [88, 16]},
						{"origin": [-2.5, 35.85, -4.5], "size": [1, 1, 1], "inflate": 0.0175, "uv": [94, 19]}
					]
				},
				{
					"name": "pupil_right_aura",
					"parent": "eye_right",
					"pivot": [-2, 36.35, -3.9],
					"cubes": [
						{"origin": [-2.5, 35.35, -4.4], "size": [1, 2, 1], "inflate": 0.025, "uv": [24, 88]}
					]
				},
				{
					"name": "eye_left",
					"parent": "eyes",
					"pivot": [3.5, 36.35, -4.5]
				},
				{
					"name": "eye_left_core",
					"parent": "eye_left",
					"pivot": [1.5, 36.35, -4.5],
					"cubes": [
						{"origin": [1.5, 35.35, -4.5], "size": [2, 1, 1], "inflate": 0.01, "uv": [66, 78]},
						{"origin": [2.5, 35.35, -4.5], "size": [1, 2, 1], "inflate": 0.0275, "uv": [92, 88]}
					]
				},
				{
					"name": "eye_left_emote",
					"parent": "eye_left",
					"pivot": [1.5, 36.35, -4.5],
					"cubes": [
						{"origin": [1.5, 36.35, -4.5], "size": [2, 1, 2], "inflate": 0.015, "uv": [86, 49]}
					]
				},
				{
					"name": "eye_left_emote2",
					"parent": "eye_left",
					"pivot": [2.1, 36.35, -4.5],
					"cubes": [
						{"origin": [1.1, 35.35, -4.51], "size": [1, 1, 0], "uv": [66, 26]}
					]
				},
				{
					"name": "eye_left_emote3",
					"parent": "eye_left",
					"pivot": [2.1, 36.35, -4.5],
					"cubes": [
						{"origin": [1.1, 36.35, -4.41], "size": [1, 1, 0], "uv": [70, 10]}
					]
				},
				{
					"name": "pupil_left",
					"parent": "eye_left",
					"pivot": [2.25, 36.35, -4.01],
					"cubes": [
						{"origin": [1.5, 36.35, -4.5], "size": [1, 1, 1], "inflate": 0.02, "uv": [88, 88]},
						{"origin": [1.5, 35.85, -4.5], "size": [1, 1, 1], "inflate": 0.0175, "uv": [88, 90]}
					]
				},
				{
					"name": "pupil_left_aura",
					"parent": "eye_left",
					"pivot": [2, 36.35, -3.9],
					"cubes": [
						{"origin": [1.5, 35.35, -4.4], "size": [1, 2, 1], "inflate": 0.025, "uv": [40, 89]}
					]
				},
				{
					"name": "eyelid_right",
					"parent": "eyes",
					"pivot": [-1.9, 36.35, -3.4]
				},
				{
					"name": "eyelid_right_emote",
					"parent": "eyelid_right",
					"pivot": [-1.3, 35.35, -4.4],
					"cubes": [
						{"origin": [-1.8, 35.35, -4.4], "size": [1, 1, 1], "inflate": 0.015, "uv": [32, 80]}
					]
				},
				{
					"name": "eyelid_right_emote2",
					"parent": "eyelid_right",
					"pivot": [-1.9, 35.35, -4.4],
					"cubes": [
						{"origin": [-2.4, 35.35, -4.4], "size": [1, 1, 1], "inflate": 0.015, "uv": [82, 64]}
					]
				},
				{
					"name": "eyelid_right_emote3",
					"parent": "eyelid_right",
					"pivot": [-2.9, 35.35, -4.4],
					"cubes": [
						{"origin": [-3.4, 35.35, -4.4], "size": [1, 1, 1], "inflate": 0.015, "uv": [88, 40]}
					]
				},
				{
					"name": "eyelid_left",
					"parent": "eyes",
					"pivot": [1.9, 36.35, -3.4]
				},
				{
					"name": "eyelid_left_emote",
					"parent": "eyelid_left",
					"pivot": [1.3, 35.35, -4.4],
					"cubes": [
						{"origin": [0.8, 35.35, -4.4], "size": [1, 1, 1], "inflate": 0.015, "uv": [44, 89]}
					]
				},
				{
					"name": "eyelid_left_emote2",
					"parent": "eyelid_left",
					"pivot": [1.9, 35.35, -4.4],
					"cubes": [
						{"origin": [1.4, 35.35, -4.4], "size": [1, 1, 1], "inflate": 0.015, "uv": [48, 89]}
					]
				},
				{
					"name": "eyelid_left_emote3",
					"parent": "eyelid_left",
					"pivot": [2.9, 35.35, -4.4],
					"cubes": [
						{"origin": [2.4, 35.35, -4.4], "size": [1, 1, 1], "inflate": 0.015, "uv": [90, 19]}
					]
				},
				{
					"name": "muzzle",
					"parent": "head_angle",
					"pivot": [0, 35.6, -4.5],
					"rotation": [7.5, 0, 0],
					"cubes": [
						{"origin": [-1.5, 33.6, -7.9], "size": [3, 2, 4], "inflate": 0.01, "uv": [0, 81]}
					]
				},
				{
					"name": "fangs",
					"parent": "muzzle",
					"pivot": [-1.5, 34.4, -5.05]
				},
				{
					"name": "fang_left",
					"parent": "fangs",
					"pivot": [1.08, 34.6, -5.55],
					"rotation": [50, -37.5, -62.5],
					"cubes": [
						{"origin": [0.58, 34.1, -5.55], "size": [1, 1, 0], "uv": [52, 65]}
					]
				},
				{
					"name": "fang_right",
					"parent": "fangs",
					"pivot": [-1.08, 34.6, -5.55],
					"rotation": [50, 37.5, 62.5],
					"cubes": [
						{"origin": [-1.58, 34.1, -5.55], "size": [1, 1, 0], "uv": [36, 41]}
					]
				},
				{
					"name": "mouth",
					"parent": "head_angle",
					"pivot": [1, 31.7, -3.5]
				},
				{
					"name": "jaw",
					"parent": "mouth",
					"pivot": [0, 32.71, -4.49],
					"cubes": [
						{"origin": [-1, 32.82, -5.6], "size": [2, 1, 1], "inflate": 0.11, "uv": [60, 25]}
					]
				},
				{
					"name": "mouth_open",
					"parent": "mouth",
					"pivot": [0, 33.8, -4.4],
					"cubes": [
						{"origin": [-1, 32.8, -4.41], "size": [2, 1, 0], "uv": [26, 64]},
						{"origin": [-1.5, 33.8, -4.41], "size": [3, 1, 0], "uv": [30, 41]}
					]
				},
				{
					"name": "mouth_open2",
					"parent": "mouth",
					"pivot": [0, 33.8, -4.4],
					"cubes": [
						{"origin": [-1.5, 32.8, -4.42], "size": [3, 1, 0], "uv": [20, 64]},
						{"origin": [-1.5, 33.8, -4.42], "size": [3, 1, 0], "uv": [40, 65]}
					]
				},
				{
					"name": "teeth_clench",
					"parent": "mouth",
					"pivot": [0, 33.3, -4.41],
					"cubes": [
						{"origin": [-1.5, 32.8, -4.41], "size": [3, 1, 0], "uv": [46, 65]}
					]
				},
				{
					"name": "ears",
					"parent": "head_angle",
					"pivot": [1, 32.7, -1]
				},
				{
					"name": "ear_left",
					"parent": "ears",
					"pivot": [2, 39.7, 2],
					"cubes": [
						{"origin": [0.51, 38.95, -1], "size": [3, 5, 3], "uv": [16, 80]},
						{"origin": [1.01, 43.45, -0.99], "size": [2, 3, 2], "uv": [88, 70]}
					]
				},
				{
					"name": "ear_right",
					"parent": "ears",
					"pivot": [-2, 39.7, 2],
					"cubes": [
						{"origin": [-3.51, 38.95, -1], "size": [3, 5, 3], "uv": [54, 83]},
						{"origin": [-3.01, 43.45, -0.99], "size": [2, 3, 2], "uv": [88, 75]}
					]
				},
				{
					"name": "aura_sensors",
					"parent": "head_angle",
					"pivot": [0, 38.4, 2.5]
				},
				{
					"name": "aura_sensor_left",
					"parent": "aura_sensors",
					"pivot": [3.1, 37.3, 2.1],
					"cubes": [
						{"origin": [2.1, 36.3, 1.1], "size": [2, 2, 4], "inflate": -0.1, "uv": [88, 10]}
					]
				},
				{
					"name": "aura_sensor_left2",
					"parent": "aura_sensor_left",
					"pivot": [3.1, 37.3, 4],
					"cubes": [
						{"origin": [1.6, 35.8, 4], "size": [3, 3, 7], "uv": [56, 56]}
					]
				},
				{
					"name": "aura_sensor_left3",
					"parent": "aura_sensor_left2",
					"pivot": [3.1, 37.3, 11],
					"cubes": [
						{"origin": [1.6, 35.8, 10], "size": [3, 3, 7], "inflate": 0.01, "uv": [108, 10]}
					]
				},
				{
					"name": "aura_sensor_back_left",
					"parent": "aura_sensors",
					"pivot": [1.65, 37.7, 2.5],
					"cubes": [
						{"origin": [0.65, 36.7, 1.9], "size": [2, 2, 4], "inflate": -0.1, "uv": [12, 88]}
					]
				},
				{
					"name": "aura_sensor_back_left2",
					"parent": "aura_sensor_back_left",
					"pivot": [1.65, 37.7, 5.8],
					"cubes": [
						{"origin": [0.15, 36.2, 5.3], "size": [3, 3, 7], "uv": [58, 42]}
					]
				},
				{
					"name": "aura_sensor_right",
					"parent": "aura_sensors",
					"pivot": [-3.1, 37.3, 2.1],
					"cubes": [
						{"origin": [-4.1, 36.3, 1.1], "size": [2, 2, 4], "inflate": -0.1, "uv": [88, 34]}
					]
				},
				{
					"name": "aura_sensor_right2",
					"parent": "aura_sensor_right",
					"pivot": [-3.1, 37.3, 4],
					"cubes": [
						{"origin": [-4.6, 35.8, 4], "size": [3, 3, 7], "uv": [62, 0]}
					]
				},
				{
					"name": "aura_sensor_right3",
					"parent": "aura_sensor_right2",
					"pivot": [-3.1, 37.3, 11],
					"cubes": [
						{"origin": [-4.6, 35.8, 10], "size": [3, 3, 7], "inflate": 0.01, "uv": [108, 0]}
					]
				},
				{
					"name": "aura_sensor_back_right",
					"parent": "aura_sensors",
					"pivot": [-1.65, 37.7, 2.5],
					"cubes": [
						{"origin": [-2.65, 36.7, 1.9], "size": [2, 2, 4], "inflate": -0.1, "uv": [88, 64]}
					]
				},
				{
					"name": "aura_sensor_back_right2",
					"parent": "aura_sensor_back_right",
					"pivot": [-1.65, 37.7, 5.8],
					"cubes": [
						{"origin": [-3.15, 36.2, 5.3], "size": [3, 3, 7], "uv": [0, 64]}
					]
				},
				{
					"name": "tail",
					"parent": "torso",
					"pivot": [0, 22, 2.75],
					"cubes": [
						{"origin": [-3, 21, 1.75], "size": [6, 2, 7], "uv": [30, 56]}
					]
				},
				{
					"name": "tail2",
					"parent": "tail",
					"pivot": [0, 21.95, 7.75],
					"cubes": [
						{"origin": [-4, 20.25, 7.85], "size": [8, 3, 8], "inflate": 0.1, "uv": [40, 14]}
					]
				},
				{
					"name": "tail3",
					"parent": "tail2",
					"pivot": [0, 21.85, 14.95],
					"cubes": [
						{"origin": [-5.5, 19.5, 14.95], "size": [11, 4, 9], "inflate": 0.01, "uv": [0, 14]},
						{"origin": [-8.5, 21.5, 15.95], "size": [17, 0, 14], "inflate": 0.01, "uv": [0, 0]}
					]
				},
				{
					"name": "legs",
					"parent": "body",
					"pivot": [0, 18.5, 0.3]
				},
				{
					"name": "leg_left",
					"parent": "legs",
					"pivot": [3.5, 20, -1],
					"cubes": [
						{"origin": [0, 13, -4], "size": [7, 7, 8], "uv": [38, 27]}
					]
				},
				{
					"name": "leg_left2",
					"parent": "leg_left",
					"pivot": [3.5, 20, 0],
					"cubes": [
						{"origin": [1.5, 10.3, -1.5], "size": [4, 4, 3], "uv": [74, 66]}
					]
				},
				{
					"name": "leg_left3",
					"parent": "leg_left2",
					"pivot": [3.5, 10.3, -1.5],
					"rotation": [50, 0, 0],
					"cubes": [
						{"origin": [1.5, 6.3, -1.5], "size": [4, 4, 3], "inflate": 0.01, "uv": [74, 73]}
					]
				},
				{
					"name": "leg_left4",
					"parent": "leg_left3",
					"pivot": [3.5, 6.3, 1.5],
					"rotation": [-50, 0, 0],
					"cubes": [
						{"origin": [1.5, -2.7, -1.5], "size": [4, 9, 3], "uv": [60, 66]},
						{"origin": [3.1, 2.25, -1.9], "size": [1, 2, 1], "pivot": [3.6, 2.5, -1.4], "rotation": [73.67505, 15.69986, 42.73421], "uv": [16, 77], "mirror": true}
					]
				},
				{
					"name": "foot_left",
					"parent": "leg_left4",
					"pivot": [3.5, -1.7, 1],
					"cubes": [
						{"origin": [1, -3.7, -4], "size": [5, 3, 5], "inflate": -0.01, "uv": [20, 65]}
					]
				},
				{
					"name": "foot_spike_left",
					"parent": "foot_left",
					"pivot": [3.6, -0.8, -1.9],
					"rotation": [37.5, 0, 0],
					"cubes": [
						{"origin": [2.6, -1, -2.9], "size": [2, 2, 2], "pivot": [3.6, 0.75, -1.9], "rotation": [0, 45, 0], "uv": [88, 84], "mirror": true},
						{"origin": [3.1, 0.5, -2.4], "size": [1, 2, 1], "pivot": [3.6, 0.75, -1.9], "rotation": [0, 45, 0], "uv": [16, 77], "mirror": true}
					]
				},
				{
					"name": "leg_right",
					"parent": "legs",
					"pivot": [-3.5, 20, -1],
					"cubes": [
						{"origin": [-7, 13, -4], "size": [7, 7, 8], "uv": [0, 41]}
					]
				},
				{
					"name": "leg_right2",
					"parent": "leg_right",
					"pivot": [-3.5, 20, 0],
					"cubes": [
						{"origin": [-5.5, 10.3, -1.5], "size": [4, 4, 3], "uv": [76, 57]}
					]
				},
				{
					"name": "leg_right3",
					"parent": "leg_right2",
					"pivot": [-3.5, 10.3, -1.5],
					"rotation": [50, 0, 0],
					"cubes": [
						{"origin": [-5.5, 6.3, -1.5], "size": [4, 4, 3], "inflate": 0.01, "uv": [78, 42]}
					]
				},
				{
					"name": "leg_right4",
					"parent": "leg_right3",
					"pivot": [-3.5, 6.3, 1.5],
					"rotation": [-50, 0, 0],
					"cubes": [
						{"origin": [-5.5, -2.7, -1.5], "size": [4, 9, 3], "uv": [68, 25]},
						{"origin": [-4.1, 2.25, -1.9], "size": [1, 2, 1], "pivot": [-3.6, 2.5, -1.4], "rotation": [73.67505, -15.69986, -42.73421], "uv": [16, 77]}
					]
				},
				{
					"name": "foot_right",
					"parent": "leg_right4",
					"pivot": [-3.5, -1.7, 1],
					"cubes": [
						{"origin": [-6, -3.7, -4], "size": [5, 3, 5], "inflate": -0.01, "uv": [40, 66]}
					]
				},
				{
					"name": "foot_spike_right",
					"parent": "foot_right",
					"pivot": [-3.6, -0.8, -1.9],
					"rotation": [37.5, 0, 0],
					"cubes": [
						{"origin": [-4.6, -1, -2.9], "size": [2, 2, 2], "pivot": [-3.6, 0.75, -1.9], "rotation": [0, -45, 0], "uv": [88, 84]},
						{"origin": [-4.1, 0.5, -2.4], "size": [1, 2, 1], "pivot": [-3.6, 0.75, -1.9], "rotation": [0, -45, 0], "uv": [16, 77]}
					]
				}
			]
		}
	]
}