{
    "enabled": true,
    "neededInstalledMods": [],
    "neededUninstalledMods": [],
    "spawns": [
      {
        "id": "spoink-1",
        "pokemon": "spoink",
        "presets": [                
            "natural"
        ],
        "type": "pokemon",
        "context": "grounded",
        "bucket": "common",
        "level": "5-25",
        "weight": 3.0,
        "weightMultiplier": {
            "multiplier": 1.5,
            "condition": {
                "timeRange": "night"
            }
        },
        "condition": {
            "canSeeSky": true,
            "biomes": [
                "#cobblemon:is_mountain"
				]
        }

      }
    ]
}