{
    "enabled": true,
    "neededInstalledMods": [],
    "neededUninstalledMods": [],
    "spawns": [
      {
        "id": "grumpig-1",
        "pokemon": "grumpig",
        "presets": [                
            "natural"
        ],
        "type": "pokemon",
        "context": "grounded",
        "bucket": "uncommon",
        "level": "32-50",
        "weight": 1.0,
        "weightMultiplier": {
            "multiplier": 1.5,
            "condition": {
                "timeRange": "night"
            }
        },
        "condition": {
            "canSeeSky": true,
            "biomes": [
                "#cobblemon:is_mountain"
            ]
        }

      }
    ]
}