{
    "enabled": true,
    "neededInstalledMods": [],
    "neededUninstalledMods": [],
    "spawns": [
        {
            "id": "purugly-1",
            "pokemon": "purugly",
            "presets": [
                "natural",
                "urban"
            ],
            "type": "pokemon",
            "context": "grounded",
            "bucket": "uncommon",
            "level": "30-52",
            "weight": 3,
            "weightMultiplier": {
                "multiplier": 1.5,
                "condition": {
                    "timeRange": "night"
                }
            },
            "condition": {
                "canSeeSky": true,
                "biomes": [
                    "#cobblemon:is_overworld"
                ],
                "isRaining": false
            }
        }
    ]
}
