{
	"enabled": true,
	"neededInstalledMods": [],
	"neededUninstalledMods": [],
	"spawns": [
		{
			"id": "bronzong-1",
			"pokemon": "bronzong",
			"presets": [
				"natural"
			],
			"type": "pokemon",
			"context": "grounded",
			"bucket": "rare",
			"level": "40-75",
			"weight": 2.0,
			"condition": {
				"biomes": [
					"#cobblemon:is_spooky"
				]
			}
        },
        {
			"id": "bronzong-2",
			"pokemon": "bronzong",
			"presets": [
				"natural"
			],
			"type": "pokemon",
			"context": "grounded",
			"bucket": "rare",
			"level": "40-75",
			"weight": 2.0,
			"condition": {
				"biomes": [
					"#cobblemon:is_cave"
				]
			}
		},
		{
			"id": "bronzong-3",
			"pokemon": "bronzong",
			"presets": [
				"natural"
			],
			"type": "pokemon",
			"context": "grounded",
			"bucket": "rare",
			"level": "40-55",
			"weight": 2.0,
			"condition": {
				"timeRange": "night",
				"biomes": [
					"#cobblemon:is_mountain"
				]
			}
		}
	]
}