{
    "enabled": true,
    "neededInstalledMods": [],
    "neededUninstalledMods": [],
    "spawns": [
        {
            "id": "toxicroak-1",
            "pokemon": "toxicroak",
            "type": "pokemon",
            "context": "grounded",
            "bucket": "rare",
            "level": "10-36",
            "weight": 4.1,
            "condition": {
                "canSeeSky": true,
                "biomes": [
                    "#cobblemon:is_swamp"
                ]
            }
        },
		{
            "id": "toxicroak-2",
            "pokemon": "toxicroak",
            "type": "pokemon",
            "context": "grounded",
            "bucket": "uncommon",
            "level": "10-36",
            "weight": 1.45,
            "condition": {
                "canSeeSky": true,
                "biomes": [
                    "#cobblemon:is_swamp"
                ],
				"isRaining": true
            }
        }
    ]
}
