{
    "enabled": true,
    "neededInstalledMods": [],
    "neededUninstalledMods": [],
    "spawns": [
        {
            "id": "rotom-1",
            "pokemon": "rotom",
            "type": "pokemon",
            "context": "grounded",
            "bucket": "rare",
            "level": "20-55",
            "weight": 8.5,
            "condition": {
                "biomes": [
                    "#cobblemon:is_overworld"
                ],
                "neededNearbyBlocks": [
                    "cobblemon:pc"
                ]
            }
        },
        {
            "id": "rotom-2",
            "pokemon": "rotom",
            "type": "pokemon",
			"presets": [
                "mansion"
            ],
            "context": "grounded",
            "bucket": "uncommon",
            "level": "20-55",
            "weight": 5.0,
            "condition": {
                "biomes": [
                    "#cobblemon:is_overworld"
                ]
            }
        },
		{
            "id": "rotom-3",
            "pokemon": "rotom",
            "type": "pokemon",
			"presets": [
                "ancient_city"
            ],
            "context": "grounded",
            "bucket": "uncommon",
            "level": "20-55",
            "weight": 9.0,
            "condition": {
                "biomes": [
                    "#cobblemon:is_deep_dark"
                ],
                "neededNearbyBlocks": [
                    "minecraft:redstone_block",
					"minecraft:redstone"
                ]
            }
        }
    ]
}