{
    "enabled": true,
    "neededInstalledMods": [],
    "neededUninstalledMods": [],
    "spawns": [
        {
            "id": "excadrill-1",
            "pokemon": "excadrill",
            "type": "pokemon",
            "context": "grounded",
            "bucket": "common",
            "level": "25-51",
            "weight": 0.2,
            "condition": {
                "canSeeSky": false,
				"maxY": 50,
                "biomes": [
                    "#cobblemon:is_overworld"
                ]
            },
            "anticondition": {
                "biomes": [
                    "#cobblemon:is_abyss"
                ]
            }
        }
    ]
}