{
    "enabled": true,
    "neededInstalledMods": [],
    "neededUninstalledMods": [],
    "spawns": [
        {
            "id": "throh-1",
            "pokemon": "throh",
            "type": "pokemon",
            "context": "grounded",
            "bucket": "uncommon",
            "level": "8-25",
            "weight": 3.0,
            "condition": {
                "canSeeSky": true,
                "biomes": [
                    "#cobblemon:is_mountain"
                ]
            }
        }
    ]
}