{
   "enabled": true,
   "neededInstalledMods": [],
   "neededUninstalledMods": [],
   "spawns": [
       {
           "id": "garbodor-1",
           "pokemon": "garbodor",
           "presets": [
               "natural"
           ],
           "type": "pokemon",
           "context": "grounded",
           "bucket": "rare",
           "level": "25-75",
           "weight": 3.0,
           "condition": {
               "canSeeSky": true,
               "biomes": [
                   "#cobblemon:is_swamp"
               ]
           }
       },
	   {
            "id": "garbodor-1",
            "pokemon": "garbodor",
            "type": "pokemon",
            "context": "grounded",
            "bucket": "rare",
            "level": "15-40",
            "weight": 10.0,
            "condition": {
                "biomes": [
                    "#cobblemon:is_overworld"
                ],
                "neededNearbyBlocks": [
                    "minecraft:composter"
                ]
            }
        }
   ]
}