{
    "enabled": true,
    "neededInstalledMods": [],
    "neededUninstalledMods": [],
    "spawns": [
        {
            "id": "vanillite-1",
            "pokemon": "vanillite",
            "presets": [
                "natural"
            ],
            "type": "pokemon",
            "context": "grounded",
            "bucket": "common",
            "level": "10-32",
            "weight": 6.5,
            "condition": {
                "biomes": [
                    "#cobblemon:is_snowy"
                ]
            }
        }
    ]
 }