{
    "enabled": true,
    "neededInstalledMods": [],
    "neededUninstalledMods": [],
    "spawns": [
        {
            "id": "vanilluxe-1",
            "pokemon": "vanilluxe",
            "presets": [
                "natural"
            ],
            "type": "pokemon",
            "context": "grounded",
            "bucket": "rare",
            "level": "50-75",
            "weight": 4.0,
            "condition": {
                "biomes": [
                    "#cobblemon:is_snowy"
                ]
            }
        }
    ]
 }