{
    "enabled": true,
    "neededInstalledMods": [],
    "neededUninstalledMods": [],
    "spawns": [
        {
            "id": "eelektrik-1",
            "pokemon": "eelektrik",
            "presets": [
                "water"
            ],
            "type": "pokemon",
            "context": "submerged",
            "bucket": "rare",
            "level": "39-50",
            "weight": 1.0,
            "condition": {
                "canSeeSky": false,
                "biomes": [
                    "#cobblemon:is_cave"
                ]
            },
            "anticondition": {
                "biomes": [
                "#cobblemon:is_lush"
                ]
            }
        },
        {
            "id": "eelektrik-2",
            "pokemon": "eelektrik",
            "presets": [
                "water"
            ],
            "type": "pokemon",
            "context": "submerged",
            "bucket": "uncommon",
            "level": "39-50",
            "weight": 1.0,
            "condition": {
                "canSeeSky": false,
                "biomes": [
                    "#cobblemon:is_lush"
                ]
            }
        },
        {
            "id": "eelektrik-3",
            "pokemon": "eelektrik",
            "type": "pokemon",
            "context": "fishing",
            "bucket": "uncommon",
            "level": "39-50",
            "weight": 3.1,
            "weightMultipliers": [
                {
                    "multiplier": 2.0,
                    "condition": {
                        "minLureLevel": 2,
                        "maxLureLevel": 2
                    }
                },
                {
                    "multiplier": 3.0,
                    "condition": {
                        "minLureLevel": 3
                    }
                }
            ],
            "condition": {
                "canSeeSky": false,
                "biomes": [
                    "#cobblemon:is_lush"
                ]
            }
        },
        {
            "id": "eelektrik-4",
            "pokemon": "eelektrik",
            "type": "pokemon",
            "context": "fishing",
            "bucket": "rare",
            "level": "39-50",
            "weight": 1.0,
            "weightMultipliers": [
                {
                    "multiplier": 2.0,
                    "condition": {
                        "minLureLevel": 2,
                        "maxLureLevel": 2
                    }
                },
                {
                    "multiplier": 3.0,
                    "condition": {
                        "minLureLevel": 3
                    }
                }
            ],
            "condition": {
                "canSeeSky": false,
                "biomes": [
                    "#cobblemon:is_cave"
                ]
            },
            "anticondition": {
                "biomes": [
                "#cobblemon:is_lush"
                ]
            }
        }

    ]
}
       