{
    "enabled": true,
    "neededInstalledMods": [],
    "neededUninstalledMods": [],
    "spawns": [
        {
            "id": "stunfisk-1",
            "pokemon": "stunfisk",
            "presets": [
                "natural"
            ],
            "type": "pokemon",
            "context": "grounded",
            "bucket": "uncommon",
            "level": "20-60",
            "weight": 2.5,
			"weightMultiplier": {
				"multiplier": 3.0,
				"condition": {
					"isRaining": true
				}
			},
            "condition": {
                "biomes": [
                    "#cobblemon:is_swamp"
                ]
            }
        },
        {
            "id": "stunfisk_galar-2",
            "pokemon": "stunfisk galarian",
            "presets": [
                "natural"
            ],
            "type": "pokemon",
            "context": "grounded",
            "bucket": "uncommon",
            "level": "20-60",
            "weight": 2.5,
			"weightMultipliers": [
                {
                    "multiplier": 3.0,
                    "condition": {
                        "isRaining": true
                    }
                }
            ],
            "condition": {
                "biomes": [
                    "#cobblemon:is_taiga"
                ]
            }
        }
    ]
}