{
   "enabled": true,
   "neededInstalledMods": [],
   "neededUninstalledMods": [],
   "spawns": [
       {
           "id": "bisharp-1",
           "pokemon": "bisharp",
           "presets": [
               "natural"
           ],
           "type": "pokemon",
           "context": "grounded",
           "bucket": "uncommon",
           "level": "49-55",
           "weight": 1.3,
           "condition": {
               "biomes": [
                   "#cobblemon:is_bamboo"
               ]
           }
       }
   ]
}
