{
    "enabled": true,
    "neededInstalledMods": [],
    "neededUninstalledMods": [],
    "spawns": [
        {
            "id": "helioptile-1",
            "pokemon": "helioptile",
            "type": "pokemon",
            "context": "grounded",
            "bucket": "rare",
            "level": "12-25",
            "weight": 1.0,
            "condition": {
                "canSeeSky": true,
                "biomes": [
                    "#cobblemon:is_mountain"
                ]
            }
        }
    ]
}