{
    "enabled": true,
    "neededInstalledMods": [],
    "neededUninstalledMods": [],
    "spawns": [
        {
            "id": "heliolisk-1",
            "pokemon": "heliolisk",
            "type": "pokemon",
            "context": "grounded",
            "bucket": "ultra-rare",
            "level": "30-55",
            "weight": 4.0,
            "condition": {
                "canSeeSky": true,
                "biomes": [
                    "#cobblemon:is_mountain"
                ]
            }
        }
    ]
}