{
    "enabled": true,
    "neededInstalledMods": [],
    "neededUninstalledMods": [],
    "spawns": [
        {
            "id": "gumshoos-1",
            "pokemon": "gumshoos",
            "type": "pokemon",
            "context": "grounded",
            "bucket": "uncommon",
            "level": "35-75",
            "weight": 3.0,
            "condition": {
                "canSeeSky": true,
                "biomes": [
                    "#cobblemon:is_plains"
                ]
			}
		}
    ]
}