{
    "enabled": true,
    "neededInstalledMods": [],
    "neededUninstalledMods": [],
    "spawns": [
        {
            "id": "grubbin-1",
            "pokemon": "grubbin",
            "type": "pokemon",
            "context": "grounded",
            "bucket": "common",
            "level": "5-25",
            "weight": 5.0,
            "condition": {
                "canSeeSky": true,
                "biomes": [
                    "#cobblemon:is_badlands",
                    "#cobblemon:is_jungle"
				]
			}
		}
	]
}