{
    "enabled": true,
    "neededInstalledMods": [],
    "neededUninstalledMods": [],
    "spawns": [
        {
            "id": "vikavolt-1",
            "pokemon": "vikavolt",
            "type": "pokemon",
            "context": "grounded",
            "bucket": "rare",
            "level": "40-75",
            "weight": 3.0,
            "condition": {
                "canSeeSky": true,
                "biomes": [
                    "#cobblemon:is_badlands",
                    "#cobblemon:is_jungle"
                ]
			}
		}
    ]
}