{
    "enabled": true,
    "neededInstalledMods": [],
    "neededUninstalledMods": [],
    "spawns": [
        {
            "id": "togedemaru-1",
            "pokemon": "togedemaru",
            "type": "pokemon",
            "context": "grounded",
            "bucket": "uncommon",
            "level": "15-32",
            "weight": 4.8,
            "condition": {
                "canSeeSky": true,
                "biomes": [
                    "#cobblemon:is_badlands"
                ]
            }
        }
    ]
}