{
   "enabled": true,
   "neededInstalledMods": [],
   "neededUninstalledMods": [],
   "spawns": [
       {
           "id": "kingambit-1",
           "pokemon": "kingambit",
           "presets": [
               "natural"
           ],
           "type": "pokemon",
           "context": "grounded",
           "bucket": "uncommon",
           "level": "58-62",
           "weight": 0.1,
           "condition": {
               "biomes": [
                   "#cobblemon:is_bamboo"
               ]
           }
       }
   ]
}
