{
    "enabled": true,
    "neededInstalledMods": [],
    "neededUninstalledMods": [],
    "spawns": [
        {
            "id": "poltchageist-1",
            "pokemon": "poltchageist",
            "type": "pokemon",
            "context": "grounded",
            "bucket": "uncommon",
            "level": "15-48",
            "weight": 7.8,
            "condition": {
                "canSeeSky": true,
                "biomes": [
                    "#cobblemon:is_spooky"
                ]
            }
        }
    ]
}
