{
  "implemented": true,
  "name": "Meowstic",
  "nationalPokedexNumber": 678,
  "primaryType": "psychic",
  "abilities": ["keeneye", "infiltrator", "h:prankster"],
  "baseStats": {
    "hp": 74,
    "attack": 48,
    "defence": 76,
    "special_attack": 83,
    "special_defence": 81,
    "speed": 104
  },
  "catchRate": 75,
  "maleRatio": 1,
  "shoulderMountable": false,
  "baseExperienceYield": 163,
  "baseFriendship": 50,
  "evYield": {
    "hp": 0,
    "attack": 0,
    "defence": 0,
    "special_attack": 0,
    "special_defence": 0,
    "speed": 2
  },
  "experienceGroup": "medium_fast",
  "eggCycles": 20,
  "eggGroups": ["field"],
  "moves": [
    "1:disarmingvoice",
    "1:fakeout",
    "1:leer",
    "1:magicalleaf",
    "1:meanlook",
    "1:scratch",
    "9:confusion",
    "12:helpinghand",
    "12:storedpower",
    "15:chargebeam",
    "15:charm",
    "18:covet",
    "21:psybeam",
    "24:suckerpunch",
    "29:roleplay",
    "31:miracleeye",
    "34:lightscreen",
    "34:reflect",
    "39:psyshock",
    "44:extrasensory",
    "44:imprison",
    "49:quickguard",
    "49:shadowball",
    "54:psychic",
    "59:futuresight",
    "59:mistyterrain",
    "tm:alluringvoice",
    "tm:allyswitch",
    "tm:attract",
    "tm:batonpass",
    "tm:calmmind",
    "tm:chargebeam",
    "tm:charm",
    "tm:confide",
    "tm:cut",
    "tm:darkpulse",
    "tm:dig",
    "tm:disarmingvoice",
    "tm:doubleteam",
    "tm:dreameater",
    "tm:echoedvoice",
    "tm:endure",
    "tm:energyball",
    "tm:expandingforce",
    "tm:facade",
    "tm:faketears",
    "tm:flash",
    "tm:frustration",
    "tm:futuresight",
    "tm:gigaimpact",
    "tm:gravity",
    "tm:helpinghand",
    "tm:hiddenpower",
    "tm:hyperbeam",
    "tm:imprison",
    "tm:irontail",
    "tm:lightscreen",
    "tm:magicalleaf",
    "tm:magicroom",
    "tm:mistyterrain",
    "tm:nastyplot",
    "tm:payback",
    "tm:payday",
    "tm:playrough",
    "tm:poweruppunch",
    "tm:protect",
    "tm:psybeam",
    "tm:psychic",
    "tm:psychicnoise",
    "tm:psychicterrain",
    "tm:psychup",
    "tm:psyshock",
    "tm:raindance",
    "tm:reflect",
    "tm:rest",
    "tm:return",
    "tm:round",
    "tm:safeguard",
    "tm:secretpower",
    "tm:shadowball",
    "tm:skillswap",
    "tm:sleeptalk",
    "tm:snore",
    "tm:storedpower",
    "tm:substitute",
    "tm:sunnyday",
    "tm:swagger",
    "tm:swift",
    "tm:tailslap",
    "tm:terablast",
    "tm:thunderbolt",
    "tm:thunderwave",
    "tm:torment",
    "tm:toxic",
    "tm:trailblaze",
    "tm:trick",
    "tm:trickroom",
    "tm:wonderroom",
    "tm:workup",
    "tm:zenheadbutt",
    "tutor:allyswitch",
    "tutor:covet",
    "tutor:expandingforce",
    "tutor:gravity",
    "tutor:healbell",
    "tutor:helpinghand",
    "tutor:irontail",
    "tutor:magiccoat",
    "tutor:magicroom",
    "tutor:recycle",
    "tutor:roleplay",
    "tutor:shockwave",
    "tutor:signalbeam",
    "tutor:skillswap",
    "tutor:snatch",
    "tutor:snore",
    "tutor:telekinesis",
    "tutor:trick",
    "tutor:wonderroom",
    "tutor:zenheadbutt"
  ],
  "labels": ["gen6"],
  "pokedex": ["cobblemon.species.meowstic.desc"],
  "height": 6,
  "weight": 85,
  "preEvolution": "espurr",
  "evolutions": [],
  "forms": [
    {
      "name": "F",
      "primaryType": "psychic",
      "abilities": ["keeneye", "infiltrator", "h:competitive"],
      "baseStats": {
        "hp": 74,
        "attack": 48,
        "defence": 76,
        "special_attack": 83,
        "special_defence": 81,
        "speed": 104
      },
      "catchRate": 75,
      "maleRatio": 0,
      "baseExperienceYield": 163,
      "baseFriendship": 50,
      "evYield": {
        "hp": 0,
        "attack": 0,
        "defence": 0,
        "special_attack": 0,
        "special_defence": 0,
        "speed": 2
      },
      "experienceGroup": "medium_fast",
      "eggCycles": 20,
      "eggGroups": ["field"],
      "moves": [
        "1:disarmingvoice",
        "1:fakeout",
        "1:leer",
        "1:magicalleaf",
        "1:mefirst",
        "1:scratch",
        "9:confusion",
        "12:storedpower",
        "15:chargebeam",
        "18:covet",
        "21:psybeam",
        "24:suckerpunch",
        "29:roleplay",
        "34:lightscreen",
        "34:reflect",
        "39:psyshock",
        "44:extrasensory",
        "45:signalbeam",
        "49:shadowball",
        "54:psychic",
        "59:futuresight",
        "tm:alluringvoice",
        "tm:allyswitch",
        "tm:attract",
        "tm:batonpass",
        "tm:calmmind",
        "tm:chargebeam",
        "tm:charm",
        "tm:confide",
        "tm:cut",
        "tm:darkpulse",
        "tm:dig",
        "tm:disarmingvoice",
        "tm:doubleteam",
        "tm:dreameater",
        "tm:echoedvoice",
        "tm:endure",
        "tm:energyball",
        "tm:expandingforce",
        "tm:facade",
        "tm:faketears",
        "tm:flash",
        "tm:frustration",
        "tm:futuresight",
        "tm:gigaimpact",
        "tm:gravity",
        "tm:helpinghand",
        "tm:hiddenpower",
        "tm:hyperbeam",
        "tm:irontail",
        "tm:lightscreen",
        "tm:magicalleaf",
        "tm:magicroom",
        "tm:nastyplot",
        "tm:payback",
        "tm:payday",
        "tm:playrough",
        "tm:poweruppunch",
        "tm:protect",
        "tm:psybeam",
        "tm:psychic",
        "tm:psychicnoise",
        "tm:psychicterrain",
        "tm:psychup",
        "tm:psyshock",
        "tm:raindance",
        "tm:reflect",
        "tm:rest",
        "tm:return",
        "tm:round",
        "tm:safeguard",
        "tm:secretpower",
        "tm:shadowball",
        "tm:skillswap",
        "tm:sleeptalk",
        "tm:snore",
        "tm:storedpower",
        "tm:substitute",
        "tm:sunnyday",
        "tm:swagger",
        "tm:swift",
        "tm:tailslap",
        "tm:terablast",
        "tm:thunderbolt",
        "tm:thunderwave",
        "tm:torment",
        "tm:toxic",
        "tm:trailblaze",
        "tm:trick",
        "tm:trickroom",
        "tm:wonderroom",
        "tm:workup",
        "tm:zenheadbutt",
        "tutor:allyswitch",
        "tutor:covet",
        "tutor:expandingforce",
        "tutor:gravity",
        "tutor:healbell",
        "tutor:helpinghand",
        "tutor:irontail",
        "tutor:magiccoat",
        "tutor:magicroom",
        "tutor:recycle",
        "tutor:roleplay",
        "tutor:shockwave",
        "tutor:signalbeam",
        "tutor:skillswap",
        "tutor:snatch",
        "tutor:snore",
        "tutor:telekinesis",
        "tutor:trick",
        "tutor:wonderroom",
        "tutor:zenheadbutt"
      ],
      "labels": ["gen6"],
      "aspects": ["f"],
      "height": 6,
      "weight": 85,
      "preEvolution": "espurr",
      "cannotDynamax": false,
      "battleOnly": false
    }
  ],
  "aspects": [],
  "cannotDynamax": false,
  "drops": {
    "amount": 1,
    "entries": [
      {
        "item": "cobblemon:colbur_berry",
        "percentage": 5
      }
    ]
  }
}
