{
	"format_version": "1.12.0",
	"minecraft:geometry": [
		{
			"description": {
				"identifier": "geometry.unknown",
				"texture_width": 64,
				"texture_height": 64,
				"visible_bounds_width": 3,
				"visible_bounds_height": 2.5,
				"visible_bounds_offset": [0, 0.75, 0]
			},
			"bones": [
				{
					"name": "darumaka",
					"pivot": [0, 0, 0]
				},
				{
					"name": "body",
					"parent": "darumaka",
					"pivot": [0, 0, 0]
				},
				{
					"name": "torso",
					"parent": "body",
					"pivot": [0, 9.5, 0],
					"cubes": [
						{"origin": [-7, 3, -6], "size": [14, 13, 12], "uv": [0, 0]}
					]
				},
				{
					"name": "tail",
					"parent": "torso",
					"pivot": [0, 3, 6],
					"cubes": [
						{"origin": [-3, 3, 6], "size": [6, 2, 5], "pivot": [0, 3, 6], "rotation": [35, 0, 0], "uv": [0, 25]}
					]
				},
				{
					"name": "left_arm",
					"parent": "torso",
					"pivot": [6.5, 9, 0],
					"cubes": [
						{"origin": [5.5, 6.5, -2], "size": [4, 5, 4], "uv": [36, 33]}
					]
				},
				{
					"name": "left_hand",
					"parent": "left_arm",
					"pivot": [9.5, 9, 0],
					"rotation": [7.5, 0, 0],
					"cubes": [
						{"origin": [8.5, 6.5, 0], "size": [5, 5, 0], "uv": [0, 5]}
					]
				},
				{
					"name": "right_arm",
					"parent": "torso",
					"pivot": [-6.5, 9, 0],
					"cubes": [
						{"origin": [-9.5, 6.5, -2], "size": [4, 5, 4], "uv": [20, 33]}
					]
				},
				{
					"name": "right_hand",
					"parent": "right_arm",
					"pivot": [-9.5, 9, 0],
					"rotation": [7.5, 0, 0],
					"cubes": [
						{"origin": [-13.5, 6.5, 0], "size": [5, 5, 0], "uv": [0, 0]}
					]
				},
				{
					"name": "eyes",
					"parent": "torso",
					"pivot": [3, 14.5, -6],
					"cubes": [
						{"origin": [-5.5, 10.5, -6.01], "size": [3, 3, 0], "uv": [32, 33]},
						{"origin": [2.5, 10.5, -6.01], "size": [3, 3, 0], "uv": [15, 32]}
					]
				},
				{
					"name": "pupil_left",
					"parent": "eyes",
					"pivot": [4, 11.5, -6.02],
					"cubes": [
						{"origin": [3.5, 11.5, -6.02], "size": [1, 1, 0], "uv": [22, 16]}
					]
				},
				{
					"name": "pupil_right",
					"parent": "eyes",
					"pivot": [-4, 11.5, -6.02],
					"cubes": [
						{"origin": [-4.5, 11.5, -6.02], "size": [1, 1, 0], "uv": [14, 16]}
					]
				},
				{
					"name": "mouth_closed",
					"parent": "torso",
					"pivot": [0, 5, -7],
					"cubes": [
						{"origin": [-2, 9, -5], "size": [4, 3, 0], "inflate": 0.01, "uv": [40, 4]}
					]
				},
				{
					"name": "eyebrow_left",
					"parent": "torso",
					"pivot": [3, 14.5, -6],
					"cubes": [
						{"origin": [1.5, 14, -6.03], "size": [5, 4, 0], "pivot": [4, 15, -6], "rotation": [0, 0, -17.5], "uv": [40, 0]}
					]
				},
				{
					"name": "eyebrow_right",
					"parent": "torso",
					"pivot": [-3, 14.5, -6],
					"cubes": [
						{"origin": [-6.5, 14, -6.03], "size": [5, 4, 0], "pivot": [-4, 15, -6], "rotation": [0, 0, 17.5], "uv": [0, 40]}
					]
				},
				{
					"name": "left_leg",
					"parent": "body",
					"pivot": [3.75, 3, 0],
					"cubes": [
						{"origin": [1, 0.02, -2.5], "size": [5, 3, 5], "uv": [0, 32]}
					]
				},
				{
					"name": "left_foot",
					"parent": "left_leg",
					"pivot": [3.5, 0, 0],
					"cubes": [
						{"origin": [1, 0.01, -4], "size": [5, 0, 5], "uv": [32, 25]}
					]
				},
				{
					"name": "right_leg",
					"parent": "body",
					"pivot": [-3.75, 3, 0],
					"cubes": [
						{"origin": [-6, 0.02, -2.5], "size": [5, 3, 5], "uv": [22, 25]}
					]
				},
				{
					"name": "right_foot",
					"parent": "right_leg",
					"pivot": [-3.5, 0, 0],
					"cubes": [
						{"origin": [-6, 0.01, -4], "size": [5, 0, 5], "uv": [12, 25]}
					]
				}
			]
		}
	]
}