{
	"format_version": "1.8.0",
	"animations": {
		"animation.zamazenta_crown.pose": {
			"loop": true,
			"bones": {
				"bone2": {
					"rotation": [-30, 0, 0]
				},
				"bone6": {
					"rotation": [-14.98637, 0.64686, 2.41492]
				},
				"bone7": {
					"rotation": [2.55452, 1.29256, 4.83045]
				},
				"bone8": {
					"rotation": [10, 0, 22.5]
				},
				"bone9": {
					"rotation": [-26.06663, 9.08661, 17.89244]
				},
				"bone10": {
					"rotation": [-30, 0, 15]
				},
				"bone11": {
					"rotation": [-20.57639, 9.30727, 23.30696]
				},
				"bone12": {
					"rotation": [0, 0, 7.5]
				},
				"bone13": {
					"rotation": [-15, 0, 0]
				},
				"tail": {
					"rotation": [32.5, 0, 0]
				},
				"tail2": {
					"rotation": [-52.5, 0, 0]
				},
				"bone14": {
					"rotation": [-45, 0, 0]
				},
				"bone15": {
					"rotation": [-17.5, 0, 0]
				},
				"bone16": {
					"rotation": [30, 0, 0]
				},
				"bone17": {
					"rotation": [-17.5, 0, 0]
				},
				"eye_left_lid": {
					"position": [0, 0, 0]
				}
			}
		},
		"animation.zamazenta_crown.ground_idle": {
			"loop": true,
			"bones": {
				"bone2": {
					"rotation": [0, 0, 0]
				},
				"bone6": {
					"rotation": [0, 0, 0]
				},
				"bone7": {
					"rotation": [0, 0, -5]
				},
				"bone8": {
					"rotation": [
						"10.9299+Math.cos((query.anim_time) * 90 * 1 - 90) *4 ",
						"Math.cos((query.anim_time) * 90 * 1 - 60) * -7.7251",
						"Math.cos((query.anim_time) * 90 * 2 - 45) * 4"
					]
				},
				"bone9": {
					"rotation": [-25.25766, 0, 0]
				},
				"bone10": {
					"rotation": ["12.5+Math.cos((query.anim_time) * 90 * 1 - 90) *4", "Math.cos((query.anim_time) * 90 * 1 - 60) * -10", 0]
				},
				"bone11": {
					"rotation": [17.71612, 0, 0]
				},
				"bone12": {
					"rotation": [0, 0, 0]
				},
				"bone13": {
					"rotation": [-15, 0, 0]
				},
				"tail": {
					"rotation": [32.5, 0, 0]
				},
				"tail2": {
					"rotation": [
						"-52.5+Math.cos((query.anim_time) * 90 * 1 - 90) *4 ",
						"Math.cos((query.anim_time) * 90 * 1 - 60) * -10",
						"Math.cos((query.anim_time) * 90 * 2 - 45) * 4"
					]
				},
				"bone14": {
					"rotation": [-37.5, "Math.cos((query.anim_time) * 90 * 2 - 60) * -10", 0]
				},
				"bone15": {
					"rotation": [-25, 0, 0]
				},
				"bone16": {
					"rotation": [0, "Math.cos((query.anim_time) * 90 * 2 - 90) * -20", 0]
				},
				"bone17": {
					"rotation": [2.5, "Math.cos((query.anim_time) * 90 * 2 - 90) * -10", 0]
				},
				"eye_left_lid": {
					"position": [0, 0, 0]
				},
				"body": {
					"position": [0, "-0.25+Math.cos((query.anim_time) * 90 * 2) * 0.2", "0+Math.cos((query.anim_time) * 90 * 2) * 0.2"]
				},
				"leg_b_right": {
					"rotation": ["2.5+Math.cos((query.anim_time) * 90 * 2) * -4", 0, 4.9953]
				},
				"leg_right2": {
					"rotation": ["-2.5+Math.cos((query.anim_time-50) * 90 * 2) * 6", 0, -4.9907]
				},
				"leg_right3": {
					"rotation": ["3+Math.cos((query.anim_time) * 90 * 2) * -3", 0, 0],
					"position": [0, "-Math.cos((query.anim_time)*90*2)*-0.3", "-Math.cos((query.anim_time)*90*2)*-0.3"]
				},
				"leg_b_left": {
					"rotation": ["1.5095+Math.cos((query.anim_time) * 90 * 2) * -4", 0, -4.99527],
					"position": [0, "Math.cos((query.anim_time)*90*2)*-0.03", "Math.cos((query.anim_time)*90*2)*-0.07"]
				},
				"leg_left2": {
					"rotation": ["-2.5133+Math.cos((query.anim_time-50) * 90 * 2) * 6", 0, 4.99072]
				},
				"leg_left3": {
					"rotation": ["3+Math.cos((query.anim_time) * 90 * 2) * -3", 0, 0],
					"position": [0, "-Math.cos((query.anim_time)*90*2)*-0.3", "-Math.cos((query.anim_time)*90*2)*-0.3"]
				},
				"chest": {
					"rotation": [-2.5, 0, 0]
				},
				"leg_f_left3": {
					"rotation": [0, 0, 2.5],
					"position": [0, "0+Math.cos((query.anim_time) * 90 * 2 - 90) * -0.2", "0+Math.cos((query.anim_time) * 90 * 2 - 45) * 0.2"]
				},
				"leg_f_left4": {
					"position": [0, "0+Math.cos((query.anim_time) * 90 * 2 - 90) * -0.2", "0+Math.cos((query.anim_time) * 90 * 2 - 45) * 0.2"]
				},
				"leg_f_left5": {
					"rotation": [0, 0, -2.5]
				},
				"bone5": {
					"rotation": ["1+Math.cos((query.anim_time) * 90 * 2-90) * 0.7", 0, 0],
					"position": [0, "-Math.cos((query.anim_time)*90*2+30)*0.1", "-Math.cos((query.anim_time)*90*2+30)*0.5"]
				},
				"leg_f_right": {
					"rotation": [0, 0, -2.5],
					"position": [0, "0+Math.cos((query.anim_time) * 90 * 2 - 90) * -0.2", "0+Math.cos((query.anim_time) * 90 * 2 - 45) * 0.2"]
				},
				"leg_f_right1": {
					"position": [0, "0+Math.cos((query.anim_time) * 90 * 2 - 90) * -0.2", "0+Math.cos((query.anim_time) * 90 * 2 - 45) * 0.2"]
				},
				"leg_f_right2": {
					"rotation": [0, 0, 2.5]
				},
				"bone": {
					"rotation": ["1+Math.cos((query.anim_time) * 90 * 2-90) * 0.7", 0, 0],
					"position": [0, "-Math.cos((query.anim_time)*90*2+30)*0.1", "-Math.cos((query.anim_time)*90*2+30)*0.5"]
				},
				"neck1": {
					"rotation": ["Math.cos((query.anim_time) * 90 * 2 - 90) * -0.5", 0, 0]
				},
				"head": {
					"rotation": ["Math.cos((query.anim_time) * 90 * 2 - 90) * -1", 0, 0]
				},
				"torso": {
					"rotation": ["2.5+Math.cos((query.anim_time) * 90 * 2 - 90) * -1", 0, 0]
				},
				"bone19": {
					"rotation": [-17.5, 0, 0]
				},
				"bone26": {
					"rotation": [12.5, 0, 0]
				}
			}
		},
		"animation.zamazenta_crown.battle_idle": {
			"loop": true,
			"bones": {
				"bone7": {
					"rotation": [15, 0, -5]
				},
				"bone8": {
					"rotation": [
						"-4.0701+Math.cos((query.anim_time) * 90 * 1 - 90) *4 ",
						"Math.cos((query.anim_time) * 90 * 1 - 60) * -7.7251",
						"Math.cos((query.anim_time) * 90 * 2 - 45) * 4"
					]
				},
				"bone9": {
					"rotation": [4.74234, 0, 0]
				},
				"bone10": {
					"rotation": ["12.5+Math.cos((query.anim_time) * 90 * 1 - 90) *4", "Math.cos((query.anim_time) * 90 * 1 - 60) * -10", 0]
				},
				"bone11": {
					"rotation": [5.21612, 0, 0]
				},
				"bone12": {
					"rotation": [-22.5, 0, 0]
				},
				"bone13": {
					"rotation": [-15, 0, 0]
				},
				"tail": {
					"rotation": [32.5, 0, 0]
				},
				"tail2": {
					"rotation": [
						"-30+Math.cos((query.anim_time) * 90 * 1 - 90) *4 ",
						"0.52-Math.cos((query.anim_time)*90*3+30)*0.9",
						"Math.cos((query.anim_time) * 90 * 2 - 45) * 4"
					]
				},
				"bone14": {
					"rotation": [-37.5, "Math.cos((query.anim_time) * 90 * 3 - 60) * -10", 0]
				},
				"bone15": {
					"rotation": [-25, 0, 0]
				},
				"bone16": {
					"rotation": [0, "Math.cos((query.anim_time) * 90 * 2 - 90) * -20", 0]
				},
				"bone17": {
					"rotation": [2.5, "Math.cos((query.anim_time) * 90 * 2 - 90) * -10", 0]
				},
				"eye_left_lid": {
					"position": [0, 0, 0]
				},
				"body": {
					"position": [0, "-0.25+Math.cos((query.anim_time) * 90 * 2) * 0.2", "0+Math.cos((query.anim_time) * 90 * 2) * 0.2"]
				},
				"leg_b_right": {
					"rotation": ["-18.5+Math.cos((query.anim_time) * 90 * 2) * -4", 0, 4.9953],
					"position": [0, -0.51, 0]
				},
				"leg_right2": {
					"rotation": ["-7.5+Math.cos((query.anim_time-50) * 90 * 2) * 6", 0, -4.9907],
					"position": [0, -0.63, 0]
				},
				"leg_right3": {
					"rotation": ["28+Math.cos((query.anim_time) * 90 * 2) * -3", 0, 0],
					"position": [0, "0.74-Math.cos((query.anim_time)*90*2)*-0.3", "0-Math.cos((query.anim_time)*90*2)*-0.3"]
				},
				"leg_b_left": {
					"rotation": ["11.5943+Math.cos((query.anim_time) * 90 * 2) * -4", -0.64439, -19.98173],
					"position": [0, -2.14, -0.07]
				},
				"leg_left2": {
					"rotation": ["-17.3429+Math.cos((query.anim_time-50) * 90 * 2) * 6", 1.98623, 14.79345]
				},
				"leg_left3": {
					"rotation": ["7.9953+Math.cos((query.anim_time) * 90 * 2) * -2", -0.21782, 2.4905],
					"position": [0, "Math.cos((query.anim_time)*90*2)*0.3", "-Math.cos((query.anim_time)*90*2)*-0.3"]
				},
				"chest": {
					"rotation": [-7.5, 0, 0]
				},
				"leg_f_left3": {
					"rotation": [-36.8161, 8.4082, 24.2829],
					"position": [0, "-1.63+Math.cos((query.anim_time) * 90 * 2 - 90) * -0.2", "0+Math.cos((query.anim_time) * 90 * 2 - 45) * 0.2"]
				},
				"leg_f_left4": {
					"rotation": [0, 0, -7.5],
					"position": [0.23, "0+Math.cos((query.anim_time) * 90 * 2 - 90) * -0.2", "0+Math.cos((query.anim_time) * 90 * 2 - 45) * 0.2"]
				},
				"leg_f_left5": {
					"rotation": [0, 0, -7.5]
				},
				"bone5": {
					"rotation": ["30.5443+Math.cos((query.anim_time) * 90 * 2-90) * 0.7", 4.4486, -11.6934],
					"position": [0, "1.4-Math.cos((query.anim_time)*90*2+30)*0.1", "-Math.cos((query.anim_time)*90*2+30)*0.5"]
				},
				"leg_f_right": {
					"rotation": [22.41461, -9.93752, -19.4607],
					"position": [0, "-1.63+Math.cos((query.anim_time) * 90 * 2 - 90) * -0.2", "0+Math.cos((query.anim_time) * 90 * 2 - 45) * 0.2"]
				},
				"leg_f_right1": {
					"rotation": [-22.5, 0, 7.5],
					"position": [-0.23, "0+Math.cos((query.anim_time) * 90 * 2 - 90) * -0.2", "0+Math.cos((query.anim_time) * 90 * 2 - 45) * 0.2"]
				},
				"leg_f_right2": {
					"rotation": [-47.40109, -2.68407, 3.27995]
				},
				"bone": {
					"rotation": ["45.3445+Math.cos((query.anim_time) * 90 * 2-90) * 0.7", -5.76252, 5.52749],
					"position": [0, "0.52-Math.cos((query.anim_time)*90*2+30)*0.1", "0.49-Math.cos((query.anim_time)*90*2+30)*0.1"]
				},
				"neck1": {
					"rotation": ["-5+Math.cos((query.anim_time) * 90 * 2 - 90) * 2", 0, 0]
				},
				"head": {
					"rotation": ["Math.cos((query.anim_time) * 90 * 2 - 90) * -1", 0, 0]
				},
				"torso": {
					"rotation": ["15+Math.cos((query.anim_time) * 90 * 2 - 90) * -1", 0, 0]
				},
				"bone19": {
					"rotation": [-30, 0, 0]
				},
				"bone24": {
					"rotation": [15, 0, 0]
				},
				"bone26": {
					"rotation": [7.5, 0, 0]
				}
			}
		},
		"animation.zamazenta_crown.blink": {
			"animation_length": 0.0833,
			"bones": {
				"eye_left_lid": {
					"position": {
						"0.0": [0, -1.52, 0],
						"0.0833": [0, 0, 0]
					}
				},
				"eye_right_lid": {
					"position": {
						"0.0": [0, -1.52, 0],
						"0.0833": [0, 0, 0]
					}
				}
			}
		},
		"animation.zamazenta_crown.cry": {
			"animation_length": 4,
			"bones": {
				"neck1": {
					"rotation": {
						"0.0": {
							"post": [0, 0, 0],
							"lerp_mode": "catmullrom"
						},
						"0.125": {
							"post": [5, 0, 0],
							"lerp_mode": "catmullrom"
						},
						"0.625": {
							"post": [-12.5, 0, 0],
							"lerp_mode": "catmullrom"
						},
						"2.0": {
							"post": [-12.5, 0, 0],
							"lerp_mode": "catmullrom"
						},
						"2.5": {
							"post": [0, 0, 0],
							"lerp_mode": "catmullrom"
						}
					},
					"position": {
						"0.8333": {
							"pre": [0, 0, 0],
							"post": [0, 0, 0],
							"lerp_mode": "catmullrom"
						},
						"0.875": {
							"post": [0, -0.25, 0],
							"lerp_mode": "catmullrom"
						},
						"0.9167": {
							"post": [0, 0, 0],
							"lerp_mode": "catmullrom"
						},
						"0.9583": {
							"post": [0, -0.25, 0],
							"lerp_mode": "catmullrom"
						},
						"1.0": {
							"post": [0, 0, 0],
							"lerp_mode": "catmullrom"
						},
						"1.0417": {
							"post": [0, -0.25, 0],
							"lerp_mode": "catmullrom"
						},
						"1.0833": {
							"post": [0, 0, 0],
							"lerp_mode": "catmullrom"
						},
						"1.125": {
							"post": [0, -0.25, 0],
							"lerp_mode": "catmullrom"
						},
						"1.1667": {
							"post": [0, 0, 0],
							"lerp_mode": "catmullrom"
						},
						"1.2083": {
							"post": [0, -0.25, 0],
							"lerp_mode": "catmullrom"
						},
						"1.25": {
							"post": [0, 0, 0],
							"lerp_mode": "catmullrom"
						},
						"1.2917": {
							"post": [0, -0.25, 0],
							"lerp_mode": "catmullrom"
						},
						"1.3333": {
							"post": [0, 0, 0],
							"lerp_mode": "catmullrom"
						},
						"1.375": {
							"post": [0, -0.25, 0],
							"lerp_mode": "catmullrom"
						},
						"1.4167": {
							"post": [0, 0, 0],
							"lerp_mode": "catmullrom"
						},
						"1.4583": {
							"post": [0, -0.25, 0],
							"lerp_mode": "catmullrom"
						},
						"1.5": {
							"post": [0, 0, 0],
							"lerp_mode": "catmullrom"
						},
						"1.5417": {
							"post": [0, -0.25, 0],
							"lerp_mode": "catmullrom"
						},
						"1.5833": {
							"post": [0, 0, 0],
							"lerp_mode": "catmullrom"
						},
						"1.625": {
							"post": [0, -0.25, 0],
							"lerp_mode": "catmullrom"
						},
						"1.6667": {
							"post": [0, 0, 0],
							"lerp_mode": "catmullrom"
						},
						"1.7083": {
							"post": [0, -0.25, 0],
							"lerp_mode": "catmullrom"
						},
						"1.75": {
							"post": [0, 0, 0],
							"lerp_mode": "catmullrom"
						}
					}
				},
				"head": {
					"rotation": {
						"0.0": {
							"post": [0, 0, 0],
							"lerp_mode": "catmullrom"
						},
						"0.125": {
							"post": [5, 0, 0],
							"lerp_mode": "catmullrom"
						},
						"0.625": {
							"post": [-27.5, 0, 0],
							"lerp_mode": "catmullrom"
						},
						"2.0": {
							"post": [-27.5, 0, 0],
							"lerp_mode": "catmullrom"
						},
						"2.5": {
							"post": [0, 0, 0],
							"lerp_mode": "catmullrom"
						}
					}
				},
				"mouth": {
					"rotation": {
						"0.0": {
							"post": [4.44, 0, 0],
							"lerp_mode": "catmullrom"
						},
						"0.25": {
							"post": [0, 0, 0],
							"lerp_mode": "catmullrom"
						},
						"0.375": {
							"post": [35, 0, 0],
							"lerp_mode": "catmullrom"
						},
						"0.875": {
							"post": [17.5, 0, 0],
							"lerp_mode": "catmullrom"
						},
						"2.25": {
							"post": [17.5, 0, 0],
							"lerp_mode": "catmullrom"
						},
						"2.5": {
							"post": [4.44, 0, 0],
							"lerp_mode": "catmullrom"
						}
					},
					"position": {
						"0.0": {
							"post": [0, 0, 0.13],
							"lerp_mode": "catmullrom"
						},
						"0.25": {
							"post": [0, 0, 0],
							"lerp_mode": "catmullrom"
						},
						"0.375": {
							"post": [0, 0.5, 0.75],
							"lerp_mode": "catmullrom"
						},
						"0.875": {
							"post": [0, 0, 0.25],
							"lerp_mode": "catmullrom"
						},
						"2.25": {
							"post": [0, 0, 0.25],
							"lerp_mode": "catmullrom"
						},
						"2.5": {
							"post": [0, 0, 0.13],
							"lerp_mode": "catmullrom"
						}
					}
				},
				"bone7": {
					"rotation": {
						"0.0": {
							"post": [0, 0, 0],
							"lerp_mode": "catmullrom"
						},
						"1.2083": {
							"post": [30, 0, 0],
							"lerp_mode": "catmullrom"
						},
						"2.5": {
							"post": [0, 0, 0],
							"lerp_mode": "catmullrom"
						}
					}
				},
				"bone8": {
					"rotation": {
						"0.0": {
							"post": [0, 0, 0],
							"lerp_mode": "catmullrom"
						},
						"1.2083": {
							"post": [15, 0, 0],
							"lerp_mode": "catmullrom"
						},
						"2.5": {
							"post": [0, 0, 0],
							"lerp_mode": "catmullrom"
						}
					}
				},
				"bone19": {
					"rotation": {
						"0.0": {
							"post": [0, 0, 0],
							"lerp_mode": "catmullrom"
						},
						"1.2083": {
							"post": [-7.5, 0, 0],
							"lerp_mode": "catmullrom"
						},
						"2.5": {
							"post": [0, 0, 0],
							"lerp_mode": "catmullrom"
						}
					}
				},
				"bone9": {
					"rotation": {
						"0.0": {
							"post": [0, 0, 0],
							"lerp_mode": "catmullrom"
						},
						"1.2083": {
							"post": [12.5, 0, 0],
							"lerp_mode": "catmullrom"
						},
						"2.5": {
							"post": [0, 0, 0],
							"lerp_mode": "catmullrom"
						}
					}
				},
				"bone23": {
					"rotation": {
						"0.0": {
							"post": [0, 0, 0],
							"lerp_mode": "catmullrom"
						},
						"0.9583": {
							"post": [7.5, 0, 0],
							"lerp_mode": "catmullrom"
						},
						"2.5": {
							"post": [0, 0, 0],
							"lerp_mode": "catmullrom"
						}
					}
				},
				"bone24": {
					"rotation": {
						"0.0": {
							"post": [0, 0, 0],
							"lerp_mode": "catmullrom"
						},
						"1.7917": {
							"post": [7.5, 0, 0],
							"lerp_mode": "catmullrom"
						},
						"2.5": {
							"post": [0, 0, 0],
							"lerp_mode": "catmullrom"
						}
					}
				},
				"bone25": {
					"rotation": {
						"0.0": {
							"post": [0, 0, 0],
							"lerp_mode": "catmullrom"
						},
						"0.9583": {
							"post": [27.5, 0, 0],
							"lerp_mode": "catmullrom"
						},
						"1.7917": {
							"post": [12.64, 0, 0],
							"lerp_mode": "catmullrom"
						},
						"2.5": {
							"post": [0, 0, 0],
							"lerp_mode": "catmullrom"
						}
					}
				},
				"bone26": {
					"rotation": {
						"0.0": {
							"post": [0, 0, 0],
							"lerp_mode": "catmullrom"
						},
						"0.9583": {
							"post": [-17.5, 0, 0],
							"lerp_mode": "catmullrom"
						},
						"2.5": {
							"post": [0, 0, 0],
							"lerp_mode": "catmullrom"
						}
					}
				}
			}
		},
		"animation.zamazenta_crown.ground_walk": {
			"loop": true,
			"animation_length": 0.5,
			"bones": {
				"leg_f_right": {
					"rotation": {
						"0.0": [-56, -5, 0],
						"0.0417": [-49.33, -5, 0],
						"0.1667": {
							"pre": [45, -5, 0],
							"post": [45, -5, 0],
							"lerp_mode": "catmullrom"
						},
						"0.25": {
							"post": [55, -5, 0],
							"lerp_mode": "catmullrom"
						},
						"0.3333": {
							"post": [46.75, -5, 0],
							"lerp_mode": "catmullrom"
						},
						"0.375": {
							"post": [28.2, -5, 0],
							"lerp_mode": "catmullrom"
						},
						"0.4583": [-50.17, -5, 0],
						"0.5": [-56, -5, 0]
					},
					"position": [0, "0+Math.cos((query.anim_time) * 90 * 8 - 120) * -1", 0]
				},
				"leg_f_right1": {
					"rotation": {
						"0.0": [-7.5, 0, 0],
						"0.0417": [1.67, 0, 0],
						"0.0833": [-14.17, 0, 0],
						"0.125": [-28.75, 0, 0],
						"0.25": [-5, 0, 0],
						"0.2917": [-17.5, 0, 0],
						"0.375": [-95, 0, 0],
						"0.5": [-7.5, 0, 0]
					}
				},
				"bone": {
					"rotation": {
						"0.0": [-7.5, 0, 0],
						"0.0417": [1.67, 0, 0],
						"0.0833": [-14.17, 0, 0],
						"0.125": [-16.25, 0, 0],
						"0.25": [-5, 0, 0],
						"0.2917": [-17.5, 0, 0],
						"0.375": [32.5, 0, 0],
						"0.5": [-7.5, 0, 0]
					}
				},
				"leg_f_left3": {
					"rotation": {
						"0.0": [-29.78, 5, 0],
						"0.0417": [-50.17, 5, 0],
						"0.0833": [-56, 5, 0],
						"0.125": [-49.33, 5, 0],
						"0.25": {
							"pre": [45, 5, 0],
							"post": [45, 5, 0],
							"lerp_mode": "catmullrom"
						},
						"0.3333": {
							"post": [55, 5, 0],
							"lerp_mode": "catmullrom"
						},
						"0.4167": [39.75, 5, 0],
						"0.5": [-29.78, 5, 0]
					},
					"position": [0, "0+Math.cos((query.anim_time) * 90 * 8 - 60) * -1", 0]
				},
				"leg_f_left4": {
					"rotation": {
						"0.0": [-55.83, 0, 0],
						"0.0833": [-7.5, 0, 0],
						"0.125": [1.67, 0, 0],
						"0.1667": [-14.17, 0, 0],
						"0.2083": [-28.75, 0, 0],
						"0.3333": [-5, 0, 0],
						"0.375": [-17.5, 0, 0],
						"0.4583": [-92.5, 0, 0],
						"0.5": [-55.83, 0, 0]
					}
				},
				"bone5": {
					"rotation": {
						"0.0": [68.5, 0, 0],
						"0.0833": [40, 0, 0],
						"0.2083": [11.25, 0, 0],
						"0.2917": [-3.75, 0, 0],
						"0.3333": [52.5, 0, 0],
						"0.4583": [81.25, 0, 0],
						"0.5": [68.5, 0, 0]
					}
				},
				"chest": {
					"rotation": ["5.25+Math.cos((query.anim_time) * 90 * 8 - 120) * -16", 0, 0],
					"position": {
						"0.0": [0, 0, 0],
						"0.1667": {
							"pre": [0, 0, 0],
							"post": [0, 0, 0],
							"lerp_mode": "catmullrom"
						},
						"0.2917": {
							"post": [0, 0, 1.5],
							"lerp_mode": "catmullrom"
						},
						"0.5": [0, 0, 0]
					}
				},
				"neck": {
					"rotation": ["Math.cos((query.anim_time) * 90 * 8 - 70) * -5", 0, 0],
					"position": [0, -2.4, -3]
				},
				"bone2": {
					"rotation": [0, 0, 0]
				},
				"bone6": {
					"rotation": [0, 0, 0]
				},
				"bone7": {
					"rotation": [0, 0, -5]
				},
				"bone8": {
					"rotation": ["5.9299+Math.cos((query.anim_time) * 90 * 8 - 70) * 1", 0, 0]
				},
				"bone9": {
					"rotation": ["-15.2577+Math.cos((query.anim_time) * 90 * 8 - 70) * 10", 0, 0]
				},
				"bone10": {
					"rotation": ["12.5+Math.cos((query.anim_time) * 90 * 8 - 70) * 10", 0, 0]
				},
				"bone11": {
					"rotation": [17.71612, 0, 0]
				},
				"bone12": {
					"rotation": [0, 0, 0]
				},
				"bone13": {
					"rotation": [-15, 0, 0]
				},
				"leg_b_left": {
					"rotation": {
						"0.0": [38.5, 0, -3.83],
						"0.0417": [60.25, 0, -3.25],
						"0.0833": [63.75, 0, -10],
						"0.125": {
							"pre": [59.42, 0, -16],
							"post": [59.42, 0, -16],
							"lerp_mode": "catmullrom"
						},
						"0.1667": {
							"post": [28.71, 0, -19.17],
							"lerp_mode": "catmullrom"
						},
						"0.2917": {
							"post": [-15.21, 0, -16.5],
							"lerp_mode": "catmullrom"
						},
						"0.3333": [-22.5, 0, -13.25],
						"0.375": [-16.25, 0, -8.5],
						"0.4167": [-5, 0, -5],
						"0.5": [38.5, 0, -3.83]
					},
					"position": [0, "0+Math.cos((query.anim_time) * 90 * 8 - 20) * 1", 0]
				},
				"leg_left2": {
					"rotation": {
						"0.0": [7.5, 0, 0],
						"0.0417": [12.5, 0, 0],
						"0.2083": [-60, 0, 0],
						"0.3333": [0, 0, 0],
						"0.4167": [-2.5, 0, 0],
						"0.5": [7.5, 0, 0]
					}
				},
				"leg_left3": {
					"rotation": {
						"0.0": [34.17, 0, 0],
						"0.0417": [50, 0, 0],
						"0.2083": [-2.5, -12.5, 12.5],
						"0.2917": [40, -12.5, 15],
						"0.4167": [0, 0, 0],
						"0.5": [34.17, 0, 0]
					}
				},
				"leg_b_right": {
					"rotation": {
						"0.0": [-5, 0, 5],
						"0.125": [60.25, 0, 3.25],
						"0.1667": [63.75, 0, 10],
						"0.2083": {
							"pre": [59.42, 0, 16],
							"post": [59.42, 0, 16],
							"lerp_mode": "catmullrom"
						},
						"0.25": {
							"post": [28.71, 0, 19.17],
							"lerp_mode": "catmullrom"
						},
						"0.375": {
							"post": [-19.21, 0, 16.5],
							"lerp_mode": "catmullrom"
						},
						"0.4167": [-22.5, 0, 13.25],
						"0.4583": [-16.25, 0, 8.5],
						"0.5": [-5, 0, 5]
					},
					"position": [0, "0+Math.cos((query.anim_time) * 90 * 8 - 70) * 1", 0]
				},
				"leg_right2": {
					"rotation": {
						"0.0": [-2.5, 0, 0],
						"0.125": [12.5, 0, 0],
						"0.2917": [-60, 0, 0],
						"0.4167": [0, 0, 0],
						"0.5": [-2.5, 0, 0]
					}
				},
				"leg_right3": {
					"rotation": {
						"0.0": [2.5, 0, 0],
						"0.125": [50, 0, 0],
						"0.2917": [-2.5, 12.5, -12.5],
						"0.375": [40, 12.5, -15],
						"0.5": [0, 0, 0]
					}
				},
				"tail2": {
					"rotation": ["-17.5+Math.cos((query.anim_time) * 90 * 8 + 30) * -20", 0, 0]
				},
				"bone14": {
					"rotation": ["20+Math.cos((query.anim_time) * 90 * 8 - 60) * -30", 0, 0]
				},
				"bone16": {
					"rotation": ["20+Math.cos((query.anim_time) * 90 * 8 - 90) * -30", 0, 0]
				},
				"bone18": {
					"rotation": ["20+Math.cos((query.anim_time) * 90 * 8 - 90) * -30", 0, 0]
				},
				"torso": {
					"rotation": ["0+Math.cos((query.anim_time) * 90 * 8 - 90) * 12", 0, 0],
					"position": [0, "0+Math.cos((query.anim_time) * 90 * 8) * 3", 0]
				},
				"bone19": {
					"rotation": [-10, 0, 0]
				},
				"bone22": {
					"rotation": ["Math.cos((query.anim_time) * 90 * 8 - 70) * -10", 0, 0]
				},
				"bone24": {
					"rotation": ["5+Math.cos((query.anim_time) * 90 * 8 - 70) * -1", 0, 0]
				},
				"bone25": {
					"rotation": ["17.5+Math.cos((query.anim_time) * 90 * 8 - 70) * 10", 0, 0]
				},
				"bone26": {
					"rotation": ["Math.cos((query.anim_time) * 90 * 8 - 70) * 10", 0, 0]
				}
			}
		},
		"animation.zamazenta_crown.faint": {
			"loop": "hold_on_last_frame",
			"animation_length": 3.7083,
			"bones": {
				"body": {
					"rotation": {
						"0.0": [0, 0, 0],
						"0.2083": [0, 10, 0],
						"0.3333": [0, 11, 0],
						"0.5833": [0, 11.5, 0],
						"1.0417": [0, 11.5, 0],
						"1.2083": {
							"pre": [0, 12.63, 0],
							"post": [0, 12.63, 0],
							"lerp_mode": "catmullrom"
						},
						"1.5833": [0, 0, 0],
						"1.75": {
							"pre": [0, 0, -4],
							"post": [0, 0, -4],
							"lerp_mode": "catmullrom"
						},
						"1.875": {
							"post": [0, 0, -18.5],
							"lerp_mode": "catmullrom"
						},
						"1.9583": {
							"post": [0, 0, -60.5],
							"lerp_mode": "catmullrom"
						},
						"2.0417": {
							"post": [0, 0, -85],
							"lerp_mode": "catmullrom"
						},
						"2.1667": {
							"post": [0, 0, -84.86],
							"lerp_mode": "catmullrom"
						},
						"2.3333": [0, 0, -82.5]
					},
					"position": {
						"0.0": [0, 0, 0],
						"0.2083": {
							"pre": [0, -0.6, 1.85],
							"post": [0, -0.6, 1.85],
							"lerp_mode": "catmullrom"
						},
						"0.3333": {
							"post": [0, -0.75, 2.25],
							"lerp_mode": "catmullrom"
						},
						"0.5833": {
							"post": [0, -0.75, 2.375],
							"lerp_mode": "catmullrom"
						},
						"0.8333": {
							"post": [0, -0.9, 2.4],
							"lerp_mode": "catmullrom"
						},
						"0.9583": {
							"post": [0, -1.385, 2.41],
							"lerp_mode": "catmullrom"
						},
						"1.0417": [0, -1.5, 2.425],
						"1.2917": [0, 0, 0],
						"1.375": {
							"pre": [0, 1.25, 0],
							"post": [0, 1.25, 0],
							"lerp_mode": "catmullrom"
						},
						"1.4583": {
							"post": [0, -0.5, 0],
							"lerp_mode": "catmullrom"
						},
						"1.5833": {
							"post": [0, 1.25, 0],
							"lerp_mode": "catmullrom"
						},
						"1.7083": {
							"post": [0, 0.25, 0],
							"lerp_mode": "catmullrom"
						},
						"1.8333": [0, 0, 0]
					}
				},
				"leg_b_right": {
					"rotation": {
						"0.0": [0, 0, 0],
						"0.125": [22.78, 0, 3.47],
						"0.2083": [8.33, 0, 10.42],
						"0.375": [10, 0, 12.5],
						"0.8333": [10, 0, 12.5],
						"1.0": [19, 0, 12.5],
						"1.125": [20, 0, 12.5],
						"1.5417": [15, -5, 2.5],
						"1.6667": [19.98585, -7.6838, -26.27367],
						"1.8333": [28.45094, -9.13222, -5.9593],
						"1.9167": {
							"pre": [25, 0.6, 0],
							"post": [25, 0.6, 0],
							"lerp_mode": "catmullrom"
						},
						"2.0": {
							"post": [30, 1.5, -0.4],
							"lerp_mode": "catmullrom"
						},
						"2.1667": [37.5, -5, -3.5]
					}
				},
				"leg_right2": {
					"rotation": {
						"0.0": [0, 0, 0],
						"0.125": [-33.47, 0, 0],
						"0.2083": [-10.42, 0, 0],
						"0.375": [-12.5, 0, 0],
						"0.8333": [-12.5, 0, 0],
						"1.0": [-21.75, 0, 0],
						"1.125": [-25, 0, 0]
					}
				},
				"leg_right3": {
					"rotation": {
						"0.0": [0, 0, 0],
						"0.2083": [2.08, 0, -12.5],
						"0.375": [2.5, 0, -15],
						"1.125": [2.5, 0, -15]
					}
				},
				"leg_b_left": {
					"rotation": {
						"0.0": [0, 0, 0],
						"0.125": [22.78, 0, -3.47],
						"0.2083": [8.33, 0, -10.42],
						"0.375": [10, 0, -12.5],
						"0.8333": [10, 0, -12.5],
						"1.0": [18.75, 0, -12.5],
						"1.125": [17.5, 0, -12.5],
						"1.5833": [17.5, 0, -12.5],
						"1.75": [-11.225, 5, -25],
						"1.8333": [-11.225, 5, -20.5],
						"2.0": {
							"pre": [0, 5, 11.1],
							"post": [0, 5, 11.1],
							"lerp_mode": "catmullrom"
						},
						"2.125": {
							"post": [0, 5, 7.1],
							"lerp_mode": "catmullrom"
						},
						"2.25": [0, 5, 6.165],
						"2.4167": [0.86805, -2.57529, 15.4237]
					}
				},
				"leg_left2": {
					"rotation": {
						"0.0": [0, 0, 0],
						"0.125": [-33.47, 0, 0],
						"0.2083": [-10.42, 0, 0],
						"0.375": [-12.5, 0, 0],
						"0.8333": [-12.5, 0, 0],
						"1.0": [-23.75, 0, 0],
						"1.125": [-20, 0, 0],
						"1.5833": [-5, -25, -17.5],
						"1.7083": [-2.5, -17.86, -17.5],
						"1.875": [-20.99611, 3.67211, 15.39653],
						"2.0": [-30.47243, 10.36012, 11.41794]
					}
				},
				"leg_left3": {
					"rotation": {
						"0.0": [0, 0, 0],
						"0.2083": [2.08, 0, 12.5],
						"0.375": [2.5, 0, 15],
						"1.125": [2.5, 0, 15]
					}
				},
				"torso": {
					"rotation": {
						"0.0": [0, 0, 0],
						"0.1667": [11.25, 0, 0],
						"0.2917": [16, 0, 0],
						"0.4167": [17.5, 0, 0],
						"0.625": [18, 0, 0],
						"0.8333": {
							"pre": [25.7, 0, 0],
							"post": [25.7, 0, 0],
							"lerp_mode": "catmullrom"
						},
						"1.0": {
							"post": [24.75, 0, 0],
							"lerp_mode": "catmullrom"
						},
						"1.2083": [30.5, 0, 0]
					}
				},
				"tail": {
					"rotation": {
						"0.0": {
							"post": [12.5, 0, 0],
							"lerp_mode": "catmullrom"
						},
						"1.4583": {
							"post": [-5.24058, 19.22675, 22.80639],
							"lerp_mode": "catmullrom"
						},
						"1.625": {
							"post": [-0.05182, 15.72478, -0.51155],
							"lerp_mode": "catmullrom"
						},
						"1.7917": {
							"post": [2.50534, -4.04762, -0.10929],
							"lerp_mode": "catmullrom"
						},
						"1.875": {
							"post": [2.5, -19.05, 0],
							"lerp_mode": "catmullrom"
						},
						"2.0417": {
							"post": [2.5, -21.05, 0],
							"lerp_mode": "catmullrom"
						}
					}
				},
				"tail2": {
					"rotation": {
						"0.0": {
							"post": [-37.5, 0, 0],
							"lerp_mode": "catmullrom"
						},
						"0.7917": {
							"post": [-37.15846, -18.26883, 13.36473],
							"lerp_mode": "catmullrom"
						},
						"1.625": {
							"post": [-25.76926, -13.56626, 6.46066],
							"lerp_mode": "catmullrom"
						},
						"1.75": {
							"post": [-26.39218, 18.05776, -8.74472],
							"lerp_mode": "catmullrom"
						},
						"2.0417": {
							"post": [-25.18908, 6.79382, -3.18458],
							"lerp_mode": "catmullrom"
						}
					}
				},
				"bone14": {
					"rotation": {
						"0.0": {
							"post": [-22.5, 0, 0],
							"lerp_mode": "catmullrom"
						},
						"0.7917": {
							"post": [-35, 0, 0],
							"lerp_mode": "catmullrom"
						},
						"1.4583": {
							"post": [-5.24058, 19.22675, 22.80639],
							"lerp_mode": "catmullrom"
						},
						"1.625": {
							"post": [-0.05661, 28.22477, -0.52428],
							"lerp_mode": "catmullrom"
						},
						"1.7917": {
							"post": [2.5, -1.55, 0],
							"lerp_mode": "catmullrom"
						},
						"1.875": {
							"post": [2.5, -19.05, 0],
							"lerp_mode": "catmullrom"
						},
						"2.0417": {
							"post": [2.3462, -6.06325, 0.6505],
							"lerp_mode": "catmullrom"
						}
					}
				},
				"bone15": {
					"rotation": {
						"0.0": {
							"post": [-17.5, 0, 0],
							"lerp_mode": "catmullrom"
						},
						"0.7917": {
							"post": [7.5, 0, 0],
							"lerp_mode": "catmullrom"
						},
						"1.4583": {
							"post": [-5.24058, 19.22675, 22.80639],
							"lerp_mode": "catmullrom"
						},
						"1.625": {
							"post": [-0.05182, 15.72478, -0.51155],
							"lerp_mode": "catmullrom"
						},
						"1.7917": {
							"post": [2.59899, 15.93295, 0.78157],
							"lerp_mode": "catmullrom"
						},
						"1.875": {
							"post": [2.4573, 15.91925, 1.49082],
							"lerp_mode": "catmullrom"
						},
						"2.0417": {
							"post": [2.5, -21.05, 0],
							"lerp_mode": "catmullrom"
						}
					}
				},
				"bone16": {
					"rotation": {
						"0.0": {
							"post": [30, 0, 0],
							"lerp_mode": "catmullrom"
						},
						"1.4583": {
							"post": [-5.24058, 19.22675, 22.80639],
							"lerp_mode": "catmullrom"
						},
						"1.625": {
							"post": [-0.05182, 15.72478, -0.51155],
							"lerp_mode": "catmullrom"
						},
						"1.7917": {
							"post": [2.59899, 15.93295, 0.78157],
							"lerp_mode": "catmullrom"
						},
						"1.875": {
							"post": [2.62724, 25.90947, 1.96507],
							"lerp_mode": "catmullrom"
						},
						"2.0417": {
							"post": [2.99813, 38.89335, 2.78194],
							"lerp_mode": "catmullrom"
						}
					}
				},
				"bone17": {
					"rotation": {
						"0.0": {
							"post": [-17.5, 0, 0],
							"lerp_mode": "catmullrom"
						},
						"1.4583": {
							"post": [-5.24058, 19.22675, 22.80639],
							"lerp_mode": "catmullrom"
						},
						"1.625": {
							"post": [-0.05182, 15.72478, -0.51155],
							"lerp_mode": "catmullrom"
						},
						"1.7917": {
							"post": [2.59899, 15.93295, 0.78157],
							"lerp_mode": "catmullrom"
						},
						"1.875": {
							"post": [2.42939, 13.42152, 1.38066],
							"lerp_mode": "catmullrom"
						},
						"2.0417": {
							"post": [2.54513, -23.54758, -0.11892],
							"lerp_mode": "catmullrom"
						}
					}
				},
				"bone18": {
					"rotation": {
						"0.0": [0, 0, 0],
						"2.0417": [0, 22.5, 0]
					}
				},
				"chest": {
					"rotation": {
						"0.0": [0, 0, 0],
						"0.2917": [-11.5, -18.25, 5.75],
						"0.4167": [-15.75, -22.5, 6.5],
						"0.5": [-17.5, -23.5, 6.75],
						"0.5833": [-17.12, -23.5, 6.75],
						"0.7917": [-12.75, -25.25, 6.75],
						"0.9167": [-14.37, -32.625, 6.75],
						"1.0": [-16.725, -35.8, 6.75],
						"1.125": [-18.725, -36, 6.75],
						"2.2917": [-16.22974, -21.68175, 1.62012]
					}
				},
				"leg_f_left3": {
					"rotation": {
						"0.0": [0, 0, 0],
						"0.1667": [28.4, 13.5, 7.5],
						"0.2917": [21.79, 13.5, 15],
						"0.4167": [25, 13.5, 17.5],
						"0.5833": [25, 13.5, 16.5],
						"1.0417": [47.5, 16, 29],
						"1.25": [47.5, 16, 29],
						"1.5833": [32.53698, -15.74883, 25.66739],
						"1.75": [11.15608, 0.49255, -9.31349],
						"1.8333": [-53.5, 12.5, -17.5],
						"1.9583": {
							"pre": [-62.75798, 13.13553, -9.58064],
							"post": [-62.75798, 13.13553, -9.58064],
							"lerp_mode": "catmullrom"
						},
						"2.0833": {
							"post": [-62.39014, 15.87495, -10.60423],
							"lerp_mode": "catmullrom"
						},
						"2.2917": [-61.58903, 15.25509, -10.59081]
					}
				},
				"leg_f_left5": {
					"rotation": {
						"0.0": [0, 0, 0],
						"0.1667": [-62.14, 0, 0],
						"0.2917": [-39.29, 0, 0],
						"0.4167": [-42.5, 0, 0],
						"0.5833": [-44.5, 0, 0],
						"0.8333": {
							"pre": [-85.93, 0, 0],
							"post": [-85.93, 0, 0],
							"lerp_mode": "catmullrom"
						},
						"0.9583": {
							"post": [-79.46, 0, 0],
							"lerp_mode": "catmullrom"
						},
						"1.0417": [-79.5, 0, 0],
						"1.75": [-57.5, 0, 0],
						"1.875": {
							"pre": [-57.5, -25, 0],
							"post": [-57.5, -25, 0],
							"lerp_mode": "catmullrom"
						},
						"2.0417": {
							"post": [-60.42828, 7.59627, 0.25285],
							"lerp_mode": "catmullrom"
						},
						"2.2083": [-59.25, 0, 0]
					}
				},
				"bone5": {
					"rotation": {
						"0.0": [0, 0, 0],
						"0.2917": [6.79, 0, -8.57],
						"0.4167": [7.5, 0, -15],
						"0.5833": [9.5, 0, -15],
						"0.8333": [37.71, -5.36, -16.07],
						"1.0417": [28.88716, -1.09018, -22.34949]
					}
				},
				"leg_f_right": {
					"rotation": {
						"0.0": [0, 0, 0],
						"0.1667": [28.4, 0, -7.5],
						"0.2917": [21.79, 0, -15],
						"0.4167": [25, 0, -17.5],
						"0.5833": [25, 0, -16.5],
						"0.9167": [24.14, 19.94, -13.07],
						"1.0417": [24, 23.875, -12.5],
						"1.1667": [24, 25.3, -12.5],
						"1.5": [31.75, 0, 0],
						"1.6667": [24.25, -12.5, -17.5],
						"1.7917": [-1.75052, -35.01306, -18.54372],
						"1.9167": [-38.5, 12.5, -17.5],
						"2.0417": {
							"pre": [-20.00195, 13.89908, 10.48023],
							"post": [-20.00195, 13.89908, 10.48023],
							"lerp_mode": "catmullrom"
						},
						"2.2083": {
							"post": [-15.24807, 13.53868, 0.53542],
							"lerp_mode": "catmullrom"
						},
						"2.375": [-11.88562, 25.47494, 1.5242]
					}
				},
				"leg_f_right1": {
					"rotation": {
						"0.0": [0, 0, 0],
						"1.5": [0, 0, 0],
						"1.9167": [-9.54524, 4.8613, 28.55029],
						"2.0417": {
							"pre": [-7.55677, 12.45463, 12.49777],
							"post": [-7.55677, 12.45463, 12.49777],
							"lerp_mode": "catmullrom"
						},
						"2.2083": {
							"post": [-11.18287, -11.70678, 27.98876],
							"lerp_mode": "catmullrom"
						},
						"2.375": {
							"post": [-10.80561, -6.20335, 25.56823],
							"lerp_mode": "catmullrom"
						}
					},
					"position": {
						"0.0": [0, 0, 0],
						"1.5": [0, 0, 0],
						"1.9167": [-1.18, 0, 0],
						"2.2083": [-1.59, 0, -0.25],
						"2.375": [-1.47, 0, -0.39]
					}
				},
				"leg_f_right2": {
					"rotation": {
						"0.0": [0, 0, 0],
						"0.1667": [-62.14, 0, 0],
						"0.2917": [-39.29, 0, 0],
						"0.4167": [-42.5, 0, 0],
						"0.5833": [-44.5, 0, 0],
						"0.8333": {
							"pre": [-85.93, 0, 0],
							"post": [-85.93, 0, 0],
							"lerp_mode": "catmullrom"
						},
						"0.9583": {
							"post": [-70.72, 0, 4],
							"lerp_mode": "catmullrom"
						},
						"1.0417": [-68, 0, 8],
						"1.9167": [-12.5, 0, -7.5],
						"2.0417": {
							"pre": [-32.5, -25, 0],
							"post": [-32.5, -25, 0],
							"lerp_mode": "catmullrom"
						},
						"2.2083": {
							"post": [-24.79128, 17.753, 7.40761],
							"lerp_mode": "catmullrom"
						},
						"2.375": [-20.89632, 3.89526, 24.71397]
					}
				},
				"bone": {
					"rotation": {
						"0.0": [0, 0, 0],
						"0.2917": [6.79, 0, 8.57],
						"0.4167": [7.5, 0, 15],
						"0.5833": [9.5, 0, 15],
						"0.8333": [36.41, 5.81, 11.14],
						"1.0417": [26.5, 10.25, 9],
						"1.1667": [29.79, 11, 13.5],
						"1.5": [-5.21, 11, 13.5],
						"2.375": [37.01371, -6.37135, -13.82964]
					}
				},
				"neck": {
					"rotation": {
						"0.9583": {
							"pre": [0, 0, 0],
							"post": [0, 0, 0],
							"lerp_mode": "catmullrom"
						},
						"1.75": [0, -12.5, 0],
						"2.0833": [0, 17.5, 0]
					},
					"position": {
						"0.9583": {
							"pre": [0, 0, 0],
							"post": [0, 0, 0],
							"lerp_mode": "catmullrom"
						}
					}
				},
				"eye_left_lid": {
					"position": {
						"0.0": [0, 0, 0],
						"1.2917": [0, -0.31, 0],
						"1.75": [0, -1.44, 0]
					}
				},
				"eye_right_lid": {
					"position": {
						"0.0": [0, 0, 0],
						"1.2917": [0, -0.3, 0],
						"1.75": [0, -1.44, 0]
					}
				},
				"bone2": {
					"rotation": {
						"0.0": [0, 0, 0],
						"1.5": {
							"pre": [-30.00104, 3.30946, 5.77542],
							"post": [-30.00104, 3.30946, 5.77542],
							"lerp_mode": "catmullrom"
						},
						"1.9583": {
							"post": [-27.62113, -12.19908, -21.99054],
							"lerp_mode": "catmullrom"
						}
					}
				},
				"bone6": {
					"rotation": [0, 0, 0]
				},
				"bone7": {
					"rotation": {
						"0.0": [0, 0, -5],
						"1.5": {
							"pre": [41.36349, 0.68976, 0.25611],
							"post": [41.36349, 0.68976, 0.25611],
							"lerp_mode": "catmullrom"
						}
					}
				},
				"bone8": {
					"rotation": {
						"0.0": [-4.0701, 0, 0],
						"1.5": {
							"pre": [0, 0, 21.48],
							"post": [0, 0, 21.48],
							"lerp_mode": "catmullrom"
						},
						"1.7083": {
							"post": [0, 0, 15],
							"lerp_mode": "catmullrom"
						},
						"1.9583": {
							"post": [0, 0, -22.5],
							"lerp_mode": "catmullrom"
						}
					}
				},
				"bone9": {
					"rotation": {
						"0.0": [-25.25766, 0, 0],
						"1.5": {
							"pre": [-8.26134, -7.16023, 11.95566],
							"post": [-8.26134, -7.16023, 11.95566],
							"lerp_mode": "catmullrom"
						},
						"1.7083": {
							"post": [-24.26982, 13.35243, 27.11515],
							"lerp_mode": "catmullrom"
						}
					}
				},
				"bone10": {
					"rotation": {
						"0.0": [12.5, 0, 0],
						"1.5": {
							"pre": [4.59142, 5.63616, 18.72577],
							"post": [4.59142, 5.63616, 18.72577],
							"lerp_mode": "catmullrom"
						},
						"1.7083": {
							"post": [-29.62165, -4.98093, 6.3178],
							"lerp_mode": "catmullrom"
						},
						"1.9583": {
							"post": [-13.33277, -8.21728, -9.72576],
							"lerp_mode": "catmullrom"
						}
					}
				},
				"bone11": {
					"rotation": {
						"0.0": [17.71612, 0, 0],
						"1.5": {
							"pre": [-18.90213, 12.48242, 32.25467],
							"post": [-18.90213, 12.48242, 32.25467],
							"lerp_mode": "catmullrom"
						},
						"1.7083": {
							"post": [-18.74541, 12.68285, 32.90206],
							"lerp_mode": "catmullrom"
						},
						"1.9583": {
							"post": [27.97777, 4.75308, 11.57847],
							"lerp_mode": "catmullrom"
						}
					}
				},
				"bone12": {
					"rotation": {
						"0.0": [0, 0, 0],
						"1.7083": {
							"pre": [0, 0, 22.5],
							"post": [0, 0, 22.5],
							"lerp_mode": "catmullrom"
						},
						"1.9583": {
							"post": [7.5, 0, 22.5],
							"lerp_mode": "catmullrom"
						}
					}
				},
				"bone13": {
					"rotation": {
						"0.0": [-15, 0, 0],
						"1.9583": {
							"pre": [17.5, 0, 0],
							"post": [17.5, 0, 0],
							"lerp_mode": "catmullrom"
						}
					}
				},
				"bone19": {
					"rotation": {
						"0.0": [-17.5, 0, 0],
						"1.5": [-2.26603, -1.05627, -24.97911]
					}
				},
				"bone23": {
					"rotation": {
						"0.0": [0, 0, 0],
						"1.1667": [7.79362, 12.19908, 2.74715]
					}
				},
				"bone25": {
					"rotation": {
						"0.0": [0, 0, 0],
						"1.1667": [10, 0, 0]
					}
				},
				"bone26": {
					"rotation": [0, 0, 0]
				}
			}
		},
		"animation.zamazenta_crown.special": {
			"animation_length": 2,
			"bones": {
				"head": {
					"rotation": {
						"0.2083": {
							"pre": [0, 0, 0],
							"post": [0, 0, 0],
							"lerp_mode": "catmullrom"
						},
						"0.4583": {
							"post": [12.5, 0, 0],
							"lerp_mode": "catmullrom"
						},
						"1.125": {
							"post": [-24.46463, 0.32859, 1.50517],
							"lerp_mode": "catmullrom"
						},
						"2.0": {
							"post": [0, 0, 0],
							"lerp_mode": "catmullrom"
						}
					},
					"position": {
						"0.8333": {
							"pre": [0, 0, 0],
							"post": [0, 0, 0],
							"lerp_mode": "catmullrom"
						},
						"0.875": {
							"post": [0, -0.32, 0],
							"lerp_mode": "catmullrom"
						},
						"0.9167": {
							"post": [0, 0, 0],
							"lerp_mode": "catmullrom"
						},
						"0.9583": {
							"post": [0, -0.32, 0],
							"lerp_mode": "catmullrom"
						},
						"1.0": {
							"post": [0, 0, 0],
							"lerp_mode": "catmullrom"
						},
						"1.0417": {
							"post": [0, -0.32, 0],
							"lerp_mode": "catmullrom"
						},
						"1.0833": {
							"post": [0, 0, 0],
							"lerp_mode": "catmullrom"
						},
						"1.125": {
							"post": [0, -0.32, 0],
							"lerp_mode": "catmullrom"
						},
						"1.1667": {
							"post": [0, 0, 0],
							"lerp_mode": "catmullrom"
						},
						"1.2083": {
							"post": [0, -0.32, 0],
							"lerp_mode": "catmullrom"
						},
						"1.25": {
							"post": [0, 0, 0],
							"lerp_mode": "catmullrom"
						},
						"1.2917": {
							"post": [0, -0.32, 0],
							"lerp_mode": "catmullrom"
						},
						"1.3333": {
							"post": [0, 0, 0],
							"lerp_mode": "catmullrom"
						},
						"1.375": {
							"post": [0, -0.32, 0],
							"lerp_mode": "catmullrom"
						},
						"1.4167": {
							"post": [0, 0, 0],
							"lerp_mode": "catmullrom"
						},
						"1.4583": {
							"post": [0, -0.32, 0],
							"lerp_mode": "catmullrom"
						},
						"1.5": {
							"post": [0, 0, 0],
							"lerp_mode": "catmullrom"
						}
					}
				},
				"bone7": {
					"rotation": {
						"0.0": [0, 0, 0],
						"0.9167": [7.5, 0, 0],
						"1.125": [15, 0, 0],
						"2.0": [0, 0, 0]
					}
				},
				"bone9": {
					"rotation": {
						"0.0": [0, 0, 0],
						"1.1667": [25, 0, 0],
						"2.0": [0, 0, 0]
					}
				},
				"bone11": {
					"rotation": {
						"0.0": [0, 0, 0],
						"1.1667": [-15, 0, 0],
						"2.0": [0, 0, 0]
					}
				},
				"mouth": {
					"rotation": {
						"0.2083": {
							"pre": [0, 0, 0],
							"post": [0, 0, 0],
							"lerp_mode": "catmullrom"
						},
						"0.625": {
							"post": [27.5, 0, 0],
							"lerp_mode": "catmullrom"
						},
						"1.2083": {
							"post": [17.5, 0, 0],
							"lerp_mode": "catmullrom"
						},
						"2.0": {
							"post": [0, 0, 0],
							"lerp_mode": "catmullrom"
						}
					}
				},
				"bone21": {
					"rotation": {
						"0.0": {
							"post": [0, 0, 0],
							"lerp_mode": "catmullrom"
						},
						"0.2917": {
							"post": [0, 0, 0],
							"lerp_mode": "catmullrom"
						},
						"0.4583": {
							"post": [0, -20, 0],
							"lerp_mode": "catmullrom"
						},
						"1.5833": {
							"post": [0, -20, 0],
							"lerp_mode": "catmullrom"
						},
						"2.0": {
							"post": [0, 0, 0],
							"lerp_mode": "catmullrom"
						}
					},
					"position": {
						"0.0": {
							"post": [0, 0, 0],
							"lerp_mode": "catmullrom"
						},
						"0.2917": {
							"post": [0, 0, 0],
							"lerp_mode": "catmullrom"
						},
						"0.4583": {
							"post": [4.5, 0, -6.29],
							"lerp_mode": "catmullrom"
						},
						"1.5833": {
							"post": [4.5, 0, -6.29],
							"lerp_mode": "catmullrom"
						},
						"2.0": {
							"post": [0, 0, 0],
							"lerp_mode": "catmullrom"
						}
					}
				},
				"bone20": {
					"rotation": {
						"0.0": {
							"post": [0, 0, 0],
							"lerp_mode": "catmullrom"
						},
						"0.2917": {
							"post": [0, 0, 0],
							"lerp_mode": "catmullrom"
						},
						"0.4583": {
							"post": [0, 20, 0],
							"lerp_mode": "catmullrom"
						},
						"1.5833": {
							"post": [0, 20, 0],
							"lerp_mode": "catmullrom"
						},
						"2.0": {
							"post": [0, 0, 0],
							"lerp_mode": "catmullrom"
						}
					},
					"position": {
						"0.0": {
							"post": [0, 0, 0],
							"lerp_mode": "catmullrom"
						},
						"0.2917": {
							"post": [0, 0, 0],
							"lerp_mode": "catmullrom"
						},
						"0.4583": {
							"post": [-4.5, 0, -6.29],
							"lerp_mode": "catmullrom"
						},
						"1.5833": {
							"post": [-4.5, 0, -6.29],
							"lerp_mode": "catmullrom"
						},
						"2.0": {
							"post": [0, 0, 0],
							"lerp_mode": "catmullrom"
						}
					}
				}
			}
		},
		"animation.zamazenta_crown.physical": {
			"loop": "hold_on_last_frame",
			"animation_length": 2.5,
			"bones": {
				"body": {
					"rotation": {
						"0.0": {
							"post": [0, 0, 0],
							"lerp_mode": "catmullrom"
						},
						"0.5833": {
							"post": [-6.66, 0, 0],
							"lerp_mode": "catmullrom"
						},
						"0.7917": {
							"post": [30, 0, 0],
							"lerp_mode": "catmullrom"
						},
						"1.0": {
							"post": [40, 0, 0],
							"lerp_mode": "catmullrom"
						},
						"1.25": {
							"post": [0, 0, 0],
							"lerp_mode": "catmullrom"
						},
						"1.4583": {
							"post": [0, 0, 0],
							"lerp_mode": "catmullrom"
						},
						"1.7917": {
							"post": [0.63, 0, 0],
							"lerp_mode": "catmullrom"
						},
						"1.9583": {
							"post": [-12.25, 0, 0],
							"lerp_mode": "catmullrom"
						},
						"2.125": {
							"post": [0, 0, 0],
							"lerp_mode": "catmullrom"
						},
						"2.3333": {
							"post": [0, 0, 0],
							"lerp_mode": "catmullrom"
						}
					},
					"position": {
						"0.0": {
							"post": [0, 0, 0],
							"lerp_mode": "catmullrom"
						},
						"0.5833": {
							"post": [0, 0, 0],
							"lerp_mode": "catmullrom"
						},
						"0.7917": {
							"post": [0, 8, -49],
							"lerp_mode": "catmullrom"
						},
						"0.9167": {
							"post": [0, 4.32, -89.57],
							"lerp_mode": "catmullrom"
						},
						"1.0": {
							"post": [0, 4.75, -84.71],
							"lerp_mode": "catmullrom"
						},
						"1.0417": {
							"post": [0, 7.06, -85.86],
							"lerp_mode": "catmullrom"
						},
						"1.0833": {
							"post": [0, 8.28, -81.66],
							"lerp_mode": "catmullrom"
						},
						"1.25": {
							"post": [0, -1.72, -66.62],
							"lerp_mode": "catmullrom"
						},
						"1.4583": {
							"post": [0, -1.72, -66.62],
							"lerp_mode": "catmullrom"
						},
						"1.7917": {
							"post": [0, 21.19, -35.09],
							"lerp_mode": "catmullrom"
						},
						"2.125": {
							"post": [0, 0, 0],
							"lerp_mode": "catmullrom"
						},
						"2.3333": {
							"post": [0, 0, 0],
							"lerp_mode": "catmullrom"
						}
					}
				},
				"leg_b_right": {
					"rotation": {
						"0.0": {
							"post": [0, 0, 0],
							"lerp_mode": "catmullrom"
						},
						"0.5833": {
							"post": [28.13, 0, 0],
							"lerp_mode": "catmullrom"
						},
						"1.25": {
							"post": [14, 0, 0],
							"lerp_mode": "catmullrom"
						},
						"1.3333": {
							"post": [24, 0, 0],
							"lerp_mode": "catmullrom"
						},
						"1.5": {
							"post": [24, 0, 0],
							"lerp_mode": "catmullrom"
						},
						"1.7917": {
							"post": [54.51, 0, 0],
							"lerp_mode": "catmullrom"
						},
						"2.125": {
							"post": [0, 0, 0],
							"lerp_mode": "catmullrom"
						},
						"2.3333": {
							"post": [0, 0, 0],
							"lerp_mode": "catmullrom"
						}
					},
					"position": {
						"0.0": {
							"post": [0, 0, 0],
							"lerp_mode": "catmullrom"
						},
						"1.25": {
							"post": [0, 0, 0.91],
							"lerp_mode": "catmullrom"
						},
						"1.3333": {
							"post": [0, 0.03, 0.91],
							"lerp_mode": "catmullrom"
						},
						"2.125": {
							"post": [0, 0, 0],
							"lerp_mode": "catmullrom"
						},
						"2.3333": {
							"post": [0, 0, 0],
							"lerp_mode": "catmullrom"
						}
					}
				},
				"leg_right2": {
					"rotation": {
						"0.0": {
							"post": [0, 0, 0],
							"lerp_mode": "catmullrom"
						},
						"0.5833": {
							"post": [-39.05, 0, 0],
							"lerp_mode": "catmullrom"
						},
						"0.7917": {
							"post": [0, 0, 0],
							"lerp_mode": "catmullrom"
						},
						"1.25": {
							"post": [-14.43, 0, 0],
							"lerp_mode": "catmullrom"
						},
						"1.3333": {
							"post": [-21.93, 0, 0],
							"lerp_mode": "catmullrom"
						},
						"1.5": {
							"post": [33.07, 0, 0],
							"lerp_mode": "catmullrom"
						},
						"1.7917": {
							"post": [-21.61, 0, 0],
							"lerp_mode": "catmullrom"
						},
						"2.125": {
							"post": [0, 0, 0],
							"lerp_mode": "catmullrom"
						},
						"2.3333": {
							"post": [0, 0, 0],
							"lerp_mode": "catmullrom"
						}
					}
				},
				"leg_right3": {
					"rotation": {
						"0.0": {
							"post": [0, 0, 0],
							"lerp_mode": "catmullrom"
						},
						"0.7917": {
							"post": [30, 0, 0],
							"lerp_mode": "catmullrom"
						},
						"1.25": {
							"post": [1.42997, -0.36029, -2.55446],
							"lerp_mode": "catmullrom"
						},
						"1.3333": {
							"post": [1.42997, -0.36029, -2.55446],
							"lerp_mode": "catmullrom"
						},
						"1.5": {
							"post": [36.42997, -0.36029, -2.55446],
							"lerp_mode": "catmullrom"
						},
						"2.125": {
							"post": [0, 0, 0],
							"lerp_mode": "catmullrom"
						},
						"2.3333": {
							"post": [0, 0, 0],
							"lerp_mode": "catmullrom"
						}
					}
				},
				"leg_b_left": {
					"rotation": {
						"0.0": {
							"post": [0, 0, 0],
							"lerp_mode": "catmullrom"
						},
						"0.5833": {
							"post": [35.3125, 0, 3.4375],
							"lerp_mode": "catmullrom"
						},
						"0.7917": {
							"post": [7.85421, 0, 4.10408],
							"lerp_mode": "catmullrom"
						},
						"1.25": {
							"post": [5.90827, 0, 0],
							"lerp_mode": "catmullrom"
						},
						"1.3333": {
							"post": [23.29977, 0, 4.76753],
							"lerp_mode": "catmullrom"
						},
						"1.5": {
							"post": [5.79977, 0, 4.76753],
							"lerp_mode": "catmullrom"
						},
						"1.6667": {
							"post": [28.90873, 0, 3.20507],
							"lerp_mode": "catmullrom"
						},
						"1.7917": {
							"post": [40.17887, 0, 1.88991],
							"lerp_mode": "catmullrom"
						},
						"2.125": {
							"post": [0, 0, 0],
							"lerp_mode": "catmullrom"
						},
						"2.3333": {
							"post": [0, 0, 0],
							"lerp_mode": "catmullrom"
						}
					},
					"position": {
						"0.0": {
							"post": [0, 0, 0],
							"lerp_mode": "catmullrom"
						},
						"1.25": {
							"post": [0, 0.34, 0.89],
							"lerp_mode": "catmullrom"
						},
						"1.3333": {
							"post": [0, 1.34, 0.89],
							"lerp_mode": "catmullrom"
						},
						"2.125": {
							"post": [0, 0, 0],
							"lerp_mode": "catmullrom"
						},
						"2.3333": {
							"post": [0, 0, 0],
							"lerp_mode": "catmullrom"
						}
					}
				},
				"leg_left2": {
					"rotation": {
						"0.0": {
							"post": [0, 0, 0],
							"lerp_mode": "catmullrom"
						},
						"0.5833": {
							"post": [-45.65, 0, 0],
							"lerp_mode": "catmullrom"
						},
						"0.7917": {
							"post": [1.53, 0, 0],
							"lerp_mode": "catmullrom"
						},
						"1.25": {
							"post": [-7.5, 0, 0],
							"lerp_mode": "catmullrom"
						},
						"1.3333": {
							"post": [-12.5, 0, 0],
							"lerp_mode": "catmullrom"
						},
						"1.5": {
							"post": [-2.5, 0, 0],
							"lerp_mode": "catmullrom"
						},
						"1.7917": {
							"post": [2.65, 0, 0],
							"lerp_mode": "catmullrom"
						},
						"2.125": {
							"post": [0, 0, 0],
							"lerp_mode": "catmullrom"
						},
						"2.3333": {
							"post": [0, 0, 0],
							"lerp_mode": "catmullrom"
						}
					},
					"position": {
						"0.0": {
							"post": [0, 0, 0],
							"lerp_mode": "catmullrom"
						},
						"2.125": {
							"post": [0, 0, 0],
							"lerp_mode": "catmullrom"
						},
						"2.3333": {
							"post": [0, 0, 0],
							"lerp_mode": "catmullrom"
						}
					}
				},
				"leg_left3": {
					"rotation": {
						"0.0": {
							"post": [0, 0, 0],
							"lerp_mode": "catmullrom"
						},
						"0.7917": {
							"post": [65, 0, 0],
							"lerp_mode": "catmullrom"
						},
						"1.25": {
							"post": [3.56, 0, 0],
							"lerp_mode": "catmullrom"
						},
						"1.3333": {
							"post": [-3.94, 0, 0],
							"lerp_mode": "catmullrom"
						},
						"1.5": {
							"post": [23.56, 0, 0],
							"lerp_mode": "catmullrom"
						},
						"1.7917": {
							"post": [43.18, 0, 0],
							"lerp_mode": "catmullrom"
						},
						"2.125": {
							"post": [0, 0, 0],
							"lerp_mode": "catmullrom"
						},
						"2.3333": {
							"post": [0, 0, 0],
							"lerp_mode": "catmullrom"
						}
					}
				},
				"torso": {
					"rotation": {
						"0.0": {
							"post": [0, 0, 0],
							"lerp_mode": "catmullrom"
						},
						"0.625": {
							"post": [0.83, 0, 0],
							"lerp_mode": "catmullrom"
						},
						"0.7917": {
							"post": [-37.5, 0, 0],
							"lerp_mode": "catmullrom"
						},
						"1.25": {
							"post": [0, 0, 0],
							"lerp_mode": "catmullrom"
						},
						"1.4167": {
							"post": [12.5, 0, 0],
							"lerp_mode": "catmullrom"
						},
						"1.9167": {
							"post": [2.5, 0, 0],
							"lerp_mode": "catmullrom"
						},
						"2.125": {
							"post": [5.63, 0, 0],
							"lerp_mode": "catmullrom"
						},
						"2.3333": {
							"post": [0, 0, 0],
							"lerp_mode": "catmullrom"
						}
					},
					"position": {
						"0.0": {
							"post": [0, 0, 0],
							"lerp_mode": "catmullrom"
						},
						"1.25": {
							"post": [0, 0, 0],
							"lerp_mode": "catmullrom"
						},
						"1.4167": {
							"post": [0, 0, 0],
							"lerp_mode": "catmullrom"
						},
						"2.3333": {
							"post": [0, 0, 0],
							"lerp_mode": "catmullrom"
						}
					}
				},
				"body_b_1": {
					"rotation": {
						"0.0": {
							"post": [0, 0, 0],
							"lerp_mode": "catmullrom"
						},
						"1.3333": {
							"post": [0, 0, 0],
							"lerp_mode": "catmullrom"
						},
						"1.5833": {
							"post": [5, 0, 0],
							"lerp_mode": "catmullrom"
						},
						"1.7917": {
							"post": [7.5, 0, 0],
							"lerp_mode": "catmullrom"
						},
						"2.3333": {
							"post": [0, 0, 0],
							"lerp_mode": "catmullrom"
						}
					}
				},
				"chest": {
					"rotation": {
						"0.0": {
							"post": [0, 0, 0],
							"lerp_mode": "catmullrom"
						},
						"0.7917": {
							"post": [-5, 0, 0],
							"lerp_mode": "catmullrom"
						},
						"1.7917": {
							"post": [0, 0, 0],
							"lerp_mode": "catmullrom"
						},
						"2.3333": {
							"post": [0, 0, 0],
							"lerp_mode": "catmullrom"
						}
					}
				},
				"leg_f_left3": {
					"rotation": {
						"0.0": {
							"post": [0, 0, 0],
							"lerp_mode": "catmullrom"
						},
						"0.3333": {
							"post": [34.02806, -5.75805, -1.99644],
							"lerp_mode": "catmullrom"
						},
						"0.7917": {
							"post": [4.18006, -13.11961, -10.41455],
							"lerp_mode": "catmullrom"
						},
						"1.25": {
							"post": [-1.16316, -3.67578, 4.40519],
							"lerp_mode": "catmullrom"
						},
						"1.4167": {
							"post": [17.55088, -3.22388, 5.11433],
							"lerp_mode": "catmullrom"
						},
						"1.9167": {
							"post": [-36.16316, -3.67578, 4.40519],
							"lerp_mode": "catmullrom"
						},
						"2.125": {
							"post": [-1.43871, -1.86613, 2.15827],
							"lerp_mode": "catmullrom"
						},
						"2.3333": {
							"post": [0, 0, 0],
							"lerp_mode": "catmullrom"
						}
					},
					"position": {
						"0.0": {
							"post": [0, 0, 0],
							"lerp_mode": "catmullrom"
						},
						"0.3333": {
							"post": [-1, -2, 0],
							"lerp_mode": "catmullrom"
						},
						"1.25": {
							"post": [-0.14, -0.24, 0],
							"lerp_mode": "catmullrom"
						},
						"1.4167": {
							"post": [-0.14, 3.76, 0],
							"lerp_mode": "catmullrom"
						},
						"2.3333": {
							"post": [0, 0, 0],
							"lerp_mode": "catmullrom"
						}
					}
				},
				"leg_f_left4": {
					"rotation": {
						"0.0": {
							"post": [0, 0, 0],
							"lerp_mode": "catmullrom"
						},
						"0.5833": {
							"post": [-32.26, 0, 0],
							"lerp_mode": "catmullrom"
						},
						"0.7917": {
							"post": [45, 0, 0],
							"lerp_mode": "catmullrom"
						},
						"1.3333": {
							"post": [12.32, 0, 0],
							"lerp_mode": "catmullrom"
						},
						"1.9167": {
							"post": [18.59, 0, 0],
							"lerp_mode": "catmullrom"
						},
						"2.3333": {
							"post": [0, 0, 0],
							"lerp_mode": "catmullrom"
						}
					}
				},
				"leg_f_left5": {
					"rotation": {
						"0.0": {
							"post": [0, 0, 0],
							"lerp_mode": "catmullrom"
						},
						"0.5833": {
							"post": [-11.15, 0, 0],
							"lerp_mode": "catmullrom"
						},
						"0.7917": {
							"post": [47.5, 0, 0],
							"lerp_mode": "catmullrom"
						},
						"1.25": {
							"post": [-31.06406, -0.69159, -2.52675],
							"lerp_mode": "catmullrom"
						},
						"1.4167": {
							"post": [-50.14819, -0.75642, -2.76363],
							"lerp_mode": "catmullrom"
						},
						"1.9167": {
							"post": [-11.06406, -0.69159, -2.52675],
							"lerp_mode": "catmullrom"
						},
						"2.125": {
							"post": [-38.08927, -0.34174, -1.24857],
							"lerp_mode": "catmullrom"
						},
						"2.3333": {
							"post": [0, 0, 0],
							"lerp_mode": "catmullrom"
						}
					}
				},
				"bone5": {
					"rotation": {
						"0.0": {
							"post": [0, 0, 0],
							"lerp_mode": "catmullrom"
						},
						"0.5833": {
							"post": [36.60024, -3.09278, 4.22068],
							"lerp_mode": "catmullrom"
						},
						"0.7917": {
							"post": [35.20929, -2.95814, 4.03693],
							"lerp_mode": "catmullrom"
						},
						"1.25": {
							"post": [20.58098, -0.21089, -1.37584],
							"lerp_mode": "catmullrom"
						},
						"1.4167": {
							"post": [14.11533, -0.05958, -1.67395],
							"lerp_mode": "catmullrom"
						},
						"1.9167": {
							"post": [38.08098, -0.21089, -1.37584],
							"lerp_mode": "catmullrom"
						},
						"2.3333": {
							"post": [0, 0, 0],
							"lerp_mode": "catmullrom"
						}
					}
				},
				"leg_f_right": {
					"rotation": {
						"0.0": {
							"post": [0, 0, 0],
							"lerp_mode": "catmullrom"
						},
						"0.7917": {
							"post": [8.02109, 5.15164, 8.60042],
							"lerp_mode": "catmullrom"
						},
						"1.25": {
							"post": [10.9579, 1.5753, 2.62989],
							"lerp_mode": "catmullrom"
						},
						"1.4167": {
							"post": [26.54765, 1.40417, 2.34419],
							"lerp_mode": "catmullrom"
						},
						"1.9167": {
							"post": [-34.0421, 1.5753, 2.62989],
							"lerp_mode": "catmullrom"
						},
						"2.125": {
							"post": [-3.30791, 0.79835, 1.3328],
							"lerp_mode": "catmullrom"
						},
						"2.3333": {
							"post": [0, 0, 0],
							"lerp_mode": "catmullrom"
						}
					},
					"position": {
						"0.0": {
							"post": [0, 0, 0],
							"lerp_mode": "catmullrom"
						},
						"1.25": {
							"post": [0, 0, 0],
							"lerp_mode": "catmullrom"
						},
						"1.4167": {
							"post": [0, 4, 0],
							"lerp_mode": "catmullrom"
						},
						"2.3333": {
							"post": [0, 0, 0],
							"lerp_mode": "catmullrom"
						}
					}
				},
				"leg_f_right1": {
					"rotation": {
						"0.0": {
							"post": [0, 0, 0],
							"lerp_mode": "catmullrom"
						},
						"0.7917": {
							"post": [50, 0, 0],
							"lerp_mode": "catmullrom"
						},
						"1.25": {
							"post": [-14.51, 0, 0],
							"lerp_mode": "catmullrom"
						},
						"1.4167": {
							"post": [-14.15, 0, 0],
							"lerp_mode": "catmullrom"
						},
						"1.9167": {
							"post": [-19.51, 0, 0],
							"lerp_mode": "catmullrom"
						},
						"2.125": {
							"post": [-27.304, 2.67617, -2.13899],
							"lerp_mode": "catmullrom"
						},
						"2.3333": {
							"post": [0, 0, 0],
							"lerp_mode": "catmullrom"
						}
					}
				},
				"leg_f_right2": {
					"rotation": {
						"0.0": {
							"post": [0, 0, 0],
							"lerp_mode": "catmullrom"
						},
						"0.5833": {
							"post": [-39.84, 0, 0],
							"lerp_mode": "catmullrom"
						},
						"0.7917": {
							"post": [35, 0, 0],
							"lerp_mode": "catmullrom"
						},
						"1.25": {
							"post": [-0.34, 0, 0],
							"lerp_mode": "catmullrom"
						},
						"1.3333": {
							"post": [-20.34, 0, 0],
							"lerp_mode": "catmullrom"
						},
						"1.4167": {
							"post": [-39.99, 0, 0],
							"lerp_mode": "catmullrom"
						},
						"1.9167": {
							"post": [13.67, 0, 0],
							"lerp_mode": "catmullrom"
						},
						"2.3333": {
							"post": [0, 0, 0],
							"lerp_mode": "catmullrom"
						}
					},
					"position": {
						"0.0": {
							"post": [0, 0, 0],
							"lerp_mode": "catmullrom"
						},
						"2.3333": {
							"post": [0, 0, 0],
							"lerp_mode": "catmullrom"
						}
					}
				},
				"bone": {
					"rotation": {
						"0.0": {
							"post": [0, 0, 0],
							"lerp_mode": "catmullrom"
						},
						"0.7917": {
							"post": [42.34415, -3.71734, 2.33668],
							"lerp_mode": "catmullrom"
						},
						"1.25": {
							"post": [8.10221, -1.65576, 1.0408],
							"lerp_mode": "catmullrom"
						},
						"1.4167": {
							"post": [17.82909, -1.1646, 0.73206],
							"lerp_mode": "catmullrom"
						},
						"1.5833": {
							"post": [-6.52482, 0.08028, -0.05046],
							"lerp_mode": "catmullrom"
						},
						"1.9167": {
							"post": [61.46844, 0.3546, -0.22289],
							"lerp_mode": "catmullrom"
						},
						"2.125": {
							"post": [9.9838, 0.19444, -0.12222],
							"lerp_mode": "catmullrom"
						},
						"2.3333": {
							"post": [0, 0, 0],
							"lerp_mode": "catmullrom"
						}
					}
				},
				"neck1": {
					"rotation": {
						"0.0": {
							"post": [0, 0, 0],
							"lerp_mode": "catmullrom"
						},
						"0.5833": {
							"post": [-7.5, 0, 0],
							"lerp_mode": "catmullrom"
						},
						"2.3333": {
							"post": [0, 0, 0],
							"lerp_mode": "catmullrom"
						}
					}
				},
				"head": {
					"rotation": {
						"0.0": {
							"post": [0, 0, 0],
							"lerp_mode": "catmullrom"
						},
						"0.3333": {
							"post": [0, 0, 0],
							"lerp_mode": "catmullrom"
						},
						"0.7083": {
							"post": [0, 0, 0],
							"lerp_mode": "catmullrom"
						},
						"0.7917": {
							"post": [40, 0, 0],
							"lerp_mode": "catmullrom"
						},
						"1.0833": {
							"post": [15, 0, 0],
							"lerp_mode": "catmullrom"
						},
						"1.7917": {
							"post": [0, 0, 0],
							"lerp_mode": "catmullrom"
						},
						"2.3333": {
							"post": [0, 0, 0],
							"lerp_mode": "catmullrom"
						}
					},
					"position": {
						"0.0": {
							"post": [0, 0, 0],
							"lerp_mode": "catmullrom"
						},
						"0.7917": {
							"post": [0, 0, -2],
							"lerp_mode": "catmullrom"
						},
						"0.8333": {
							"post": [0, 0, -3],
							"lerp_mode": "catmullrom"
						},
						"0.875": {
							"post": [0, 0, -2],
							"lerp_mode": "catmullrom"
						},
						"0.9167": {
							"post": [0, 0, -3],
							"lerp_mode": "catmullrom"
						},
						"0.9583": {
							"post": [0, 0, -2],
							"lerp_mode": "catmullrom"
						},
						"1.0": {
							"post": [0, 0, -3],
							"lerp_mode": "catmullrom"
						},
						"1.0417": {
							"post": [0, 0, -2],
							"lerp_mode": "catmullrom"
						},
						"1.0833": {
							"post": [0, 0, 0],
							"lerp_mode": "catmullrom"
						},
						"1.7917": {
							"post": [0, 0, 0],
							"lerp_mode": "catmullrom"
						},
						"2.3333": {
							"post": [0, 0, 0],
							"lerp_mode": "catmullrom"
						}
					}
				},
				"mouth": {
					"rotation": {
						"0.0": {
							"post": [0, 0, 0],
							"lerp_mode": "catmullrom"
						},
						"0.3333": {
							"post": [64.49, 0, 0],
							"lerp_mode": "catmullrom"
						},
						"0.7083": {
							"post": [64.49, 0, 0],
							"lerp_mode": "catmullrom"
						},
						"0.7917": {
							"post": [15, 0, 0],
							"lerp_mode": "catmullrom"
						},
						"1.1667": {
							"post": [0, 0, 0],
							"lerp_mode": "catmullrom"
						},
						"2.2083": {
							"post": [0, 0, 0],
							"lerp_mode": "catmullrom"
						}
					}
				},
				"bone21": {
					"rotation": {
						"0.0": {
							"post": [0, 0, 0],
							"lerp_mode": "catmullrom"
						},
						"0.1667": {
							"post": [0, 0, 0],
							"lerp_mode": "catmullrom"
						},
						"0.3333": {
							"post": [0, -42.5, 0],
							"lerp_mode": "catmullrom"
						},
						"2.3333": {
							"post": [0, 0, 0],
							"lerp_mode": "catmullrom"
						}
					},
					"position": {
						"0.0": {
							"post": [0, 0, 0],
							"lerp_mode": "catmullrom"
						},
						"0.1667": {
							"post": [0, 0, 0],
							"lerp_mode": "catmullrom"
						},
						"0.3333": {
							"post": [4.5, 0, -6.29],
							"lerp_mode": "catmullrom"
						},
						"0.375": {
							"post": [5.56, 0, -6.38],
							"lerp_mode": "catmullrom"
						},
						"0.4167": {
							"post": [4.5, 0, -6.29],
							"lerp_mode": "catmullrom"
						},
						"0.4583": {
							"post": [5.56, 0, -6.38],
							"lerp_mode": "catmullrom"
						},
						"0.5": {
							"post": [4.5, 0, -6.29],
							"lerp_mode": "catmullrom"
						},
						"2.3333": {
							"post": [0, 0, 0],
							"lerp_mode": "catmullrom"
						}
					}
				},
				"bone20": {
					"rotation": {
						"0.0": {
							"post": [0, 0, 0],
							"lerp_mode": "catmullrom"
						},
						"0.1667": {
							"post": [0, 0, 0],
							"lerp_mode": "catmullrom"
						},
						"0.3333": {
							"post": [0, 42.5, 0],
							"lerp_mode": "catmullrom"
						},
						"2.3333": {
							"post": [0, 0, 0],
							"lerp_mode": "catmullrom"
						}
					},
					"position": {
						"0.0": {
							"post": [0, 0, 0],
							"lerp_mode": "catmullrom"
						},
						"0.1667": {
							"post": [0, 0, 0],
							"lerp_mode": "catmullrom"
						},
						"0.3333": {
							"post": [-4.5, 0, -6.29],
							"lerp_mode": "catmullrom"
						},
						"0.375": {
							"post": [-5.56, 0, -6.38],
							"lerp_mode": "catmullrom"
						},
						"0.4167": {
							"post": [-4.5, 0, -6.29],
							"lerp_mode": "catmullrom"
						},
						"0.4583": {
							"post": [-5.56, 0, -6.38],
							"lerp_mode": "catmullrom"
						},
						"0.5": {
							"post": [-4.5, 0, -6.29],
							"lerp_mode": "catmullrom"
						},
						"2.3333": {
							"post": [0, 0, 0],
							"lerp_mode": "catmullrom"
						}
					}
				},
				"bone23": {
					"rotation": {
						"0.0": {
							"post": [0, 0, 0],
							"lerp_mode": "catmullrom"
						},
						"0.9167": {
							"post": [2.38, 0, 0],
							"lerp_mode": "catmullrom"
						},
						"1.0": {
							"post": [7.5, 0, 0],
							"lerp_mode": "catmullrom"
						},
						"1.25": {
							"post": [0, 0, 0],
							"lerp_mode": "catmullrom"
						},
						"1.6667": {
							"post": [2.5, 0, 0],
							"lerp_mode": "catmullrom"
						},
						"2.0833": {
							"post": [5, 0, 0],
							"lerp_mode": "catmullrom"
						},
						"2.3333": {
							"post": [0, 0, 0],
							"lerp_mode": "catmullrom"
						}
					}
				},
				"bone22": {
					"rotation": {
						"0.0": {
							"post": [0, 0, 0],
							"lerp_mode": "catmullrom"
						},
						"0.875": {
							"post": [0, 0, 0],
							"lerp_mode": "catmullrom"
						},
						"0.9583": {
							"post": [7.5, 0, 0],
							"lerp_mode": "catmullrom"
						},
						"1.5417": {
							"post": [0, 0, 0],
							"lerp_mode": "catmullrom"
						},
						"2.0833": {
							"post": [2.5, 0, 0],
							"lerp_mode": "catmullrom"
						},
						"2.3333": {
							"post": [0, 0, 0],
							"lerp_mode": "catmullrom"
						}
					}
				},
				"bone24": {
					"rotation": {
						"0.0": {
							"post": [0, 0, 0],
							"lerp_mode": "catmullrom"
						},
						"0.7917": {
							"post": [7.5, 0, 0],
							"lerp_mode": "catmullrom"
						},
						"0.875": {
							"post": [0, 0, 0],
							"lerp_mode": "catmullrom"
						},
						"1.0": {
							"post": [34.16, 0, 0],
							"lerp_mode": "catmullrom"
						},
						"1.5417": {
							"post": [0, 0, 0],
							"lerp_mode": "catmullrom"
						},
						"2.0833": {
							"post": [2.5, 0, 0],
							"lerp_mode": "catmullrom"
						},
						"2.3333": {
							"post": [0, 0, 0],
							"lerp_mode": "catmullrom"
						}
					}
				},
				"bone25": {
					"rotation": {
						"0.0": {
							"post": [0, 0, 0],
							"lerp_mode": "catmullrom"
						},
						"0.7917": {
							"post": [15, 0, 0],
							"lerp_mode": "catmullrom"
						},
						"0.875": {
							"post": [15, 0, 0],
							"lerp_mode": "catmullrom"
						},
						"1.125": {
							"post": [-40.48, 0, 0],
							"lerp_mode": "catmullrom"
						},
						"1.375": {
							"post": [15, 0, 0],
							"lerp_mode": "catmullrom"
						},
						"1.6667": {
							"post": [5, 0, 0],
							"lerp_mode": "catmullrom"
						},
						"2.0833": {
							"post": [22.5, 0, 0],
							"lerp_mode": "catmullrom"
						},
						"2.3333": {
							"post": [0, 0, 0],
							"lerp_mode": "catmullrom"
						}
					}
				},
				"bone26": {
					"rotation": {
						"0.0": {
							"post": [0, 0, 0],
							"lerp_mode": "catmullrom"
						},
						"0.8333": {
							"post": [0, 0, 0],
							"lerp_mode": "catmullrom"
						},
						"1.25": {
							"post": [41.73, 0, 0],
							"lerp_mode": "catmullrom"
						},
						"1.6667": {
							"post": [17.5, 0, 0],
							"lerp_mode": "catmullrom"
						},
						"2.0833": {
							"post": [12.5, 0, 0],
							"lerp_mode": "catmullrom"
						},
						"2.3333": {
							"post": [0, 0, 0],
							"lerp_mode": "catmullrom"
						}
					},
					"position": {
						"0.0": {
							"post": [0, 0, 0],
							"lerp_mode": "catmullrom"
						},
						"0.8333": {
							"post": [0, 0, 0],
							"lerp_mode": "catmullrom"
						},
						"1.25": {
							"post": [0, 0, -8],
							"lerp_mode": "catmullrom"
						},
						"1.6667": {
							"post": [0, 0, 0],
							"lerp_mode": "catmullrom"
						},
						"2.3333": {
							"post": [0, 0, 0],
							"lerp_mode": "catmullrom"
						}
					}
				},
				"tail": {
					"rotation": {
						"0.0": {
							"post": [-27.5, 0, 0],
							"lerp_mode": "catmullrom"
						},
						"0.8333": {
							"post": [0, 0, 0],
							"lerp_mode": "catmullrom"
						},
						"0.9167": {
							"post": [12.5, 0, 0],
							"lerp_mode": "catmullrom"
						},
						"1.375": {
							"post": [0, 0, 0],
							"lerp_mode": "catmullrom"
						},
						"2.2083": {
							"post": [-27.5, 0, 0],
							"lerp_mode": "catmullrom"
						},
						"2.5": {
							"post": [-27.5, 0, 0],
							"lerp_mode": "catmullrom"
						}
					}
				},
				"tail2": {
					"rotation": {
						"0.0": {
							"post": [-5, 0, 0],
							"lerp_mode": "catmullrom"
						},
						"0.8333": {
							"post": [0, 0, 0],
							"lerp_mode": "catmullrom"
						},
						"0.9167": {
							"post": [12.5, 0, 0],
							"lerp_mode": "catmullrom"
						},
						"1.25": {
							"post": [0, 0, 0],
							"lerp_mode": "catmullrom"
						},
						"2.2083": {
							"post": [-5, 0, 0],
							"lerp_mode": "catmullrom"
						},
						"2.5": {
							"post": [-5, 0, 0],
							"lerp_mode": "catmullrom"
						}
					}
				},
				"bone14": {
					"rotation": {
						"0.0": {
							"post": [-7.5, 0, 0],
							"lerp_mode": "catmullrom"
						},
						"2.2083": {
							"post": [-7.5, 0, 0],
							"lerp_mode": "catmullrom"
						},
						"2.5": {
							"post": [-7.5, 0, 0],
							"lerp_mode": "catmullrom"
						}
					}
				},
				"bone15": {
					"rotation": {
						"0.0": {
							"post": [7.5, 0, 0],
							"lerp_mode": "catmullrom"
						},
						"0.8333": {
							"post": [0, 0, 0],
							"lerp_mode": "catmullrom"
						},
						"0.9167": {
							"post": [12.5, 0, 0],
							"lerp_mode": "catmullrom"
						},
						"1.125": {
							"post": [0, 0, 0],
							"lerp_mode": "catmullrom"
						},
						"2.2083": {
							"post": [7.5, 0, 0],
							"lerp_mode": "catmullrom"
						},
						"2.5": {
							"post": [7.5, 0, 0],
							"lerp_mode": "catmullrom"
						}
					}
				},
				"bone7": {
					"rotation": {
						"0.0": {
							"post": [0, 0, 0],
							"lerp_mode": "catmullrom"
						},
						"0.4583": {
							"post": [7.5, 0, 0],
							"lerp_mode": "catmullrom"
						},
						"2.5": {
							"post": [0, 0, 0],
							"lerp_mode": "catmullrom"
						}
					}
				},
				"bone8": {
					"rotation": {
						"0.0": {
							"post": [0, 0, 0],
							"lerp_mode": "catmullrom"
						},
						"0.75": {
							"post": [-7.5, 0, 0],
							"lerp_mode": "catmullrom"
						},
						"0.9167": {
							"post": [-7.5, 0, 0],
							"lerp_mode": "catmullrom"
						},
						"1.0": {
							"post": [10.23, 0, 0],
							"lerp_mode": "catmullrom"
						},
						"2.5": {
							"post": [0, 0, 0],
							"lerp_mode": "catmullrom"
						}
					}
				},
				"bone19": {
					"rotation": {
						"0.0": {
							"post": [0, 0, 0],
							"lerp_mode": "catmullrom"
						},
						"0.875": {
							"post": [-20, 0, 0],
							"lerp_mode": "catmullrom"
						},
						"1.0": {
							"post": [10, 0, 0],
							"lerp_mode": "catmullrom"
						},
						"1.25": {
							"post": [0, 0, 0],
							"lerp_mode": "catmullrom"
						},
						"2.5": [0, 0, 0]
					}
				},
				"bone9": {
					"rotation": {
						"0.0": {
							"post": [0, 0, 0],
							"lerp_mode": "catmullrom"
						},
						"0.875": {
							"post": [0, 0, 0],
							"lerp_mode": "catmullrom"
						},
						"1.0": {
							"post": [-15, 0, 0],
							"lerp_mode": "catmullrom"
						},
						"1.4167": {
							"post": [0, 0, 0],
							"lerp_mode": "catmullrom"
						},
						"2.5": [0, 0, 0]
					}
				},
				"bone10": {
					"rotation": {
						"0.0": {
							"post": [0, 0, 0],
							"lerp_mode": "catmullrom"
						},
						"0.875": {
							"post": [0, 0, 0],
							"lerp_mode": "catmullrom"
						},
						"1.0": {
							"post": [20, 0, 0],
							"lerp_mode": "catmullrom"
						},
						"1.5417": {
							"post": [0, 0, 0],
							"lerp_mode": "catmullrom"
						},
						"2.5": [0, 0, 0]
					}
				},
				"bone11": {
					"rotation": {
						"0.0": {
							"post": [0, 0, 0],
							"lerp_mode": "catmullrom"
						},
						"0.875": {
							"post": [0, 0, 0],
							"lerp_mode": "catmullrom"
						},
						"1.0": {
							"post": [-20, 0, 0],
							"lerp_mode": "catmullrom"
						},
						"1.7083": {
							"post": [0, 0, 0],
							"lerp_mode": "catmullrom"
						},
						"2.5": [0, 0, 0]
					}
				},
				"bone12": {
					"rotation": {
						"0.0": {
							"post": [0, 0, 0],
							"lerp_mode": "catmullrom"
						},
						"0.875": {
							"post": [0, 0, 0],
							"lerp_mode": "catmullrom"
						},
						"1.0": {
							"post": [-10, 0, 0],
							"lerp_mode": "catmullrom"
						},
						"1.9167": {
							"post": [0, 0, 0],
							"lerp_mode": "catmullrom"
						},
						"2.5": [0, 0, 0]
					}
				}
			}
		}
	}
}