{
	"format_version": "1.12.0",
	"minecraft:geometry": [
		{
			"description": {
				"identifier": "geometry.houndoom",
				"texture_width": 128,
				"texture_height": 128,
				"visible_bounds_width": 4,
				"visible_bounds_height": 5,
				"visible_bounds_offset": [0, 1.5, 0]
			},
			"bones": [
				{
					"name": "houndoom",
					"pivot": [0, 0, 0]
				},
				{
					"name": "body",
					"parent": "houndoom",
					"pivot": [0, 21.83333, 3.16667],
					"cubes": [
						{"origin": [-4.5, 18, 3], "size": [9, 9, 11], "uv": [0, 0]},
						{"origin": [-5, 24, 8], "size": [10, 4, 2], "uv": [61, 17]},
						{"origin": [-5, 24, 2.99], "size": [10, 4, 2], "uv": [62, 43]}
					]
				},
				{
					"name": "leg_right3",
					"parent": "body",
					"pivot": [-4, 22, 11],
					"cubes": [
						{"origin": [-6, 13, 8], "size": [4, 11, 6], "inflate": 0.1, "uv": [0, 40]}
					]
				},
				{
					"name": "leg_right4",
					"parent": "leg_right3",
					"pivot": [-4, 14, 14],
					"cubes": [
						{"origin": [-6, 4.5, 11], "size": [4, 2, 4], "inflate": 0.2, "uv": [66, 65]},
						{"origin": [-6, 2, 11], "size": [4, 2, 4], "inflate": 0.2, "uv": [64, 59]},
						{"origin": [-6, 2, 11], "size": [4, 12, 4], "uv": [54, 27]}
					]
				},
				{
					"name": "pawn_right2",
					"parent": "leg_right4",
					"pivot": [-4, 1, 13],
					"cubes": [
						{"origin": [-6, 0, 11], "size": [4, 2, 4], "uv": [14, 40]},
						{"origin": [-6.57738, 0, 9.90631], "size": [2, 2, 2], "pivot": [-5.57738, 1, 10.90631], "rotation": [0, 7.5, 0], "uv": [29, 7]},
						{"origin": [-5, 0, 9.5], "size": [2, 2, 2], "inflate": 0.1, "uv": [27, 25]},
						{"origin": [-4, 0, 8.5], "size": [0, 2, 1], "uv": [9, 4]},
						{"origin": [-5.57738, 0, 8.90631], "size": [0, 2, 1], "pivot": [-5.57738, 1, 10.90631], "rotation": [0, 7.5, 0], "uv": [2, 7]},
						{"origin": [-3.42262, 0, 9.90631], "size": [2, 2, 2], "pivot": [-2.42262, 1, 10.90631], "rotation": [0, -7.5, 0], "uv": [0, 25]},
						{"origin": [-2.42262, 0, 8.90631], "size": [0, 2, 1], "pivot": [-2.42262, 1, 10.90631], "rotation": [0, -7.5, 0], "uv": [0, 7]}
					]
				},
				{
					"name": "leg_left3",
					"parent": "body",
					"pivot": [4, 22, 11],
					"cubes": [
						{"origin": [2, 13, 8], "size": [4, 11, 6], "inflate": 0.1, "uv": [48, 46]}
					]
				},
				{
					"name": "leg_left4",
					"parent": "leg_left3",
					"pivot": [4, 14, 14],
					"cubes": [
						{"origin": [2, 4.5, 11], "size": [4, 2, 4], "inflate": 0.2, "uv": [68, 49]},
						{"origin": [2, 2, 11], "size": [4, 2, 4], "inflate": 0.2, "uv": [16, 68]},
						{"origin": [2, 2, 11], "size": [4, 12, 4], "uv": [34, 59]}
					]
				},
				{
					"name": "pawn_left2",
					"parent": "leg_left4",
					"pivot": [4, 1, 13],
					"cubes": [
						{"origin": [2, 0, 11], "size": [4, 2, 4], "uv": [68, 0]},
						{"origin": [4.57738, 0, 9.90631], "size": [2, 2, 2], "pivot": [5.57738, 1, 10.90631], "rotation": [0, -7.5, 0], "uv": [74, 12]},
						{"origin": [3, 0, 9.5], "size": [2, 2, 2], "inflate": 0.1, "uv": [68, 55]},
						{"origin": [4, 0, 8.5], "size": [0, 2, 1], "uv": [0, 19]},
						{"origin": [5.57738, 0, 8.90631], "size": [0, 2, 1], "pivot": [5.57738, 1, 10.90631], "rotation": [0, -7.5, 0], "uv": [9, 8]},
						{"origin": [1.42262, 0, 9.90631], "size": [2, 2, 2], "pivot": [2.42262, 1, 10.90631], "rotation": [0, 7.5, 0], "uv": [28, 52]},
						{"origin": [2.42262, 0, 8.90631], "size": [0, 2, 1], "pivot": [2.42262, 1, 10.90631], "rotation": [0, 7.5, 0], "uv": [9, 6]}
					]
				},
				{
					"name": "tail",
					"parent": "body",
					"pivot": [0, 27, 14],
					"cubes": [
						{"origin": [-0.5, 27, 14], "size": [1, 0, 5], "uv": [2, 5]}
					]
				},
				{
					"name": "tail2",
					"parent": "tail",
					"pivot": [0, 27, 19],
					"cubes": [
						{"origin": [-0.5, 27, 19], "size": [1, 0, 5], "uv": [0, 5]}
					]
				},
				{
					"name": "tail3",
					"parent": "tail2",
					"pivot": [0, 27, 24],
					"cubes": [
						{"origin": [-0.5, 27, 24], "size": [1, 0, 5], "uv": [4, 0]}
					]
				},
				{
					"name": "tail4",
					"parent": "tail3",
					"pivot": [0, 27, 29],
					"cubes": [
						{"origin": [-0.5, 27, 29], "size": [1, 0, 5], "uv": [2, 0]}
					]
				},
				{
					"name": "tail5",
					"parent": "tail4",
					"pivot": [0, 27, 34],
					"cubes": [
						{"origin": [-0.5, 27, 34], "size": [1, 0, 5], "uv": [0, 0]}
					]
				},
				{
					"name": "tail6",
					"parent": "tail5",
					"pivot": [0, 27, 39],
					"cubes": [
						{"origin": [-2.5, 27, 39], "size": [5, 0, 5], "uv": [31, 27]}
					]
				},
				{
					"name": "upper_body",
					"parent": "body",
					"pivot": [0, 22.6126, 3.28955],
					"cubes": [
						{"origin": [-4.5, 16, -6], "size": [9, 11, 9], "inflate": 0.1, "uv": [0, 20]},
						{"origin": [-5, 24, -7], "size": [10, 5, 2], "pivot": [0, 26, -6], "rotation": [-47.5, 0, 0], "uv": [29, 0]},
						{"origin": [-5, 24, -2], "size": [10, 4, 2], "uv": [66, 23]}
					]
				},
				{
					"name": "neck",
					"parent": "upper_body",
					"pivot": [0, 20.63845, -4.14154],
					"cubes": [
						{"origin": [-3, 20, -9], "size": [6, 12, 6], "pivot": [0, 25, -3], "rotation": [25, 0, 0], "uv": [30, 34]},
						{"origin": [-1.5, 22, -10], "size": [3, 3, 1], "pivot": [-0.5, 25, -3], "rotation": [25, 0, 0], "uv": [48, 79]},
						{"origin": [-1.41548, 20.88162, -9.05], "size": [2, 1, 0], "pivot": [-0.41548, 21.38162, -9.03637], "rotation": [24.47761, -5.24826, 11.36081], "uv": [56, 80]},
						{"origin": [-0.58452, 20.88162, -9.05], "size": [2, 1, 0], "pivot": [0.41548, 21.38162, -9.03637], "rotation": [24.47761, 5.24826, -11.36081], "uv": [56, 80], "mirror": true}
					]
				},
				{
					"name": "head",
					"parent": "neck",
					"pivot": [0, 29.58032, -8.12628],
					"cubes": [
						{"origin": [-3.5, 28.83139, -12.67431], "size": [7, 7, 7], "pivot": [0.5, 32.83139, -8.67431], "rotation": [10, 0, 0], "uv": [33, 13]},
						{"origin": [-1.5, 29.83139, -16.67431], "size": [3, 2, 4], "inflate": 0.1, "pivot": [0.5, 32.83139, -8.67431], "rotation": [10, 0, 0], "uv": [34, 52]},
						{"origin": [-0.5, 31, -17], "size": [1, 1, 1], "pivot": [0.5, 32.83139, -8.67431], "rotation": [10, 0, 0], "uv": [0, 0]}
					]
				},
				{
					"name": "eye_left",
					"parent": "head",
					"pivot": [1.99991, 32.16469, -12.6502],
					"cubes": [
						{"origin": [0.5, 31.13234, -12.63884], "size": [3, 2, 0], "pivot": [2, 32.13234, -12.63884], "rotation": [9.99067, 0.43399, 0], "uv": [27, 20]},
						{"origin": [1.5, 31.7, -12.65], "size": [1, 1, 0], "pivot": [2, 32.13234, -12.63884], "rotation": [9.99067, 0.43399, 0], "uv": [38, 33]}
					]
				},
				{
					"name": "mouth",
					"parent": "head",
					"pivot": [0, 29.34268, -10.97539],
					"cubes": [
						{"origin": [-1.5, 27.84268, -15.97539], "size": [3, 1, 4], "pivot": [0, 28.34268, -13.97539], "rotation": [10, 0, 0], "uv": [16, 85]}
					]
				},
				{
					"name": "eye_right",
					"parent": "head",
					"pivot": [-1.99991, 32.16469, -12.6502],
					"cubes": [
						{"origin": [-2.5, 31.7, -12.65], "size": [1, 1, 0], "pivot": [-2, 32.13234, -12.63884], "rotation": [9.99067, -0.43399, 0], "uv": [38, 33], "mirror": true},
						{"origin": [-3.5, 31.13234, -12.63884], "size": [3, 2, 0], "pivot": [-2, 32.13234, -12.63884], "rotation": [9.99067, -0.43399, 0], "uv": [27, 20], "mirror": true}
					]
				},
				{
					"name": "horn_right",
					"parent": "head",
					"pivot": [-0.9998, 34.16356, -3.05473],
					"rotation": [0, 0, -25],
					"cubes": [
						{"origin": [-3.09808, 34.97241, -8.5], "size": [3, 4, 3], "inflate": 0.1, "pivot": [-1.59808, 36.47241, -7.15217], "rotation": [-12.5, 0, 0], "uv": [75, 77]},
						{"origin": [-3.2, 37.23237, -6.9271], "size": [3, 4, 3], "pivot": [-1.59808, 39.23237, -5.4271], "rotation": [-52.45952, -3.50491, 0.46031], "uv": [63, 77]},
						{"origin": [-2.9, 40.20938, -4.92835], "size": [2, 3, 2], "inflate": 0.1, "pivot": [-1.59808, 40.71318, -4.01551], "rotation": [-84.97115, -7.90672, 4.32548], "uv": [46, 27]},
						{"origin": [-3.5, 37.97408, -1.37632], "size": [2, 3, 2], "pivot": [-1.59808, 39.97408, -0.37632], "rotation": [-120.24687, -7.40634, 7.18475], "uv": [20, 46]},
						{"origin": [-2.75961, 39.07635, 0.22309], "size": [0, 3, 2], "pivot": [-3.01656, 39.74227, 0.73495], "rotation": [-144.63543, -22.69705, 7.94589], "uv": [0, 3]}
					]
				},
				{
					"name": "horn_left",
					"parent": "head",
					"pivot": [0.9998, 34.16356, -3.05473],
					"rotation": [0, 0, 25],
					"cubes": [
						{"origin": [0.09808, 34.97241, -8.5], "size": [3, 4, 3], "inflate": 0.1, "pivot": [1.59808, 36.47241, -7.15217], "rotation": [-12.5, 0, 0], "uv": [76, 55]},
						{"origin": [0.2, 37.23237, -6.9271], "size": [3, 4, 3], "pivot": [1.59808, 39.23237, -5.4271], "rotation": [-52.45952, 3.50491, -0.46031], "uv": [0, 57]},
						{"origin": [0.9, 40.20938, -4.92835], "size": [2, 3, 2], "inflate": 0.1, "pivot": [1.59808, 40.71318, -4.01551], "rotation": [-84.97115, 7.90672, -4.32548], "uv": [40, 7]},
						{"origin": [1.5, 37.97408, -1.37632], "size": [2, 3, 2], "pivot": [1.59808, 39.97408, -0.37632], "rotation": [-120.24687, 7.40634, -7.18475], "uv": [0, 20]},
						{"origin": [2.75961, 39.07635, 0.22309], "size": [0, 3, 2], "pivot": [3.01656, 39.74227, 0.73495], "rotation": [-144.63543, 22.69705, -7.94589], "uv": [0, 0]}
					]
				},
				{
					"name": "leg_left",
					"parent": "upper_body",
					"pivot": [4, 22, -4],
					"cubes": [
						{"origin": [2, 13, -7], "size": [4, 11, 6], "inflate": 0.1, "uv": [54, 0]}
					]
				},
				{
					"name": "leg_left2",
					"parent": "leg_left",
					"pivot": [4, 14, -2],
					"cubes": [
						{"origin": [2, 4.5, -6], "size": [4, 2, 4], "inflate": 0.2, "uv": [16, 74]},
						{"origin": [2, 2, -6], "size": [4, 2, 4], "inflate": 0.2, "uv": [74, 6]},
						{"origin": [2, 2, -6], "size": [4, 12, 4], "uv": [0, 64]}
					]
				},
				{
					"name": "pawn_left",
					"parent": "leg_left2",
					"pivot": [4, 1, -4],
					"cubes": [
						{"origin": [2, 0, -6], "size": [4, 2, 4], "uv": [32, 75]},
						{"origin": [4.57738, 0, -7.09369], "size": [2, 2, 2], "pivot": [5.57738, 1, -6.09369], "rotation": [0, -7.5, 0], "uv": [8, 80]},
						{"origin": [3, 0, -7.5], "size": [2, 2, 2], "inflate": 0.1, "uv": [0, 80]},
						{"origin": [4, 0, -8.5], "size": [0, 2, 1], "uv": [35, 6]},
						{"origin": [5.57738, 0, -8.09369], "size": [0, 2, 1], "pivot": [5.57738, 1, -6.09369], "rotation": [0, -7.5, 0], "uv": [29, 6]},
						{"origin": [1.42262, 0, -7.09369], "size": [2, 2, 2], "pivot": [2.42262, 1, -6.09369], "rotation": [0, 7.5, 0], "uv": [80, 0]},
						{"origin": [2.42262, 0, -8.09369], "size": [0, 2, 1], "pivot": [2.42262, 1, -6.09369], "rotation": [0, 7.5, 0], "uv": [27, 23]}
					]
				},
				{
					"name": "leg_right",
					"parent": "upper_body",
					"pivot": [-4, 22, -4],
					"cubes": [
						{"origin": [-6, 13, -7], "size": [4, 11, 6], "inflate": 0.1, "uv": [14, 51]}
					]
				},
				{
					"name": "leg_right2",
					"parent": "leg_right",
					"pivot": [-4, 14, -2],
					"cubes": [
						{"origin": [-6, 4.5, -6], "size": [4, 2, 4], "inflate": 0.2, "uv": [66, 71]},
						{"origin": [-6, 2, -6], "size": [4, 2, 4], "inflate": 0.2, "uv": [70, 35]},
						{"origin": [-6, 2, -6], "size": [4, 12, 4], "uv": [50, 63]}
					]
				},
				{
					"name": "pawn_right",
					"parent": "leg_right2",
					"pivot": [-4, 1, -4],
					"cubes": [
						{"origin": [-6, 0, -6], "size": [4, 2, 4], "uv": [70, 29]},
						{"origin": [-6.57738, 0, -7.09369], "size": [2, 2, 2], "pivot": [-5.57738, 1, -6.09369], "rotation": [0, 7.5, 0], "uv": [78, 71]},
						{"origin": [-5, 0, -7.5], "size": [2, 2, 2], "inflate": 0.1, "uv": [78, 63]},
						{"origin": [-4, 0, -8.5], "size": [0, 2, 1], "uv": [6, 24]},
						{"origin": [-5.57738, 0, -8.09369], "size": [0, 2, 1], "pivot": [-5.57738, 1, -6.09369], "rotation": [0, 7.5, 0], "uv": [0, 24]},
						{"origin": [-3.42262, 0, -7.09369], "size": [2, 2, 2], "pivot": [-2.42262, 1, -6.09369], "rotation": [0, -7.5, 0], "uv": [28, 74]},
						{"origin": [-2.42262, 0, -8.09369], "size": [0, 2, 1], "pivot": [-2.42262, 1, -6.09369], "rotation": [0, -7.5, 0], "uv": [6, 19]}
					]
				}
			]
		}
	]
}