{
	"format_version": "1.8.0",
	"animations": {
		"animation.yungoos.ground_idle": {
			"loop": true
		},
		"animation.yungoos.ground_walk": {
			"loop": true,
			"animation_length": 2.5833,
			"bones": {
				"legfrontright": {
					"position": {
						"0.0": [0, 0, 0],
						"0.125": [0, 0, 1],
						"0.4583": [0, 1, 1],
						"0.5417": [0, 1, 0],
						"0.875": [0, 0, -1],
						"1.3333": [0, 0, 0],
						"1.625": [0, 1, -1],
						"1.9583": [0, 0, -1],
						"2.0417": [0, 0, 0],
						"2.375": [0, 0, 1],
						"2.5": [0, 0, 0]
					}
				},
				"legfrontleft": {
					"position": {
						"0.0": [0, 0, 0],
						"0.125": [0, 1, -1],
						"0.4583": [0, 0, -1],
						"0.5417": [0, 0, 0],
						"0.875": [0, 0, 1],
						"1.3333": [0, 0, 0],
						"1.625": [0, 0, 1],
						"1.9583": [0, 1, 1],
						"2.0417": [0, 1, 0],
						"2.375": [0, 0, -1],
						"2.5": [0, 0, 0]
					}
				},
				"legbackleft": {
					"position": {
						"0.125": [0, 1, -1],
						"0.4583": [0, 0, -1],
						"0.5417": [0, 0, 0],
						"0.875": [0, 0, 1],
						"1.3333": [0, 0, 0],
						"1.625": [0, 0, 1],
						"1.9583": [0, 1, 1],
						"2.0417": [0, 1, 0],
						"2.375": [0, 0, -1],
						"2.5": [0, 0, 0]
					}
				},
				"bone6": {
					"position": {
						"0.0": [0, 0, 0],
						"0.125": [0, 0, 1],
						"0.4583": [0, 1, 1],
						"0.5417": [0, 1, 0],
						"0.875": [0, 0, -1],
						"1.3333": [0, 0, 0],
						"1.625": [0, 1, -1],
						"1.9583": [0, 0, -1],
						"2.0417": [0, 0, 0],
						"2.375": [0, 0, 1],
						"2.5": [0, 0, 0]
					}
				}
			}
		}
	}
}