{
	"format_version": "1.12.0",
	"minecraft:geometry": [
		{
			"description": {
				"identifier": "geometry.rotom",
				"texture_width": 64,
				"texture_height": 64,
				"visible_bounds_width": 8,
				"visible_bounds_height": 3.5,
				"visible_bounds_offset": [0, 1.25, 0]
			},
			"bones": [
				{
					"name": "rotom",
					"pivot": [0, 0, 0]
				},
				{
					"name": "bodyposition",
					"parent": "rotom",
					"pivot": [0, 0, 0]
				},
				{
					"name": "bodyrotation",
					"parent": "bodyposition",
					"pivot": [0, 0, 0]
				},
				{
					"name": "body",
					"parent": "bodyrotation",
					"pivot": [0, 11, 0],
					"cubes": [
						{"origin": [-3.5, 8, -3.5], "size": [7, 6, 7], "uv": [0, 0]},
						{"origin": [-4.5, 7, -4.5], "size": [9, 8, 0], "uv": [18, 29]},
						{"origin": [-4.5, 7, 4.5], "size": [9, 8, 0], "uv": [18, 37]},
						{"origin": [-4.5, 15, -4.5], "size": [9, 0, 9], "uv": [21, 11]},
						{"origin": [-4.5, 7, -4.5], "size": [9, 0, 9], "uv": [21, 20]},
						{"origin": [4.5, 7, -4.5], "size": [0, 8, 9], "uv": [0, 20]},
						{"origin": [-4.5, 7, -4.5], "size": [0, 8, 9], "uv": [0, 28], "mirror": true}
					]
				},
				{
					"name": "eyes",
					"parent": "body",
					"pivot": [0, 10.5, 0]
				},
				{
					"name": "eye_left",
					"parent": "eyes",
					"pivot": [2, 11.5, -3.51],
					"rotation": [0, 0, 10],
					"cubes": [
						{"origin": [1, 10, -3.51], "size": [2, 3, 0], "uv": [0, 0]}
					]
				},
				{
					"name": "pupil_left",
					"parent": "eye_left",
					"pivot": [2, 11.5, -3.52],
					"cubes": [
						{"origin": [1.5, 10.5, -3.52], "size": [1, 2, 0], "uv": [4, 0]}
					]
				},
				{
					"name": "eyelid_left",
					"parent": "eye_left",
					"pivot": [2, 11.5, -2.92],
					"cubes": [
						{"origin": [1, 10, -3.42], "size": [2, 3, 1], "inflate": 0.01, "uv": [51, 35]}
					]
				},
				{
					"name": "eye_right",
					"parent": "eyes",
					"pivot": [-2, 11.5, -3.51],
					"rotation": [0, 0, -10],
					"cubes": [
						{"origin": [-3, 10, -3.51], "size": [2, 3, 0], "uv": [0, 3], "mirror": true}
					]
				},
				{
					"name": "pupil_right",
					"parent": "eye_right",
					"pivot": [-2, 11.5, -3.52],
					"cubes": [
						{"origin": [-2.5, 10.5, -3.52], "size": [1, 2, 0], "uv": [4, 2], "mirror": true}
					]
				},
				{
					"name": "eyelid_right",
					"parent": "eye_right",
					"pivot": [-2, 11.5, -2.92],
					"cubes": [
						{"origin": [-3, 10, -3.42], "size": [2, 3, 1], "inflate": 0.01, "uv": [46, 38], "mirror": true}
					]
				},
				{
					"name": "mouth",
					"parent": "body",
					"pivot": [0, 9.45, -3.51]
				},
				{
					"name": "mouth_closed",
					"parent": "mouth",
					"pivot": [0, 9.225, -3.51],
					"cubes": [
						{"origin": [-1, 8.5, -3.51], "size": [2, 1, 0], "inflate": 0.01, "uv": [25, 6]},
						{"origin": [-1.5, 8.95, -3.51], "size": [3, 1, 0], "uv": [0, 6]}
					]
				},
				{
					"name": "mouth_open",
					"parent": "mouth",
					"pivot": [0, 9.225, -3.41],
					"cubes": [
						{"origin": [-1, 8.5, -3.41], "size": [2, 1, 0], "inflate": 0.02, "uv": [42, 10]},
						{"origin": [-1.5, 8.95, -3.41], "size": [3, 1, 0], "inflate": 0.01, "uv": [36, 10]}
					]
				},
				{
					"name": "mouth_smile",
					"parent": "mouth",
					"pivot": [0, 9.225, -3.41],
					"cubes": [
						{"origin": [-1, 8.5, -3.41], "size": [2, 1, 0], "inflate": 0.01, "uv": [21, 6]},
						{"origin": [-1.5, 8.95, -3.41], "size": [3, 1, 0], "uv": [21, 5]}
					]
				},
				{
					"name": "arms",
					"parent": "body",
					"pivot": [0, 10, 0]
				},
				{
					"name": "arm_left",
					"parent": "arms",
					"pivot": [4.5, 9.5, 0],
					"cubes": [
						{"origin": [4.5, 9, 0], "size": [8, 3, 0], "uv": [0, 13]}
					]
				},
				{
					"name": "arm_left2",
					"parent": "arm_left",
					"pivot": [12.5, 9, 0],
					"cubes": [
						{"origin": [9.5, 4, 0], "size": [10, 5, 0], "inflate": 0.01, "uv": [0, 16]}
					]
				},
				{
					"name": "arm_right",
					"parent": "arms",
					"pivot": [-4.5, 9.5, 0],
					"cubes": [
						{"origin": [-12.5, 9, 0], "size": [8, 3, 0], "uv": [0, 21], "mirror": true}
					]
				},
				{
					"name": "arm_right2",
					"parent": "arm_right",
					"pivot": [-12.5, 9, 0],
					"cubes": [
						{"origin": [-19.5, 4, 0], "size": [10, 5, 0], "inflate": 0.01, "uv": [0, 24], "mirror": true}
					]
				},
				{
					"name": "light_trail",
					"parent": "body",
					"pivot": [0, 11, 4.5],
					"cubes": [
						{"origin": [0, 9, 4.5], "size": [0, 4, 6], "uv": [37, -6]}
					]
				},
				{
					"name": "light_trail2",
					"parent": "light_trail",
					"pivot": [0, 11, 10.5],
					"cubes": [
						{"origin": [0, 9, 10.5], "size": [0, 4, 6], "uv": [49, -6]}
					]
				},
				{
					"name": "light_trail3",
					"parent": "light_trail2",
					"pivot": [0, 11, 16.5],
					"cubes": [
						{"origin": [0, 9.5, 16.5], "size": [0, 3, 6], "uv": [37, -2]}
					]
				},
				{
					"name": "light_trail4",
					"parent": "light_trail3",
					"pivot": [0, 11, 22.5],
					"cubes": [
						{"origin": [0, 9.5, 22.5], "size": [0, 3, 6], "uv": [49, -2]}
					]
				},
				{
					"name": "light_trail5",
					"parent": "light_trail4",
					"pivot": [0, 11, 28.5],
					"cubes": [
						{"origin": [0, 10, 28.5], "size": [0, 2, 6], "uv": [36, 1]}
					]
				},
				{
					"name": "light_trail6",
					"parent": "light_trail5",
					"pivot": [0, 11, 34.5],
					"cubes": [
						{"origin": [0, 10, 34.5], "size": [0, 2, 6], "uv": [48, 1]}
					]
				},
				{
					"name": "light_trail7",
					"parent": "light_trail6",
					"pivot": [0, 11, 40.5],
					"cubes": [
						{"origin": [0, 10.5, 40.5], "size": [0, 1, 6], "uv": [36, 3]}
					]
				},
				{
					"name": "light_trail8",
					"parent": "light_trail7",
					"pivot": [0, 11, 46.5],
					"cubes": [
						{"origin": [0, 10.5, 46.5], "size": [0, 1, 6], "uv": [48, 3]}
					]
				},
				{
					"name": "body_top",
					"parent": "body",
					"pivot": [0, 14, 0],
					"cubes": [
						{"origin": [-1, 13.5, -1], "size": [2, 4, 2], "uv": [28, 5]},
						{"origin": [-0.5, 17, -0.5], "size": [1, 4, 1], "uv": [33, 0]},
						{"origin": [-2, 15, -2], "size": [4, 3, 0], "uv": [48, 10]},
						{"origin": [-2, 15, 2], "size": [4, 3, 0], "uv": [48, 13]},
						{"origin": [-2, 18, -2], "size": [4, 0, 4], "uv": [44, 16]},
						{"origin": [2, 15, -2], "size": [0, 3, 4], "uv": [56, 6]},
						{"origin": [-2, 15, -2], "size": [0, 3, 4], "uv": [56, 9], "mirror": true},
						{"origin": [-1.5, 18, -1.5], "size": [3, 4, 0], "uv": [48, 20]},
						{"origin": [-1.5, 18, 1.5], "size": [3, 4, 0], "uv": [48, 24]},
						{"origin": [-1.5, 22, -1.5], "size": [3, 0, 3], "uv": [51, 24]},
						{"origin": [1.5, 18, -1.5], "size": [0, 4, 3], "uv": [56, 13]},
						{"origin": [-1.5, 18, -1.5], "size": [0, 4, 3], "uv": [54, 17], "mirror": true}
					]
				},
				{
					"name": "body_bottom",
					"parent": "body",
					"pivot": [0, 8, 0],
					"cubes": [
						{"origin": [-1.5, 6, -1.5], "size": [3, 2, 3], "uv": [21, 0]},
						{"origin": [-2.5, 5, -2.5], "size": [5, 2, 0], "uv": [36, 29]},
						{"origin": [-2.5, 5, 2.5], "size": [5, 2, 0], "uv": [36, 31]},
						{"origin": [-2.5, 5, -2.5], "size": [5, 0, 5], "uv": [31, 33]},
						{"origin": [2.5, 5, -2.5], "size": [0, 2, 5], "uv": [46, 24]},
						{"origin": [-2.5, 5, -2.5], "size": [0, 2, 5], "uv": [46, 26], "mirror": true},
						{"origin": [-1.5, 3, -1.5], "size": [3, 2, 0], "uv": [54, 27]},
						{"origin": [-1.5, 3, 1.5], "size": [3, 2, 0], "uv": [56, 29]},
						{"origin": [-1.5, 3, -1.5], "size": [3, 0, 3], "uv": [43, 33]},
						{"origin": [1.5, 3, -1.5], "size": [0, 2, 3], "uv": [56, 28]},
						{"origin": [-1.5, 3, -1.5], "size": [0, 2, 3], "uv": [52, 30], "mirror": true},
						{"origin": [-1, 1, -1], "size": [2, 2, 0], "uv": [36, 38]},
						{"origin": [-1, 1, 1], "size": [2, 2, 0], "uv": [40, 38]},
						{"origin": [-1, 1, -1], "size": [2, 0, 2], "uv": [44, 36]},
						{"origin": [1, 1, -1], "size": [0, 2, 2], "uv": [36, 38]},
						{"origin": [-1, 1, -1], "size": [0, 2, 2], "uv": [40, 38], "mirror": true}
					]
				}
			]
		}
	]
}