{
	"format_version": "1.12.0",
	"minecraft:geometry": [
		{
			"description": {
				"identifier": "geometry.meditite",
				"texture_width": 64,
				"texture_height": 64,
				"visible_bounds_width": 3,
				"visible_bounds_height": 3.5,
				"visible_bounds_offset": [0, 1.25, 0]
			},
			"bones": [
				{
					"name": "meditite",
					"pivot": [0, 0, 0]
				},
				{
					"name": "body",
					"parent": "meditite",
					"pivot": [0, 2, 0]
				},
				{
					"name": "bone2",
					"parent": "body",
					"pivot": [-1.5, 9, -0.75],
					"cubes": [
						{"origin": [-2.5, 5, -1.75], "size": [2, 4, 2], "uv": [30, 46]}
					]
				},
				{
					"name": "bone10",
					"parent": "bone2",
					"pivot": [-1.5, 5, -1.75],
					"cubes": [
						{"origin": [-2.5, 1, -1.75], "size": [2, 4, 2], "uv": [38, 46]}
					]
				},
				{
					"name": "bone11",
					"parent": "bone10",
					"pivot": [-1.5, 1, 0.25],
					"cubes": [
						{"origin": [-3, 0, -2.75], "size": [3, 1, 3], "uv": [30, 20]}
					]
				},
				{
					"name": "bone13",
					"parent": "bone11",
					"pivot": [-0.5, 0, -2.75],
					"rotation": [0, -12.5, 0],
					"cubes": [
						{"origin": [-1.05411, 0, -3.49407], "size": [1, 1, 1], "inflate": -0.025, "uv": [12, 46]}
					]
				},
				{
					"name": "bone12",
					"parent": "bone11",
					"pivot": [-2, 0, -2.75],
					"rotation": [0, 15, 0],
					"cubes": [
						{"origin": [-2.95233, 0, -3.36207], "size": [2, 1, 1], "inflate": -0.025, "uv": [50, 9]}
					]
				},
				{
					"name": "bone16",
					"parent": "body",
					"pivot": [2, 9, -0.75],
					"cubes": [
						{"origin": [1, 5, -1.75], "size": [2, 4, 2], "uv": [46, 39]}
					]
				},
				{
					"name": "bone17",
					"parent": "bone16",
					"pivot": [2, 5, -1.75],
					"cubes": [
						{"origin": [1, 1, -1.75], "size": [2, 4, 2], "uv": [46, 45]}
					]
				},
				{
					"name": "bone18",
					"parent": "bone17",
					"pivot": [2, 1, 0.25],
					"cubes": [
						{"origin": [0.5, 0, -2.75], "size": [3, 1, 3], "uv": [42, 20]}
					]
				},
				{
					"name": "bone19",
					"parent": "bone18",
					"pivot": [1, 0.025, -2.75],
					"rotation": [0, 12.5, 0],
					"cubes": [
						{"origin": [0.55411, 0, -3.49407], "size": [1, 1, 1], "inflate": -0.025, "uv": [46, 51]}
					]
				},
				{
					"name": "bone20",
					"parent": "bone18",
					"pivot": [2, 0.25, -2.5],
					"rotation": [0, -15, 0],
					"cubes": [
						{"origin": [1.37059, 0, -3.48296], "size": [2, 1, 1], "inflate": -0.025, "uv": [50, 11]}
					]
				},
				{
					"name": "whole",
					"parent": "body",
					"pivot": [0.25, 8, -0.75],
					"cubes": [
						{"origin": [-2.25, 9.25, -3.25], "size": [5, 4, 5], "uv": [30, 11]},
						{"origin": [-2.75, 7.75, -3.75], "size": [6, 4, 6], "uv": [26, 24]}
					]
				},
				{
					"name": "torso",
					"parent": "whole",
					"pivot": [0.25, 13.25, 1.25],
					"cubes": [
						{"origin": [-1.75, 12, -2.75], "size": [4, 4, 4], "uv": [16, 34]}
					]
				},
				{
					"name": "head",
					"parent": "torso",
					"pivot": [0, 16, -0.5],
					"cubes": [
						{"origin": [-3.75, 15.975, -4.5], "size": [8, 6, 7], "uv": [0, 11]},
						{"origin": [2, 16.25, -4.525], "size": [2, 1, 0], "uv": [0, 52]},
						{"origin": [-3.5, 16.25, -4.525], "size": [2, 1, 0], "uv": [4, 52]}
					]
				},
				{
					"name": "bone21",
					"parent": "head",
					"pivot": [0.75, 14.975, 0.5],
					"cubes": [
						{"origin": [-1.25, 16.5, -4.523], "size": [3, 1, 0], "uv": [50, 19]}
					]
				},
				{
					"name": "eyes",
					"parent": "head",
					"pivot": [-2.25, 17.975, -4.325]
				},
				{
					"name": "bone9",
					"parent": "eyes",
					"pivot": [-2.25, 17.975, -4.325],
					"cubes": [
						{"origin": [-3.75, 17.975, -4.55], "size": [3, 3, 0], "uv": [50, 6]}
					]
				},
				{
					"name": "bone15",
					"parent": "bone9",
					"pivot": [-1.7, 17.975, -3.725],
					"cubes": [
						{"origin": [-2.35, 18.225, -4.575], "size": [1, 2, 0], "uv": [30, 42]}
					]
				},
				{
					"name": "bone",
					"parent": "bone9",
					"pivot": [-2.25, 17.975, -4.325]
				},
				{
					"name": "eyelid_left",
					"parent": "eyes",
					"pivot": [2.75, 18.475, -3.325],
					"cubes": [
						{"origin": [1, 17.8, -3.775], "size": [3, 3, 1], "inflate": -0.175, "uv": [0, 48]}
					]
				},
				{
					"name": "eyelid_right",
					"parent": "eyes",
					"pivot": [-1.75, 18.475, -3.325],
					"cubes": [
						{"origin": [-3.5, 17.8, -3.775], "size": [3, 3, 1], "inflate": -0.175, "uv": [8, 48]}
					]
				},
				{
					"name": "bone8",
					"parent": "eyes",
					"pivot": [2.75, 17.975, -4.325],
					"cubes": [
						{"origin": [1.25, 17.975, -4.55], "size": [3, 3, 0], "uv": [24, 49]}
					]
				},
				{
					"name": "bone14",
					"parent": "bone8",
					"pivot": [2.5, 17.975, -3.675],
					"cubes": [
						{"origin": [1.85, 18.225, -4.575], "size": [1, 2, 0], "uv": [24, 32]}
					]
				},
				{
					"name": "bone5",
					"parent": "head",
					"pivot": [0.25, 15.95, -0.75],
					"cubes": [
						{"origin": [-4.25, 19.95, -5], "size": [9, 3, 8], "uv": [0, 0]},
						{"origin": [-3.25, 22.95, -4], "size": [7, 2, 6], "uv": [0, 24]},
						{"origin": [-1.25, 24.95, -2.5], "size": [3, 2, 3], "uv": [0, 43]},
						{"origin": [-3.25, 15.95, 2], "size": [7, 4, 1], "uv": [32, 34]},
						{"origin": [3.75, 15.95, -4], "size": [1, 4, 7], "uv": [0, 32]},
						{"origin": [3.75, 17.95, -5], "size": [1, 2, 1], "uv": [12, 43]},
						{"origin": [-4.25, 17.95, -5], "size": [1, 2, 1], "uv": [50, 30]},
						{"origin": [-1.25, 18.95, -5], "size": [3, 1, 1], "uv": [16, 32]},
						{"origin": [-4.25, 15.95, -4], "size": [1, 4, 7], "uv": [34, 0]}
					]
				},
				{
					"name": "bone6",
					"parent": "bone5",
					"pivot": [3.75, 20.95, -2.5],
					"cubes": [
						{"origin": [4.75, 18.45, -2.5], "size": [4, 4, 3], "uv": [32, 39]}
					]
				},
				{
					"name": "bone7",
					"parent": "bone6",
					"pivot": [-9.25, 19.7, -3],
					"cubes": [
						{"origin": [-8.25, 18.45, -2.5], "size": [4, 4, 3], "uv": [16, 42]}
					]
				},
				{
					"name": "bone4",
					"parent": "head",
					"pivot": [0.5, 14.95, 0.5]
				},
				{
					"name": "arm_right",
					"parent": "torso",
					"pivot": [-1.75, 15.75, -0.75],
					"rotation": [0, 2.5, 0],
					"cubes": [
						{"origin": [-4.75, 14.75, -1.25], "size": [3, 1, 1], "uv": [50, 2]}
					]
				},
				{
					"name": "bone26",
					"parent": "arm_right",
					"pivot": [-4.75, 15.25, -0.25],
					"cubes": [
						{"origin": [-7.75, 14.75, -1.25], "size": [3, 1, 1], "uv": [50, 4]}
					]
				},
				{
					"name": "bone27",
					"parent": "bone26",
					"pivot": [-7.75, 15.25, -0.75],
					"cubes": [
						{"origin": [-9.75, 14.75, -1.75], "size": [2, 1, 2], "inflate": 0.05, "uv": [16, 49]}
					]
				},
				{
					"name": "bone28",
					"parent": "bone27",
					"pivot": [-8.175, 15.75, -1.35],
					"rotation": [0, -40, 0],
					"cubes": [
						{"origin": [-10.175, 14.75, -1.85], "size": [2, 1, 1], "uv": [50, 24]}
					]
				},
				{
					"name": "bone29",
					"parent": "bone27",
					"pivot": [-9.675, 15.75, -0.25],
					"cubes": [
						{"origin": [-11.675, 14.75, -0.75], "size": [2, 1, 1], "uv": [50, 26]}
					]
				},
				{
					"name": "bone30",
					"parent": "bone27",
					"pivot": [-9.675, 15.75, -1.25],
					"cubes": [
						{"origin": [-11.675, 14.75, -1.75], "size": [2, 1, 1], "uv": [50, 28]}
					]
				},
				{
					"name": "arm_left",
					"parent": "torso",
					"pivot": [2.25, 15.75, -0.75],
					"rotation": [0, -2.5, 0],
					"cubes": [
						{"origin": [2.25, 14.75, -1.25], "size": [3, 1, 1], "uv": [48, 37]}
					]
				},
				{
					"name": "bone3",
					"parent": "arm_left",
					"pivot": [5.25, 15.25, -0.25],
					"cubes": [
						{"origin": [5.25, 14.75, -1.25], "size": [3, 1, 1], "uv": [50, 0]}
					]
				},
				{
					"name": "bone22",
					"parent": "bone3",
					"pivot": [8.25, 15.25, -0.75],
					"cubes": [
						{"origin": [8.25, 14.75, -1.75], "size": [2, 1, 2], "inflate": 0.05, "uv": [48, 34]}
					]
				},
				{
					"name": "bone23",
					"parent": "bone22",
					"pivot": [8.675, 15.75, -1.35],
					"rotation": [0, 40, 0],
					"cubes": [
						{"origin": [8.675, 14.75, -1.85], "size": [2, 1, 1], "uv": [50, 13]}
					]
				},
				{
					"name": "bone25",
					"parent": "bone22",
					"pivot": [10.175, 15.75, -0.25],
					"cubes": [
						{"origin": [10.175, 14.75, -0.75], "size": [2, 1, 1], "uv": [50, 17]}
					]
				},
				{
					"name": "bone24",
					"parent": "bone22",
					"pivot": [10.175, 15.75, -1.25],
					"cubes": [
						{"origin": [10.175, 14.75, -1.75], "size": [2, 1, 1], "uv": [50, 15]}
					]
				}
			]
		}
	]
}