{
	"format_version": "1.12.0",
	"minecraft:geometry": [
		{
			"description": {
				"identifier": "geometry.banette_mega",
				"texture_width": 80,
				"texture_height": 80,
				"visible_bounds_width": 6,
				"visible_bounds_height": 4.5,
				"visible_bounds_offset": [0, 1.75, 0]
			},
			"bones": [
				{
					"name": "banette_mega",
					"pivot": [0, 0, 0]
				},
				{
					"name": "body",
					"parent": "banette_mega",
					"pivot": [0, 2, 0]
				},
				{
					"name": "torso",
					"parent": "body",
					"pivot": [0, 8.25, -0.5],
					"cubes": [
						{"origin": [-3.5, 9, -3], "size": [7, 2, 5], "uv": [27, 0]},
						{"origin": [-4, 4, -3.5], "size": [8, 5, 6], "uv": [27, 22]},
						{"origin": [-0.5, 4.5, -3.5], "size": [1, 3, 0], "pivot": [0, 7.5, -3.5], "rotation": [-10, 0, -20], "uv": [57, 74]},
						{"origin": [-3.5, 3.5, -2], "size": [7, 6, 3], "inflate": -0.01, "uv": [54, 25]},
						{"origin": [2.5, 5, -3], "size": [3, 3, 5], "pivot": [4, 6.5, -0.5], "rotation": [0, 0, -45], "uv": [33, 46]},
						{"origin": [-5.5, 5, -3], "size": [3, 3, 5], "pivot": [-4, 6.5, -0.5], "rotation": [0, 0, 45], "uv": [14, 47]}
					]
				},
				{
					"name": "neck",
					"parent": "torso",
					"pivot": [0, 10.5, -0.5],
					"cubes": [
						{"origin": [-2, 11, -2], "size": [4, 1, 3], "uv": [47, 0]}
					]
				},
				{
					"name": "head",
					"parent": "neck",
					"pivot": [0, 12, -0.5],
					"cubes": [
						{"origin": [-4.5, 12, -4], "size": [9, 7, 7], "uv": [0, 13]}
					]
				},
				{
					"name": "hair",
					"parent": "head",
					"pivot": [0.005, 18.25, -0.625],
					"cubes": [
						{"origin": [-4.49, 14.99, -3.5], "size": [9, 4, 8], "uv": [0, 0]}
					]
				},
				{
					"name": "hair8",
					"parent": "hair",
					"pivot": [0.005, 17.25, 4.375],
					"rotation": [67.5, 0, 0],
					"cubes": [
						{"origin": [-3.5, 16.5, 4.25], "size": [7, 2, 4], "uv": [26, 13]}
					]
				},
				{
					"name": "hair2",
					"parent": "hair8",
					"pivot": [0, 17.5, 7.75],
					"cubes": [
						{"origin": [-2.5, 17, 8.25], "size": [5, 1, 7], "uv": [0, 28]}
					]
				},
				{
					"name": "hair3",
					"parent": "hair2",
					"pivot": [0, 17.5, 15.25],
					"cubes": [
						{"origin": [-2, 17.5, 15.25], "size": [4, 0, 6], "uv": [43, 14]}
					]
				},
				{
					"name": "hair4",
					"parent": "hair3",
					"pivot": [0, 17.5, 21.25],
					"cubes": [
						{"origin": [-1.5, 17.5, 21.25], "size": [3, 0, 5], "uv": [49, 8]}
					]
				},
				{
					"name": "hair5",
					"parent": "hair4",
					"pivot": [0, 17.5, 26.25],
					"cubes": [
						{"origin": [-1, 17.5, 26.25], "size": [2, 0, 4], "inflate": 0.01, "uv": [0, 48]}
					]
				},
				{
					"name": "hair6",
					"parent": "hair5",
					"pivot": [0, 17.5, 30.25],
					"cubes": [
						{"origin": [-1, 17.5, 30.25], "size": [2, 0, 3], "uv": [32, 34]}
					]
				},
				{
					"name": "hair7",
					"parent": "hair6",
					"pivot": [0, 17.5, 33.25],
					"cubes": [
						{"origin": [-0.5, 17.5, 33.25], "size": [1, 0, 3], "uv": [18, 28]}
					]
				},
				{
					"name": "horns",
					"parent": "head",
					"pivot": [0, 18, 0]
				},
				{
					"name": "horn_right",
					"parent": "horns",
					"pivot": [3.59679, 18.37421, -0.25],
					"cubes": [
						{"origin": [1.83075, 16.017, -3.25], "size": [3, 4, 6], "pivot": [2.33075, 18.017, -0.25], "rotation": [-25, 0, 40], "uv": [19, 34]}
					]
				},
				{
					"name": "horn_mid",
					"parent": "horns",
					"pivot": [-0.01925, 20.31973, -0.38478],
					"cubes": [
						{"origin": [-2.01925, 18.00821, -2.94581], "size": [4, 4, 5], "pivot": [-0.00983, 21.56517, -1.49245], "rotation": [-10, 0, 0], "uv": [38, 34]}
					]
				},
				{
					"name": "horn_left",
					"parent": "horns",
					"pivot": [-3.59679, 18.37421, -0.25],
					"cubes": [
						{"origin": [-4.83075, 16.017, -3.25], "size": [3, 4, 6], "pivot": [-2.33075, 18.017, -0.25], "rotation": [-25, 0, -40], "uv": [0, 37]}
					]
				},
				{
					"name": "eyes",
					"parent": "head",
					"pivot": [0, 2, 0]
				},
				{
					"name": "eye_right",
					"parent": "eyes",
					"pivot": [2.68632, 15.29469, -4.01],
					"rotation": [0, 0, -20],
					"cubes": [
						{"origin": [1.68632, 14.29469, -4.01], "size": [2, 2, 0], "uv": [27, 0], "mirror": true}
					]
				},
				{
					"name": "pupil_right",
					"parent": "eye_right",
					"pivot": [3.07201, 15.58577, -4.0225],
					"rotation": [0, 0, -10],
					"cubes": [
						{"origin": [2.14944, 14.59313, -4.02], "size": [1, 2, 0], "pivot": [2.95777, 14.93403, -4.1], "rotation": [0, 0, 15], "uv": [32, 34], "mirror": true},
						{"origin": [2.64944, 14.59313, -4.025], "size": [1, 2, 0], "pivot": [2.95777, 14.93403, -4.1], "rotation": [0, 0, 15], "uv": [32, 61], "mirror": true}
					]
				},
				{
					"name": "eyelid_out_right",
					"parent": "eye_right",
					"pivot": [2.74782, 16.24634, -4.1],
					"cubes": [
						{"origin": [1.41132, 16.09469, -4.03], "size": [2, 1, 0], "pivot": [2.41132, 16.59469, -4.1], "rotation": [0, 0, -45], "uv": [0, 39], "mirror": true},
						{"origin": [1.61132, 16.84469, -4.04], "size": [2, 1, 0], "pivot": [2.41132, 16.59469, -4.1], "rotation": [0, 0, -45], "uv": [0, 66], "mirror": true},
						{"origin": [2.11843, 16.09469, -4.03], "size": [2, 1, 0], "pivot": [3.11843, 16.59469, -4.1], "rotation": [0, 0, 45], "uv": [13, 39], "mirror": true},
						{"origin": [1.91843, 16.84469, -4.04], "size": [2, 1, 0], "pivot": [3.11843, 16.59469, -4.1], "rotation": [0, 0, 45], "uv": [13, 63], "mirror": true},
						{"origin": [3.47198, 15.53403, -4.03], "size": [1, 1, 0], "uv": [0, 41], "mirror": true},
						{"origin": [3.87198, 16.18403, -4.04], "size": [1, 1, 0], "uv": [0, 61], "mirror": true},
						{"origin": [1.05777, 15.53403, -4.03], "size": [1, 1, 0], "uv": [40, 34], "mirror": true},
						{"origin": [0.65777, 16.18403, -4.04], "size": [1, 1, 0], "uv": [37, 61], "mirror": true}
					]
				},
				{
					"name": "eyelid_right",
					"parent": "eye_right",
					"pivot": [2.28632, 15.29469, -3.93],
					"cubes": [
						{"origin": [1.28632, 14.29469, -3.93], "size": [3, 2, 0], "inflate": 0.01, "uv": [0, 16], "mirror": true}
					]
				},
				{
					"name": "eye_left",
					"parent": "eyes",
					"pivot": [-2.58632, 15.29469, -4.01],
					"rotation": [0, 0, 20],
					"cubes": [
						{"origin": [-3.58632, 14.29469, -4.01], "size": [2, 2, 0], "uv": [27, 0]}
					]
				},
				{
					"name": "pupil_left",
					"parent": "eye_left",
					"pivot": [-2.97201, 15.58577, -4.0225],
					"rotation": [0, 0, 7.5],
					"cubes": [
						{"origin": [-3.04944, 14.59313, -4.02], "size": [1, 2, 0], "pivot": [-2.85777, 14.93403, -4.1], "rotation": [0, 0, -15], "uv": [32, 34]},
						{"origin": [-3.54944, 14.59313, -4.025], "size": [1, 2, 0], "pivot": [-2.85777, 14.93403, -4.1], "rotation": [0, 0, -15], "uv": [32, 61]}
					]
				},
				{
					"name": "eyelid_out_left",
					"parent": "eye_left",
					"pivot": [-2.64782, 16.24634, -4.1],
					"cubes": [
						{"origin": [-3.31132, 16.09469, -4.03], "size": [2, 1, 0], "pivot": [-2.31132, 16.59469, -4.1], "rotation": [0, 0, 45], "uv": [0, 39]},
						{"origin": [-2.51132, 16.84469, -4.04], "size": [1, 1, 0], "pivot": [-2.31132, 16.59469, -4.1], "rotation": [0, 0, 45], "uv": [0, 66]},
						{"origin": [-3.06, 16.84469, -4.04], "size": [1, 1, 0], "pivot": [-2.31132, 16.59469, -4.1], "rotation": [0, 0, 45], "uv": [0, 66]},
						{"origin": [-4.01843, 16.09469, -4.03], "size": [2, 1, 0], "pivot": [-3.01843, 16.59469, -4.1], "rotation": [0, 0, -45], "uv": [13, 39]},
						{"origin": [-3.81843, 16.84469, -4.05], "size": [2, 1, 0], "pivot": [-3.01843, 16.59469, -4.1], "rotation": [0, 0, -45], "uv": [13, 62]},
						{"origin": [-4.37198, 15.53403, -4.03], "size": [1, 1, 0], "uv": [0, 41]},
						{"origin": [-4.77198, 16.18403, -4.04], "size": [1, 1, 0], "uv": [0, 61]},
						{"origin": [-1.95777, 15.53403, -4.03], "size": [1, 1, 0], "uv": [40, 34]},
						{"origin": [-1.55777, 16.18403, -4.04], "size": [1, 1, 0], "uv": [37, 61]}
					]
				},
				{
					"name": "eyelid_left",
					"parent": "eye_left",
					"pivot": [-2.18632, 15.29469, -3.93],
					"cubes": [
						{"origin": [-4.18632, 14.29469, -3.93], "size": [3, 2, 0], "inflate": 0.01, "uv": [0, 16]}
					]
				},
				{
					"name": "mouth",
					"parent": "head",
					"pivot": [0.14508, 12.95771, -4.02],
					"cubes": [
						{"origin": [-2, 12.5, -4.03], "size": [4, 1, 0], "uv": [18, 32]},
						{"origin": [2.03711, 12.65718, -4.02], "size": [2, 1, 0], "pivot": [2.73615, 11.40918, -4], "rotation": [0, 0, -12.5], "uv": [32, 38]},
						{"origin": [-3.79597, 12.8321, -4.02], "size": [2, 1, 0], "pivot": [-3.79597, 12.8321, -4], "rotation": [0, 0, 10], "uv": [39, 20]},
						{"origin": [-3.95442, 11.27094, -4.03], "size": [1, 3, 0], "pivot": [-4.95442, 12.02094, -4], "rotation": [0, 0, 10], "uv": [5, 4]}
					]
				},
				{
					"name": "arm_right",
					"parent": "torso",
					"pivot": [3, 10, -0.5],
					"cubes": [
						{"origin": [3.5, 9.5, -1.5], "size": [5, 1, 2], "uv": [50, 21]}
					]
				},
				{
					"name": "arm_right2",
					"parent": "arm_right",
					"pivot": [8.7712, 10.1875, -0.5],
					"cubes": [
						{"origin": [14.3, 10.25, -2], "size": [3, 0, 1], "pivot": [14.3, 10.25, -1.5], "rotation": [0, 10, 0], "uv": [-1, 30]},
						{"origin": [14.3, 10.25, 0], "size": [3, 0, 1], "pivot": [14.3, 10.25, 0.5], "rotation": [0, -10, 0], "uv": [-1, 28]},
						{"origin": [14.5, 10.25, -1], "size": [3, 0, 1], "uv": [25, 3]},
						{"origin": [8.5, 9.5, -2], "size": [6, 1, 3], "uv": [35, 8]}
					]
				},
				{
					"name": "arm_right_bottom",
					"parent": "arm_right2",
					"pivot": [11.5, 10, -0.5],
					"rotation": [0, 0, 22.5],
					"cubes": [
						{"origin": [8.5, 7, -4], "size": [7, 3, 7], "uv": [52, 60], "mirror": true},
						{"origin": [11, 5.5, -2], "size": [3, 3, 3], "pivot": [12.5, 7, -0.5], "rotation": [0, 0, -45], "uv": [40, 74], "mirror": true}
					]
				},
				{
					"name": "arm_right_top",
					"parent": "arm_right2",
					"pivot": [11.5, 10, -0.5],
					"rotation": [0, 0, -22.5],
					"cubes": [
						{"origin": [8.5, 10, -4], "size": [7, 3, 7], "inflate": 0.01, "uv": [52, 70], "mirror": true},
						{"origin": [11, 11.5, -2], "size": [3, 3, 3], "pivot": [12.5, 13, -0.5], "rotation": [0, 0, -45], "uv": [40, 74], "mirror": true},
						{"origin": [11.5, 7, -5], "size": [0, 3, 1], "pivot": [11.5, 10, -4], "rotation": [-45, 45, 0], "uv": [57, 73], "mirror": true}
					]
				},
				{
					"name": "arm_left",
					"parent": "torso",
					"pivot": [-3, 10, -0.5],
					"cubes": [
						{"origin": [-8.5, 9.5, -1.5], "size": [5, 1, 2], "uv": [50, 49]}
					]
				},
				{
					"name": "arm_left2",
					"parent": "arm_left",
					"pivot": [-8.7712, 10.1875, -0.5],
					"cubes": [
						{"origin": [-17.3, 10.25, -2], "size": [3, 0, 1], "pivot": [-14.3, 10.25, -1.5], "rotation": [0, -10, 0], "uv": [-1, 32]},
						{"origin": [-17.3, 10.25, 0], "size": [3, 0, 1], "pivot": [-14.3, 10.25, 0.5], "rotation": [0, 10, 0], "uv": [32, 20]},
						{"origin": [-17.5, 10.25, -1], "size": [3, 0, 1], "uv": [-1, 37]},
						{"origin": [-14.5, 9.5, -2], "size": [6, 1, 3], "uv": [45, 44]}
					]
				},
				{
					"name": "arm_left_top",
					"parent": "arm_left2",
					"pivot": [-11.5, 10, -0.5],
					"rotation": [0, 0, 22.5],
					"cubes": [
						{"origin": [-15.5, 10, -4], "size": [7, 3, 7], "inflate": 0.01, "uv": [52, 70]},
						{"origin": [-14, 11.5, -2], "size": [3, 3, 3], "pivot": [-12.5, 13, -0.5], "rotation": [0, 0, 45], "uv": [40, 74]},
						{"origin": [-11.5, 7, -5], "size": [0, 3, 1], "pivot": [-11.5, 10, -4], "rotation": [-45, -45, 0], "uv": [57, 73]}
					]
				},
				{
					"name": "arm_left_bottom",
					"parent": "arm_left2",
					"pivot": [-11.5, 10, -0.5],
					"rotation": [0, 0, -22.5],
					"cubes": [
						{"origin": [-15.5, 7, -4], "size": [7, 3, 7], "uv": [52, 60]},
						{"origin": [-14, 5.5, -2], "size": [3, 3, 3], "pivot": [-12.5, 7, -0.5], "rotation": [0, 0, 45], "uv": [40, 74]}
					]
				},
				{
					"name": "tail",
					"parent": "torso",
					"pivot": [0, 4.99984, 2.2831],
					"cubes": [
						{"origin": [-0.5, 4.5, 2.5], "size": [1, 1, 2], "uv": [0, 0]},
						{"origin": [-1, 5.5, 4.5], "size": [3, 0, 3], "pivot": [-0.5, 5.5, 4.5], "rotation": [35, 0, 0], "uv": [28, 55]},
						{"origin": [-2, 3.9256, 4.31858], "size": [3, 0, 3], "pivot": [0, 3.9256, 5.31858], "rotation": [-35, 0, 0], "uv": [52, 34]},
						{"origin": [-2.28597, 5.5, 4.41015], "size": [3, 0, 3], "pivot": [-0.78597, 5.5, 4.91015], "rotation": [35, 0, -90], "uv": [47, 53]},
						{"origin": [0.28597, 5.5, 4.41015], "size": [3, 0, 3], "pivot": [0.78597, 5.5, 4.91015], "rotation": [35, 0, 90], "uv": [0, 53]}
					]
				},
				{
					"name": "leg_left",
					"parent": "body",
					"pivot": [-2, 3.5, 0],
					"cubes": [
						{"origin": [-3.5, 2, -1], "size": [3, 2, 2], "inflate": 0.01, "uv": [62, 0]},
						{"origin": [-2.5, 0, -0.5], "size": [2, 2, 1], "inflate": 0.01, "uv": [63, 1]}
					]
				},
				{
					"name": "leg_right",
					"parent": "body",
					"pivot": [2, 3.5, 0],
					"cubes": [
						{"origin": [0.5, 2, -1], "size": [3, 2, 2], "inflate": 0.01, "uv": [62, 0], "mirror": true},
						{"origin": [0.5, 0, -0.5], "size": [2, 2, 1], "inflate": 0.01, "uv": [63, 1], "mirror": true}
					]
				}
			]
		}
	]
}