{
    "enabled": "true",
    "neededInstalledMods": [],
    "neededUninstalledMods": [],
    "spawns": [
        {
            "id": "arcanine-hisui-1",
            "pokemon": "arcanine hisuian",
            "presets": [
                "natural"
            ],
            "type": "pokemon",
            "context": "grounded",
            "bucket": "rare",
            "level": "38-57",
            "weight": 5.0,
            "condition": {
                "canSeeSky": true,
                "biomes": [
                    "#cobblemon:is_peak"
                ]
            }
        },
        {
            "id": "arcanine-hisui-2",
            "pokemon": "arcanine hisuian",
            "presets": [
                "natural"
            ],
            "type": "pokemon",
            "context": "grounded",
            "bucket": "uncommon",
            "level": "38-57",
            "weight": 3.0,
            "condition": {
                "canSeeSky": true,
                "biomes": [
                    "#cobblemon:nether/is_basalt"
                ]
            }
        }
    ]
}