{
    "enabled": true,
    "neededInstalledMods": [],
    "neededUninstalledMods": [],
    "spawns": [
        {
            "id": "marowak-alolan",
            "pokemon": "marowak alolan",
            "type": "pokemon",
            "context": "grounded",
            "bucket": "rare",
            "level": "15-32",
            "weight": 10.0,
            "condition": {
                "timeRange": "night",
                "canSeeSky": true,
                "biomes": [
                    "#cobblemon:is_beach"
                ]
            }
        }
    ]
}