{
	"format_version": "1.12.0",
	"minecraft:geometry": [
		{
			"description": {
				"identifier": "geometry.houndour",
				"texture_width": 128,
				"texture_height": 128,
				"visible_bounds_width": 3,
				"visible_bounds_height": 2.5,
				"visible_bounds_offset": [0, 0.75, 0]
			},
			"bones": [
				{
					"name": "houndour",
					"pivot": [0, 0, 0]
				},
				{
					"name": "body",
					"parent": "houndour",
					"pivot": [0, 10, 0]
				},
				{
					"name": "torso",
					"parent": "body",
					"pivot": [0, 10, 4],
					"cubes": [
						{"origin": [-4, 12, 0], "size": [8, 2, 2], "uv": [50, 20]},
						{"origin": [-3.5, 7, -5.5], "size": [7, 6, 12], "uv": [0, 0]},
						{"origin": [-4, 12, 3.5], "size": [8, 2, 2], "uv": [46, 31]}
					]
				},
				{
					"name": "leg_left",
					"parent": "torso",
					"pivot": [2.5, 10.25, -2.625],
					"cubes": [
						{"origin": [0.5, 6, -4.5], "size": [4, 6, 4], "uv": [14, 41]}
					]
				},
				{
					"name": "leg_left2",
					"parent": "leg_left",
					"pivot": [4.5, 6, -0.5],
					"cubes": [
						{"origin": [0.5, 2, -4.5], "size": [4, 4, 4], "uv": [26, 50]},
						{"origin": [0.5, 2, -4.5], "size": [4, 2, 4], "inflate": 0.2, "uv": [12, 55]}
					]
				},
				{
					"name": "feet_left2",
					"parent": "leg_left2",
					"pivot": [2.5, 1, -3],
					"cubes": [
						{"origin": [0.5, 0, -5.5], "size": [4, 2, 5], "uv": [50, 13]}
					]
				},
				{
					"name": "tail",
					"parent": "torso",
					"pivot": [0, 12, 5.5],
					"cubes": [
						{"origin": [-1, 11, 6.5], "size": [2, 2, 4], "uv": [0, 0]}
					]
				},
				{
					"name": "neck",
					"parent": "torso",
					"pivot": [0, 9.77756, -3.19664],
					"cubes": [
						{"origin": [-3, 8, -7], "size": [6, 9, 6], "pivot": [0.5, 12, -5], "rotation": [17.5, 0, 0], "uv": [22, 26]}
					]
				},
				{
					"name": "head",
					"parent": "neck",
					"pivot": [0, 14.1625, -5.15],
					"cubes": [
						{"origin": [-3.5, 14, -8.5], "size": [7, 7, 7], "uv": [0, 18]},
						{"origin": [-4, 17.2, -8.8], "size": [8, 4, 0], "uv": [53, 24]},
						{"origin": [4, 20.2, -8.8], "size": [0, 1, 1], "uv": [2, 2]},
						{"origin": [-4, 20.2, -8.8], "size": [0, 1, 1], "uv": [2, 1]},
						{"origin": [-4, 21.2, -8.8], "size": [8, 0, 3], "uv": [36, 0]},
						{"origin": [-2.45, 14.5, -9.5], "size": [0, 1, 1], "uv": [0, 1]},
						{"origin": [-2.5, 15, -10.5], "size": [5, 2, 2], "uv": [55, 35]},
						{"origin": [-0.6, 14.2, -8.51], "size": [3, 1, 0], "uv": [21, 18]},
						{"origin": [2.45, 14.5, -9.5], "size": [0, 1, 1], "uv": [0, 2]},
						{"origin": [-2.4, 14.2, -8.51], "size": [3, 1, 0], "uv": [21, 21]}
					]
				},
				{
					"name": "ear_left",
					"parent": "head",
					"pivot": [3, 19.72972, -3],
					"cubes": [
						{"origin": [2.5, 20.23577, -4.53649], "size": [1, 3, 3], "pivot": [3, 20, -4], "rotation": [-29.53389, 15.62532, 26.05108], "uv": [39, 55]}
					]
				},
				{
					"name": "ear_right",
					"parent": "head",
					"pivot": [-3, 19.72972, -3],
					"cubes": [
						{"origin": [-3.5, 20.23577, -4.53649], "size": [1, 3, 3], "pivot": [-3, 20, -4], "rotation": [-29.53389, -15.62532, -26.05108], "uv": [0, 6]}
					]
				},
				{
					"name": "eye_left",
					"parent": "head",
					"pivot": [2.06014, 17.80926, -8.6],
					"cubes": [
						{"origin": [0.5, 16.8, -8.6], "size": [3, 2, 0], "pivot": [2, 18, -8.6], "rotation": [0, 0, -17.5], "uv": [0, 18]}
					]
				},
				{
					"name": "eye_right",
					"parent": "head",
					"pivot": [-2.06014, 17.80926, -8.6],
					"cubes": [
						{"origin": [-3.5, 16.8, -8.6], "size": [3, 2, 0], "pivot": [-2, 18, -8.6], "rotation": [0, 0, 17.5], "uv": [5, 6]}
					]
				},
				{
					"name": "nose",
					"parent": "head",
					"pivot": [0, 16.7, -10.5],
					"cubes": [
						{"origin": [-0.5, 16.2, -11], "size": [1, 1, 1], "uv": [0, 0]}
					]
				},
				{
					"name": "mouth",
					"parent": "head",
					"pivot": [0, 15.6, -7.4],
					"cubes": [
						{"origin": [-2.5, 14.1, -10.4], "size": [5, 1, 2], "inflate": -0.1, "uv": [21, 22]}
					]
				},
				{
					"name": "leg_right",
					"parent": "torso",
					"pivot": [-2.5, 10.25, -2.625],
					"cubes": [
						{"origin": [-4.5, 6, -4.5], "size": [4, 6, 4], "uv": [34, 14]}
					]
				},
				{
					"name": "leg_right2",
					"parent": "leg_right",
					"pivot": [-4.5, 6, -0.5],
					"cubes": [
						{"origin": [-4.5, 2, -4.5], "size": [4, 4, 4], "uv": [52, 0]},
						{"origin": [-4.5, 2, -4.5], "size": [4, 2, 4], "inflate": 0.2, "uv": [54, 43]}
					]
				},
				{
					"name": "feet_left",
					"parent": "leg_right2",
					"pivot": [-2.5, 1, -3],
					"cubes": [
						{"origin": [-4.5, 0, -5.5], "size": [4, 2, 5], "uv": [39, 6]}
					]
				},
				{
					"name": "backleg_left",
					"parent": "body",
					"pivot": [2.5, 10.375, 4.25],
					"cubes": [
						{"origin": [0.5, 6, 1.5], "size": [4, 6, 5], "inflate": 0.1, "uv": [0, 32]}
					]
				},
				{
					"name": "backleg_left2",
					"parent": "backleg_left",
					"pivot": [4.5, 7, 2.5],
					"cubes": [
						{"origin": [0.5, 2, 2.5], "size": [4, 2, 4], "inflate": 0.2, "uv": [54, 51]},
						{"origin": [0.5, 2, 2.5], "size": [4, 5, 4], "uv": [42, 46]}
					]
				},
				{
					"name": "backfeet_left",
					"parent": "backleg_left2",
					"pivot": [2.5, 1, 4],
					"cubes": [
						{"origin": [0.5, 0, 1.5], "size": [4, 2, 5], "uv": [42, 36]}
					]
				},
				{
					"name": "backleg_right",
					"parent": "body",
					"pivot": [-2.5, 10.375, 4.25],
					"cubes": [
						{"origin": [-4.5, 6, 1.5], "size": [4, 6, 5], "inflate": 0.1, "uv": [26, 0]}
					]
				},
				{
					"name": "backleg_right2",
					"parent": "backleg_right",
					"pivot": [-4.5, 7, 2.5],
					"cubes": [
						{"origin": [-4.5, 2, 2.5], "size": [4, 5, 4], "uv": [30, 41]},
						{"origin": [-4.5, 2, 2.5], "size": [4, 2, 4], "inflate": 0.2, "uv": [0, 53]}
					]
				},
				{
					"name": "backfeet_right",
					"parent": "backleg_right2",
					"pivot": [-2.5, 1, 4.5],
					"cubes": [
						{"origin": [-4.5, 0, 1.5], "size": [4, 2, 5], "uv": [40, 24]}
					]
				}
			]
		}
	]
}