{
	"format_version": "1.8.0",
	"animations": {
		"animation.koraidon.pose": {
			"loop": true,
			"bones": {
				"tail2": {
					"rotation": [11.95738, -25.02522, -12.04847]
				},
				"tail3": {
					"rotation": [8.9101, -31.19256, -6.03267]
				},
				"tail4": {
					"rotation": [-4.49522, -24.3184, 4.50722]
				},
				"tail5": {
					"rotation": [-30.1719, 8.50991, -1.28176],
					"position": [-0.32651, 0.32651, -0.88701]
				},
				"tail6": {
					"rotation": [-32.69626, 3.5992, -9.41868],
					"position": [-0.32651, 0.32651, -0.88701]
				},
				"arm_left": {
					"rotation": [-50.59461, -20.20336, 70.87719],
					"position": [-1.91231, 1.10407, 0.35231]
				},
				"arm_left2": {
					"rotation": [0, 0, 0]
				},
				"arm_left3": {
					"rotation": [32.5, 45, 0]
				},
				"hand_left": {
					"rotation": [0, 0, 25]
				},
				"finger_left_pointer": {
					"rotation": [0, 10, 22.5]
				},
				"finger_left_pointer2": {
					"rotation": [0, 0, 35]
				},
				"finger_left_ring": {
					"rotation": [-3.86032, -9.23186, 22.81179]
				},
				"finger_left_ring2": {
					"rotation": [0, 0, 40]
				},
				"pinky_left": {
					"rotation": [-8.93342, -31.34625, 17.62377],
					"position": [-0.86939, -0.71816, -0.85346]
				},
				"pinky_left2": {
					"rotation": [0, 0, 32.5]
				},
				"thumb_left": {
					"rotation": [20.61395, 28.92731, 37.86917],
					"position": [-0.89167, -0.71108, 0.83624]
				},
				"thumb_left2": {
					"rotation": [0, 0, 37.5]
				},
				"arm_left4": {
					"rotation": [-0.78795, -17.48281, 32.62116],
					"position": [-1.91231, 1.10407, 0.35231]
				},
				"arm_left5": {
					"rotation": [0, 0, 0]
				},
				"arm_left6": {
					"rotation": [0, 45, 0]
				},
				"hand_left2": {
					"rotation": [0, 0, 25]
				},
				"finger_left_pointer3": {
					"rotation": [0, 10, 22.5]
				},
				"finger_left_pointer4": {
					"rotation": [0, 0, 35]
				},
				"finger_left_ring3": {
					"rotation": [-3.86032, -9.23186, 22.81179]
				},
				"finger_left_ring4": {
					"rotation": [0, 0, 40]
				},
				"pinky_left3": {
					"rotation": [-8.93342, -31.34625, 17.62377],
					"position": [-0.86939, -0.71816, -0.85346]
				},
				"pinky_left4": {
					"rotation": [0, 0, 32.5]
				},
				"thumb_left3": {
					"rotation": [10.27, 33.64, 18.11],
					"position": [-0.89167, -0.71108, 0.83624]
				},
				"thumb_left4": {
					"rotation": [0, 0, 37.5]
				},
				"arm_right": {
					"rotation": [5.72517, 36.78841, -28.92129],
					"position": [1.91231, 1.10407, 0.35231]
				},
				"arm_right2": {
					"rotation": [0, 0, 0]
				},
				"arm_right3": {
					"rotation": [91.52606, -66.06351, -65.32858],
					"position": [0, 0, 0]
				},
				"hand_right": {
					"rotation": [0, 0, -25]
				},
				"finger_right_pointer": {
					"rotation": [0, -17.5, -22.5]
				},
				"finger_right_pointer2": {
					"rotation": [0, 0, -60]
				},
				"finger_right_ring": {
					"rotation": [-3.97859, 16.71437, -23.3375]
				},
				"finger_right_ring2": {
					"rotation": [0, 0, -67.5]
				},
				"pinky_right": {
					"rotation": [-11.56303, 48.57575, -21.67088],
					"position": [0.86939, -0.71816, -0.85346]
				},
				"pinky_right2": {
					"rotation": [0, 0, -55]
				},
				"thumb_right": {
					"rotation": [13.57525, -50.77516, -22.97338],
					"position": [0.89167, -0.71108, 0.83624]
				},
				"thumb_right2": {
					"rotation": [0, 0, -62.5]
				},
				"leg_right": {
					"rotation": [7.38392, -13.35993, 18.9566],
					"position": [0.55, -3, 2.4]
				},
				"leg_right2": {
					"rotation": [0, 0, -65],
					"position": [1.45631, 0.87043, 0]
				},
				"jaw": {
					"rotation": [0, 0, 0]
				},
				"tail": {
					"rotation": [-9.44, 5.76, -4.72],
					"position": [0, 1.90523, 1.17051]
				},
				"plume_right10": {
					"rotation": [-20, 0, 0]
				},
				"plume_right9": {
					"rotation": [-17.5, 0, 0]
				},
				"plume_right8": {
					"rotation": [-30, 0, 0]
				},
				"plume_right7": {
					"rotation": [-20, 0, 0]
				},
				"plume_right6": {
					"rotation": [-7.5, 0, 0]
				},
				"plume_right5": {
					"rotation": [-25, 0, 0]
				},
				"plume_right4": {
					"rotation": [-15, 0, 0]
				},
				"plume_right3": {
					"rotation": [-17.5, 0, 0]
				},
				"plume_right2": {
					"rotation": [-7.5, 0, 0]
				},
				"plume_right": {
					"rotation": [-22.5, 0, 0]
				},
				"plume_right12": {
					"rotation": [42.5, 0, 0]
				},
				"plume_right13": {
					"rotation": [47.5, 0, 0]
				},
				"plume_left": {
					"rotation": [-22.5, 0, 0]
				},
				"plume_left2": {
					"rotation": [-7.5, 0, 0]
				},
				"plume_left3": {
					"rotation": [-17.5, 0, 0]
				},
				"plume_left4": {
					"rotation": [-15, 0, 0]
				},
				"plume_left5": {
					"rotation": [-25, 0, 0]
				},
				"plume_left6": {
					"rotation": [-7.5, 0, 0]
				},
				"plume_left7": {
					"rotation": [-20, 0, 0]
				},
				"plume_left8": {
					"rotation": [-30, 0, 0]
				},
				"plume_left9": {
					"rotation": [-17.5, 0, 0]
				},
				"plume_left10": {
					"rotation": [-20, 0, 0]
				},
				"plume_left12": {
					"rotation": [42.5, 0, 0]
				},
				"plume_left13": {
					"rotation": [47.5, 0, 0]
				},
				"leg_feathers_right": {
					"rotation": [-9.31939, -14.13413, -13.53798],
					"position": [4.87945, 0.65207, 0.20606]
				},
				"bone47": {
					"rotation": [0, 0, -30]
				},
				"bone48": {
					"rotation": [0, 0, 30]
				},
				"tail_feather_middle": {
					"rotation": [27.5, 0, 0]
				},
				"tail_feather_middle2": {
					"rotation": [-17.5, 0, 0]
				},
				"feather_right": {
					"rotation": [27.5, 0, 0],
					"position": [2, -0.56, -1.12]
				},
				"feather_right2": {
					"rotation": [-17.5, 0, 0]
				},
				"feather_right3": {
					"rotation": [27.87024, -8.60714, -5.1091],
					"position": [5.32089, 2.23653, -1.91407]
				},
				"feather_right4": {
					"rotation": [-17.5, 0, 0]
				},
				"toe_right": {
					"rotation": [10, 0, 0]
				},
				"toe_right7": {
					"rotation": [35, 0, 0],
					"position": [0, 0, 1]
				},
				"toe_right3": {
					"rotation": [-10, 0, 0]
				},
				"toe_right5": {
					"rotation": [-35, 0, 0],
					"position": [0, 0, -1]
				},
				"leg_left": {
					"rotation": [17.48113, 31.07157, -15.08428],
					"position": [-0.55, -3, 2.4]
				},
				"leg_feathers_left": {
					"rotation": [-9.31939, 14.13413, 13.53798],
					"position": [-4.87945, 0.65207, 0.20606]
				},
				"leg_left2": {
					"rotation": [0, 0, 52.5],
					"position": [-1.45631, 0.87043, 0]
				},
				"toe_left": {
					"rotation": [10, 0, 0]
				},
				"toe_left3": {
					"rotation": [-10, 0, 0]
				},
				"toe_left5": {
					"rotation": [-35, 0, 0],
					"position": [0, 0, -1]
				},
				"toe_left7": {
					"rotation": [35, 0, 0],
					"position": [0, 0, 1]
				},
				"feather_right7": {
					"rotation": [30.39937, -36.25093, -0.08698],
					"position": [7.18931, 8.59735, 0.86953]
				},
				"feather_right8": {
					"rotation": [-17.5, 0, 0]
				},
				"feather_right5": {
					"rotation": [48.93, -33.84, -22.55],
					"position": [4.57852, 7.70538, 2.06694]
				},
				"feather_right6": {
					"rotation": [-10, 0, 0]
				},
				"feather_right9": {
					"rotation": [63.07502, -47.19631, -37.10414],
					"position": [7.57152, 11.39164, 0.59576]
				},
				"feather_right10": {
					"rotation": [-17.5, 0, 0]
				},
				"undefined": {
					"rotation": [-17.5, 0, 0]
				},
				"head": {
					"rotation": [0, 0, 10]
				}
			}
		},
		"animation.koraidon.ground_idle": {
			"loop": true,
			"bones": {
				"tail2": {
					"rotation": [18.2489, -17.38772, -2.81374]
				},
				"tail3": {
					"rotation": [20.20848, -19.05681, -3.42663]
				},
				"tail4": {
					"rotation": [10.72858, -10.54529, -0.99297]
				},
				"tail5": {
					"rotation": [-20.20848, 19.05681, -3.42663],
					"position": [-0.32651, 0.32651, -0.88701]
				},
				"tail6": {
					"rotation": [-20.20848, 19.05681, -3.42663],
					"position": [-0.32651, 0.32651, -0.88701]
				},
				"arm_left": {
					"rotation": [-4.6653, -16.88547, 45.69284],
					"position": [-1.91231, 1.10407, 0.35231]
				},
				"arm_left2": {
					"rotation": [0, 0, 0]
				},
				"arm_left3": {
					"rotation": [32.5, 45, 0]
				},
				"hand_left": {
					"rotation": [0, 0, 25]
				},
				"finger_left_pointer": {
					"rotation": [0, 10, 22.5]
				},
				"finger_left_pointer2": {
					"rotation": [0, 0, 35]
				},
				"finger_left_ring": {
					"rotation": [-3.86032, -9.23186, 22.81179]
				},
				"finger_left_ring2": {
					"rotation": [0, 0, 40]
				},
				"pinky_left": {
					"rotation": [-8.93342, -31.34625, 17.62377],
					"position": [-0.86939, -0.71816, -0.85346]
				},
				"pinky_left2": {
					"rotation": [0, 0, 32.5]
				},
				"thumb_left": {
					"rotation": [10.27, 33.64, 18.11],
					"position": [-0.89167, -0.71108, 0.83624]
				},
				"thumb_left2": {
					"rotation": [0, 0, 37.5]
				},
				"arm_left4": {
					"rotation": [-0.78795, -17.48281, 32.62116],
					"position": [-1.91231, 1.10407, 0.35231]
				},
				"arm_left5": {
					"rotation": [0, 0, 0]
				},
				"arm_left6": {
					"rotation": [0, 45, 0]
				},
				"hand_left2": {
					"rotation": [0, 0, 25]
				},
				"finger_left_pointer3": {
					"rotation": [0, 10, 22.5]
				},
				"finger_left_pointer4": {
					"rotation": [0, 0, 35]
				},
				"finger_left_ring3": {
					"rotation": [-3.86032, -9.23186, 22.81179]
				},
				"finger_left_ring4": {
					"rotation": [0, 0, 40]
				},
				"pinky_left3": {
					"rotation": [-8.93342, -31.34625, 17.62377],
					"position": [-0.86939, -0.71816, -0.85346]
				},
				"pinky_left4": {
					"rotation": [0, 0, 32.5]
				},
				"thumb_left3": {
					"rotation": [10.27, 33.64, 18.11],
					"position": [-0.89167, -0.71108, 0.83624]
				},
				"thumb_left4": {
					"rotation": [0, 0, 37.5]
				},
				"arm_right": {
					"rotation": [-18.95391, 28.19106, -53.52267],
					"position": [1.91231, 1.10407, 0.35231]
				},
				"arm_right2": {
					"rotation": [0, 0, 0]
				},
				"arm_right3": {
					"rotation": [35, -45, 0],
					"position": [0, 0, 0]
				},
				"hand_right": {
					"rotation": [0, 0, -25]
				},
				"finger_right_pointer": {
					"rotation": [0, -10, -22.5]
				},
				"finger_right_pointer2": {
					"rotation": [0, 0, -35]
				},
				"finger_right_ring": {
					"rotation": [-3.86032, 9.23186, -22.81179]
				},
				"finger_right_ring2": {
					"rotation": [0, 0, -40]
				},
				"pinky_right": {
					"rotation": [-8.93342, 31.34625, -17.62377],
					"position": [0.86939, -0.71816, -0.85346]
				},
				"pinky_right2": {
					"rotation": [0, 0, -32.5]
				},
				"thumb_right": {
					"rotation": [10.27, -33.64, -18.11],
					"position": [0.89167, -0.71108, 0.83624]
				},
				"thumb_right2": {
					"rotation": [0, 0, -37.5]
				},
				"leg_right": {
					"rotation": [19.83282, -49.90955, 20.82877],
					"position": [0.55, -3, 2.4]
				},
				"leg_right2": {
					"rotation": [0, 0, -65],
					"position": [1.45631, 0.87043, 0]
				},
				"jaw": {
					"rotation": [0, 0, 0]
				},
				"tail": {
					"rotation": [-22.9577, 11.81066, -12.66865],
					"position": [0, 1.90523, 1.17051]
				},
				"plume_right10": {
					"rotation": [-20, 0, 0]
				},
				"plume_right9": {
					"rotation": [-17.5, 0, 0]
				},
				"plume_right8": {
					"rotation": [-30, 0, 0]
				},
				"plume_right7": {
					"rotation": [-20, 0, 0]
				},
				"plume_right6": {
					"rotation": [-7.5, 0, 0]
				},
				"plume_right5": {
					"rotation": [-25, 0, 0]
				},
				"plume_right4": {
					"rotation": [-15, 0, 0]
				},
				"plume_right3": {
					"rotation": [-17.5, 0, 0]
				},
				"plume_right2": {
					"rotation": [-7.5, 0, 0]
				},
				"plume_right": {
					"rotation": [-37.5, 0, 0],
					"scale": 1.2
				},
				"plume_right12": {
					"rotation": [42.5, 0, 0],
					"position": [0, -0.68191, 0.21795]
				},
				"plume_right13": {
					"rotation": [47.5, 0, 0],
					"position": [0, -0.62037, 0.38098]
				},
				"plume_left": {
					"rotation": [-37.5, 0, 0],
					"scale": 1.2
				},
				"plume_left2": {
					"rotation": [-7.5, 0, 0]
				},
				"plume_left3": {
					"rotation": [-17.5, 0, 0]
				},
				"plume_left4": {
					"rotation": [-15, 0, 0]
				},
				"plume_left5": {
					"rotation": [-25, 0, 0]
				},
				"plume_left6": {
					"rotation": [-7.5, 0, 0]
				},
				"plume_left7": {
					"rotation": [-20, 0, 0]
				},
				"plume_left8": {
					"rotation": [-30, 0, 0]
				},
				"plume_left9": {
					"rotation": [-17.5, 0, 0]
				},
				"plume_left10": {
					"rotation": [-20, 0, 0]
				},
				"plume_left12": {
					"rotation": [42.5, 0, 0]
				},
				"plume_left13": {
					"rotation": [47.5, 0, 0]
				},
				"leg_feathers_right": {
					"rotation": [-9.31939, -14.13413, -13.53798],
					"position": [4.87945, 0.65207, 0.20606]
				},
				"bone47": {
					"rotation": [0, 0, -30]
				},
				"bone48": {
					"rotation": [0, 0, 30]
				},
				"tail_feather_middle": {
					"rotation": [27.5, 0, 0]
				},
				"tail_feather_middle2": {
					"rotation": [-17.5, 0, 0]
				},
				"feather_right": {
					"rotation": [27.5, 0, 0],
					"position": [2, -0.56, -1.12]
				},
				"feather_right2": {
					"rotation": [-17.5, 0, 0]
				},
				"feather_right3": {
					"rotation": [27.87024, -8.60714, -5.1091],
					"position": [5.32089, 2.23653, -1.91407]
				},
				"feather_right4": {
					"rotation": [-17.5, 0, 0]
				},
				"toe_right": {
					"rotation": [10, 0, 0]
				},
				"toe_right7": {
					"rotation": [35, 0, 0],
					"position": [0, 0, 1]
				},
				"toe_right3": {
					"rotation": [-10, 0, 0]
				},
				"toe_right5": {
					"rotation": [-35, 0, 0],
					"position": [0, 0, -1]
				},
				"leg_left": {
					"rotation": [58.36797, 17.84814, -1.67456],
					"position": [-0.55, -3, 2.4]
				},
				"leg_feathers_left": {
					"rotation": [-89.31939, 14.13413, 13.53798],
					"position": [-6.68786, 1.23215, -1.33685]
				},
				"leg_left2": {
					"rotation": [0, 15, 65],
					"position": [-2.27644, 2.62085, 0.51764]
				},
				"toe_left": {
					"rotation": [10, 0, 0]
				},
				"toe_left3": {
					"rotation": [-10, 0, 0]
				},
				"toe_left5": {
					"rotation": [-35, 0, 0],
					"position": [0, 0, -1]
				},
				"toe_left7": {
					"rotation": [35, 0, 0],
					"position": [0, 0, 1]
				},
				"feather_right7": {
					"rotation": [30.39937, -36.25093, -0.08698],
					"position": [7.18931, 8.59735, 0.86953]
				},
				"feather_right8": {
					"rotation": [-17.5, 0, 0]
				},
				"feather_right5": {
					"rotation": [48.93, -33.84, -22.55],
					"position": [4.57852, 7.70538, 2.06694]
				},
				"feather_right6": {
					"rotation": [-10, 0, 0]
				},
				"feather_right9": {
					"rotation": [63.07502, -47.19631, -37.10414],
					"position": [7.57152, 11.39164, 0.59576]
				},
				"feather_right10": {
					"rotation": [-17.5, 0, 0]
				},
				"undefined": {
					"rotation": [-17.5, 0, 0]
				},
				"feather_left7": {
					"rotation": [30.39937, 36.25093, 0.08698],
					"position": [-7.18931, 8.59735, 0.86953]
				},
				"feather_left8": {
					"rotation": [-17.5, 0, 0]
				},
				"feather_left": {
					"rotation": [27.5, 0, 0],
					"position": [-2, -0.56, -1.12]
				},
				"feather_left2": {
					"rotation": [-17.5, 0, 0]
				},
				"feather_left3": {
					"rotation": [27.87024, 8.60714, 5.1091],
					"position": [-5.32089, 2.23653, -1.91407]
				},
				"feather_left4": {
					"rotation": [-17.5, 0, 0]
				},
				"feather_left5": {
					"rotation": [48.93, 33.84, 22.55],
					"position": [-4.57852, 7.70538, 2.06694]
				},
				"feather_left6": {
					"rotation": [-10, 0, 0]
				},
				"feather_left9": {
					"rotation": [63.07502, 47.19631, 37.10414],
					"position": [-7.57152, 11.39164, 0.59576]
				},
				"feather_left10": {
					"rotation": [-17.5, 0, 0]
				},
				"body": {
					"position": [0, -2, 0]
				},
				"waist": {
					"rotation": [17.5, 0, 0]
				},
				"tail_feathers": {
					"rotation": [5, 0, 0],
					"scale": 1.2
				},
				"tail_feathers_right": {
					"scale": 1
				},
				"chest": {
					"scale": 1.05
				},
				"head": {
					"rotation": [-20, 0, 0]
				},
				"crown_feathers": {
					"scale": 1.1
				},
				"crown_feathers2": {
					"scale": 1.1
				},
				"foot_right": {
					"rotation": [0, 0, -10]
				},
				"foot_left": {
					"rotation": [-1.5741, 17.43127, -22.74133]
				}
			}
		},
		"animation.koraidon.battle_idle": {
			"loop": true,
			"bones": {
				"tail2": {
					"rotation": [18.2489, -17.38772, -2.81374]
				},
				"tail3": {
					"rotation": [20.20848, -19.05681, -3.42663]
				},
				"tail4": {
					"rotation": [10.72858, -10.54529, -0.99297]
				},
				"tail5": {
					"rotation": [-20.20848, 19.05681, -3.42663],
					"position": [-0.32651, 0.32651, -0.88701]
				},
				"tail6": {
					"rotation": [-20.20848, 19.05681, -3.42663],
					"position": [-0.32651, 0.32651, -0.88701]
				},
				"arm_left": {
					"rotation": [-68.45813, 9.88505, 25.15613],
					"position": [-2.69898, -0.82698, 1.16501]
				},
				"arm_left2": {
					"rotation": [0, 0, 0]
				},
				"arm_left3": {
					"rotation": [32.5, 45, 0]
				},
				"hand_left": {
					"rotation": [0, 0, 25]
				},
				"finger_left_pointer": {
					"rotation": [0, 10, 22.5]
				},
				"finger_left_pointer2": {
					"rotation": [0, 0, 35]
				},
				"finger_left_ring": {
					"rotation": [-3.86032, -9.23186, 22.81179]
				},
				"finger_left_ring2": {
					"rotation": [0, 0, 40]
				},
				"pinky_left": {
					"rotation": [-8.93342, -31.34625, 17.62377],
					"position": [-0.86939, -0.71816, -0.85346]
				},
				"pinky_left2": {
					"rotation": [0, 0, 32.5]
				},
				"thumb_left": {
					"rotation": [10.27, 33.64, 18.11],
					"position": [-0.89167, -0.71108, 0.83624]
				},
				"thumb_left2": {
					"rotation": [0, 0, 37.5]
				},
				"arm_left4": {
					"rotation": [-0.78795, -17.48281, 32.62116],
					"position": [-1.91231, 1.10407, 0.35231]
				},
				"arm_left5": {
					"rotation": [0, 0, 0]
				},
				"arm_left6": {
					"rotation": [0, 45, 0]
				},
				"hand_left2": {
					"rotation": [0, 0, 25]
				},
				"finger_left_pointer3": {
					"rotation": [0, 10, 22.5]
				},
				"finger_left_pointer4": {
					"rotation": [0, 0, 35]
				},
				"finger_left_ring3": {
					"rotation": [-3.86032, -9.23186, 22.81179]
				},
				"finger_left_ring4": {
					"rotation": [0, 0, 40]
				},
				"pinky_left3": {
					"rotation": [-8.93342, -31.34625, 17.62377],
					"position": [-0.86939, -0.71816, -0.85346]
				},
				"pinky_left4": {
					"rotation": [0, 0, 32.5]
				},
				"thumb_left3": {
					"rotation": [10.27, 33.64, 18.11],
					"position": [-0.89167, -0.71108, 0.83624]
				},
				"thumb_left4": {
					"rotation": [0, 0, 37.5]
				},
				"arm_right": {
					"rotation": [-67.41839, -7.06051, -32.17887],
					"position": [2.69898, -0.82698, 1.16501]
				},
				"arm_right2": {
					"rotation": [0, 0, 0]
				},
				"arm_right3": {
					"rotation": [35, -45, 0],
					"position": [0, 0, 0]
				},
				"hand_right": {
					"rotation": [0, 0, -25]
				},
				"finger_right_pointer": {
					"rotation": [0, -10, -22.5]
				},
				"finger_right_pointer2": {
					"rotation": [0, 0, -35]
				},
				"finger_right_ring": {
					"rotation": [-3.86032, 9.23186, -22.81179]
				},
				"finger_right_ring2": {
					"rotation": [0, 0, -40]
				},
				"pinky_right": {
					"rotation": [-8.93342, 31.34625, -17.62377],
					"position": [0.86939, -0.71816, -0.85346]
				},
				"pinky_right2": {
					"rotation": [0, 0, -32.5]
				},
				"thumb_right": {
					"rotation": [10.27, -33.64, -18.11],
					"position": [0.89167, -0.71108, 0.83624]
				},
				"thumb_right2": {
					"rotation": [0, 0, -37.5]
				},
				"leg_right": {
					"rotation": [19.83282, -49.90955, 20.82877],
					"position": [0.55, -3, 2.4]
				},
				"leg_right2": {
					"rotation": [0, 0, -75],
					"position": [1.45631, 0.87043, 0]
				},
				"jaw": {
					"rotation": [15, 0, 0]
				},
				"tail": {
					"rotation": [-45.316, 17.10201, -27.60264],
					"position": [0, 1.90523, 1.17051]
				},
				"plume_right10": {
					"rotation": [-20, 0, 0]
				},
				"plume_right9": {
					"rotation": [-17.5, 0, 0]
				},
				"plume_right8": {
					"rotation": [-30, 0, 0]
				},
				"plume_right7": {
					"rotation": [-20, 0, 0]
				},
				"plume_right6": {
					"rotation": [-7.5, 0, 0]
				},
				"plume_right5": {
					"rotation": [-25, 0, 0]
				},
				"plume_right4": {
					"rotation": [-15, 0, 0]
				},
				"plume_right3": {
					"rotation": [-17.5, 0, 0]
				},
				"plume_right2": {
					"rotation": [-7.5, 0, 0]
				},
				"plume_right": {
					"rotation": [-37.5, 0, 0],
					"scale": 1.2
				},
				"plume_right12": {
					"rotation": [42.5, 0, 0],
					"position": [0, -0.68191, 0.21795]
				},
				"plume_right13": {
					"rotation": [47.5, 0, 0],
					"position": [0, -0.62037, 0.38098]
				},
				"plume_left": {
					"rotation": [-37.5, 0, 0],
					"scale": 1.2
				},
				"plume_left2": {
					"rotation": [-7.5, 0, 0]
				},
				"plume_left3": {
					"rotation": [-17.5, 0, 0]
				},
				"plume_left4": {
					"rotation": [-15, 0, 0]
				},
				"plume_left5": {
					"rotation": [-25, 0, 0]
				},
				"plume_left6": {
					"rotation": [-7.5, 0, 0]
				},
				"plume_left7": {
					"rotation": [-20, 0, 0]
				},
				"plume_left8": {
					"rotation": [-30, 0, 0]
				},
				"plume_left9": {
					"rotation": [-17.5, 0, 0]
				},
				"plume_left10": {
					"rotation": [-20, 0, 0]
				},
				"plume_left12": {
					"rotation": [42.5, 0, 0]
				},
				"plume_left13": {
					"rotation": [47.5, 0, 0]
				},
				"leg_feathers_right": {
					"rotation": [-9.31939, -14.13413, -13.53798],
					"position": [4.87945, 0.65207, 0.20606]
				},
				"bone47": {
					"rotation": [0, 0, -30]
				},
				"bone48": {
					"rotation": [0, 0, 30]
				},
				"tail_feather_middle": {
					"rotation": [27.5, 0, 0]
				},
				"tail_feather_middle2": {
					"rotation": [-17.5, 0, 0]
				},
				"feather_right": {
					"rotation": [27.5, 0, 0],
					"position": [2, -0.56, -1.12]
				},
				"feather_right2": {
					"rotation": [-17.5, 0, 0]
				},
				"feather_right3": {
					"rotation": [27.87024, -8.60714, -5.1091],
					"position": [5.32089, 2.23653, -1.91407]
				},
				"feather_right4": {
					"rotation": [-17.5, 0, 0]
				},
				"toe_right": {
					"rotation": [10, 0, 0]
				},
				"toe_right7": {
					"rotation": [35, 0, 0],
					"position": [0, 0, 1]
				},
				"toe_right3": {
					"rotation": [-10, 0, 0]
				},
				"toe_right5": {
					"rotation": [-35, 0, 0],
					"position": [0, 0, -1]
				},
				"leg_left": {
					"rotation": [58.36797, 17.84814, -1.67456],
					"position": [-0.55, -3, 2.4]
				},
				"leg_feathers_left": {
					"rotation": [-89.31939, 14.13413, 13.53798],
					"position": [-6.70492, 0.93991, -2.72393]
				},
				"leg_left2": {
					"rotation": [0, 15, 65],
					"position": [-2.27644, 2.62085, 0.51764]
				},
				"toe_left": {
					"rotation": [10, 0, 0]
				},
				"toe_left3": {
					"rotation": [-10, 0, 0]
				},
				"toe_left5": {
					"rotation": [-35, 0, 0],
					"position": [0, 0, -1]
				},
				"toe_left7": {
					"rotation": [35, 0, 0],
					"position": [0, 0, 1]
				},
				"feather_right7": {
					"rotation": [30.39937, -36.25093, -0.08698],
					"position": [7.18931, 8.59735, 0.86953]
				},
				"feather_right8": {
					"rotation": [-17.5, 0, 0]
				},
				"feather_right5": {
					"rotation": [48.93, -33.84, -22.55],
					"position": [4.57852, 7.70538, 2.06694]
				},
				"feather_right6": {
					"rotation": [-10, 0, 0]
				},
				"feather_right9": {
					"rotation": [63.07502, -47.19631, -37.10414],
					"position": [7.57152, 11.39164, 0.59576]
				},
				"feather_right10": {
					"rotation": [-17.5, 0, 0]
				},
				"undefined": {
					"rotation": [-17.5, 0, 0]
				},
				"feather_left7": {
					"rotation": [30.39937, 36.25093, 0.08698],
					"position": [-7.18931, 8.59735, 0.86953]
				},
				"feather_left8": {
					"rotation": [-17.5, 0, 0]
				},
				"feather_left": {
					"rotation": [27.5, 0, 0],
					"position": [-2, -0.56, -1.12]
				},
				"feather_left2": {
					"rotation": [-17.5, 0, 0]
				},
				"feather_left3": {
					"rotation": [27.87024, 8.60714, 5.1091],
					"position": [-5.32089, 2.23653, -1.91407]
				},
				"feather_left4": {
					"rotation": [-17.5, 0, 0]
				},
				"feather_left5": {
					"rotation": [48.93, 33.84, 22.55],
					"position": [-4.57852, 7.70538, 2.06694]
				},
				"feather_left6": {
					"rotation": [-10, 0, 0]
				},
				"feather_left9": {
					"rotation": [63.07502, 47.19631, 37.10414],
					"position": [-7.57152, 11.39164, 0.59576]
				},
				"feather_left10": {
					"rotation": [-17.5, 0, 0]
				},
				"body": {
					"position": [0, -2, 0]
				},
				"waist": {
					"rotation": [37.5, 0, 0]
				},
				"tail_feathers": {
					"rotation": [5, 0, 0],
					"scale": 1.2
				},
				"tail_feathers_right": {
					"scale": 1
				},
				"chest": {
					"rotation": [-7.5, 0, 0],
					"position": [0, -1.32893, 0.48369],
					"scale": 1.05
				},
				"head": {
					"rotation": [-20, 0, 0]
				},
				"crown_feathers": {
					"scale": 1.1
				},
				"crown_feathers2": {
					"scale": 1.1
				},
				"foot_right": {
					"rotation": [0, 0, 0]
				},
				"foot_left": {
					"rotation": [-1.5741, 17.43127, -22.74133]
				},
				"neck2": {
					"rotation": [-10, 0, 0]
				}
			}
		},
		"animation.koraidon.cry": {
			"animation_length": 1.9167,
			"bones": {
				"body": {
					"position": {
						"0.5": [0, 0, 0],
						"0.5417": [-1, 0, 0],
						"0.5833": [0, 0, 0],
						"0.625": [-1, 0, 0],
						"0.6667": [0, 0, 0],
						"0.7083": [-1, 0, 0],
						"0.75": [0, 0, 0],
						"0.7917": [-1, 0, 0],
						"0.8333": [0, 0, 0],
						"0.875": [-1, 0, 0],
						"0.9167": [0, 0, 0],
						"0.9583": [-1, 0, 0],
						"1.0": [0, 0, 0],
						"1.0417": [-1, 0, 0],
						"1.0833": [0, 0, 0],
						"1.125": [-1, 0, 0],
						"1.1667": [0, 0, 0],
						"1.2083": [-1, 0, 0],
						"1.25": [0, 0, 0],
						"1.2917": [-1, 0, 0],
						"1.3333": [0, 0, 0],
						"1.375": [-1, 0, 0],
						"1.4167": [0, 0, 0],
						"1.4583": [-1, 0, 0],
						"1.5": [0, 0, 0],
						"1.5417": [-1, 0, 0],
						"1.5833": [0, 0, 0],
						"1.625": [-1, 0, 0],
						"1.6667": [0, 0, 0],
						"1.7083": [-1, 0, 0],
						"1.75": [0, 0, 0]
					}
				},
				"chest": {
					"rotation": {
						"0.0": {
							"post": [0, 0, 0],
							"lerp_mode": "catmullrom"
						},
						"0.25": {
							"post": [27.5, 0, 0],
							"lerp_mode": "catmullrom"
						},
						"0.5": {
							"post": [-20, 0, 0],
							"lerp_mode": "catmullrom"
						},
						"1.4583": {
							"post": [-20, 0, 0],
							"lerp_mode": "catmullrom"
						},
						"1.9167": {
							"post": [0, 0, 0],
							"lerp_mode": "catmullrom"
						}
					},
					"position": {
						"0.25": [0, 0, 0],
						"0.5": [0, -3.50312, 0.85332],
						"1.4583": [0, -2.56343, 1.19534],
						"1.9167": [0, 0, 0]
					}
				},
				"arm_left": {
					"rotation": {
						"0.0": {
							"post": [0, 0, 0],
							"lerp_mode": "catmullrom"
						},
						"0.25": {
							"post": [0, 40, 0],
							"lerp_mode": "catmullrom"
						},
						"0.5": {
							"post": [-117.5, 0, 0],
							"lerp_mode": "catmullrom"
						},
						"1.4583": {
							"post": [-117.5, 0, 0],
							"lerp_mode": "catmullrom"
						},
						"1.9167": {
							"post": [0, 0, 0],
							"lerp_mode": "catmullrom"
						}
					}
				},
				"arm_left3": {
					"rotation": {
						"0.0": [0, 0, 0],
						"0.25": [0, 0, 27.5],
						"0.5": [0, 0, 0],
						"1.4583": [0, 0, 0],
						"1.9167": [0, 0, 0]
					}
				},
				"arm_right": {
					"rotation": {
						"0.0": {
							"post": [0, 0, 0],
							"lerp_mode": "catmullrom"
						},
						"0.25": {
							"post": [0, -40, 0],
							"lerp_mode": "catmullrom"
						},
						"0.5": {
							"post": [-142.5, 0, 0],
							"lerp_mode": "catmullrom"
						},
						"1.4583": {
							"post": [-142.5, 0, 0],
							"lerp_mode": "catmullrom"
						},
						"1.9167": {
							"post": [0, 0, 0],
							"lerp_mode": "catmullrom"
						}
					},
					"position": {
						"0.25": [0, 0, 0],
						"0.5": [1.14637, -1.58099, -1.08919],
						"1.4583": [1.14637, -1.58099, -1.08919],
						"1.9167": [0, 0, 0]
					}
				},
				"arm_right3": {
					"rotation": {
						"0.0": [0, 0, 0],
						"0.25": [0, 0, -30],
						"0.5": [0, 0, 0],
						"1.4583": [0, 0, 0],
						"1.9167": [0, 0, 0]
					}
				},
				"neck2": {
					"rotation": {
						"0.5": {
							"pre": [0, 0, 0],
							"post": [0, 0, 0],
							"lerp_mode": "catmullrom"
						},
						"1.4583": {
							"post": [-20, 0, 0],
							"lerp_mode": "catmullrom"
						},
						"1.9167": {
							"post": [0, 0, 0],
							"lerp_mode": "catmullrom"
						}
					}
				},
				"head": {
					"rotation": {
						"0.0": {
							"post": [0, 0, 0],
							"lerp_mode": "catmullrom"
						},
						"0.25": {
							"post": [0, 0, 0],
							"lerp_mode": "catmullrom"
						},
						"0.5": {
							"post": [-20, 0, 0],
							"lerp_mode": "catmullrom"
						},
						"1.4583": {
							"post": [-20, 0, 0],
							"lerp_mode": "catmullrom"
						},
						"1.9167": {
							"post": [0, 0, 0],
							"lerp_mode": "catmullrom"
						}
					}
				},
				"jaw": {
					"rotation": {
						"0.0": [0, 0, 0],
						"0.25": [7.5, 0, 0],
						"0.5": [30, 0, 0],
						"1.4583": [27.5, 0, 0],
						"1.9167": [0, 0, 0]
					}
				},
				"tail": {
					"rotation": {
						"0.0": {
							"post": [0, 0, 0],
							"lerp_mode": "catmullrom"
						},
						"0.25": {
							"post": [16.2493, -13.03858, 5.76546],
							"lerp_mode": "catmullrom"
						},
						"0.5": {
							"post": [-16.2493, 13.0386, -5.7655],
							"lerp_mode": "catmullrom"
						},
						"1.5": {
							"post": [-16.2493, 13.0386, -5.7655],
							"lerp_mode": "catmullrom"
						},
						"1.9167": {
							"post": [0, 0, 0],
							"lerp_mode": "catmullrom"
						}
					}
				},
				"tail2": {
					"rotation": {
						"0.0": {
							"post": [0, 0, 0],
							"lerp_mode": "catmullrom"
						},
						"0.25": {
							"post": [1.76833, -1.76749, -0.02728],
							"lerp_mode": "catmullrom"
						},
						"1.9167": {
							"post": [0, 0, 0],
							"lerp_mode": "catmullrom"
						}
					}
				},
				"tail3": {
					"rotation": {
						"0.0": {
							"post": [0, 0, 0],
							"lerp_mode": "catmullrom"
						},
						"0.25": {
							"post": [10.72858, -10.54529, -0.99297],
							"lerp_mode": "catmullrom"
						},
						"0.5833": {
							"post": [2.47111, -1.11556, -0.07019],
							"lerp_mode": "catmullrom"
						},
						"0.75": {
							"post": [7.38873, -6.79003, -0.45748],
							"lerp_mode": "catmullrom"
						},
						"1.5833": {
							"post": [7.38873, -6.79003, -0.45748],
							"lerp_mode": "catmullrom"
						},
						"1.9167": {
							"post": [0, 0, 0],
							"lerp_mode": "catmullrom"
						}
					}
				},
				"tail4": {
					"rotation": {
						"0.0": {
							"post": [0, 0, 0],
							"lerp_mode": "catmullrom"
						},
						"0.25": {
							"post": [14.43276, -13.99545, -1.78082],
							"lerp_mode": "catmullrom"
						},
						"0.5833": {
							"post": [1.05026, 0.97762, -0.52023],
							"lerp_mode": "catmullrom"
						},
						"0.6667": {
							"post": [-3.91819, 6.6063, -0.95215],
							"lerp_mode": "catmullrom"
						},
						"1.5": {
							"post": [-3.91819, 6.6063, -0.95215],
							"lerp_mode": "catmullrom"
						},
						"1.9167": {
							"post": [0, 0, 0],
							"lerp_mode": "catmullrom"
						}
					}
				},
				"tail5": {
					"rotation": {
						"0.0": {
							"post": [0, 0, 0],
							"lerp_mode": "catmullrom"
						},
						"0.25": {
							"post": [35.26439, -30, -9.73561],
							"lerp_mode": "catmullrom"
						},
						"0.75": {
							"post": [17.26716, -14.78837, -3.65146],
							"lerp_mode": "catmullrom"
						},
						"1.5833": {
							"post": [17.26716, -14.78837, -3.65146],
							"lerp_mode": "catmullrom"
						},
						"1.9167": {
							"post": [0, 0, 0],
							"lerp_mode": "catmullrom"
						}
					}
				},
				"tail6": {
					"rotation": {
						"0.0": {
							"post": [0, 0, 0],
							"lerp_mode": "catmullrom"
						},
						"0.25": {
							"post": [40.12074, -32.79775, -12.26759],
							"lerp_mode": "catmullrom"
						},
						"0.875": {
							"post": [6.99726, -7.32884, -3.42235],
							"lerp_mode": "catmullrom"
						},
						"1.7083": {
							"post": [6.99726, -7.32884, -3.42235],
							"lerp_mode": "catmullrom"
						},
						"1.9167": {
							"post": [0, 0, 0],
							"lerp_mode": "catmullrom"
						}
					}
				},
				"eyelid_left": {
					"position": {
						"0.0": [0, 0, 0],
						"0.2083": [0, 0, 0],
						"0.25": [1, 1, 0],
						"0.375": [1, 1, 0],
						"0.4167": [0, 0, 0]
					}
				}
			}
		},
		"animation.koraidon.blink": {
			"animation_length": 0.1667,
			"bones": {
				"eyelid_left": {
					"position": {
						"0.0": [1, 1, 0],
						"0.125": {"pre": [1, 1, 0], "post": [0, 0, 0]},
						"0.1667": {"pre": [0, 0, 0], "post": [1, 1, 0]}
					}
				}
			}
		},
		"animation.koraidon.sleep": {
			"loop": true,
			"bones": {
				"body": {
					"rotation": [60, 0, -90],
					"position": [0, -20, 0]
				},
				"tail_feather_middle": {
					"rotation": [30, 0, 0]
				},
				"tail_feather_middle2": {
					"rotation": [-15, 0, 0]
				},
				"feather_right7": {
					"rotation": [30.39937, -36.25093, -0.08698],
					"position": [7.18931, 8.59735, 0.86953]
				},
				"feather_right8": {
					"rotation": [-17.5, 0, 0]
				},
				"feather_right": {
					"rotation": [27.5, 0, 0],
					"position": [2, -0.56, -1.12]
				},
				"feather_right2": {
					"rotation": [-17.5, 0, 0]
				},
				"feather_right3": {
					"rotation": [27.87024, -8.60714, -5.1091],
					"position": [5.32089, 2.23653, -1.91407]
				},
				"feather_right4": {
					"rotation": [-17.5, 0, 0]
				},
				"feather_right5": {
					"rotation": [48.93, -33.84, -22.55],
					"position": [4.57852, 7.70538, 2.06694]
				},
				"feather_right6": {
					"rotation": [-10, 0, 0]
				},
				"feather_right9": {
					"rotation": [63.07502, -47.19631, -37.10414],
					"position": [7.57152, 11.39164, 0.59576]
				},
				"feather_right10": {
					"rotation": [-17.5, 0, 0]
				},
				"chest": {
					"rotation": [32.5, 0, 0]
				},
				"arm_left": {
					"rotation": [-15, 7.5, 77.5]
				},
				"arm_left3": {
					"rotation": [118.30798, 68.37334, 105.26138]
				},
				"hand_left": {
					"rotation": [0, 0, 27.5]
				},
				"finger_left_pointer": {
					"rotation": [0, 12.5, 0]
				},
				"finger_left_pointer2": {
					"rotation": [0, 0, 25]
				},
				"thumb_left": {
					"rotation": [0, 30, 0]
				},
				"thumb_left2": {
					"rotation": [0, 0, 20]
				},
				"head": {
					"rotation": [-0.21362, 6.49053, 16.23387]
				},
				"plume_right": {
					"rotation": [-20, 0, 0]
				},
				"plume_right2": {
					"rotation": [-39.00229, 0.38875, 9.1964]
				},
				"plume_right3": {
					"rotation": [42.5, 0, 0]
				},
				"plume_right6": {
					"rotation": [-20, 0, 0]
				},
				"plume_right7": {
					"rotation": [22.5, 0, 0]
				},
				"plume_right8": {
					"rotation": [-23.36075, 4.57113, 21.37017]
				},
				"plume_right9": {
					"rotation": [-16.36805, 2.24169, 15.00992]
				},
				"plume_right10": {
					"rotation": [-19.8947, 3.30951, 18.22376]
				},
				"plume_right11": {
					"rotation": [12.79989, 1.26772, -11.75012]
				},
				"plume_right12": {
					"rotation": [16.38568, 2.10522, -15.02923]
				},
				"plume_right13": {
					"rotation": [-14.5845, 1.78276, 13.38066]
				},
				"plume_left": {
					"rotation": [2.47844, 1.85635, -8.18468]
				},
				"plume_left2": {
					"rotation": [19.78217, 2.57594, -39.6658]
				},
				"plume_left3": {
					"rotation": [12.5, 0, -32.5]
				},
				"plume_left4": {
					"rotation": [0, 0, 35]
				},
				"plume_left5": {
					"rotation": [-15, 0, 0]
				},
				"plume_left6": {
					"rotation": [-22.5, 0, 0]
				},
				"plume_left7": {
					"rotation": [-22.32648, -2.86313, -6.93488]
				},
				"plume_left8": {
					"rotation": [0, 0, -12.5]
				},
				"plume_left9": {
					"rotation": [-6.77427, -2.43383, -26.80409]
				},
				"plume_left10": {
					"rotation": [8.98689, 0.31188, 18.71614]
				},
				"plume_left11": {
					"rotation": [-14.12102, -2.66898, -11.12072]
				},
				"plume_left12": {
					"rotation": [-10.65464, -1.68895, -10.28191]
				},
				"plume_left13": {
					"rotation": [-17.52807, -3.84729, -16.89766]
				},
				"eyelid_left": {
					"position": [1, 1, 0]
				},
				"tail": {
					"rotation": [-35.28586, 15.37198, -20.71738]
				},
				"tail2": {
					"rotation": [-30.68206, 27.03402, -7.54628]
				},
				"tail3": {
					"rotation": [-32.94098, 28.53623, -8.59949]
				},
				"tail4": {
					"rotation": [-36.341, 23.92746, -5.67731]
				},
				"tail5": {
					"rotation": [-32.94098, 28.53623, -8.59949]
				},
				"tail6": {
					"rotation": [-22.20765, 20.70481, -4.10661]
				},
				"leg_right": {
					"rotation": [4.87011, -46.08713, -45.90368],
					"position": [-0.14713, -1.43809, 1.38212]
				},
				"leg_right2": {
					"rotation": [0, 0, 10]
				},
				"foot_right": {
					"rotation": [0, 0, -37.5]
				},
				"toe_right": {
					"rotation": [0, 0, -32.5]
				},
				"toe_right3": {
					"rotation": [0, 0, -32.5]
				},
				"toe_right5": {
					"rotation": [0, 0, -10]
				},
				"toe_right7": {
					"rotation": [0, 0, -10]
				},
				"leg_left": {
					"rotation": [-20.67686, 31.82173, -3.83748],
					"position": [-0.41719, 2.72408, 0.58284]
				},
				"leg_left2": {
					"rotation": [0, 0, 67.5],
					"position": [-1.58, 3.58, 0.16]
				},
				"foot_left": {
					"rotation": [-2.57816, 7.04533, 12.34126],
					"position": [-1.35118, 1.47455, 0]
				},
				"toe_left": {
					"rotation": [0, 0, 17.5]
				},
				"toe_left2": {
					"rotation": [1.14651, 0.81908, 12.42884]
				},
				"toe_left3": {
					"rotation": [0, 0, 25]
				},
				"toe_left6": {
					"rotation": [0, 0, 12.5]
				},
				"toe_left7": {
					"rotation": [0, 0, 12.5]
				},
				"toe_left8": {
					"rotation": [0, 0, 12.5]
				},
				"tail_feathers": {
					"rotation": [-40, 0, 0]
				},
				"feather_left7": {
					"rotation": [30.39937, 36.25093, 0.08698],
					"position": [-7.18931, 8.59735, 0.86953]
				},
				"feather_left8": {
					"rotation": [-17.5, 0, 0]
				},
				"feather_left": {
					"rotation": [27.5, 0, 0],
					"position": [-2, -0.56, -1.12]
				},
				"feather_left2": {
					"rotation": [-17.5, 0, 0]
				},
				"feather_left3": {
					"rotation": [27.87024, 8.60714, 5.1091],
					"position": [-5.32089, 2.23653, -1.91407]
				},
				"feather_left4": {
					"rotation": [-17.5, 0, 0]
				},
				"feather_left5": {
					"rotation": [48.93, 33.84, 22.55],
					"position": [-4.57852, 7.70538, 2.06694]
				},
				"feather_left6": {
					"rotation": [-10, 0, 0]
				},
				"feather_left9": {
					"rotation": [63.07502, 47.19631, 37.10414],
					"position": [-7.57152, 11.39164, 0.59576]
				},
				"feather_left10": {
					"rotation": [-17.5, 0, 0]
				},
				"pinky_left": {
					"rotation": [-3.09472, -22.29711, 8.11003]
				},
				"pinky_left2": {
					"rotation": [0, 0, 22.5]
				},
				"arm_right": {
					"rotation": [87.5, -87.5, 0],
					"position": [3.99239, 0.17448, -0.17431]
				},
				"arm_right2": {
					"rotation": [0, 0, 17.5]
				},
				"arm_right3": {
					"rotation": [-177.58508, -0.64686, -0.01363],
					"position": [-0.00071, -2.99734, 0.1664]
				},
				"hand_right": {
					"rotation": [0, 0, 15]
				},
				"finger_right_pointer": {
					"rotation": [0, -15, 0]
				},
				"finger_right_ring": {
					"rotation": [0, 12.5, 0]
				},
				"pinky_right": {
					"rotation": [0, 37.5, 0],
					"position": [-0.60876, 0, -0.79335]
				},
				"thumb_right": {
					"rotation": [0, -32.5, 0]
				},
				"toe_left5": {
					"rotation": [0, 0, 30]
				}
			}
		}
	}
}