{
	"format_version": "1.8.0",
	"animations": {
		"animation.tynamo.ground_idle": {
			"loop": true,
			"bones": {
				"tynamo": {
					"rotation": [
						"2.5-math.sin(q.anim_time*90*4)*1-(math.sin(q.anim_time*90*4)*1)",
						"0-math.sin(q.anim_time*90*4)*1-(math.sin(q.anim_time*90*4)*1)",
						"0-math.sin(q.anim_time*90*4)*1-(math.sin(q.anim_time*90*4)*1)"
					],
					"position": [
						"0+math.sin(q.anim_time*10*4)*2+(math.sin(q.anim_time*5*4)*2)*2-(math.sin(q.anim_time*10*4)*2):+(math.sin(q.anim_time*10*4)*2)",
						"9-math.sin(q.anim_time*20*4)*2-(math.sin(q.anim_time*20*4)*1)",
						"-7+math.sin(q.anim_time*5*1)*2+(math.sin(q.anim_time*4*1)*2)"
					]
				},
				"head": {
					"rotation": [0, "2.5-math.sin(q.anim_time*90*4)*4+math.sin(q.anim_time*90*4)*4", 0]
				},
				"Torso": {
					"rotation": [0, "-4.5-math.sin(q.anim_time*90*4)*6-(math.sin(q.anim_time*90*4)*6)", 0]
				},
				"Tail1": {
					"rotation": [0, "8+math.sin(q.anim_time*90*4)*8+(math.sin(q.anim_time*90*4)*8)", 0]
				},
				"Tail2": {
					"rotation": [0, "-5.5-math.sin(q.anim_time*50*4)*5-(math.sin(q.anim_time*50*4)*5)", 0]
				},
				"Fin2": {
					"position": [0, 0, -1.8],
					"scale": [1, 1, 1.37]
				}
			}
		},
		"animation.tynamo.water_idle": {
			"loop": true,
			"bones": {
				"tynamo": {
					"rotation": [
						"2.5-math.sin(q.anim_time*90*4)*1-(math.sin(q.anim_time*90*4)*1)",
						"0-math.sin(q.anim_time*90*4)*1-(math.sin(q.anim_time*90*4)*1)",
						"0-math.sin(q.anim_time*90*4)*1-(math.sin(q.anim_time*90*4)*1)"
					],
					"position": [
						"0+math.sin(q.anim_time*10*4)*2+(math.sin(q.anim_time*5*4)*2)*2-(math.sin(q.anim_time*10*4)*2):+(math.sin(q.anim_time*10*4)*2)",
						"9-math.sin(q.anim_time*20*4)*2-(math.sin(q.anim_time*20*4)*1)",
						"-7+math.sin(q.anim_time*5*1)*2+(math.sin(q.anim_time*4*1)*2)"
					]
				},
				"head": {
					"rotation": [0, "2.5-math.sin(q.anim_time*90*4)*4+math.sin(q.anim_time*90*4)*4", 0]
				},
				"Torso": {
					"rotation": [0, "-4.5-math.sin(q.anim_time*90*4)*6-(math.sin(q.anim_time*90*4)*6)", 0]
				},
				"Tail1": {
					"rotation": [0, "8+math.sin(q.anim_time*90*4)*8+(math.sin(q.anim_time*90*4)*8)", 0]
				},
				"Tail2": {
					"rotation": [0, "-5.5-math.sin(q.anim_time*50*4)*5-(math.sin(q.anim_time*50*4)*5)", 0]
				},
				"Fin2": {
					"position": [0, 0, -1.8],
					"scale": [1, 1, 1.37]
				}
			}
		},
		"animation.tynamo.water_swim": {
			"loop": true,
			"bones": {
				"tynamo": {
					"rotation": [
						"2.5-math.sin(q.anim_time*90*4)*1-(math.sin(q.anim_time*90*4)*1)",
						"0-math.sin(q.anim_time*90*4)*1-(math.sin(q.anim_time*90*4)*1)",
						"0-math.sin(q.anim_time*90*4)*1-(math.sin(q.anim_time*90*4)*1)"
					],
					"position": [
						"0+math.sin(q.anim_time*10*4)*2+(math.sin(q.anim_time*5*4)*2)*2-(math.sin(q.anim_time*10*4)*2):+(math.sin(q.anim_time*10*4)*2)",
						"9-math.sin(q.anim_time*20*4)*2-(math.sin(q.anim_time*20*4)*1)",
						"-7+math.sin(q.anim_time*5*1)*2+(math.sin(q.anim_time*4*1)*2)"
					]
				},
				"head": {
					"rotation": [0, "2.5-math.sin(q.anim_time*90*4)*4+math.sin(q.anim_time*90*4)*4", 0]
				},
				"Torso": {
					"rotation": [0, "-4.5-math.sin(q.anim_time*90*4)*6-(math.sin(q.anim_time*90*4)*6)", 0]
				},
				"Tail1": {
					"rotation": [0, "8+math.sin(q.anim_time*90*4)*8+(math.sin(q.anim_time*90*4)*8)", 0]
				},
				"Tail2": {
					"rotation": [0, "-5.5-math.sin(q.anim_time*50*4)*5-(math.sin(q.anim_time*50*4)*5)", 0]
				},
				"Fin2": {
					"position": [0, 0, -1.8],
					"scale": [1, 1, 1.37]
				}
			}
		},
		"animation.tynamo.blink": {
			"animation_length": 0.08333,
			"bones": {
				"Righteyae": {
					"position": {
						"0.0": [0, 1.8, 0],
						"0.0417": [0, 1.8, 0],
						"0.0833": [0, 0, 0]
					},
					"scale": {
						"0.0": [1, 0.1, 1],
						"0.0417": [1, 0.1, 1],
						"0.0833": [1, 1, 1]
					}
				},
				"lefteye": {
					"position": {
						"0.0": [0, 1.8, 0],
						"0.0417": [0, 1.8, 0],
						"0.0833": [0, 0, 0]
					},
					"scale": {
						"0.0": [1, 0.1, 1],
						"0.0417": [1, 0.1, 1],
						"0.0833": [1, 1, 1]
					}
				}
			}
		},
		"animation.tynamo.ground_walk": {
			"loop": true,
			"bones": {
				"tynamo": {
					"rotation": [
						"2.5-math.sin(q.anim_time*90*4)*1-(math.sin(q.anim_time*90*4)*1)",
						"0-math.sin(q.anim_time*90*4)*1-(math.sin(q.anim_time*90*4)*1)",
						"0-math.sin(q.anim_time*90*4)*1-(math.sin(q.anim_time*90*4)*1)"
					],
					"position": [
						"0+math.sin(q.anim_time*10*4)*2+(math.sin(q.anim_time*5*4)*2)*2-(math.sin(q.anim_time*10*4)*2):+(math.sin(q.anim_time*10*4)*2)",
						"9-math.sin(q.anim_time*20*4)*2-(math.sin(q.anim_time*20*4)*1)",
						"-7+math.sin(q.anim_time*5*1)*2+(math.sin(q.anim_time*4*1)*2)"
					]
				},
				"head": {
					"rotation": [0, "2.5-math.sin(q.anim_time*90*4)*4+math.sin(q.anim_time*90*4)*4", 0]
				},
				"Torso": {
					"rotation": ["5-math.sin(q.anim_time*90*4)*6-(math.sin(q.anim_time*90*4)*6)", "-4.5-math.sin(q.anim_time*90*4)*6-(math.sin(q.anim_time*90*4)*6)", 0]
				},
				"Tail1": {
					"rotation": ["0+math.sin(q.anim_time*90*4)*8+(math.sin(q.anim_time*90*4)*8)", "8+math.sin(q.anim_time*90*4)*8+(math.sin(q.anim_time*90*4)*8)", 0]
				},
				"Tail2": {
					"rotation": ["-9-math.sin(q.anim_time*50*4)*5-(math.sin(q.anim_time*50*4)*5)", "-5.5-math.sin(q.anim_time*50*4)*5-(math.sin(q.anim_time*50*4)*5)", 0],
					"position": [0, 0, -0.5]
				},
				"Fin2": {
					"position": [0, 0, -1.8],
					"scale": [1, 1, 1.37]
				}
			}
		}
	}
}