{
	"format_version": "1.8.0",
	"animations": {
		"animation.garbodor.ground_idle": {
			"loop": true,
			"animation_length": 3,
			"bones": {
				"right_arm1": {
					"rotation": {
						"0.0": [6.54554, -16.99672, -5.20904],
						"1.5": [7.86152, -11.40985, -9.67471],
						"3.0": [6.54554, -16.99672, -5.20904]
					}
				},
				"right_arm12": {
					"rotation": [-7.93839, -34.19161, 15.06386]
				},
				"right_arm2": {
					"rotation": [-2.5, 0, 37.5]
				},
				"1part": {
					"rotation": {
						"0.0": {
							"post": [-3.8726, -23.27361, 56.83653],
							"lerp_mode": "catmullrom"
						},
						"1.25": {
							"post": [-2.66952, -26.23977, 48.80086],
							"lerp_mode": "catmullrom"
						},
						"2.25": {
							"post": [-2.56895, -21.24499, 48.55132],
							"lerp_mode": "catmullrom"
						},
						"3.0": {
							"post": [-3.8726, -23.27361, 56.83653],
							"lerp_mode": "catmullrom"
						}
					}
				},
				"bone2": {
					"rotation": {
						"0.0": {
							"post": [0, 65, 0],
							"lerp_mode": "catmullrom"
						},
						"1.25": {
							"post": [-4.32055, 59.90568, -4.99052],
							"lerp_mode": "catmullrom"
						},
						"2.25": {
							"post": [2.58936, 49.96157, 3.94689],
							"lerp_mode": "catmullrom"
						},
						"3.0": {
							"post": [0, 65, 0],
							"lerp_mode": "catmullrom"
						}
					}
				},
				"bone3": {
					"rotation": {
						"0.0": {
							"post": [0, 35, 0],
							"lerp_mode": "catmullrom"
						},
						"1.0": {
							"post": [6.25038, 39.58992, 9.7516],
							"lerp_mode": "catmullrom"
						},
						"2.25": {
							"post": [5.64347, 36.11961, 9.27571],
							"lerp_mode": "catmullrom"
						},
						"3.0": {
							"post": [0, 35, 0],
							"lerp_mode": "catmullrom"
						}
					}
				},
				"bone4": {
					"rotation": {
						"0.0": {
							"post": [0, 17.5, 0],
							"lerp_mode": "catmullrom"
						},
						"1.25": {
							"post": [0.78795, 17.48281, 2.62116],
							"lerp_mode": "catmullrom"
						},
						"2.25": {
							"post": [0.79969, 19.98257, 2.65773],
							"lerp_mode": "catmullrom"
						},
						"3.0": {
							"post": [0, 17.5, 0],
							"lerp_mode": "catmullrom"
						}
					}
				},
				"bone5": {
					"rotation": {
						"0.0": [0, 2.5, 0],
						"1.5": {
							"pre": [0, 10, 0],
							"post": [0, 10, 0],
							"lerp_mode": "catmullrom"
						},
						"3.0": [0, 2.5, 0]
					}
				},
				"right_arm3": {
					"rotation": [0, 0, 15]
				},
				"right_arm4": {
					"rotation": [0, 0, 20]
				},
				"right_wrist": {
					"rotation": [-9.91615, 1.29876, 22.38733]
				},
				"right_hand": {
					"rotation": [-15, 0, -20]
				},
				"left_foot": {
					"rotation": {
						"0.0": [0, 0, 0],
						"1.0": [0, 5, 0],
						"3.0": [0, 0, 0]
					}
				},
				"right_foot": {
					"rotation": {
						"0.0": [0, 0, 0],
						"1.0": [0, -5, 0],
						"3.0": [0, 0, 0]
					}
				},
				"torso": {
					"rotation": {
						"0.0": {
							"post": [0, 0, 0],
							"lerp_mode": "catmullrom"
						},
						"0.75": {
							"post": [2.5, 0, 0],
							"lerp_mode": "catmullrom"
						},
						"1.5": {
							"post": [0, 0, 0],
							"lerp_mode": "catmullrom"
						},
						"2.25": {
							"post": [-2.5, 0, 0],
							"lerp_mode": "catmullrom"
						},
						"3.0": {
							"post": [0, 0, 0],
							"lerp_mode": "catmullrom"
						}
					}
				},
				"rightarmpit_1": {
					"rotation": {
						"0.0": [0, 0, 0],
						"0.75": {
							"pre": [0, 0, 2.5],
							"post": [0, 0, 2.5],
							"lerp_mode": "catmullrom"
						},
						"2.25": {
							"post": [0, 0, -2.5],
							"lerp_mode": "catmullrom"
						},
						"3.0": [0, 0, 0]
					}
				},
				"rightarmpit_2": {
					"rotation": {
						"0.0": [0, 0, 0],
						"0.75": {
							"pre": [0, 0, 5],
							"post": [0, 0, 5],
							"lerp_mode": "catmullrom"
						},
						"2.25": [0, 0, 0],
						"3.0": [0, 0, 0]
					}
				},
				"left_armpit1": {
					"rotation": {
						"0.0": [0, 0, 0],
						"0.75": {
							"pre": [0, 0, -2.5],
							"post": [0, 0, -2.5],
							"lerp_mode": "catmullrom"
						},
						"2.25": {
							"post": [0, 0, 2.5],
							"lerp_mode": "catmullrom"
						},
						"3.0": [0, 0, 0]
					}
				},
				"left_armpit2": {
					"rotation": {
						"0.0": [0, 0, 0],
						"0.75": {
							"pre": [0, 0, -2.5],
							"post": [0, 0, -2.5],
							"lerp_mode": "catmullrom"
						},
						"2.25": [0, 0, 0],
						"3.0": [0, 0, 0]
					}
				},
				"left_chest1": {
					"rotation": {
						"0.0": {
							"post": [0, 0, 0],
							"lerp_mode": "catmullrom"
						},
						"0.75": {
							"post": [-2.5, 0, 0],
							"lerp_mode": "catmullrom"
						},
						"2.25": {
							"post": [2.5, 0, 0],
							"lerp_mode": "catmullrom"
						},
						"3.0": [0, 0, 0]
					}
				},
				"left_chest2": {
					"rotation": {
						"0.0": [0, 0, 0],
						"0.75": {
							"pre": [-2.5, 0, 0],
							"post": [-2.5, 0, 0],
							"lerp_mode": "catmullrom"
						},
						"2.25": {
							"post": [2.5, 0, 0],
							"lerp_mode": "catmullrom"
						},
						"3.0": [0, 0, 0]
					}
				},
				"right_chest1": {
					"rotation": {
						"0.0": [0, 0, 0],
						"0.75": {
							"pre": [-2.5, 0, 0],
							"post": [-2.5, 0, 0],
							"lerp_mode": "catmullrom"
						},
						"2.25": {
							"post": [2.5, 0, 0],
							"lerp_mode": "catmullrom"
						},
						"3.0": [0, 0, 0]
					}
				},
				"right_chest2": {
					"rotation": {
						"0.0": [0, 0, 0],
						"0.75": {
							"pre": [-2.5, 0, 0],
							"post": [-2.5, 0, 0],
							"lerp_mode": "catmullrom"
						},
						"2.25": {
							"post": [5, 0, 0],
							"lerp_mode": "catmullrom"
						},
						"3.0": [0, 0, 0]
					}
				},
				"rightcape_1": {
					"rotation": {
						"0.0": {
							"post": [0, 0, 0],
							"lerp_mode": "catmullrom"
						},
						"0.75": {
							"post": [-7.5, 0, 0],
							"lerp_mode": "catmullrom"
						},
						"1.5": {
							"post": [0, 0, 0],
							"lerp_mode": "catmullrom"
						},
						"2.25": {
							"post": [2.5, 0, 0],
							"lerp_mode": "catmullrom"
						},
						"3.0": {
							"post": [0, 0, 0],
							"lerp_mode": "catmullrom"
						}
					}
				},
				"right_cape_2": {
					"rotation": {
						"0.0": [2.5, 0, 0],
						"0.75": {
							"pre": [8.8, 0, 0],
							"post": [8.8, 0, 0],
							"lerp_mode": "catmullrom"
						},
						"1.5": {
							"post": [1.86, 0, 0],
							"lerp_mode": "catmullrom"
						},
						"2.25": {
							"post": [6.5, 0, 0],
							"lerp_mode": "catmullrom"
						},
						"3.0": [2.5, 0, 0]
					}
				},
				"leftcape_1": {
					"rotation": {
						"0.0": [-3, 0, 0],
						"0.75": {
							"pre": [-7.5, 0, 0],
							"post": [-7.5, 0, 0],
							"lerp_mode": "catmullrom"
						},
						"1.5": {
							"post": [0, 0, 0],
							"lerp_mode": "catmullrom"
						},
						"2.25": {
							"post": [2.5, 0, 0],
							"lerp_mode": "catmullrom"
						},
						"3.0": [-3, 0, 0]
					}
				},
				"leftcape_2": {
					"rotation": {
						"0.0": {
							"post": [7.5, 0, 0],
							"lerp_mode": "catmullrom"
						},
						"0.75": {
							"post": [6.5, 0, 0],
							"lerp_mode": "catmullrom"
						},
						"1.5": {
							"post": [-0.06, 0, 0],
							"lerp_mode": "catmullrom"
						},
						"2.25": {
							"post": [4.5, 0, 0],
							"lerp_mode": "catmullrom"
						},
						"3.0": {
							"post": [7.5, 0, 0],
							"lerp_mode": "catmullrom"
						}
					}
				}
			}
		},
		"animation.garbodor.ground_walk": {
			"loop": true,
			"animation_length": 2,
			"bones": {
				"torso": {
					"rotation": {
						"0.0": [0, 0, 0],
						"0.5": [-4.99527, 0.21782, 2.4905],
						"1.0": [-2.49762, -0.10901, -2.49762],
						"1.5": [-4.99527, 0.21782, 2.4905],
						"2.0": [0, 0, 0]
					},
					"position": [0, 0, 0]
				},
				"right_foot": {
					"rotation": {
						"0.0": [0, 0, 0],
						"0.5": {
							"pre": [-5, 0, 0],
							"post": [-5, 0, 0],
							"lerp_mode": "catmullrom"
						},
						"0.75": [0, 0, 0],
						"1.0": [0, 0, 0],
						"1.5": {
							"pre": [-5, 0, 0],
							"post": [-5, 0, 0],
							"lerp_mode": "catmullrom"
						},
						"1.75": [0, 0, 0],
						"2.0": [0, 0, 0]
					},
					"position": {
						"0.0": [0, 0, 0],
						"0.5": [0, 0, -3],
						"0.75": [0, 0, -3],
						"1.0": [0, 0, 0],
						"1.5": [0, 0, -3],
						"1.75": [0, 0, -3],
						"2.0": [0, 0, 0]
					}
				},
				"left_foot": {
					"rotation": {
						"0.0": [0, 0, 0],
						"0.75": {
							"pre": [-5, 0, 0],
							"post": [-5, 0, 0],
							"lerp_mode": "catmullrom"
						},
						"1.0": [0, 0, 0],
						"1.25": [0, 0, 0],
						"1.75": {
							"pre": [-5, 0, 0],
							"post": [-5, 0, 0],
							"lerp_mode": "catmullrom"
						},
						"2.0": [0, 0, 0]
					},
					"position": {
						"0.0": [0, 0, -3],
						"0.25": [0, 0, 0],
						"0.75": [0, 0, -3],
						"1.0": [0, 0, -3],
						"1.25": [0, 0, 0],
						"1.75": [0, 0, -3],
						"2.0": [0, 0, -3]
					}
				},
				"rightarmpit_1": {
					"rotation": {
						"0.0": [0, 0, 2.5],
						"0.5": [0, 0, 1.25],
						"1.0": [0, 0, 5],
						"1.5": [0, 0, -2.5],
						"2.0": [0, 0, 2.5]
					}
				},
				"rightarmpit_2": {
					"rotation": {
						"0.0": [0, 0, 2.5],
						"0.5": [0, 0, 1.25],
						"1.0": [0, 0, 5],
						"1.5": [0, 0, 0],
						"2.0": [0, 0, 2.5]
					}
				},
				"left_armpit1": {
					"rotation": {
						"0.0": [0, 0, 0],
						"0.5": [0, 0, -3.75],
						"1.0": [0, 0, 2.5],
						"1.5": [0, 0, -2.5],
						"2.0": [0, 0, 0]
					}
				},
				"left_armpit2": {
					"rotation": {
						"0.0": [0, 0, 0],
						"0.5": [0, 0, -1.25],
						"1.0": [0, 0, 2.5],
						"1.5": [0, 0, -2.5],
						"2.0": [0, 0, 0]
					}
				},
				"left_chest1": {
					"rotation": {
						"0.0": [0, 0, 0],
						"0.5": [2.5, 0, 0],
						"0.75": [0, 0, 0],
						"1.0": [2.5, 0, 0],
						"1.5": [-0.5, 0, 0],
						"2.0": [0, 0, 0]
					}
				},
				"left_chest2": {
					"rotation": {
						"0.0": [0, 0, 0],
						"0.5": [1.5, 0, 0],
						"0.75": [0.5, 0, 0],
						"1.0": [0, 0, 0],
						"1.5": [-1, 0, 0],
						"2.0": [0, 0, 0]
					}
				},
				"right_chest1": {
					"rotation": {
						"0.0": [0, 0, 0],
						"0.5": [0.5, 0, 0],
						"0.75": [0, 0, 0],
						"1.0": [-0.5, 0, 0],
						"1.5": [2.5, 0, 0],
						"2.0": [0, 0, 0]
					}
				},
				"right_chest2": {
					"rotation": {
						"0.0": [0, 0, 0],
						"0.5": [2.5, 0, 0],
						"0.75": [0, 0, 0],
						"1.0": [-2.5, 0, 0],
						"1.5": [2.5, 0, 0],
						"2.0": [0, 0, 0]
					}
				},
				"1part": {
					"rotation": {
						"0.0": [1.03509, -22.47741, 32.29431],
						"0.5": [0, -27.5, 35],
						"1.0": {
							"pre": [-3.88714, -27.24513, 43.44236],
							"post": [-3.88714, -27.24513, 43.44236],
							"lerp_mode": "catmullrom"
						},
						"1.5": [-1.30078, -27.47162, 37.81797],
						"2.0": [1.03509, -22.47741, 32.29431]
					}
				},
				"bone2": {
					"rotation": {
						"0.0": [0, 57.5, 0],
						"0.5": [0, 55, 0],
						"1.0": [0, 52.5, 0],
						"1.5": {
							"pre": [0, 50, 0],
							"post": [0, 50, 0],
							"lerp_mode": "catmullrom"
						},
						"2.0": [0, 57.5, 0]
					}
				},
				"bone3": {
					"rotation": {
						"0.0": [0, 42.5, 0],
						"0.5": [0, 40, 0],
						"1.0": [0, 45, 0],
						"1.5": [0, 40, 0],
						"1.75": [0, 42.5, 0],
						"2.0": [0, 42.5, 0]
					}
				},
				"bone4": {
					"rotation": [0, 20, 0]
				},
				"bone5": {
					"rotation": {
						"0.0": [0, 7.5, 0],
						"0.5": [0, 5, 0]
					}
				},
				"rightcape_1": {
					"rotation": {
						"0.0": [0, 0, 0],
						"0.5": {
							"pre": [2.5, 0, 0],
							"post": [2.5, 0, 0],
							"lerp_mode": "catmullrom"
						},
						"1.0": {
							"post": [7.5, 0, 0],
							"lerp_mode": "catmullrom"
						},
						"1.5": {
							"post": [2.5, 0, 0],
							"lerp_mode": "catmullrom"
						},
						"2.0": [0, 0, 0]
					}
				},
				"right_cape_2": {
					"rotation": {
						"0.0": [1.5, 0, 0],
						"0.5": [14, 0, 0],
						"1.0": [1.5, 0, 0],
						"1.5": [14, 0, 0],
						"2.0": [1.5, 0, 0]
					}
				},
				"leftcape_1": {
					"rotation": {
						"0.0": [0, 0, 0],
						"0.5": [10, 0, 0],
						"1.0": [5, 0, 0],
						"1.5": [10, 0, 0],
						"2.0": [0, 0, 0]
					}
				},
				"leftcape_2": {
					"rotation": {
						"0.0": [0, 0, 0],
						"0.5": [2.5, 0, 0],
						"1.0": [-2.5, 0, 0],
						"1.5": [2.5, 0, 0],
						"2.0": [0, 0, 0]
					}
				},
				"right_arm1": {
					"rotation": {
						"0.0": {
							"post": [0, -40, 0],
							"lerp_mode": "catmullrom"
						},
						"0.5": {
							"post": [-14.12265, -41.17371, 8.98382],
							"lerp_mode": "catmullrom"
						},
						"1.0": {
							"post": [-12.9708, -41.73826, 5.73404],
							"lerp_mode": "catmullrom"
						},
						"1.25": {
							"post": [-10.76779, -42.25263, 2.44193],
							"lerp_mode": "catmullrom"
						},
						"1.4583": {
							"post": [-10.25108, -32.45635, 0.1588],
							"lerp_mode": "catmullrom"
						},
						"1.75": {
							"post": [-6.18126, -30.82885, -3.28437],
							"lerp_mode": "catmullrom"
						},
						"2.0": {
							"post": [0, -40, 0],
							"lerp_mode": "catmullrom"
						}
					}
				},
				"right_arm2": {
					"rotation": {
						"0.0": {
							"post": [-5.12353, -7.24305, 24.45155],
							"lerp_mode": "catmullrom"
						},
						"1.0": [-9.98637, -0.64686, 20.08508],
						"1.5": {
							"pre": [-10.00465, 0.22153, 25.00918],
							"post": [-10.00465, 0.22153, 25.00918],
							"lerp_mode": "catmullrom"
						},
						"2.0": [-5.12353, -7.24305, 24.45155]
					},
					"position": [0, 0, 0]
				},
				"right_arm3": {
					"rotation": {
						"0.0": {
							"post": [0, -2.5, 15],
							"lerp_mode": "catmullrom"
						},
						"0.5": {
							"post": [4.76379, -2.92578, 19.98744],
							"lerp_mode": "catmullrom"
						},
						"1.0": {
							"post": [4.88654, -2.71546, 17.49328],
							"lerp_mode": "catmullrom"
						},
						"1.5": {
							"post": [4.4913, -3.32943, 19.97857],
							"lerp_mode": "catmullrom"
						},
						"2.0": [0, -2.5, 15]
					}
				},
				"right_arm4": {
					"rotation": {
						"0.0": {
							"post": [0, 0, 22.5],
							"lerp_mode": "catmullrom"
						},
						"0.5": {
							"post": [0, 0, 25],
							"lerp_mode": "catmullrom"
						},
						"1.0": {
							"post": [0, 0, 22.5],
							"lerp_mode": "catmullrom"
						},
						"1.5": {
							"post": [0, 0, 27.5],
							"lerp_mode": "catmullrom"
						},
						"2.0": {
							"post": [0, 0, 22.5],
							"lerp_mode": "catmullrom"
						}
					}
				},
				"right_wrist": {
					"rotation": {
						"0.0": {
							"post": [-14.13272, 5.07855, 19.37006],
							"lerp_mode": "catmullrom"
						},
						"0.5": {
							"post": [-20.50409, -14.47751, 6.96713],
							"lerp_mode": "catmullrom"
						},
						"1.0": {
							"post": [-14.20654, -13.30058, 8.9732],
							"lerp_mode": "catmullrom"
						},
						"1.5": [-10.99992, -16.03948, 14.36287],
						"2.0": {
							"pre": [-14.13272, 5.07855, 19.37006],
							"post": [-14.13272, 5.07855, 19.37006],
							"lerp_mode": "catmullrom"
						}
					}
				},
				"right_hand": {
					"rotation": {
						"0.0": {
							"post": [0, 0, -22.5],
							"lerp_mode": "catmullrom"
						},
						"0.5": {
							"post": [0, 0, -7.5],
							"lerp_mode": "catmullrom"
						},
						"1.0": {
							"post": [2.5, 0, -2.5],
							"lerp_mode": "catmullrom"
						},
						"1.4583": {
							"post": [-2.5095, 0.21782, -7.49527],
							"lerp_mode": "catmullrom"
						},
						"2.0": [0, 0, -22.5]
					}
				},
				"right_arm12": {
					"rotation": {
						"0.0": {
							"post": [-3.31804, -14.5634, 15.49513],
							"lerp_mode": "catmullrom"
						},
						"2.0": {
							"post": [-3.31804, -14.5634, 15.49513],
							"lerp_mode": "catmullrom"
						}
					}
				}
			}
		},
		"animation.garbodor.sleep": {
			"loop": true,
			"animation_length": 2,
			"bones": {
				"garbodor": {
					"position": [0, 0, 0]
				},
				"torso": {
					"rotation": {
						"0.0": [10, 0, 0],
						"1.0": [5, 0, 0],
						"2.0": [10, 0, 0]
					},
					"position": [0, 0, 0]
				},
				"rightarmpit_1": {
					"rotation": {
						"0.0": [0, 0, 0],
						"1.0": [0, 0, 2.5],
						"2.0": [0, 0, 0]
					}
				},
				"rightarmpit_2": {
					"rotation": {
						"0.0": [0, 0, 0],
						"1.0": [0, 0, 2.5],
						"2.0": [0, 0, 0]
					}
				},
				"left_armpit1": {
					"rotation": {
						"0.0": [0, 0, 0],
						"1.0": [0, 0, 2.5],
						"2.0": [0, 0, 0]
					}
				},
				"left_armpit2": {
					"rotation": {
						"0.0": [0, 0, 0],
						"1.0": [0, 0, 5],
						"2.0": [0, 0, 0]
					}
				},
				"left_chest1": {
					"rotation": {
						"0.0": [-7.5, 0, 0],
						"1.0": [-12.5, 0, 0],
						"2.0": [-7.5, 0, 0]
					}
				},
				"left_chest2": {
					"rotation": {
						"0.0": [0, 0, 0],
						"1.25": [7.5, 0, 0],
						"2.0": [0, 0, 0]
					}
				},
				"right_chest1": {
					"rotation": {
						"0.0": [0, 0, 0],
						"1.0": [-5, 0, 0],
						"2.0": [0, 0, 0]
					}
				},
				"right_chest2": {
					"rotation": {
						"0.0": [0, 0, 0],
						"1.25": [5, 0, 0],
						"2.0": [0, 0, 0]
					}
				},
				"heed": {
					"rotation": {
						"0.0": [0, 0, 0],
						"1.0": [2.5, 0, 0],
						"1.5": [0, 0, 0]
					},
					"position": [0, 0, 0]
				},
				"closed_eyes": {
					"position": [0, 0, -1]
				},
				"open_mouth": {
					"position": [0, 0, 0]
				},
				"close_mouth": {
					"position": [0, 0, 0]
				},
				"1part": {
					"rotation": {
						"0.0": [-3.95743, -14.44329, 57.8391],
						"1.0": {
							"pre": [-4.54927, -11.76479, 60.20791],
							"post": [-4.54927, -11.76479, 60.20791],
							"lerp_mode": "catmullrom"
						},
						"2.0": [-3.95743, -14.44329, 57.8391]
					}
				},
				"bone2": {
					"rotation": {
						"0.0": [7.08607, 54.65011, 8.66462],
						"1.0": {
							"pre": [7.55651, 57.12975, 9.23268],
							"post": [7.55651, 57.12975, 9.23268],
							"lerp_mode": "catmullrom"
						},
						"2.0": [7.08607, 54.65011, 8.66462]
					}
				},
				"bone3": {
					"rotation": {
						"0.0": [0, 42.5, 0],
						"1.0": {
							"pre": [11.82047, 42.05244, 10.12436],
							"post": [11.82047, 42.05244, 10.12436],
							"lerp_mode": "catmullrom"
						},
						"2.0": [0, 42.5, 0]
					}
				},
				"bone5": {
					"rotation": {
						"0.0": [3.05962, 14.95045, 0.18783],
						"1.0": [0.50121, 9.95743, -0.08278],
						"1.25": [0.50556, 12.45733, -0.06039],
						"2.0": [3.05962, 14.95045, 0.18783]
					}
				},
				"rightcape_1": {
					"rotation": {
						"0.0": [-25, 0, 0],
						"1.0": [-20, 0, 0],
						"2.0": [-25, 0, 0]
					}
				},
				"right_cape_2": {
					"rotation": {
						"0.0": [17.5, 0, 0],
						"1.0": [25, 0, 0],
						"2.0": [17.5, 0, 0]
					}
				},
				"leftcape_1": {
					"rotation": {
						"0.0": [-32.5, 0, 0],
						"1.0": [-22.5, 0, 0],
						"2.0": [-32.5, 0, 0]
					}
				},
				"leftcape_2": {
					"rotation": {
						"0.0": [30, 0, 0],
						"2.0": [30, 0, 0]
					},
					"position": {
						"0.0": [0, 0.0866, -0.05],
						"2.0": [0, 0.0866, -0.05]
					}
				},
				"right_arm1": {
					"rotation": {
						"0.0": [0, -42.5, 0],
						"1.0": [2.30585, -39.94987, -3.24943],
						"2.0": [0, -42.5, 0]
					}
				},
				"right_arm3": {
					"rotation": {
						"0.0": [-1.29717, -4.82922, 15.0547],
						"1.0": [-1.30321, -7.32857, 15.11174],
						"1.25": {
							"pre": [-0.77569, -12.37306, 12.66919],
							"post": [-0.77569, -12.37306, 12.66919],
							"lerp_mode": "catmullrom"
						},
						"2.0": [-1.29717, -4.82922, 15.0547]
					}
				},
				"right_wrist": {
					"rotation": {
						"0.0": [-1.42733, -0.36637, 14.78262],
						"1.0": [-1.42909, -2.8656, 14.84495],
						"2.0": [-1.42733, -0.36637, 14.78262]
					}
				},
				"right_hand": {
					"rotation": {
						"0.0": [0, 0, 0],
						"1.0": {
							"pre": [0, 5, 0],
							"post": [0, 5, 0],
							"lerp_mode": "catmullrom"
						},
						"2.0": [0, 0, 0]
					}
				},
				"index_finger1": {
					"rotation": {
						"0.0": [0, 0, -25],
						"1.0": [0, 0, -30],
						"2.0": [0, 0, -25]
					}
				},
				"pinky_finger1": {
					"rotation": {
						"0.0": [0, 0, -22.5],
						"1.0": [0, 0, -27.5],
						"2.0": [0, 0, -22.5]
					}
				},
				"right_foot": {
					"rotation": {
						"0.0": [0, 0, 0],
						"1.0": [0, -5, 0],
						"2.0": [0, 0, 0]
					}
				},
				"left_foot": {
					"rotation": {
						"0.0": [0, 0, 0],
						"1.0": [-0.00941, 7.462, -0.43521],
						"2.0": [0, 0, 0]
					}
				},
				"bone4": {
					"rotation": {
						"0.0": [0, 15, 0],
						"1.0": {
							"pre": [0, 10, 0],
							"post": [0, 10, 0],
							"lerp_mode": "catmullrom"
						},
						"1.5": [0, 15, 0],
						"2.0": [0, 15, 0]
					}
				},
				"right_arm2": {
					"rotation": {
						"0.0": [-0.44067, -9.99038, 2.53852],
						"2.0": [-0.44067, -9.99038, 2.53852]
					}
				},
				"right_arm4": {
					"rotation": {
						"0.0": [-2.10659, -14.2906, 18.07779],
						"1.0": [-2.13231, -16.7889, 18.17374],
						"1.5": {
							"pre": [-0.61749, -16.90895, 12.95083],
							"post": [-0.61749, -16.90895, 12.95083],
							"lerp_mode": "catmullrom"
						},
						"2.0": [-2.10659, -14.2906, 18.07779]
					}
				},
				"right_arm12": {
					"rotation": {
						"0.0": [0, -10, 0],
						"1.0": [0, -12.5, 0],
						"2.0": [0, -10, 0]
					}
				}
			}
		},
		"animation.garbodor.faint": {
			"loop": "hold_on_last_frame",
			"animation_length": 3,
			"bones": {
				"left_foot": {
					"rotation": {
						"0.0": [0, 0, 0],
						"0.75": [0, -2.5, 0],
						"1.75": [0, 7.5, 0]
					}
				},
				"right_foot": {
					"rotation": {
						"0.0": [0, 0, 0],
						"0.75": [0, 2.5, 0],
						"1.75": [0, -7.5, 0]
					}
				},
				"torso": {
					"rotation": {
						"0.0": [0, 0, 0],
						"0.75": {
							"pre": [-5, 0, 0],
							"post": [-5, 0, 0],
							"lerp_mode": "catmullrom"
						},
						"1.75": [5, 0, 0]
					}
				},
				"rightarmpit_1": {
					"rotation": {
						"0.0": [0, 0, 0],
						"0.75": [0, 0, -2.5]
					}
				},
				"rightarmpit_2": {
					"rotation": {
						"0.0": [0, 0, 0],
						"0.75": [0, 0, -2.5]
					}
				},
				"left_armpit1": {
					"rotation": {
						"0.0": [0, 0, 0],
						"0.75": [0, 0, 2.5]
					}
				},
				"left_armpit2": {
					"rotation": {
						"0.0": [0, 0, 0],
						"0.75": [0, 0, 2.5]
					}
				},
				"left_chest1": {
					"rotation": {
						"0.0": [0, 0, 0],
						"0.75": [2.5, 0, 0]
					}
				},
				"left_chest2": {
					"rotation": {
						"0.0": [0, 0, 0],
						"0.75": [2.5, 0, 0]
					}
				},
				"right_chest1": {
					"rotation": {
						"0.0": [0, 0, 0],
						"0.75": [2.5, 0, 0]
					}
				},
				"right_chest2": {
					"rotation": {
						"0.0": [0, 0, 0],
						"0.75": [2.5, 0, 0]
					}
				},
				"closed_eyes": {
					"position": {
						"0.0": [0, 0, 0],
						"1.3333": [0, 0, 0.03],
						"1.375": [0, 0, -1]
					}
				},
				"angry_eyes": {
					"position": [0, 0, 0]
				},
				"open_mouth": {
					"position": {
						"0.0": [0, 0, -1],
						"1.25": [0, 0, -1],
						"1.2917": [0, 0, 0]
					}
				},
				"close_mouth": {
					"position": {
						"0.0": [0, 0, 1],
						"1.25": [0, 0, 1.03],
						"1.2917": [0, 0, 0]
					}
				},
				"1part": {
					"rotation": {
						"0.0": [0, 0, 20],
						"0.75": {
							"pre": [0.21865, -4.99523, 17.49046],
							"post": [0.21865, -4.99523, 17.49046],
							"lerp_mode": "catmullrom"
						},
						"1.75": [-3.38307, 3.80272, 62.16658]
					}
				},
				"bone2": {
					"rotation": {
						"0.0": [0, 45, 0],
						"0.75": {
							"pre": [0, 42.5, 0],
							"post": [0, 42.5, 0],
							"lerp_mode": "catmullrom"
						},
						"1.75": [0, 32.5, 0]
					}
				},
				"bone3": {
					"rotation": {
						"0.0": [0, 47.5, 0],
						"0.75": {
							"pre": [0, 45, 0],
							"post": [0, 45, 0],
							"lerp_mode": "catmullrom"
						},
						"1.75": [0, 55, 0]
					}
				},
				"bone4": {
					"rotation": {
						"0.0": [0, 17.5, 0],
						"0.75": {
							"pre": [0, 20, 0],
							"post": [0, 20, 0],
							"lerp_mode": "catmullrom"
						},
						"1.75": [0, 12.5, 0]
					}
				},
				"bone5": {
					"rotation": {
						"0.0": [0, 7.5, 0],
						"0.75": [0, 2.5, 0]
					}
				},
				"rightcape_1": {
					"rotation": {
						"0.0": [0, 0, 0],
						"0.75": [7.5, 0, 0],
						"1.75": [-15, 0, 0]
					}
				},
				"right_cape_2": {
					"rotation": {
						"0.0": [0, 0, 0],
						"0.75": [5, 0, 0],
						"1.75": [15, 0, 0]
					}
				},
				"leftcape_1": {
					"rotation": {
						"0.0": [0, 0, 0],
						"0.75": [5, 0, 0],
						"1.75": [-10, 0, 0]
					}
				},
				"leftcape_2": {
					"rotation": {
						"0.0": [0, 0, 0],
						"0.75": [10, 0, 0],
						"1.75": [2.5, 0, 0]
					}
				},
				"right_arm1": {
					"rotation": {
						"0.0": [15.8447, -34.82031, -1.57454],
						"0.75": {
							"pre": [12.02433, -33.59773, 5.02115],
							"post": [12.02433, -33.59773, 5.02115],
							"lerp_mode": "catmullrom"
						},
						"1.75": [32.20593, -53.40069, -21.4646]
					}
				},
				"right_arm2": {
					"rotation": [0, 0, 15]
				},
				"right_arm3": {
					"rotation": {
						"0.0": {
							"post": [0, 0, 15],
							"lerp_mode": "catmullrom"
						},
						"1.75": {
							"post": [-0.21865, -4.99523, 17.50954],
							"lerp_mode": "catmullrom"
						}
					}
				},
				"right_arm4": {
					"rotation": {
						"0.0": [0, 0, 22.5],
						"1.75": [0, 0, 25]
					}
				},
				"right_wrist": {
					"rotation": {
						"0.0": [0, 0, 20],
						"0.75": {
							"pre": [0, 0, 25],
							"post": [0, 0, 25],
							"lerp_mode": "catmullrom"
						},
						"1.75": [0, 0, 32.5]
					}
				},
				"right_hand": {
					"rotation": {
						"0.0": [0, 0, -15],
						"0.75": {
							"pre": [-7.47178, -0.65182, -19.95744],
							"post": [-7.47178, -0.65182, -19.95744],
							"lerp_mode": "catmullrom"
						},
						"1.75": [-7.32417, -1.61888, -27.39638]
					}
				},
				"index_finger1": {
					"rotation": {
						"0.0": [0, 0, 0],
						"0.75": {
							"pre": [0, 0, 0],
							"post": [0, 0, 0],
							"lerp_mode": "catmullrom"
						},
						"1.75": [0, 0, -7.5]
					}
				},
				"pinky_finger1": {
					"rotation": {
						"0.0": [0, 0, 0],
						"0.75": {
							"pre": [0, 0, 0],
							"post": [0, 0, 0],
							"lerp_mode": "catmullrom"
						},
						"1.75": [0, 0, -7.5]
					}
				},
				"sad_eyes": {
					"position": {
						"0.0": [0, 0, -1],
						"1.375": [0, 0, -1],
						"1.4167": [0, 0, 0]
					}
				}
			}
		},
		"animation.garbodor.blink": {
			"animation_length": 0.25,
			"bones": {
				"closed_eyes": {
					"position": {
						"0.0": [0, 0, -1],
						"0.0417": [0, 0, -1],
						"0.1667": [0, 0, -1],
						"0.2083": [0, 0, -0.6],
						"0.25": [0, 0, 0]
					}
				}
			}
		},
		"animation.garbodor.cry": {
			"animation_length": 1,
			"bones": {
				"open_mouth": {
					"position": {
						"0.0": [0, 0, 0],
						"0.0417": [0, 0, 0],
						"0.0833": [0, 0, -1]
					}
				},
				"close_mouth": {
					"position": {
						"0.0": [0, 0, 0],
						"0.0417": [0, 0, 0],
						"0.0833": [0, 0, 1]
					}
				},
				"torso": {
					"position": [0, 0, 0]
				},
				"heed": {
					"rotation": {
						"0.0": [0, 0, 0],
						"0.25": [-2.5, 0, 0],
						"1.0": [0, 0, 0]
					}
				},
				"bone2": {
					"rotation": {
						"0.0": [0, 0, 0],
						"0.25": {
							"pre": [0, 5, 0],
							"post": [0, 5, 0],
							"lerp_mode": "catmullrom"
						},
						"1.0": [0, 0, 0]
					}
				},
				"right_arm12": {
					"rotation": {
						"0.0": [0, 0, 0],
						"0.25": {
							"pre": [0, -12.5, 0],
							"post": [0, -12.5, 0],
							"lerp_mode": "catmullrom"
						},
						"1.0": [0, 0, 0]
					}
				}
			}
		}
	}
}