{
  "implemented": true,
  "nationalPokedexNumber": 65,
  "name": "Alakazam",
  "primaryType": "psychic",
  "maleRatio": 0.75,
  "height": 15,
  "weight": 480,
  "pokedex": [
    "cobblemon.species.alakazam.desc"
  ],
  "labels": [
    "gen1"
  ],
  "aspects": [],
  "abilities": [
    "synchronize",
    "innerfocus",
    "h:magicguard"
  ],
  "eggGroups": [
    "human_like"
  ],
  "baseStats": {
    "hp": 55,
    "attack": 50,
    "defence": 45,
    "special_attack": 135,
    "special_defence": 95,
    "speed": 120
  },
  "evYield": {
    "hp": 0,
    "attack": 0,
    "defence": 0,
    "special_attack": 3,
    "special_defence": 0,
    "speed": 0
  },
  "baseExperienceYield": 250,
  "experienceGroup": "medium_slow",
  "catchRate": 50,
  "eggCycles": 20,
  "baseFriendship": 50,
  "baseScale": 1,
  "hitbox": {
    "width": 1,
    "height": 1.7,
    "fixed": false
  },
  "behaviour": {
    "resting": {
      "canSleep": true,
      "light": "0-4"
    }
  },
  "drops": {
    "amount": 5,
    "entries": [
      {
        "item": "minecraft:ender_pearl",
        "quantityRange": "0-3"
      },
      {
        "item": "cobblemon:twisted_spoon",
        "percentage": 10.0
      },
      {
        "item": "cobblemon:kasib_berry",
        "percentage": 10.0
      }
    ]
  },
  "moves": [
    "1:teleport",
    "1:kinesis",
    "1:confusion",
    "1:disable",
    "1:miracleeye",
    "5:psybeam",
    "10:reflect",
    "15:allyswitch",
    "20:psychocut",
    "25:recover",
    "30:psyshock",
    "35:psychic",
    "40:roleplay",
    "45:futuresight",
    "50:calmmind",
    "egg:barrier",
    "egg:confusion",
    "egg:guardsplit",
    "egg:magiccoat",
    "egg:powertrick",
    "egg:psychoshift",
    "tm:allyswitch",
    "tm:attract",
    "tm:bide",
    "tm:bodyslam",
    "tm:calmmind",
    "tm:captivate",
    "tm:chargebeam",
    "tm:confide",
    "tm:counter",
    "tm:curse",
    "tm:dazzlinggleam",
    "tm:dig",
    "tm:doubleedge",
    "tm:doubleteam",
    "tm:drainpunch",
    "tm:dreameater",
    "tm:dynamicpunch",
    "tm:embargo",
    "tm:encore",
    "tm:endure",
    "tm:energyball",
    "tm:expandingforce",
    "tm:facade",
    "tm:firepunch",
    "tm:flash",
    "tm:fling",
    "tm:focusblast",
    "tm:focuspunch",
    "tm:foulplay",
    "tm:frustration",
    "tm:futuresight",
    "tm:gigaimpact",
    "tm:grassknot",
    "tm:gravity",
    "tm:guardswap",
    "tm:headbutt",
    "tm:hiddenpower",
    "tm:hyperbeam",
    "tm:icepunch",
    "tm:imprison",
    "tm:irontail",
    "tm:knockoff",
    "tm:laserfocus",
    "tm:lightscreen",
    "tm:magiccoat",
    "tm:magicroom",
    "tm:megakick",
    "tm:megapunch",
    "tm:metronome",
    "tm:mimic",
    "tm:nastyplot",
    "tm:naturalgift",
    "tm:nightmare",
    "tm:nightshade",
    "tm:powerswap",
    "tm:protect",
    "tm:psybeam",
    "tm:psychic",
    "tm:psychicterrain",
    "tm:psychocut",
    "tm:psychup",
    "tm:psyshock",
    "tm:psywave",
    "tm:rage",
    "tm:raindance",
    "tm:recycle",
    "tm:reflect",
    "tm:rest",
    "tm:return",
    "tm:roleplay",
    "tm:round",
    "tm:safeguard",
    "tm:secretpower",
    "tm:seismictoss",
    "tm:shadowball",
    "tm:shockwave",
    "tm:signalbeam",
    "tm:skillswap",
    "tm:skullbash",
    "tm:sleeptalk",
    "tm:snatch",
    "tm:snore",
    "tm:speedswap",
    "tm:storedpower",
    "tm:submission",
    "tm:substitute",
    "tm:sunnyday",
    "tm:swagger",
    "tm:swift",
    "tm:takedown",
    "tm:taunt",
    "tm:telekinesis",
    "tm:terablast",
    "tm:thief",
    "tm:thunderpunch",
    "tm:thunderwave",
    "tm:torment",
    "tm:toxic",
    "tm:triattack",
    "tm:trick",
    "tm:trickroom",
    "tm:wonderroom",
    "tm:zapcannon",
    "tm:zenheadbutt",
    "tutor:allyswitch",
    "tutor:calmmind",
    "tutor:chargebeam",
    "tutor:dazzlinggleam",
    "tutor:drainpunch",
    "tutor:energyball",
    "tutor:expandingforce",
    "tutor:firepunch",
    "tutor:focuspunch",
    "tutor:foulplay",
    "tutor:gigaimpact",
    "tutor:gravity",
    "tutor:hyperbeam",
    "tutor:icepunch",
    "tutor:irontail",
    "tutor:knockoff",
    "tutor:laserfocus",
    "tutor:magiccoat",
    "tutor:magicroom",
    "tutor:psychic",
    "tutor:psychocut",
    "tutor:recycle",
    "tutor:rest",
    "tutor:roleplay",
    "tutor:shadowball",
    "tutor:shockwave",
    "tutor:signalbeam",
    "tutor:skillswap",
    "tutor:sleeptalk",
    "tutor:snatch",
    "tutor:swift",
    "tutor:telekinesis",
    "tutor:thunderpunch",
    "tutor:trick",
    "tutor:wonderroom",
    "tutor:zenheadbutt"
  ],
  "preEvolution": "kadabra",
  "evolutions": [
    {
      "id": "alakazam_megaalakazam",
      "variant": "level_up",
      "result": "alakazam mega",
      "consumeHeldItem": false,
      "learnableMoves": [],
      "requirements": [
        {
          "variant": "level",
          "minLevel": "50"
        },
        {
          "variant": "friendship",
          "amount": 180
        },
        {
          "variant": "held_item",
          "itemCondition": "minecraft:nether_star"
        }          
      ]
    }
  ],
  "forms": [
    {
      "name": "Mega",
      "primaryType": "psychic",
      "maleRatio": 0.75,
      "height": 12,
      "weight": 480,
      "pokedex": [
        "cobblemon.species.alakazam-mega.desc"
      ],
      "labels": [
        "gen6",
        "mega"
      ],
      "aspects": [
        "mega"
      ],
      "abilities": [
        "trace",
        "h:trace"
      ],
      "baseStats": {
        "hp": 55,
        "attack": 50,
        "defence": 65,
        "special_attack": 175,
        "special_defence": 105,
        "speed": 150
      },
      "baseExperienceYield": 300,
      "dynamaxBlocked": true,
      "evolutions": [
        {
          "id": "megaalakazam_alakazam",
          "variant": "level_up",
          "result": "alakazam mega=false",
          "consumeHeldItem": false,
          "learnableMoves": [],
          "requirements": [
            {
              "variant": "held_item",
              "itemCondition": "minecraft:nether_star"
            }
          ]
        }
      ],
      "battleOnly": false
    }
  ]
}
