{
  "implemented": true,
  "nationalPokedexNumber": 130,
  "name": "Gyarados",
  "primaryType": "water",
  "secondaryType": "flying",
  "maleRatio": 0.5,
  "height": 65,
  "weight": 2350,
  "pokedex": [
    "cobblemon.species.gyarados.desc"
  ],
  "labels": [
    "gen1"
  ],
  "aspects": [],
  "abilities": [
    "intimidate",
    "h:moxie"
  ],
  "eggGroups": [
    "water_2",
    "dragon"
  ],
  "baseStats": {
    "hp": 95,
    "attack": 125,
    "defence": 79,
    "special_attack": 60,
    "special_defence": 100,
    "speed": 81
  },
  "evYield": {
    "hp": 0,
    "attack": 2,
    "defence": 0,
    "special_attack": 0,
    "special_defence": 0,
    "speed": 0
  },
  "baseExperienceYield": 189,
  "experienceGroup": "slow",
  "catchRate": 45,
  "eggCycles": 5,
  "baseFriendship": 50,
  "baseScale": 1,
  "hitbox": {
    "width": 2,
    "height": 3.3,
    "fixed": false
  },
  "behaviour": {
    "moving": {
      "walk": {
        "avoidsLand": true
      },
      "swim": {
        "swimSpeed": 0.1,
        "canBreatheUnderwater": true,
        "canWalkOnWater": true,
        "canSwimInWater": true,
        "canSwimInLava": false
      }
    }
  },
  "drops": {
    "amount": 3,
    "entries": [
      {
        "item": "minecraft:salmon"
      },
      {
        "item": "minecraft:bone_meal",
        "percentage": 10.0
      },
      {
        "item": "cobblemon:wacan_berry",
        "percentage": 5.0
      }
    ]
  },
  "moves": [
    "1:bite",
    "1:dragonrage",
    "1:leer",
    "1:twister",
    "1:flail",
    "1:splash",
    "1:tackle",
    "4:whirlpool",
    "8:icefang",
    "12:brine",
    "16:scaryface",
    "21:waterfall",
    "24:crunch",
    "28:raindance",
    "32:aquatail",
    "36:dragondance",
    "40:hydropump",
    "44:hurricane",
    "48:thrash",
    "52:hyperbeam",
    "57:floatyfall",
    "tm:aquatail",
    "tm:attract",
    "tm:avalanche",
    "tm:bide",
    "tm:bind",
    "tm:blizzard",
    "tm:bodyslam",
    "tm:bounce",
    "tm:brine",
    "tm:brutalswing",
    "tm:bubblebeam",
    "tm:bulldoze",
    "tm:captivate",
    "tm:chillingwater",
    "tm:confide",
    "tm:crunch",
    "tm:curse",
    "tm:darkpulse",
    "tm:dive",
    "tm:doubleedge",
    "tm:doubleteam",
    "tm:dragonbreath",
    "tm:dragoncheer",
    "tm:dragondance",
    "tm:dragonpulse",
    "tm:dragontail",
    "tm:earthquake",
    "tm:endeavor",
    "tm:endure",
    "tm:facade",
    "tm:fireblast",
    "tm:flamethrower",
    "tm:frustration",
    "tm:gigaimpact",
    "tm:hail",
    "tm:headbutt",
    "tm:helpinghand",
    "tm:hiddenpower",
    "tm:hurricane",
    "tm:hydropump",
    "tm:hyperbeam",
    "tm:icebeam",
    "tm:icefang",
    "tm:icywind",
    "tm:incinerate",
    "tm:ironhead",
    "tm:irontail",
    "tm:lashout",
    "tm:mimic",
    "tm:muddywater",
    "tm:naturalgift",
    "tm:outrage",
    "tm:payback",
    "tm:powerwhip",
    "tm:protect",
    "tm:raindance",
    "tm:reflect",
    "tm:rest",
    "tm:return",
    "tm:roar",
    "tm:rocksmash",
    "tm:round",
    "tm:sandstorm",
    "tm:scald",
    "tm:scaleshot",
    "tm:scaryface",
    "tm:secretpower",
    "tm:skullbash",
    "tm:sleeptalk",
    "tm:snore",
    "tm:spite",
    "tm:stoneedge",
    "tm:strength",
    "tm:substitute",
    "tm:sunnyday",
    "tm:surf",
    "tm:swagger",
    "tm:takedown",
    "tm:taunt",
    "tm:temperflare",
    "tm:terablast",
    "tm:thunder",
    "tm:thunderbolt",
    "tm:thunderwave",
    "tm:torment",
    "tm:toxic",
    "tm:twister",
    "tm:uproar",
    "tm:waterfall",
    "tm:watergun",
    "tm:waterpulse",
    "tm:whirlpool",
    "tm:zapcannon",
    "tutor:aquatail",
    "tutor:bounce",
    "tutor:bulldoze",
    "tutor:darkpulse",
    "tutor:dive",
    "tutor:dragonpulse",
    "tutor:endeavor",
    "tutor:flamethrower",
    "tutor:gigaimpact",
    "tutor:helpinghand",
    "tutor:hyperbeam",
    "tutor:icebeam",
    "tutor:icefang",
    "tutor:icywind",
    "tutor:ironhead",
    "tutor:irontail",
    "tutor:lashout",
    "tutor:outrage",
    "tutor:rest",
    "tutor:rocksmash",
    "tutor:scaleshot",
    "tutor:sleeptalk",
    "tutor:spite",
    "tutor:stoneedge",
    "tutor:thunderbolt",
    "tutor:twister",
    "tutor:waterpulse"
  ],
  "preEvolution": "magikarp",
  "evolutions": [
    {
      "id": "gyarados_megagyarados",
      "variant": "level_up",
      "result": "gyarados mega",
      "consumeHeldItem": false,
      "learnableMoves": [],
      "requirements": [
        {
          "variant": "level",
          "minLevel": "50"
        },
        {
          "variant": "friendship",
          "amount": 180
        },
        {
          "variant": "held_item",
          "itemCondition": "minecraft:nether_star"
        }          
      ]
    }
  ],
  "forms": [
    {
      "name": "Mega",
      "primaryType": "water",
      "secondaryType": "dark",
      "maleRatio": 0.5,
      "height": 65,
      "weight": 3050,
      "pokedex": [
        "cobblemon.species.gyarados-mega.desc"
      ],
      "labels": [
        "gen6",
        "mega"
      ],
      "aspects": [
        "mega"
      ],
      "abilities": [
        "moldbreaker",
        "h:moldbreaker"
      ],
      "baseStats": {
        "hp": 95,
        "attack": 155,
        "defence": 109,
        "special_attack": 70,
        "special_defence": 130,
        "speed": 81
      },
      "baseExperienceYield": 224,
      "dynamaxBlocked": true,
      "behaviour": {
        "moving": {
          "walk": {
            "avoidsLand": true
          },
          "swim": {
            "swimSpeed": "0.2",
            "canBreatheUnderwater": true,
            "canWalkOnWater": true,
            "canSwimInWater": true,
            "canSwimInLava": false
          }
        }
      },
      "evolutions": [
        {
          "id": "megagyarados_gyarados",
          "variant": "level_up",
          "result": "gyarados mega=false",
          "consumeHeldItem": false,
          "learnableMoves": [],
          "requirements": [
            {
              "variant": "held_item",
              "itemCondition": "minecraft:nether_star"
            }
          ]
        }
      ],
      "battleOnly": false
    }
  ]
}
