{
  "implemented": true,
  "nationalPokedexNumber": 115,
  "name": "Kangaskhan",
  "primaryType": "normal",
  "maleRatio": 0,
  "height": 22,
  "weight": 800,
  "pokedex": [
    "cobblemon.species.kangaskhan.desc"
  ],
  "labels": [
    "gen1"
  ],
  "aspects": [],
  "abilities": [
    "earlybird",
    "scrappy",
    "h:innerfocus"
  ],
  "eggGroups": [
    "monster"
  ],
  "baseStats": {
    "hp": 105,
    "attack": 95,
    "defence": 80,
    "special_attack": 40,
    "special_defence": 80,
    "speed": 90
  },
  "evYield": {
    "hp": 2,
    "attack": 0,
    "defence": 0,
    "special_attack": 0,
    "special_defence": 0,
    "speed": 0
  },
  "baseExperienceYield": 172,
  "experienceGroup": "medium_fast",
  "catchRate": 45,
  "eggCycles": 20,
  "baseFriendship": 50,
  "baseScale": 1.4,
  "hitbox": {
    "width": 1.2,
    "height": 1.9,
    "fixed": false
  },
  "drops": {
    "amount": 1,
    "entries": [
      {
        "item": "cobblemon:chilan_berry",
        "percentage": 5.0
      }
    ]
  },
  "moves": [
    "1:cometpunch",
    "1:leer",
    "1:tailwhip",
    "1:rage",
    "1:dizzypunch",
    "1:chipaway",
    "1:pound",
    "4:growl",
    "8:fakeout",
    "12:bite",
    "16:stomp",
    "20:focusenergy",
    "24:headbutt",
    "28:suckerpunch",
    "32:doublehit",
    "36:crunch",
    "40:endure",
    "44:reversal",
    "48:outrage",
    "52:lastresort",
    "egg:circlethrow",
    "egg:counter",
    "egg:crushclaw",
    "egg:disable",
    "egg:doubleedge",
    "egg:endeavor",
    "egg:foresight",
    "egg:hammerarm",
    "egg:stomp",
    "egg:trumpcard",
    "tm:aerialace",
    "tm:aquatail",
    "tm:assurance",
    "tm:attract",
    "tm:avalanche",
    "tm:beatup",
    "tm:bide",
    "tm:blizzard",
    "tm:bodyslam",
    "tm:brickbreak",
    "tm:bubblebeam",
    "tm:bulldoze",
    "tm:captivate",
    "tm:confide",
    "tm:covet",
    "tm:crunch",
    "tm:curse",
    "tm:cut",
    "tm:dig",
    "tm:doubleedge",
    "tm:doubleteam",
    "tm:drainpunch",
    "tm:dynamicpunch",
    "tm:earthquake",
    "tm:endeavor",
    "tm:endure",
    "tm:facade",
    "tm:fireblast",
    "tm:firepunch",
    "tm:fissure",
    "tm:flamethrower",
    "tm:fling",
    "tm:focusblast",
    "tm:focusenergy",
    "tm:focuspunch",
    "tm:frustration",
    "tm:furycutter",
    "tm:gigaimpact",
    "tm:hail",
    "tm:headbutt",
    "tm:helpinghand",
    "tm:hiddenpower",
    "tm:hydropump",
    "tm:hyperbeam",
    "tm:icebeam",
    "tm:icepunch",
    "tm:icywind",
    "tm:incinerate",
    "tm:irontail",
    "tm:lastresort",
    "tm:lowkick",
    "tm:megakick",
    "tm:megapunch",
    "tm:mimic",
    "tm:mudslap",
    "tm:naturalgift",
    "tm:outrage",
    "tm:poweruppunch",
    "tm:protect",
    "tm:raindance",
    "tm:rest",
    "tm:retaliate",
    "tm:reversal",
    "tm:roar",
    "tm:rockclimb",
    "tm:rockslide",
    "tm:rocksmash",
    "tm:rocktomb",
    "tm:round",
    "tm:safeguard",
    "tm:sandstorm",
    "tm:secretpower",
    "tm:seismictoss",
    "tm:shadowball",
    "tm:shadowclaw",
    "tm:shockwave",
    "tm:skullbash",
    "tm:sleeptalk",
    "tm:snore",
    "tm:solarbeam",
    "tm:spite",
    "tm:strength",
    "tm:submission",
    "tm:substitute",
    "tm:suckerpunch",
    "tm:sunnyday",
    "tm:surf",
    "tm:swagger",
    "tm:takedown",
    "tm:terablast",
    "tm:terrainpulse",
    "tm:thief",
    "tm:thunder",
    "tm:thunderbolt",
    "tm:thunderpunch",
    "tm:toxic",
    "tm:uproar",
    "tm:watergun",
    "tm:waterpulse",
    "tm:whirlpool",
    "tm:workup",
    "tm:zapcannon",
    "tutor:aerialace",
    "tutor:aquatail",
    "tutor:bulldoze",
    "tutor:covet",
    "tutor:drainpunch",
    "tutor:endeavor",
    "tutor:firepunch",
    "tutor:flamethrower",
    "tutor:focusenergy",
    "tutor:focuspunch",
    "tutor:furycutter",
    "tutor:gigaimpact",
    "tutor:helpinghand",
    "tutor:hyperbeam",
    "tutor:icebeam",
    "tutor:icepunch",
    "tutor:icywind",
    "tutor:irontail",
    "tutor:lastresort",
    "tutor:lowkick",
    "tutor:mudslap",
    "tutor:outrage",
    "tutor:rest",
    "tutor:return",
    "tutor:rockslide",
    "tutor:rocksmash",
    "tutor:shadowball",
    "tutor:shadowclaw",
    "tutor:shockwave",
    "tutor:sing",
    "tutor:sleeptalk",
    "tutor:spite",
    "tutor:suckerpunch",
    "tutor:terrainpulse",
    "tutor:thunderbolt",
    "tutor:thunderpunch",
    "tutor:uproar",
    "tutor:waterpulse",
    "tutor:wish",
    "tutor:yawn"
  ],
  "evolutions": [
    {
      "id": "kangaskhan_megakangaskhan",
      "variant": "level_up",
      "result": "kangaskhan mega",
      "consumeHeldItem": false,
      "learnableMoves": [],
      "requirements": [
        {
          "variant": "level",
          "minLevel": "50"
        },
        {
          "variant": "friendship",
          "amount": 180
        },
        {
          "variant": "held_item",
          "itemCondition": "minecraft:nether_star"
        }          
      ]
    }
  ],
  "forms": [
    {
      "name": "Mega",
      "primaryType": "normal",
      "maleRatio": 0,
      "height": 22,
      "weight": 1000,
      "pokedex": [
        "cobblemon.species.kangaskhan-mega.desc"
      ],
      "labels": [
        "gen6",
        "mega"
      ],
      "aspects": [
        "mega"
      ],
      "abilities": [
        "parentalbond",
        "h:parentalbond"
      ],
      "baseStats": {
        "hp": 105,
        "attack": 125,
        "defence": 100,
        "special_attack": 60,
        "special_defence": 100,
        "speed": 100
      },
      "baseExperienceYield": 207,
      "dynamaxBlocked": true,
      "evolutions": [
        {
          "id": "megakangaskhan_kangaskhan",
          "variant": "level_up",
          "result": "kangaskhan mega=false",
          "consumeHeldItem": false,
          "learnableMoves": [],
          "requirements": [
            {
              "variant": "held_item",
              "itemCondition": "minecraft:nether_star"
            }
          ]
        }
      ],
      "battleOnly": false
    }
  ]
}
