{
  "implemented": true,
  "nationalPokedexNumber": 146,
  "name": "Moltres",
  "primaryType": "fire",
  "secondaryType": "flying",
  "maleRatio": -1,
  "height": 20,
  "weight": 600,
  "pokedex": [
    "cobblemon.species.moltres.desc"
  ],
  "labels": [
    "gen1",
    "legendary",
    "kantonian_form"
  ],
  "aspects": [],
  "abilities": [
    "pressure",
    "h:flamebody"
  ],
  "eggGroups": [
    "undiscovered"
  ],
  "baseStats": {
    "hp": 90,
    "attack": 100,
    "defence": 90,
    "special_attack": 125,
    "special_defence": 85,
    "speed": 90
  },
  "evYield": {
    "hp": 0,
    "attack": 0,
    "defence": 0,
    "special_attack": 3,
    "special_defence": 0,
    "speed": 0
  },
  "baseExperienceYield": 290,
  "experienceGroup": "slow",
  "catchRate": 3,
  "eggCycles": 80,
  "baseFriendship": 35,
  "features": [
    "galarian"
  ],
  "baseScale": 0.85,
  "hitbox": {
    "width": 2,
    "height": 2.5,
    "fixed": false
  },
  "behaviour": {
    "moving": {
      "fly": {
        "canFly": true
      }
    }
  },
  "drops": {
    "amount": 5,
    "entries": [
      {
        "item": "cobblemon:rare_candy",
        "quantityRange": "3-6"
      },
      {
        "item": "cobblemon:charcoal_stick",
        "percentage": 50.0
      },
      {
        "item": "cobblemon:sharp_beak",
        "percentage": 50.0
      },
      {
        "item": "cobblemon:ability_capsule",
        "percentage": 25.0
      },
      {
        "item": "cobblemon:ability_patch",
        "percentage": 5.0
      }
    ]
  },
  "moves": [
    "1:gust",
    "1:leer",
    "5:ember",
    "10:safeguard",
    "15:wingattack",
    "20:agility",
    "25:ancientpower",
    "30:incinerate",
    "35:airslash",
    "40:roost",
    "45:heatwave",
    "50:sunnyday",
    "55:hurricane",
    "60:endure",
    "65:burnup",
    "70:skyattack",
    "tm:acrobatics",
    "tm:aerialace",
    "tm:agility",
    "tm:aircutter",
    "tm:airslash",
    "tm:ancientpower",
    "tm:bide",
    "tm:bravebird",
    "tm:burningjealousy",
    "tm:confide",
    "tm:curse",
    "tm:defog",
    "tm:detect",
    "tm:doubleedge",
    "tm:doubleteam",
    "tm:dualwingbeat",
    "tm:endure",
    "tm:facade",
    "tm:fireblast",
    "tm:firespin",
    "tm:flamecharge",
    "tm:flamethrower",
    "tm:flareblitz",
    "tm:fly",
    "tm:frustration",
    "tm:gigaimpact",
    "tm:headbutt",
    "tm:heatwave",
    "tm:helpinghand",
    "tm:hiddenpower",
    "tm:hurricane",
    "tm:hyperbeam",
    "tm:incinerate",
    "tm:laserfocus",
    "tm:mimic",
    "tm:mudslap",
    "tm:mysticalfire",
    "tm:naturalgift",
    "tm:ominouswind",
    "tm:overheat",
    "tm:peck",
    "tm:pluck",
    "tm:protect",
    "tm:rage",
    "tm:raindance",
    "tm:razorwind",
    "tm:reflect",
    "tm:rest",
    "tm:return",
    "tm:roar",
    "tm:rocksmash",
    "tm:roost",
    "tm:round",
    "tm:safeguard",
    "tm:sandstorm",
    "tm:scorchingsands",
    "tm:secretpower",
    "tm:skyattack",
    "tm:skydrop",
    "tm:sleeptalk",
    "tm:snore",
    "tm:solarbeam",
    "tm:steelwing",
    "tm:substitute",
    "tm:sunnyday",
    "tm:swagger",
    "tm:swift",
    "tm:tailwind",
    "tm:takedown",
    "tm:temperflare",
    "tm:terablast",
    "tm:toxic",
    "tm:twister",
    "tm:uturn",
    "tm:weatherball",
    "tm:whirlwind",
    "tm:willowisp",
    "tutor:aerialace",
    "tutor:aircutter",
    "tutor:ancientpower",
    "tutor:burningjealousy",
    "tutor:defog",
    "tutor:dualwingbeat",
    "tutor:extrasensory",
    "tutor:flamethrower",
    "tutor:gigaimpact",
    "tutor:heatwave",
    "tutor:helpinghand",
    "tutor:hyperbeam",
    "tutor:laserfocus",
    "tutor:morningsun",
    "tutor:mysticalfire",
    "tutor:ominouswind",
    "tutor:rest",
    "tutor:rocksmash",
    "tutor:roost",
    "tutor:scorchingsands",
    "tutor:skyattack",
    "tutor:sleeptalk",
    "tutor:swift",
    "tutor:tailwind",
    "tutor:twister"
  ],
  "evolutions": [],
  "forms": [
    {
      "name": "Galar",
      "primaryType": "dark",
      "secondaryType": "flying",
      "maleRatio": -1,
      "height": 20,
      "weight": 660,
      "pokedex": [
        "cobblemon.species.moltres-galar.desc"
      ],
      "labels": [
        "gen8",
        "legendary",
        "galarian_form"
      ],
      "aspects": [
        "galarian"
      ],
      "abilities": [
        "berserk",
        "h:berserk"
      ],
      "baseStats": {
        "hp": 90,
        "attack": 85,
        "defence": 90,
        "special_attack": 100,
        "special_defence": 125,
        "speed": 90
      },
      "evYield": {
        "hp": 0,
        "attack": 0,
        "defence": 0,
        "special_attack": 0,
        "special_defence": 3,
        "speed": 0
      },
      "eggCycles": 120,
      "drops": {
        "amount": 5,
        "entries": [
          {
            "item": "cobblemon:rare_candy",
            "quantityRange": "3-6"
          },
          {
            "item": "cobblemon:black_glasses",
            "percentage": 50.0
          },
          {
            "item": "cobblemon:sharp_beak",
            "percentage": 50.0
          },
          {
            "item": "cobblemon:ability_capsule",
            "percentage": 25.0
          },
          {
            "item": "cobblemon:ability_patch",
            "percentage": 5.0
          }
        ]
      },
      "moves": [
        "1:gust",
        "1:leer",
        "5:payback",
        "10:safeguard",
        "15:wingattack",
        "20:agility",
        "25:ancientpower",
        "30:suckerpunch",
        "35:airslash",
        "40:afteryou",
        "45:fierywrath",
        "50:nastyplot",
        "55:hurricane",
        "60:endure",
        "65:memento",
        "70:skyattack",
        "tm:acrobatics",
        "tm:aerialace",
        "tm:afteryou",
        "tm:agility",
        "tm:airslash",
        "tm:ancientpower",
        "tm:assurance",
        "tm:bravebird",
        "tm:darkpulse",
        "tm:dualwingbeat",
        "tm:endure",
        "tm:facade",
        "tm:fly",
        "tm:foulplay",
        "tm:gigaimpact",
        "tm:helpinghand",
        "tm:hex",
        "tm:hurricane",
        "tm:hyperbeam",
        "tm:hypervoice",
        "tm:imprison",
        "tm:lashout",
        "tm:nastyplot",
        "tm:painsplit",
        "tm:payback",
        "tm:protect",
        "tm:raindance",
        "tm:rest",
        "tm:round",
        "tm:safeguard",
        "tm:sandstorm",
        "tm:scaryface",
        "tm:shadowball",
        "tm:skyattack",
        "tm:sleeptalk",
        "tm:snarl",
        "tm:snore",
        "tm:spite",
        "tm:steelwing",
        "tm:substitute",
        "tm:suckerpunch",
        "tm:sunnyday",
        "tm:swift",
        "tm:tailwind",
        "tm:takedown",
        "tm:taunt",
        "tm:terablast",
        "tm:thief",
        "tm:uturn",
        "tutor:aerialace",
        "tutor:afteryou",
        "tutor:ancientpower",
        "tutor:darkpulse",
        "tutor:dualwingbeat",
        "tutor:foulplay",
        "tutor:gigaimpact",
        "tutor:helpinghand",
        "tutor:hyperbeam",
        "tutor:hypervoice",
        "tutor:lashout",
        "tutor:painsplit",
        "tutor:rest",
        "tutor:shadowball",
        "tutor:skyattack",
        "tutor:sleeptalk",
        "tutor:snarl",
        "tutor:spite",
        "tutor:suckerpunch",
        "tutor:swift",
        "tutor:tailwind"
      ],
      "evolutions": [],
      "battleOnly": false
    }
  ]
}
