{
	"format_version": "1.8.0",
	"animations": {
		"animation.urshifu.singlestrike": {
			"loop": true,
			"bones": {
				"mainthing": {
					"rotation": [0, -60, 0],
					"position": [0, -5.6, 0]
				},
				"torso_clothes": {
					"position": [0, 0, 0]
				},
				"arm_left": {
					"rotation": [0, 0, 15],
					"position": [-2, -1, 0]
				},
				"bicepleft": {
					"rotation": [0, 0, "125-math.sin(q.anim_time*90*1-50)*2"],
					"position": [0, 0, 0]
				},
				"forearmleft": {
					"rotation": [182.22764, 20.15563, 28.30359]
				},
				"thumb1": {
					"rotation": [0, 22.5, 0]
				},
				"thunmbseg": {
					"rotation": [20.02717, 1.68868, 1.84373]
				},
				"fingers": {
					"rotation": [0, 0, -60]
				},
				"fingerseg": {
					"rotation": [0, 0, -60]
				},
				"arm_right": {
					"rotation": [-5.16524, 27.0478, -11.24314]
				},
				"bicepright": {
					"rotation": [58.28573, 33.45406, 10.91547]
				},
				"forearmright": {
					"rotation": [182.5, 75, -180],
					"position": [-1, 0, -2]
				},
				"thumbright": {
					"rotation": [30, 0, 0]
				},
				"thungbmbrseg2": {
					"rotation": [40, 0, 0]
				},
				"fingers_right": {
					"rotation": [0, 0, 70]
				},
				"fingerrseg2": {
					"rotation": [0, 0, 62.5]
				},
				"neck": {
					"rotation": [-10.65119, 24.83901, -1.90415],
					"position": [-1, 1, 0]
				},
				"head": {
					"rotation": [19.46618, 12.92343, -2.05977],
					"scale": [0.9, 0.8, 1]
				},
				"hair": {
					"rotation": [0, 0, 2.5]
				},
				"headband_left": {
					"rotation": [9.54046, "-58.8842+math.sin(q.anim_time*90*1-50)*10", 42.2072],
					"position": [-1, -1, 0]
				},
				"headband_right": {
					"rotation": [-17.4812, "40.6549-math.sin(q.anim_time*90*1-50)*10", -38.42136]
				},
				"whiteneck": {
					"rotation": [0, 15, 0],
					"position": [0, -1, 0]
				},
				"leg_left": {
					"rotation": [-52.90208, 67.83409, 3.18262]
				},
				"lknee": {
					"rotation": [82.5, 0, 0]
				},
				"leftfoot": {
					"rotation": [-15, 0, 0]
				},
				"leg_right": {
					"rotation": [-28.81328, -82.01058, -30.93292]
				},
				"rknee": {
					"rotation": [67.5, 0, 0]
				},
				"front": {
					"rotation": [-17.5, 0, 0]
				},
				"back": {
					"rotation": [69.97365, 1.5216, -1.98385],
					"position": [0, 5, 0]
				},
				"bone": {
					"rotation": [42.5, 0, 0]
				},
				"furhead2": {
					"rotation": [0, 0, "127.5+math.sin(q.anim_time*90*1-200)*4"]
				},
				"furhead3": {
					"rotation": ["127.5+math.sin(q.anim_time*90*1-200)*4", 0, 0]
				},
				"furhead1": {
					"rotation": [0, 0, "-140+math.sin(q.anim_time*90*1-200)*4"]
				},
				"bandseg1": {
					"rotation": [6.70127, "-3.0932-math.sin(q.anim_time*90*1-100)*15", 9.67518]
				},
				"bandseg2": {
					"rotation": [-6.36991, "29.9706-math.sin(q.anim_time*90*1-200)*25", 9.55406]
				},
				"bandseg3": {
					"rotation": [5.54163, "-1.6719-math.sin(q.anim_time*90*1-200)*25", -4.43478]
				},
				"lband1": {
					"rotation": [14.34255, "-22.4485-math.sin(q.anim_time*90*1-100)*15", 12.43407]
				},
				"lband2": {
					"rotation": [-7.21604, "40.4825+math.sin(q.anim_time*90*1-200)*25", 7.68073]
				},
				"lband3": {
					"rotation": [-2.33411, "33.3552+math.sin(q.anim_time*90*1-200)*25", 2.92364]
				},
				"fur1": {
					"rotation": ["-115+math.sin(q.anim_time*90*1-200)*4", 0, 0],
					"position": [0, -2, 0]
				},
				"fur3": {
					"rotation": [107.5, 0, 0],
					"position": [0, -2, 0]
				},
				"fyur2": {
					"rotation": [0, 0, "115+math.sin(q.anim_time*90*1-200)*4"],
					"position": [1, -3, 0]
				},
				"fur4": {
					"rotation": [0, 0, "-117.5+math.sin(q.anim_time*90*1-200)*4"]
				},
				"fur2": {
					"rotation": ["-110+math.sin(q.anim_time*90*1-200)*4", 0, 0],
					"position": [0, -2, 0]
				},
				"fur6": {
					"rotation": [0, 0, "87.5-math.sin(q.anim_time*90*1-200)*4"],
					"position": [1, -3, 0]
				},
				"fyur3": {
					"rotation": [0, 0, "-95-math.sin(q.anim_time*90*1-200)*4"],
					"position": [0, -3, 0]
				},
				"fur5": {
					"rotation": [110, 0, 0]
				},
				"lowjaw": {
					"rotation": [0, 0, 0]
				},
				"ear2": {
					"rotation": [0, 0, -35]
				},
				"ear1": {
					"rotation": [0, 0, 40]
				},
				"frontcloth1": {
					"rotation": ["-18.2938-math.sin(q.anim_time*90*1-50)*2", -14.04833, "2.8551-math.sin(q.anim_time*90*1-50)*2"],
					"position": [0, 2, 0]
				},
				"fc2": {
					"rotation": ["5-math.sin(q.anim_time*90*1-150)*6", 0, "-2.5-math.sin(q.anim_time*90*1-150)*6"]
				},
				"fc3": {
					"rotation": ["-2.4905-math.sin(q.anim_time*90*1-150)*8", -0.21782, "-7.4953-math.sin(q.anim_time*90*1-150)*8"]
				},
				"fc4": {
					"rotation": ["-14.9539-math.sin(q.anim_time*90*1-150)*12", -1.08089, "-4.8821-math.sin(q.anim_time*90*1-150)*10"]
				},
				"bc1": {
					"rotation": ["-25.7246+math.sin(q.anim_time*90*1-50)*4", -13.77624, 5.99253]
				},
				"bc2": {
					"rotation": ["-13.4773+math.sin(q.anim_time*90*1-100)*8", 4.58164, "2.4306+math.sin(q.anim_time*90*1-100)*8"]
				},
				"bc3": {
					"rotation": ["2.7377+math.sin(q.anim_time*90*1-150)*10", 12.3071, "2.2046+math.sin(q.anim_time*90*1-150)*10"]
				},
				"bc4": {
					"rotation": ["-19.8489+math.sin(q.anim_time*90*1-200)*12", 9.84655, "1.7538+math.sin(q.anim_time*90*1-200)*12"]
				},
				"shoulderleft": {
					"rotation": [0, 0, 15]
				},
				"feetis": {
					"rotation": [5, 0, 0]
				},
				"torso": {
					"position": [0, "math.sin(q.anim_time*4*16)*0.3", 0]
				},
				"tail": {
					"position": [0, 3, 0]
				},
				"arms": {
					"position": [0, "math.sin(q.anim_time*4*16)*0.3", 0]
				}
			}
		},
		"animation.urshifu.ssphysical_attack": {
			"loop": true,
			"animation_length": 3.25,
			"bones": {
				"mainthing": {
					"rotation": {
						"0.0": [0, -60, 0],
						"1.0": [0, -60, 0],
						"2.5": [0, -60, 0]
					},
					"position": {
						"0.0": [0, -5.6, 0],
						"1.0": [0, -5.6, 0],
						"1.1667": [0, -5.6, -14],
						"2.2083": [0, -5.6, -14],
						"2.25": [0, 1.4, -14],
						"2.5": [0, -5.6, 0],
						"2.5417": [0, -6.2, 0],
						"2.5833": [0, -5.6, 0],
						"2.625": [0, -6.2, 0],
						"2.6667": [0, -5.6, 0],
						"2.7083": [0, -6.2, 0],
						"2.75": [0, -5.6, 0],
						"2.7917": [0, -6.2, 0]
					}
				},
				"torso_clothes": {
					"position": {
						"0.0": [0, 0, 0],
						"2.5": [0, 0, 0]
					}
				},
				"arm_left": {
					"rotation": {
						"0.0": [0, 0, 15],
						"1.1667": [2.59022, 2.49237, 22.58304],
						"2.25": [2.59022, 2.49237, 22.58304],
						"2.5": [0, 0, 15]
					},
					"position": {
						"0.0": [-2, -1, 0],
						"0.75": [-1, -2, 0],
						"1.0": [-1, -2, 0],
						"1.1667": [0, -2, 0],
						"2.25": [0, -2, 0],
						"2.5": [-2, -1, 0]
					}
				},
				"bicepleft": {
					"rotation": {
						"0.0": [0, 0, "125-math.sin(q.anim_time*90*1-50)*2"],
						"0.75": [177.5, 0, "40-math.sin(q.anim_time*90*1-50)*2"],
						"1.0": [177.5, 0, "40-math.sin(q.anim_time*90*1-50)*2"],
						"1.1667": [164.83931, -3.50478, "-84.0037-math.sin(q.anim_time*90*1-50)*2"],
						"2.25": [164.83931, -3.50478, "-84.0037-math.sin(q.anim_time*90*1-50)*2"],
						"2.5": [0, 0, "125-math.sin(q.anim_time*90*1-50)*2"]
					},
					"position": {
						"0.0": [0, 0, 0],
						"2.5": [0, 0, 0]
					}
				},
				"forearmleft": {
					"rotation": {
						"0.0": [182.22764, 20.15563, 28.30359],
						"0.75": [178.76287, 20.37532, 3.06937],
						"1.0": [178.76287, 20.37532, 3.06937],
						"1.1667": [175.76126, 10.28382, 50.87039],
						"2.25": [175.76126, 10.28382, 50.87039],
						"2.5": [182.22764, 20.15563, 28.30359]
					}
				},
				"thumb1": {
					"rotation": {
						"0.0": [0, 22.5, 0],
						"0.75": [-35, 22.5, 0],
						"1.0": [-35, 22.5, 0],
						"1.1667": [10, 22.5, 0],
						"2.25": [10, 22.5, 0],
						"2.5": [0, 22.5, 0]
					}
				},
				"thunmbseg": {
					"rotation": {
						"0.0": [20.02717, 1.68868, 1.84373],
						"0.75": [5.02717, 1.68868, 1.84373],
						"1.0": [5.02717, 1.68868, 1.84373],
						"1.1667": [25.02717, 1.68868, 1.84373],
						"2.25": [25.02717, 1.68868, 1.84373],
						"2.5": [20.02717, 1.68868, 1.84373]
					}
				},
				"fingers": {
					"rotation": {
						"0.0": [0, 0, -60],
						"0.75": [0, 0, 47.5],
						"1.0": [0, 0, 47.5],
						"1.1667": [0, 0, -55],
						"2.25": [0, 0, -55],
						"2.5": [0, 0, -60]
					}
				},
				"fingerseg": {
					"rotation": {
						"0.0": [0, 0, -60],
						"0.75": [0, 0, -22.5],
						"1.0": [0, 0, -22.5],
						"1.1667": [0, 0, -60],
						"2.25": [0, 0, -60],
						"2.5": [0, 0, -60]
					}
				},
				"arm_right": {
					"rotation": {
						"0.0": [-5.16524, 27.0478, -11.24314],
						"1.0": [-8.89674, 26.12797, -19.56838],
						"1.1667": [9.39331, 44.51442, -21.85539],
						"2.25": [9.39331, 44.51442, -21.85539],
						"2.5": [-5.16524, 27.0478, -11.24314]
					}
				},
				"bicepright": {
					"rotation": {
						"0.0": [58.28573, 33.45406, 10.91547],
						"1.0": [58.28573, 33.45406, 10.91547],
						"1.1667": [-3.1762, -0.17018, -26.43149],
						"2.25": [-3.1762, -0.17018, -26.43149],
						"2.5": [58.28573, 33.45406, 10.91547]
					},
					"position": {
						"0.0": [0, 0, 0],
						"1.0": [1, 0, 0],
						"1.1667": [2, 0, 0],
						"2.25": [2, 0, 0],
						"2.5": [0, 0, 0]
					}
				},
				"forearmright": {
					"rotation": {
						"0.0": [182.5, 75, -180],
						"1.0": [182.5, 75, -180],
						"1.0833": [272.72014, 48.78229, -96.27946],
						"1.1667": [360.97854, -17.40718, -15.03479],
						"2.25": [360.97854, -17.40718, -15.03479],
						"2.5": [182.5, 75, -180]
					},
					"position": {
						"0.0": [-1, 0, -2],
						"1.0": [-1, 0, 0],
						"1.1667": [0, 0, 0],
						"2.25": [0, 0, 0],
						"2.5": [-1, 0, -2]
					}
				},
				"thumbright": {
					"rotation": {
						"0.0": [30, 0, 0],
						"2.5": [30, 0, 0]
					}
				},
				"thungbmbrseg2": {
					"rotation": {
						"0.0": [40, 0, 0],
						"2.5": [40, 0, 0]
					}
				},
				"fingers_right": {
					"rotation": {
						"0.0": [0, 0, 70],
						"2.5": [0, 0, 70]
					}
				},
				"fingerrseg2": {
					"rotation": {
						"0.0": [0, 0, 62.5],
						"2.5": [0, 0, 62.5]
					}
				},
				"neck": {
					"rotation": {
						"0.0": [-10.65119, 24.83901, -1.90415],
						"1.0": [-10.65119, 24.83901, -1.90415],
						"1.1667": [12.59404, -61.97362, -16.62713],
						"2.25": [12.59404, -61.97362, -16.62713],
						"2.5": [-10.65119, 24.83901, -1.90415]
					},
					"position": {
						"0.0": [-1, 1, 0],
						"2.5": [-1, 1, 0]
					}
				},
				"head": {
					"rotation": {
						"0.0": [19.46618, 12.92343, -2.05977],
						"0.75": [29.9257, 31.63207, 5.6333],
						"1.0": [29.9257, 31.63207, 5.6333],
						"1.0417": [11.96628, 26.72396, 3.52332],
						"1.1667": [18.08802, 11.99962, -2.80664],
						"2.25": [18.08802, 11.99962, -2.80664],
						"2.5": [19.46618, 12.92343, -2.05977]
					},
					"scale": {
						"0.0": [0.9, 0.8, 1],
						"2.5": [0.9, 0.8, 1]
					}
				},
				"hair": {
					"rotation": {
						"0.0": [0, 0, 2.5],
						"2.5": [0, 0, 2.5]
					}
				},
				"headband_left": {
					"rotation": {
						"0.0": [9.54046, "-58.8842+math.sin(q.anim_time*90*1-50)*10", 42.2072],
						"1.0": [9.54046, "-58.8842+math.sin(q.anim_time*90*1-50)*10", 42.2072],
						"1.1667": [3.02031, "-53.5668+math.sin(q.anim_time*90*1-50)*10", 4.32529],
						"2.75": [9.54046, "-58.8842+math.sin(q.anim_time*90*1-50)*10", 42.2072]
					},
					"position": {
						"0.0": [-1, -1, 0],
						"1.0": [-1, -1, 0],
						"2.75": [-1, -1, 0]
					}
				},
				"headband_right": {
					"rotation": {
						"0.0": [-17.4812, "40.6549-math.sin(q.anim_time*90*1-50)*10", -38.42136],
						"1.0": [-17.4812, "40.6549-math.sin(q.anim_time*90*1-50)*10", -38.42136],
						"1.1667": [-29.16716, "-0.9715-math.sin(q.anim_time*90*1-50)*10", -21.68209],
						"2.75": [-17.4812, "40.6549-math.sin(q.anim_time*90*1-50)*10", -38.42136]
					}
				},
				"whiteneck": {
					"rotation": {
						"0.0": [0, 15, 0],
						"0.75": [0, 20, 0],
						"1.0": [0, 20, 0],
						"2.5": [0, 15, 0]
					},
					"position": {
						"0.0": [0, -1, 0],
						"2.5": [0, -1, 0]
					}
				},
				"leg_left": {
					"rotation": {
						"0.0": [-52.90208, 67.83409, 3.18262],
						"0.75": [-52.90208, 67.83409, 3.18262],
						"1.0": [-52.90208, 67.83409, 3.18262],
						"1.0833": [74.15441, 72.26701, 101.22011],
						"1.1667": [74.15441, 72.26701, 101.22011],
						"2.25": [74.15441, 72.26701, 101.22011],
						"2.5": [-52.90208, 67.83409, 3.18262]
					},
					"position": {
						"0.0": [0, 0, 0],
						"0.75": [0, 0, 0],
						"1.0": [0, 0, 0],
						"1.0833": [0, 0, 0],
						"1.1667": [2, 0, -3],
						"2.25": [2, 0, -3],
						"2.5": [0, 0, 0]
					}
				},
				"lknee": {
					"rotation": {
						"0.0": [82.5, 0, 0],
						"0.75": [82.5, 0, 0],
						"1.0": [82.5, 0, 0],
						"1.0833": [148.24252, -81.26783, -128.67995],
						"1.1667": [148.24252, -81.26783, -128.67995],
						"2.25": [148.24252, -81.26783, -128.67995],
						"2.5": [82.5, 0, 0]
					}
				},
				"leftfoot": {
					"rotation": {
						"0.0": [-15, 0, 0],
						"0.75": [-15, 0, 0],
						"1.0": [-15, 0, 0],
						"1.0833": [-18.61244, -10.44077, -28.28447],
						"1.1667": [-26.11244, -10.44077, -28.28447],
						"2.25": [-18.61244, -10.44077, -28.28447],
						"2.5": [-15, 0, 0]
					}
				},
				"leg_right": {
					"rotation": {
						"0.0": [-28.81328, -82.01058, -30.93292],
						"0.75": [-28.81328, -82.01058, -30.93292],
						"1.0": [51.03459, -80.70903, -101.39242],
						"1.1667": [56.03459, -80.70903, -101.39242],
						"2.25": [56.03459, -80.70903, -101.39242],
						"2.5": [-28.81328, -82.01058, -30.93292]
					},
					"position": {
						"0.0": [0, 0, 0],
						"0.75": [0, 0, 0],
						"1.0": [0, 0, 4],
						"1.1667": [0, 0, 5],
						"2.25": [0, 0, 5],
						"2.5": [0, 0, 0]
					}
				},
				"rknee": {
					"rotation": {
						"0.0": [67.5, 0, 0],
						"0.75": [77.39557, 7.32123, -1.63219],
						"1.0": [60.38176, 34.30439, 3.88543],
						"1.1667": [43.11669, 8.28616, -0.55515],
						"2.25": [43.11669, 8.28616, -0.55515],
						"2.5": [67.5, 0, 0]
					},
					"position": {
						"0.0": [0, 0, 0],
						"0.75": [0, 0, 0],
						"0.7917": [0, 0.3, 0],
						"0.8333": [0, 0, 0],
						"2.5": [0, 0, 0]
					}
				},
				"front": {
					"rotation": {
						"0.0": [-17.5, 0, 0],
						"2.5": [-17.5, 0, 0]
					}
				},
				"back": {
					"rotation": {
						"0.0": [69.97365, 1.5216, -1.98385],
						"2.5": [69.97365, 1.5216, -1.98385]
					},
					"position": {
						"0.0": [0, 5, 0],
						"2.5": [0, 5, 0]
					}
				},
				"bone": {
					"rotation": {
						"0.0": [42.5, 0, 0],
						"3.25": [42.5, 0, 0]
					}
				},
				"furhead2": {
					"rotation": [0, 0, "127.5+math.sin(q.anim_time*90*1-200)*4"]
				},
				"furhead3": {
					"rotation": ["127.5+math.sin(q.anim_time*90*1-200)*4", 0, 0]
				},
				"furhead1": {
					"rotation": [0, 0, "-140+math.sin(q.anim_time*90*1-200)*4"]
				},
				"bandseg1": {
					"rotation": {
						"0.0": [6.70127, "-3.0932-math.sin(q.anim_time*90*1-100)*15", 9.67518],
						"1.0": [6.70127, "-3.0932-math.sin(q.anim_time*90*1-100)*15", 9.67518],
						"1.1667": [6.12783, "26.7276-math.sin(q.anim_time*90*1-100)*15", 13.03512],
						"2.75": [6.70127, "-3.0932-math.sin(q.anim_time*90*1-100)*15", 9.67518]
					}
				},
				"bandseg2": {
					"rotation": [-6.36991, "29.9706-math.sin(q.anim_time*90*1-200)*25", 9.55406]
				},
				"bandseg3": {
					"rotation": [5.54163, "-1.6719-math.sin(q.anim_time*90*1-200)*25", -4.43478]
				},
				"lband1": {
					"rotation": {
						"0.0": [14.34255, "-22.4485-math.sin(q.anim_time*90*1-100)*15", 12.43407],
						"1.0": [14.34255, "-22.4485-math.sin(q.anim_time*90*1-100)*15", 12.43407],
						"1.1667": [-0.68462, "-4.9499-math.sin(q.anim_time*90*1-100)*15", 12.22815],
						"2.75": [14.34255, "-22.4485-math.sin(q.anim_time*90*1-100)*15", 12.43407]
					}
				},
				"lband2": {
					"rotation": [-7.21604, "40.4825+math.sin(q.anim_time*90*1-200)*25", 7.68073]
				},
				"lband3": {
					"rotation": [-2.33411, "33.3552+math.sin(q.anim_time*90*1-200)*25", 2.92364]
				},
				"fur1": {
					"rotation": {
						"0.0": ["-115+math.sin(q.anim_time*90*1-200)*4", 0, 0],
						"1.75": ["-115+math.sin(q.anim_time*90*1-200)*4", 0, 0]
					},
					"position": {
						"0.0": [0, -2, 0],
						"1.75": [0, -2, 0]
					}
				},
				"fur3": {
					"rotation": {
						"0.0": [107.5, 0, 0],
						"1.75": [107.5, 0, 0]
					},
					"position": {
						"0.0": [0, -2, 0],
						"1.75": [0, -2, 0]
					}
				},
				"fyur2": {
					"rotation": {
						"0.0": [0, 0, "115+math.sin(q.anim_time*90*1-200)*4"],
						"1.75": [0, 0, "115+math.sin(q.anim_time*90*1-200)*4"]
					},
					"position": {
						"0.0": [1, -3, 0],
						"1.75": [1, -3, 0]
					}
				},
				"fur4": {
					"rotation": {
						"0.0": [0, 0, "-117.5+math.sin(q.anim_time*90*1-200)*4"],
						"2.5": [0, 0, "-117.5+math.sin(q.anim_time*90*1-200)*4"]
					}
				},
				"fur2": {
					"rotation": {
						"0.0": ["-110+math.sin(q.anim_time*90*1-200)*4", 0, 0],
						"2.5": ["-110+math.sin(q.anim_time*90*1-200)*4", 0, 0]
					},
					"position": {
						"0.0": [0, -2, 0],
						"2.5": [0, -2, 0]
					}
				},
				"fur6": {
					"rotation": {
						"0.0": [0, 0, "87.5-math.sin(q.anim_time*90*1-200)*4"],
						"2.5": [0, 0, "87.5-math.sin(q.anim_time*90*1-200)*4"]
					},
					"position": {
						"0.0": [1, -3, 0],
						"2.5": [1, -3, 0]
					}
				},
				"fyur3": {
					"rotation": {
						"0.0": [0, 0, "-95-math.sin(q.anim_time*90*1-200)*4"],
						"1.75": [0, 0, "-95-math.sin(q.anim_time*90*1-200)*4"]
					},
					"position": {
						"0.0": [0, -3, 0],
						"1.75": [0, -3, 0]
					}
				},
				"fur5": {
					"rotation": {
						"0.0": [110, 0, 0],
						"2.5": [110, 0, 0]
					}
				},
				"lowjaw": {
					"rotation": {
						"0.0": [0, 0, 0],
						"1.0": [15, 0, 0],
						"1.0417": [40, 0, 0],
						"1.0833": [40, 0, 0],
						"1.1667": [0, 0, 0],
						"2.25": [0, 0, 0],
						"2.5": [0, 0, 0]
					}
				},
				"ear2": {
					"rotation": {
						"0.0": [0, 0, -35],
						"3.25": [0, 0, -35]
					}
				},
				"ear1": {
					"rotation": {
						"0.0": [0, 0, 40],
						"3.25": [0, 0, 40]
					}
				},
				"frontcloth1": {
					"rotation": {
						"0.0": ["-18.2938-math.sin(q.anim_time*90*1-50)*2", -14.04833, "2.8551-math.sin(q.anim_time*90*1-50)*2"],
						"1.0": ["-18.2938-math.sin(q.anim_time*90*1-50)*2", -14.04833, "2.8551-math.sin(q.anim_time*90*1-50)*2"],
						"1.1667": ["-35.7938-math.sin(q.anim_time*90*1-50)*2", -14.04833, "2.8551-math.sin(q.anim_time*90*1-50)*2"],
						"2.75": ["-18.2938-math.sin(q.anim_time*90*1-50)*2", -14.04833, "2.8551-math.sin(q.anim_time*90*1-50)*2"],
						"3.25": ["-18.2938-math.sin(q.anim_time*90*1-50)*2", -14.04833, "2.8551-math.sin(q.anim_time*90*1-50)*2"]
					},
					"position": {
						"0.0": [0, 2, 0],
						"1.0": [0, 2, 0],
						"2.75": [0, 2, 0],
						"3.25": [0, 2, 0]
					}
				},
				"fc2": {
					"rotation": {
						"0.0": ["5-math.sin(q.anim_time*90*1-150)*6", 0, "-2.5-math.sin(q.anim_time*90*1-150)*6"],
						"1.0": ["5-math.sin(q.anim_time*90*1-150)*6", 0, "-2.5-math.sin(q.anim_time*90*1-150)*6"],
						"1.1667": ["-40-math.sin(q.anim_time*90*1-150)*6", 0, "-2.5-math.sin(q.anim_time*90*1-150)*6"],
						"2.5": ["5-math.sin(q.anim_time*90*1-150)*6", 0, "-2.5-math.sin(q.anim_time*90*1-150)*6"],
						"3.25": ["5-math.sin(q.anim_time*90*1-150)*6", 0, "-2.5-math.sin(q.anim_time*90*1-150)*6"]
					}
				},
				"fc3": {
					"rotation": {
						"0.0": ["-2.4905-math.sin(q.anim_time*90*1-150)*8", -0.21782, "-7.4953-math.sin(q.anim_time*90*1-150)*8"],
						"1.0": ["-2.4905-math.sin(q.anim_time*90*1-150)*8", -0.21782, "-7.4953-math.sin(q.anim_time*90*1-150)*8"],
						"1.1667": ["-29.9905-math.sin(q.anim_time*90*1-150)*8", -0.21782, "-7.4953-math.sin(q.anim_time*90*1-150)*8"],
						"2.5": ["-2.4905-math.sin(q.anim_time*90*1-150)*8", -0.21782, "-7.4953-math.sin(q.anim_time*90*1-150)*8"],
						"3.25": ["-2.4905-math.sin(q.anim_time*90*1-150)*8", -0.21782, "-7.4953-math.sin(q.anim_time*90*1-150)*8"]
					}
				},
				"fc4": {
					"rotation": {
						"0.0": ["-14.9539-math.sin(q.anim_time*90*1-150)*12", -1.08089, "-4.8821-math.sin(q.anim_time*90*1-150)*10"],
						"1.0": ["-14.9539-math.sin(q.anim_time*90*1-150)*12", -1.08089, "-4.8821-math.sin(q.anim_time*90*1-150)*10"],
						"1.1667": ["-47.4539-math.sin(q.anim_time*90*1-150)*12", -1.08089, "-4.8821-math.sin(q.anim_time*90*1-150)*10"],
						"2.75": ["-14.9539-math.sin(q.anim_time*90*1-150)*12", -1.08089, "-4.8821-math.sin(q.anim_time*90*1-150)*10"],
						"3.25": ["-14.9539-math.sin(q.anim_time*90*1-150)*12", -1.08089, "-4.8821-math.sin(q.anim_time*90*1-150)*10"]
					}
				},
				"bc1": {
					"rotation": {
						"0.0": ["-25.7246+math.sin(q.anim_time*90*1-50)*4", -13.77624, 5.99253],
						"1.0": ["-25.7246+math.sin(q.anim_time*90*1-50)*4", -13.77624, 5.99253],
						"1.1667": ["-23.2246+math.sin(q.anim_time*90*1-50)*4", -13.77624, 5.99253],
						"2.75": ["-25.7246+math.sin(q.anim_time*90*1-50)*4", -13.77624, 5.99253],
						"3.25": ["-25.7246+math.sin(q.anim_time*90*1-50)*4", -13.77624, 5.99253]
					},
					"position": {
						"0.0": [0, 0, 0],
						"1.0": [0, 0, 0],
						"1.1667": [0, -1, -3],
						"2.75": [0, 0, 0]
					}
				},
				"bc2": {
					"rotation": {
						"0.0": ["-13.4773+math.sin(q.anim_time*90*1-100)*8", 4.58164, "2.4306+math.sin(q.anim_time*90*1-100)*8"],
						"1.0": ["-13.4773+math.sin(q.anim_time*90*1-100)*8", 4.58164, "2.4306+math.sin(q.anim_time*90*1-100)*8"],
						"1.1667": ["21.5227+math.sin(q.anim_time*90*1-100)*8", 4.58164, "2.4306+math.sin(q.anim_time*90*1-100)*8"],
						"2.75": ["-13.4773+math.sin(q.anim_time*90*1-100)*8", 4.58164, "2.4306+math.sin(q.anim_time*90*1-100)*8"],
						"3.25": ["-13.4773+math.sin(q.anim_time*90*1-100)*8", 4.58164, "2.4306+math.sin(q.anim_time*90*1-100)*8"]
					}
				},
				"bc3": {
					"rotation": {
						"0.0": ["2.7377+math.sin(q.anim_time*90*1-150)*10", 12.3071, "2.2046+math.sin(q.anim_time*90*1-150)*10"],
						"1.0": ["2.7377+math.sin(q.anim_time*90*1-150)*10", 12.3071, "2.2046+math.sin(q.anim_time*90*1-150)*10"],
						"1.1667": ["40.2377+math.sin(q.anim_time*90*1-150)*10", 12.3071, "2.2046+math.sin(q.anim_time*90*1-150)*10"],
						"2.75": ["2.7377+math.sin(q.anim_time*90*1-150)*10", 12.3071, "2.2046+math.sin(q.anim_time*90*1-150)*10"],
						"3.25": ["2.7377+math.sin(q.anim_time*90*1-150)*10", 12.3071, "2.2046+math.sin(q.anim_time*90*1-150)*10"]
					}
				},
				"bc4": {
					"rotation": {
						"0.0": ["-19.8489+math.sin(q.anim_time*90*1-200)*12", 9.84655, "1.7538+math.sin(q.anim_time*90*1-200)*12"],
						"1.0": ["-19.8489+math.sin(q.anim_time*90*1-200)*12", 9.84655, "1.7538+math.sin(q.anim_time*90*1-200)*12"],
						"1.1667": ["32.6511+math.sin(q.anim_time*90*1-200)*12", 9.84655, "1.7538+math.sin(q.anim_time*90*1-200)*12"],
						"2.75": ["-19.8489+math.sin(q.anim_time*90*1-200)*12", 9.84655, "1.7538+math.sin(q.anim_time*90*1-200)*12"],
						"3.25": ["-19.8489+math.sin(q.anim_time*90*1-200)*12", 9.84655, "1.7538+math.sin(q.anim_time*90*1-200)*12"]
					}
				},
				"shoulderleft": {
					"rotation": {
						"0.0": [0, 0, 15],
						"1.0": [-8.99137, 15.78084, -2.44284],
						"1.1667": [-20.2732, 71.77582, -20.93865],
						"2.25": [-20.2732, 71.77582, -20.93865],
						"2.5": [0, 0, 15]
					},
					"position": {
						"0.0": [0, 0, 0],
						"1.0": [1, 0, 0],
						"1.1667": [1, 0, 0],
						"2.5": [0, 0, 0]
					}
				},
				"feetis": {
					"rotation": {
						"0.0": [5, 0, 0],
						"0.75": [-2.46207, 0.43399, 9.99067],
						"1.0": [6.95857, 56.1283, 21.03349],
						"1.1667": [18.87067, -20.42794, 6.89939],
						"2.25": [10.44464, -20.9011, 9.52304],
						"2.5": [5, 0, 0]
					},
					"position": {
						"0.0": [0, 0, 0],
						"1.1667": [0, 1, 0],
						"2.5": [0, 0, 0]
					}
				},
				"torso": {
					"rotation": {
						"0.0": [0, 0, 0],
						"0.75": [0, -32.5, 0],
						"1.0": [0, -32.5, 0],
						"1.1667": [0, 120, 0],
						"2.25": [0, 120, 0],
						"2.5": [0, 0, 0]
					},
					"position": {
						"0.0": [0, "math.sin(q.anim_time*4*16)*0.3", 0],
						"0.75": [0, "math.sin(q.anim_time*4*16)*0.3", 3],
						"1.0": [0, "math.sin(q.anim_time*4*16)*0.3", 3],
						"1.1667": [-2, "-2+math.sin(q.anim_time*4*16)*0.3", 5],
						"1.2083": [-2, "--1.5+math.sin(q.anim_time*4*16)*0.3", 5],
						"1.25": [-2, "-2+math.sin(q.anim_time*4*16)*0.3", 5],
						"1.2917": [-2, "--1.5+math.sin(q.anim_time*4*16)*0.3", 5],
						"1.3333": [-2, "-2+math.sin(q.anim_time*4*16)*0.3", 5],
						"1.375": [-2, "--1.5+math.sin(q.anim_time*4*16)*0.3", 5],
						"1.4167": [-2, "-2+math.sin(q.anim_time*4*16)*0.3", 5],
						"1.4583": [-2, "--1.5+math.sin(q.anim_time*4*16)*0.3", 5],
						"1.5": [-2, "-2+math.sin(q.anim_time*4*16)*0.3", 5],
						"1.5417": [-2, "--1.5+math.sin(q.anim_time*4*16)*0.3", 5],
						"2.25": [-2, "-2+math.sin(q.anim_time*4*16)*0.3", 5],
						"2.5": [0, "math.sin(q.anim_time*4*16)*0.3", 0]
					}
				},
				"tail": {
					"position": {
						"0.0": [0, 3, 0],
						"2.5": [0, 3, 0]
					}
				},
				"arms": {
					"position": {
						"0.0": [0, "math.sin(q.anim_time*4*16)*0.3", 0],
						"2.5": [0, "math.sin(q.anim_time*4*16)*0.3", 0]
					}
				},
				"hand_left": {
					"rotation": {
						"0.0": [0, 0, 0],
						"0.75": [0, 0, 37.5],
						"1.0": [0, 0, 37.5],
						"1.1667": [0, 0, 12.5]
					}
				},
				"shoulderright": {
					"rotation": {
						"0.0": [0, 0, 0],
						"1.0": [0, 0, -15],
						"1.0833": [0, 7.5, 22.5],
						"1.1667": [0, 0, -10]
					}
				},
				"hand_right": {
					"rotation": {
						"0.0": [0, 0, 0],
						"1.0833": [0, 0, 32.5],
						"1.1667": [0, 0, 5]
					}
				},
				"legs": {
					"rotation": {
						"0.0": [0, 0, 0],
						"0.75": [0, 0, 0],
						"1.0": [0, 0, 0],
						"1.1667": [0, 175, 0],
						"2.25": [0, 175, 0],
						"2.5": [0, 0, 0]
					},
					"position": {
						"0.0": [0, 0, 0],
						"0.75": [0, 0, 0],
						"1.0": [0, 0, 0],
						"1.1667": [-3, 0, 7],
						"2.25": [-3, 0, 7],
						"2.5": [0, 0, 0]
					}
				}
			}
		},
		"animation.urshifu.rapidstrike": {
			"loop": true,
			"bones": {
				"torso": {
					"rotation": [0, 7.5, 0],
					"position": [0, "math.sin(q.anim_time*4*16)*0.3", 0]
				},
				"neck": {
					"rotation": [2.5, 52.5, 0]
				},
				"head": {
					"rotation": [10.08453, -7.38542, -1.30962]
				},
				"furhead2": {
					"rotation": [0.49411, 1.25669, 2.10942],
					"position": [0, -1, 0]
				},
				"furhead3": {
					"rotation": ["math.sin(q.anim_time*90*1-200)*4", 0, 0],
					"position": [0, -1, 0]
				},
				"furhead1": {
					"rotation": [0, 0, -10],
					"position": [0, -1, 0]
				},
				"headband_left": {
					"rotation": [-63.55989, "-94.0936-math.sin(q.anim_time*90*1-50)*10", 8.51181],
					"position": [0, -2, 1]
				},
				"lband1": {
					"rotation": [0, "-97.5-math.sin(q.anim_time*90*1-100)*15", 0]
				},
				"lband2": {
					"rotation": [0, "27.5-math.sin(q.anim_time*90*1-200)*25", 0]
				},
				"lband3": {
					"rotation": [0, "65-math.sin(q.anim_time*90*1-200)*25", 0]
				},
				"headband_right": {
					"rotation": [-111.69454, "63.7406-math.sin(q.anim_time*90*1-50)*10", -47.51743],
					"position": [0, -2, 0]
				},
				"bandseg1": {
					"rotation": [0, "82.5-math.sin(q.anim_time*90*1-100)*15", 0]
				},
				"bandseg2": {
					"rotation": [0, "80-math.sin(q.anim_time*90*1-200)*25", 0]
				},
				"bandseg3": {
					"rotation": [0, "-40-math.sin(q.anim_time*90*1-200)*25", 0]
				},
				"tail": {
					"rotation": [25, 0, 0]
				},
				"arm_left": {
					"rotation": [1.75378, -9.84655, "-2.6511-math.sin(q.anim_time*90*1-50)*1"],
					"position": [0, -1, 0]
				},
				"bicepleft": {
					"rotation": [-6.28106, 11.01681, "65.4729-5-math.sin(q.anim_time*90*1-50)*2"]
				},
				"forearmleft": {
					"rotation": [0, 0, "37.5-math.sin(q.anim_time*90*1-50)*4"]
				},
				"fingers": {
					"rotation": [0, 0, -25]
				},
				"fingerseg": {
					"rotation": [0, 0, -52.5]
				},
				"arm_right": {
					"rotation": [2.5, -4.46375, "-53.165-math.sin(q.anim_time*90*1-50)*1"],
					"position": [0, 0, 0]
				},
				"bicepright": {
					"rotation": [-151.85774, 19.32188, "-58.7808-math.sin(q.anim_time*90*1-50)*2"],
					"position": [0, 1, 0]
				},
				"forearmright": {
					"rotation": [0, 0, "57.5-math.sin(q.anim_time*90*1-50)*4"]
				},
				"leg_left": {
					"rotation": ["-132.7708+math.sin(q.anim_time*20*4)*2", 52.97968, -39.67283]
				},
				"fur1": {
					"rotation": ["30+math.sin(q.anim_time*90*1-200)*4", 0, 0],
					"position": [0, -1, -0.25]
				},
				"fyur2": {
					"rotation": [14.97546, 6.76746, "-20.956-math.sin(q.anim_time*90*1-200)*4"],
					"position": [-0.5, 0, 0]
				},
				"fyur3": {
					"rotation": [0, 0, "35+math.sin(q.anim_time*90*1-200)*4"],
					"position": [-1, -2, 0]
				},
				"lknee": {
					"rotation": ["117.5+math.sin(q.anim_time*20*4)*2", 0, 0],
					"position": [-0.75, 0, -0.25]
				},
				"leftfoot": {
					"rotation": [32.5, 0, 0]
				},
				"bc4": {
					"rotation": ["2.5+math.sin(q.anim_time*90*1-50)*10", 0, 0]
				},
				"bc3": {
					"rotation": ["-7.5+math.sin(q.anim_time*90*1-50)*8", 0, 0]
				},
				"bc2": {
					"rotation": ["-12.5+math.sin(q.anim_time*90*1-50)*6", 0, 0]
				},
				"bc1": {
					"rotation": ["22.5+math.sin(q.anim_time*90*1-50)*4", 0, 0]
				},
				"frontcloth1": {
					"rotation": ["-25-math.sin(q.anim_time*90*1-50)*6", 0, 0]
				},
				"fc2": {
					"rotation": ["-12.5-math.sin(q.anim_time*90*1-150)*6", 0, 0]
				},
				"fc3": {
					"rotation": ["-10-math.sin(q.anim_time*90*1-150)*8", 0, 0]
				},
				"fc4": {
					"rotation": ["-5-math.sin(q.anim_time*90*1-150)*10", 0, 0]
				},
				"shoulderright": {
					"rotation": [3.90399, 17.07228, 0.58619]
				},
				"shoulderleft": {
					"rotation": [0, 0, "-math.sin(q.anim_time*90*1-50)*1"]
				},
				"mainthing": {
					"rotation": [0, 275, 0],
					"position": [0, -1, 0]
				},
				"fur2": {
					"rotation": [12.5, 0, 0]
				},
				"fur4": {
					"rotation": [0, 0, 22.5]
				},
				"fur6": {
					"rotation": [0, 0, -22.5]
				},
				"arms": {
					"position": [0, "math.sin(q.anim_time*4*16)*0.3", 0]
				},
				"hand_left": {
					"rotation": [0, 0, -5]
				}
			}
		},
		"animation.urshifu.rsphysical_attack": {
			"loop": true,
			"animation_length": 2,
			"bones": {
				"torso": {
					"rotation": {
						"0.0": [0, 7.5, 0],
						"0.1667": {
							"pre": [0, 7.5, 0],
							"post": [0, 7.5, 0],
							"lerp_mode": "catmullrom"
						},
						"0.3333": {
							"post": [9.32022, -39.76686, -3.72594],
							"lerp_mode": "catmullrom"
						},
						"0.4583": {
							"post": [7.59801, 19.69744, 4.8414],
							"lerp_mode": "catmullrom"
						},
						"0.5833": {
							"post": [-8.40005, -17.52965, -3.95707],
							"lerp_mode": "catmullrom"
						},
						"0.7083": {
							"post": [14.57773, 35.5108, 27.981],
							"lerp_mode": "catmullrom"
						},
						"0.8333": {
							"post": [4.57773, 35.5108, 27.981],
							"lerp_mode": "catmullrom"
						},
						"1.0417": {
							"post": [4.57773, 35.5108, 27.981],
							"lerp_mode": "catmullrom"
						},
						"1.125": {
							"post": [2.9139, 49.55325, 18.41109],
							"lerp_mode": "catmullrom"
						},
						"1.5417": [0, 7.5, 0]
					},
					"position": {
						"0.0": [0, 0, 0],
						"0.1667": {
							"pre": [0, 0, 0],
							"post": [0, 0, 0],
							"lerp_mode": "catmullrom"
						},
						"0.3333": {
							"post": [0, 0.3, 2],
							"lerp_mode": "catmullrom"
						},
						"0.8333": {
							"post": [0, 2, 0],
							"lerp_mode": "catmullrom"
						},
						"1.0417": {
							"post": [0, 2, 0],
							"lerp_mode": "catmullrom"
						},
						"1.5417": [0, 0, 0]
					}
				},
				"neck": {
					"rotation": {
						"0.0": [2.5, 52.5, 0],
						"0.5": [2.5, 52.5, 0],
						"0.5833": [1.52308, 2.52546, -1.91672],
						"1.5417": [2.5, 52.5, 0]
					},
					"position": {
						"0.0": [0, 0, 0],
						"0.5833": [0, 0, 0],
						"1.5417": [0, 0, 0]
					}
				},
				"head": {
					"rotation": {
						"0.0": [10.08453, -7.38542, -1.30962],
						"0.375": [10.08453, -7.38542, -1.30962],
						"0.5833": [8.12193, -14.70557, -4.61924],
						"0.7083": [-7.92351, 34.77437, 2.95198],
						"0.8333": [23.75816, 42.40006, 9.12376],
						"1.5417": [10.08453, -7.38542, -1.30962]
					},
					"position": {
						"0.0": [0, 0, 0],
						"1.5417": [0, 0, 0]
					}
				},
				"furhead2": {
					"rotation": [0.49411, 1.25669, 2.10942],
					"position": [0, -1, 0]
				},
				"furhead3": {
					"rotation": ["math.sin(q.anim_time*90*1-200)*4", 0, 0],
					"position": [0, -1, 0]
				},
				"furhead1": {
					"rotation": [0, 0, -10],
					"position": [0, -1, 0]
				},
				"headband_left": {
					"rotation": {
						"0.0": [-63.55989, "-94.0936-math.sin(q.anim_time*90*1-50)*10", 8.51181],
						"0.375": [-63.55989, "-94.0936-math.sin(q.anim_time*90*1-50)*10", 8.51181],
						"0.5833": [23.34936, "13.1515-math.sin(q.anim_time*90*1-50)*10", -82.30936],
						"0.6667": [22.72336, "-44.2728-math.sin(q.anim_time*90*1-50)*10", -79.15711],
						"0.875": [23.39565, "20.6468-math.sin(q.anim_time*90*1-50)*10", -82.64626],
						"1.5417": [-63.55989, "-94.0936-math.sin(q.anim_time*90*1-50)*10", 8.51181]
					},
					"position": {
						"0.0": [0, -2, 1],
						"0.375": [0, -2, 1],
						"1.5417": [0, -2, 1]
					}
				},
				"lband1": {
					"rotation": {
						"0.0": [0, "-97.5-math.sin(q.anim_time*90*1-100)*15", 0],
						"0.5833": [0, "7.5-math.sin(q.anim_time*90*1-100)*15", 0],
						"0.6667": [0, "-60-math.sin(q.anim_time*90*1-100)*15", 0],
						"0.875": [0, "10-math.sin(q.anim_time*90*1-100)*15", 0],
						"1.5417": [0, "-97.5-math.sin(q.anim_time*90*1-100)*15", 0]
					}
				},
				"lband2": {
					"rotation": {
						"0.0": [0, "27.5-math.sin(q.anim_time*90*1-200)*25", 0],
						"0.5833": [0, "55-math.sin(q.anim_time*90*1-200)*25", 0],
						"0.6667": [0, "-15-math.sin(q.anim_time*90*1-200)*25", 0],
						"0.875": [0, "45-math.sin(q.anim_time*90*1-200)*25", 0],
						"1.5417": [0, "27.5-math.sin(q.anim_time*90*1-200)*25", 0]
					}
				},
				"lband3": {
					"rotation": {
						"0.0": [0, "65-math.sin(q.anim_time*90*1-200)*25", 0],
						"0.6667": [0, "-5-math.sin(q.anim_time*90*1-200)*25", 0],
						"0.875": [0, "57.5-math.sin(q.anim_time*90*1-200)*25", 0],
						"1.5417": [0, "65-math.sin(q.anim_time*90*1-200)*25", 0]
					}
				},
				"headband_right": {
					"rotation": {
						"0.0": [-111.69454, "63.7406-math.sin(q.anim_time*90*1-50)*10", -47.51743],
						"0.875": [-22.58051, "18.8504-math.sin(q.anim_time*90*1-50)*10", 50.02008],
						"1.5417": [-111.69454, "63.7406-math.sin(q.anim_time*90*1-50)*10", -47.51743]
					},
					"position": {
						"0.0": [0, -2, 0],
						"1.5417": [0, -2, 0]
					}
				},
				"bandseg1": {
					"rotation": {
						"0.0": [0, "82.5-math.sin(q.anim_time*90*1-100)*15", 0],
						"0.875": [-5, "42.5-math.sin(q.anim_time*90*1-100)*15", 0],
						"1.5417": [0, "82.5-math.sin(q.anim_time*90*1-100)*15", 0]
					}
				},
				"bandseg2": {
					"rotation": {
						"0.0": [0, "80-math.sin(q.anim_time*90*1-200)*25", 0],
						"0.875": [0, "55-math.sin(q.anim_time*90*1-200)*25", 0],
						"1.5417": [0, "80-math.sin(q.anim_time*90*1-200)*25", 0]
					}
				},
				"bandseg3": {
					"rotation": {
						"0.0": [0, "-40-math.sin(q.anim_time*90*1-200)*25", 0],
						"0.875": [0, "-17.5-math.sin(q.anim_time*90*1-200)*25", 0]
					}
				},
				"tail": {
					"rotation": [25, 0, 0]
				},
				"arm_left": {
					"rotation": {
						"0.0": [1.75378, -9.84655, "-2.6511-math.sin(q.anim_time*90*1-50)*1"],
						"0.5833": [19.39869, 12.76253, 35.85762],
						"0.7083": [26.19068, -33.85986, "25.1294-math.sin(q.anim_time*90*1-50)*1"],
						"0.9583": [32.85923, -38.45118, -16.46484],
						"1.5417": [1.75378, -9.84655, "-2.6511-math.sin(q.anim_time*90*1-50)*1"]
					},
					"position": {
						"0.0": [0, -1, 0],
						"1.5417": [0, -1, 0]
					}
				},
				"bicepleft": {
					"rotation": {
						"0.0": [-6.28106, 11.01681, "65.4729-5-math.sin(q.anim_time*90*1-50)*2"],
						"0.4583": [-7.36541, 8.32005, "38.0818-5-math.sin(q.anim_time*90*1-50)*2"],
						"0.7083": [-6.99489, 5.17708, "8.2411-5-math.sin(q.anim_time*90*1-50)*2"],
						"0.9583": [-6.21642, -13.20991, 18.56636],
						"1.5417": [-6.28106, 11.01681, "65.4729-5-math.sin(q.anim_time*90*1-50)*2"]
					}
				},
				"forearmleft": {
					"rotation": {
						"0.0": [0, 0, "37.5-math.sin(q.anim_time*90*1-50)*4"],
						"0.4583": [0, 0, "-2.5-math.sin(q.anim_time*90*1-50)*4"],
						"0.7083": [0, -20, "-2.5-math.sin(q.anim_time*90*1-50)*4"],
						"0.9583": [2.48818, -13.89135, 1.55128],
						"1.5417": [0, 0, "37.5-math.sin(q.anim_time*90*1-50)*4"]
					}
				},
				"fingers": {
					"rotation": {
						"0.0": [0, 0, -25],
						"0.4583": [0, 0, 12.5],
						"1.5417": [0, 0, -25]
					}
				},
				"fingerseg": {
					"rotation": {
						"0.0": [0, 0, -52.5],
						"0.4583": [0, 0, 2.5],
						"1.5417": [0, 0, -52.5]
					}
				},
				"arm_right": {
					"rotation": {
						"0.0": [2.5, -4.46375, "-53.165-math.sin(q.anim_time*90*1-50)*1"],
						"0.5833": [38.63023, 31.21704, "1.8252-math.sin(q.anim_time*90*1-50)*1"],
						"1.5417": [2.5, -4.46375, "-53.165-math.sin(q.anim_time*90*1-50)*1"]
					},
					"position": {
						"0.0": [0, 0, 0],
						"1.5417": [0, 0, 0]
					}
				},
				"bicepright": {
					"rotation": {
						"0.0": [-151.85774, 19.32188, "-58.7808-math.sin(q.anim_time*90*1-50)*2"],
						"0.5": [-151.85774, 19.32188, "-58.7808-math.sin(q.anim_time*90*1-50)*2"],
						"0.5833": [-161.14216, -61.29738, -48.93873],
						"0.7083": [-64.58268, -27.88586, "-8.1037-math.sin(q.anim_time*90*1-50)*2"],
						"0.8333": [-78.52491, 6.12224, -10.84956],
						"1.5417": [-151.85774, 19.32188, "-58.7808-math.sin(q.anim_time*90*1-50)*2"]
					},
					"position": {
						"0.0": [0, 1, 0],
						"0.5": [0, 1, 0],
						"0.7083": [0, 0, -1],
						"1.5417": [0, 1, 0]
					}
				},
				"forearmright": {
					"rotation": {
						"0.0": [0, 0, "57.5-math.sin(q.anim_time*90*1-50)*4"],
						"0.5": [0, 0, "57.5-math.sin(q.anim_time*90*1-50)*4"],
						"0.5833": [0, 0, -3.17],
						"0.7083": [0, 0, "-12.5-math.sin(q.anim_time*90*1-50)*4"],
						"1.5417": [0, 0, "57.5-math.sin(q.anim_time*90*1-50)*4"]
					}
				},
				"leg_left": {
					"rotation": {
						"0.0": {
							"post": [-132.7708, 52.97968, -39.67283],
							"lerp_mode": "catmullrom"
						},
						"0.25": {
							"post": [6.9438, 66.3814, 16.44406],
							"lerp_mode": "catmullrom"
						},
						"0.5": {
							"post": [6.9438, 66.3814, 16.44406],
							"lerp_mode": "catmullrom"
						},
						"0.625": {
							"post": [6.9438, 66.3814, 16.44406],
							"lerp_mode": "catmullrom"
						},
						"0.7083": {
							"post": [39.39001, -5.96185, 102.14375],
							"lerp_mode": "catmullrom"
						},
						"0.7917": {
							"post": [47.65871, -13.84024, 106.61773],
							"lerp_mode": "catmullrom"
						},
						"0.875": {
							"post": [24.66815, -15.28879, 114.11176],
							"lerp_mode": "catmullrom"
						},
						"1.0417": {
							"post": [21.78371, -2.58391, 82.93999],
							"lerp_mode": "catmullrom"
						},
						"1.125": {
							"post": [-25.08267, 7.6168, 59.03075],
							"lerp_mode": "catmullrom"
						},
						"1.5417": [-132.7708, 52.97968, -39.67283]
					},
					"position": {
						"0.0": {
							"post": [0, 0, 0],
							"lerp_mode": "catmullrom"
						},
						"0.25": {
							"post": [0, 0, 0],
							"lerp_mode": "catmullrom"
						},
						"0.5": {
							"post": [0, 0, 0],
							"lerp_mode": "catmullrom"
						},
						"0.625": {
							"post": [0, 0, 0],
							"lerp_mode": "catmullrom"
						},
						"0.7083": {
							"post": [2, 11, 4],
							"lerp_mode": "catmullrom"
						},
						"1.5417": [0, 0, 0]
					}
				},
				"fur1": {
					"rotation": ["30+math.sin(q.anim_time*90*1-200)*4", 0, 0],
					"position": [0, -1, -0.25]
				},
				"fyur2": {
					"rotation": [14.97546, 6.76746, "-20.956-math.sin(q.anim_time*90*1-200)*4"],
					"position": [-0.5, 0, 0]
				},
				"fyur3": {
					"rotation": [0, 0, "35+math.sin(q.anim_time*90*1-200)*4"],
					"position": [-1, -2, 0]
				},
				"lknee": {
					"rotation": {
						"0.0": [117.5, 0, 0],
						"0.25": [22.5, 0, 0],
						"0.3333": [13.42219, -9.6742, -2.96535],
						"0.5": {
							"pre": [22.5, 0, 0],
							"post": [22.5, 0, 0],
							"lerp_mode": "catmullrom"
						},
						"0.7083": {
							"post": [15.34848, -1.56364, 17.69154],
							"lerp_mode": "catmullrom"
						},
						"0.8333": {
							"post": [-2.15152, -1.56364, 17.69154],
							"lerp_mode": "catmullrom"
						},
						"0.9167": {
							"post": [92.09383, 21.04458, 17.11375],
							"lerp_mode": "catmullrom"
						},
						"1.0417": {
							"post": [88.50727, 19.29273, 14.47548],
							"lerp_mode": "catmullrom"
						},
						"1.5417": [117.5, 0, 0]
					},
					"position": {
						"0.0": [-0.75, 0, -0.25],
						"0.25": [-0.75, 0, -0.25],
						"0.5": {
							"pre": [-0.75, 0, -0.25],
							"post": [-0.75, 0, -0.25],
							"lerp_mode": "catmullrom"
						},
						"0.5417": {
							"post": [-0.75, -0.3, -0.25],
							"lerp_mode": "catmullrom"
						},
						"0.5833": {
							"post": [-0.75, 0, -0.25],
							"lerp_mode": "catmullrom"
						},
						"1.5417": [-0.75, 0, -0.25]
					}
				},
				"leftfoot": {
					"rotation": {
						"0.0": [32.5, 0, 0],
						"0.25": [-5, 0, 0],
						"0.3333": [-5.5531, -15.46162, 1.58448],
						"0.375": [-6.76733, -42.30053, 4.56615],
						"0.5": [-5, 0, 0],
						"0.625": [-5, 0, 0],
						"0.6667": [-5, 0, 0],
						"0.8333": [82.14, 0, 0],
						"1.0": [82.14, 0, 0],
						"1.5417": [32.5, 0, 0]
					}
				},
				"bc4": {
					"rotation": {
						"0.0": ["2.5+math.sin(q.anim_time*90*1-50)*10", 0, 0],
						"0.625": ["2.5+math.sin(q.anim_time*90*1-50)*10", 0, 0],
						"0.7917": ["20+math.sin(q.anim_time*90*1-50)*10", 0, 0],
						"1.5417": ["-30+math.sin(q.anim_time*90*1-50)*10", 0, 0]
					}
				},
				"bc3": {
					"rotation": {
						"0.0": ["-7.5+math.sin(q.anim_time*90*1-50)*8", 0, 0],
						"0.625": ["-7.5+math.sin(q.anim_time*90*1-50)*8", 0, 0],
						"0.7917": ["15+math.sin(q.anim_time*90*1-50)*8", 0, 0],
						"1.5417": ["-7.5+math.sin(q.anim_time*90*1-50)*8", 0, 0]
					}
				},
				"bc2": {
					"rotation": {
						"0.0": ["-12.5+math.sin(q.anim_time*90*1-50)*6", 0, 0],
						"0.625": ["-12.5+math.sin(q.anim_time*90*1-50)*6", 0, 0],
						"0.7917": ["30+math.sin(q.anim_time*90*1-50)*6", 0, 0],
						"1.5417": ["-27.5+math.sin(q.anim_time*90*1-50)*6", 0, 0]
					}
				},
				"bc1": {
					"rotation": {
						"0.0": ["22.5+math.sin(q.anim_time*90*1-50)*4", 0, 0],
						"0.625": ["22.5+math.sin(q.anim_time*90*1-50)*4", 0, 0],
						"0.7917": ["67.5+math.sin(q.anim_time*90*1-50)*4", 0, 0],
						"1.5417": ["22.5+math.sin(q.anim_time*90*1-50)*4", 0, 0]
					}
				},
				"frontcloth1": {
					"rotation": {
						"0.0": ["-25-math.sin(q.anim_time*90*1-50)*6", 0, 0],
						"0.625": ["-25-math.sin(q.anim_time*90*1-50)*6", 0, 0],
						"0.7917": ["-30-math.sin(q.anim_time*90*1-50)*6", 0, 0],
						"1.5417": ["-25-math.sin(q.anim_time*90*1-50)*6", 0, 0]
					}
				},
				"fc2": {
					"rotation": {
						"0.0": ["-12.5-math.sin(q.anim_time*90*1-150)*6", 0, 0],
						"0.625": ["-12.5-math.sin(q.anim_time*90*1-150)*6", 0, 0],
						"0.7917": ["-25-math.sin(q.anim_time*90*1-150)*6", 0, 0],
						"1.5417": ["-12.5-math.sin(q.anim_time*90*1-150)*6", 0, 0]
					}
				},
				"fc3": {
					"rotation": {
						"0.0": ["-10-math.sin(q.anim_time*90*1-150)*8", 0, 0],
						"0.625": ["-10-math.sin(q.anim_time*90*1-150)*8", 0, 0],
						"0.7917": ["-22.5-math.sin(q.anim_time*90*1-150)*8", 0, 0],
						"1.5417": ["-10-math.sin(q.anim_time*90*1-150)*8", 0, 0]
					}
				},
				"fc4": {
					"rotation": {
						"0.0": ["-5-math.sin(q.anim_time*90*1-150)*10", 0, 0],
						"0.625": ["-5-math.sin(q.anim_time*90*1-150)*10", 0, 0],
						"0.7917": ["-22.5-math.sin(q.anim_time*90*1-150)*10", 0, 0],
						"1.5417": ["-5-math.sin(q.anim_time*90*1-150)*10", 0, 0]
					}
				},
				"shoulderright": {
					"rotation": {
						"0.0": [3.90399, 17.07228, 0.58619],
						"0.5": [3.90399, 17.07228, 0.58619],
						"0.5833": [94.52129, 8.68044, -1.15232],
						"0.7083": [6.42402, 15.48191, 57.1885],
						"0.8333": [-2.39697, 16.56391, 25.9654],
						"1.5417": [3.90399, 17.07228, 0.58619]
					}
				},
				"shoulderleft": {
					"rotation": {
						"0.0": [0, 0, "-math.sin(q.anim_time*90*1-50)*1"],
						"0.9583": [3.61644, -19.6835, "-10.6276-math.sin(q.anim_time*90*1-50)*1"],
						"1.5417": [0, 0, "-math.sin(q.anim_time*90*1-50)*1"]
					}
				},
				"mainthing": {
					"rotation": {
						"0.0": [0, -85, 0],
						"0.1667": [0, -85, 0],
						"0.3333": [0, -97.5, 0],
						"0.4583": [0, -85, 0],
						"0.5": {
							"pre": [0, -37.5, 0],
							"post": [0, -37.5, 0],
							"lerp_mode": "catmullrom"
						},
						"0.5833": {
							"post": [0, 84.17, 0],
							"lerp_mode": "catmullrom"
						},
						"0.7083": {
							"post": [0, 156.98, 0],
							"lerp_mode": "catmullrom"
						},
						"1.125": [0, 275, 0]
					},
					"position": {
						"0.0": [0, -1, 0],
						"0.4583": [3, -1, -5],
						"0.5": {
							"pre": [5, -1, -9],
							"post": [5, -1, -9],
							"lerp_mode": "catmullrom"
						},
						"0.5417": {
							"post": [0, -1, -18],
							"lerp_mode": "catmullrom"
						},
						"0.5833": {
							"post": [-4, -1, -21],
							"lerp_mode": "catmullrom"
						},
						"0.625": {
							"post": [-11.5, -1, -23.17],
							"lerp_mode": "catmullrom"
						},
						"0.6667": {
							"post": [-11.1, -4.12, -18.13],
							"lerp_mode": "catmullrom"
						},
						"0.7083": {
							"post": [-9.9, -1, -12.3],
							"lerp_mode": "catmullrom"
						},
						"0.8333": {
							"post": [-9.95, 22, -8.15],
							"lerp_mode": "catmullrom"
						},
						"1.125": [0, -1, 0]
					}
				},
				"fur2": {
					"rotation": [12.5, 0, 0]
				},
				"fur4": {
					"rotation": [0, 0, 22.5]
				},
				"fur6": {
					"rotation": [0, 0, -22.5]
				},
				"arms": {
					"position": [0, "math.sin(q.anim_time*4*16)*0.3", 0]
				},
				"hand_left": {
					"rotation": {
						"0.0": [0, 0, -5],
						"1.5417": [0, 0, -5]
					}
				},
				"whiteneck": {
					"rotation": {
						"0.0": [0, 0, 0],
						"0.5": [0, 0, 0],
						"0.5833": [0, -25, 0],
						"0.7083": [0, 15, 0],
						"1.5417": [0, 0, 0]
					}
				},
				"fingers_right": {
					"rotation": {
						"0.0": [0, 0, 0],
						"0.7083": [0, 0, 15],
						"1.5417": [0, 0, 0]
					}
				},
				"leg_right": {
					"rotation": {
						"0.0": [0, 0, 0],
						"0.2083": {
							"pre": [0, 0, 0],
							"post": [0, 0, 0],
							"lerp_mode": "catmullrom"
						},
						"0.4583": {
							"post": [-8.39561, -15.84371, -33.42976],
							"lerp_mode": "catmullrom"
						},
						"0.5": {
							"post": [8.59552, -15.66561, -97.16773],
							"lerp_mode": "catmullrom"
						},
						"0.5833": {
							"post": [8.59552, -15.66561, -97.16773],
							"lerp_mode": "catmullrom"
						},
						"0.625": {
							"post": [-37.50593, -83.66938, -13.33174],
							"lerp_mode": "catmullrom"
						},
						"0.6667": {
							"post": [138.6987, -81.56127, -173.40871],
							"lerp_mode": "catmullrom"
						},
						"0.75": {
							"post": [1.12953, -49.57928, 7.10142],
							"lerp_mode": "catmullrom"
						},
						"0.7917": [0, 0, 0],
						"0.875": [0, 0, 0],
						"1.5417": [0, 0, 0]
					},
					"position": {
						"0.0": [0, 0, 0],
						"0.4583": {
							"pre": [0, 0, 0],
							"post": [0, 0, 0],
							"lerp_mode": "catmullrom"
						},
						"0.6667": {
							"post": [1, 0, -4],
							"lerp_mode": "catmullrom"
						},
						"0.75": [-3, 0, -3],
						"0.7917": [0, 0, 0],
						"0.8333": [-3, 0, -3],
						"0.875": [0, 0, 0],
						"1.5417": [0, 0, 0]
					}
				},
				"rknee": {
					"rotation": {
						"0.0": [0, 0, 0],
						"0.2083": {
							"pre": [0, 0, 0],
							"post": [0, 0, 0],
							"lerp_mode": "catmullrom"
						},
						"0.4583": {
							"post": [87.5, 0, 0],
							"lerp_mode": "catmullrom"
						},
						"0.5417": {
							"post": [78, 0, 0],
							"lerp_mode": "catmullrom"
						},
						"0.5833": {
							"post": [-17, 0, 0],
							"lerp_mode": "catmullrom"
						},
						"0.625": {
							"post": [46.53073, 3.55731, -3.52271],
							"lerp_mode": "catmullrom"
						},
						"0.6667": {
							"post": [67.56146, 7.11462, -7.04541],
							"lerp_mode": "catmullrom"
						},
						"0.75": {
							"post": [-1.03265, 2.90106, -1.91504],
							"lerp_mode": "catmullrom"
						},
						"0.8333": {
							"post": [-1.03265, 2.90106, -1.91504],
							"lerp_mode": "catmullrom"
						},
						"1.0": [0, 0, 0],
						"1.5417": [0, 0, 0]
					}
				},
				"feetis": {
					"rotation": {
						"0.0": [0, 0, 0],
						"0.2083": [0, 0, 0],
						"0.3333": [50, 0, 0],
						"0.5": [57.5, 0, 0],
						"0.5833": [57.5, 0, 0],
						"0.6667": [-20, 0, 0],
						"0.75": [62.08727, -0.27471, 6.30985],
						"1.0": [62.08727, -0.27471, 6.30985],
						"1.125": [0, 0, 0],
						"1.5417": [0, 0, 0]
					}
				}
			}
		},
		"animation.urshifu.blink": {
			"animation_length": 1,
			"bones": {
				"eyebrow1": {
					"rotation": {
						"0.0": [0, 0, 0],
						"0.0417": [0, 0, -5],
						"0.0833": [0, 0, 0]
					},
					"position": {
						"0.0": [0, 0, 0],
						"0.0417": [0, -1, 0],
						"0.0833": [0, 0, 0]
					},
					"scale": {
						"0.0": [1, 1, 1],
						"0.0417": [1, 1.1, 1],
						"0.0833": [1, 1, 1]
					}
				},
				"eyebrow": {
					"rotation": {
						"0.0": [0, 0, 0],
						"0.0417": [0, 0, 5],
						"0.0833": [0, 0, 0]
					},
					"position": {
						"0.0": [0, 0, 0],
						"0.0417": [0, -1, 0],
						"0.0833": [0, 0, 0]
					},
					"scale": {
						"0.0": [1, 1, 1],
						"0.0417": [1, 1.3, 1],
						"0.0833": [1, 1, 1]
					}
				}
			}
		},
		"animation.urshifu.ground_idle": {
			"loop": true,
			"bones": {
				"torso": {
					"position": [0, "math.sin(q.anim_time*4*16)*0.3", 0]
				},
				"neck": {
					"position": [0, 0, 0]
				},
				"furhead2": {
					"rotation": [0, 0, "math.sin(q.anim_time*90*1-200)*4"]
				},
				"furhead3": {
					"rotation": ["math.sin(q.anim_time*90*1-200)*4", 0, 0]
				},
				"furhead1": {
					"rotation": [0, 0, "math.sin(q.anim_time*90*1-200)*4"]
				},
				"headband_left": {
					"rotation": [0, "-math.sin(q.anim_time*90*1-50)*10", 0]
				},
				"lband1": {
					"rotation": [0, "-5-math.sin(q.anim_time*90*1-100)*15", 0]
				},
				"lband2": {
					"rotation": [0, "0-math.sin(q.anim_time*90*1-200)*25", 0]
				},
				"lband3": {
					"rotation": [0, "0-math.sin(q.anim_time*90*1-200)*25", 0]
				},
				"headband_right": {
					"rotation": [0, "-math.sin(q.anim_time*90*1-50)*10", 0]
				},
				"bandseg1": {
					"rotation": [0, "-5-math.sin(q.anim_time*90*1-100)*15", 0]
				},
				"bandseg2": {
					"rotation": [0, "0-math.sin(q.anim_time*90*1-200)*25", 0]
				},
				"bandseg3": {
					"rotation": [0, "0-math.sin(q.anim_time*90*1-200)*25", 0]
				},
				"lowjaw": {
					"rotation": [0, 0, 0]
				},
				"frontcloth1": {
					"rotation": ["-7.5-math.sin(q.anim_time*90*1-50)*2", 0, 0]
				},
				"fc2": {
					"rotation": ["-2.5-math.sin(q.anim_time*90*1-100)*4", 0, 0]
				},
				"fc3": {
					"rotation": ["-5-math.sin(q.anim_time*90*1-150)*6", 0, 0]
				},
				"fc4": {
					"rotation": ["-5-math.sin(q.anim_time*90*1-150)*6", 0, 0]
				},
				"bc1": {
					"rotation": ["5+math.sin(q.anim_time*90*1-50)*4", 0, 0]
				},
				"bc2": {
					"rotation": ["15+math.sin(q.anim_time*90*1-100)*8", 0, 0]
				},
				"bc3": {
					"rotation": ["5+math.sin(q.anim_time*90*1-150)*10", 0, 0]
				},
				"bc4": {
					"rotation": ["5+math.sin(q.anim_time*90*1-200)*12", 0, 0]
				},
				"arms": {
					"position": [0, "math.sin(q.anim_time*4*16)*0.3", 0]
				},
				"fingerseg": {
					"rotation": [0, 0, "math.sin(q.anim_time*30*2+150)*2"]
				},
				"fingerrseg2": {
					"rotation": [0, 0, "-math.sin(q.anim_time*30*2+150)*2"]
				},
				"fur1": {
					"rotation": ["0+math.sin(q.anim_time*90*1-200)*4", 0, 0]
				},
				"fyur2": {
					"rotation": [0, 0, "math.sin(q.anim_time*90*1-200)*4"]
				},
				"fur2": {
					"rotation": ["math.sin(q.anim_time*90*1-200)*4", 0, 0]
				},
				"fur4": {
					"rotation": [0, 0, "math.sin(q.anim_time*90*1-200)*4"]
				},
				"rknee": {
					"position": [0, -0.5, 0]
				}
			}
		},
		"animation.urshifu.ground_walk": {
			"loop": true,
			"animation_length": 4,
			"bones": {
				"torso": {
					"rotation": {
						"0.0": [0, 0, 0],
						"0.5": [0, 10, 0],
						"1.0": [0, 0, 0],
						"1.5": [0, -7.5, 0],
						"2.0": [0, 0, 0],
						"2.5": [0, 10, 0],
						"3.0": [0, 0, 0],
						"3.5": [0, -7.5, 0],
						"4.0": [0, 0, 0]
					},
					"position": {
						"0.0": [0, "math.sin(q.anim_time*4*16)*0.3", 0],
						"2.0": [0, "math.sin(q.anim_time*4*16)*0.3", 0],
						"4.0": [0, "math.sin(q.anim_time*4*16)*0.3", 0]
					}
				},
				"neck": {
					"position": [0, 0, 0]
				},
				"furhead2": {
					"rotation": [0, 0, "math.sin(q.anim_time*90*1-200)*4"]
				},
				"furhead3": {
					"rotation": ["math.sin(q.anim_time*90*1-200)*4", 0, 0]
				},
				"furhead1": {
					"rotation": [0, 0, "math.sin(q.anim_time*90*1-200)*4"]
				},
				"headband_left": {
					"rotation": [0, "-math.sin(q.anim_time*90*1-50)*10", 0]
				},
				"lband1": {
					"rotation": [0, "-5-math.sin(q.anim_time*90*1-100)*15", 0]
				},
				"lband2": {
					"rotation": [0, "0-math.sin(q.anim_time*90*1-200)*25", 0]
				},
				"lband3": {
					"rotation": [0, "0-math.sin(q.anim_time*90*1-200)*25", 0]
				},
				"headband_right": {
					"rotation": [0, "-math.sin(q.anim_time*90*1-50)*10", 0]
				},
				"bandseg1": {
					"rotation": [0, "-5-math.sin(q.anim_time*90*1-100)*15", 0]
				},
				"bandseg2": {
					"rotation": [0, "0-math.sin(q.anim_time*90*1-200)*25", 0]
				},
				"bandseg3": {
					"rotation": [0, "0-math.sin(q.anim_time*90*1-200)*25", 0]
				},
				"lowjaw": {
					"rotation": [0, 0, 0]
				},
				"frontcloth1": {
					"rotation": {
						"0.0": ["-10-math.sin(q.anim_time*90*1-50)*2", 0, 0],
						"0.25": [-49.08, 0, 0],
						"0.5": [-49.08, 0, 0],
						"1.0": ["-7.5-math.sin(q.anim_time*90*1-50)*2", 0, 0],
						"1.25": ["-52.5-math.sin(q.anim_time*90*1-50)*2", 0, 0],
						"1.5": ["-52.5-math.sin(q.anim_time*90*1-50)*2", 0, 0],
						"2.0": ["-10-math.sin(q.anim_time*90*1-50)*2", 0, 0],
						"2.25": [-49.08, 0, 0],
						"2.5": [-49.08, 0, 0],
						"3.0": ["-7.5-math.sin(q.anim_time*90*1-50)*2", 0, 0],
						"3.25": ["-52.5-math.sin(q.anim_time*90*1-50)*2", 0, 0],
						"3.5": ["-52.5-math.sin(q.anim_time*90*1-50)*2", 0, 0],
						"4.0": ["-7.5-math.sin(q.anim_time*90*1-50)*2", 0, 0]
					}
				},
				"fc2": {
					"rotation": {
						"0.0": ["-2.5-math.sin(q.anim_time*90*1-100)*4", 0, 0],
						"0.25": ["22.5-math.sin(q.anim_time*90*1-100)*4", 0, 0],
						"0.5": ["12.5-math.sin(q.anim_time*90*1-100)*4", 0, 0],
						"1.0": ["-2.5-math.sin(q.anim_time*90*1-100)*4", 0, 0],
						"1.25": ["22.5-math.sin(q.anim_time*90*1-100)*4", 0, 0],
						"1.5": ["22.5-math.sin(q.anim_time*90*1-100)*4", 0, 0],
						"2.0": ["-2.5-math.sin(q.anim_time*90*1-100)*4", 0, 0],
						"2.25": ["22.5-math.sin(q.anim_time*90*1-100)*4", 0, 0],
						"2.5": ["12.5-math.sin(q.anim_time*90*1-100)*4", 0, 0],
						"3.0": ["-2.5-math.sin(q.anim_time*90*1-100)*4", 0, 0],
						"3.25": ["22.5-math.sin(q.anim_time*90*1-100)*4", 0, 0],
						"3.5": ["22.5-math.sin(q.anim_time*90*1-100)*4", 0, 0],
						"4.0": ["-2.5-math.sin(q.anim_time*90*1-100)*4", 0, 0]
					}
				},
				"fc3": {
					"rotation": {
						"0.0": ["-5-math.sin(q.anim_time*90*1-150)*6", 0, 0],
						"0.25": ["-30-math.sin(q.anim_time*90*1-150)*6", 0, 0],
						"0.5": ["12.5-math.sin(q.anim_time*90*1-150)*6", 0, 0],
						"1.0": ["-5-math.sin(q.anim_time*90*1-150)*6", 0, 0],
						"1.25": ["12.5-math.sin(q.anim_time*90*1-150)*6", 0, 0],
						"1.5": ["12.5-math.sin(q.anim_time*90*1-150)*6", 0, 0],
						"2.0": ["-5-math.sin(q.anim_time*90*1-150)*6", 0, 0],
						"2.25": ["-30-math.sin(q.anim_time*90*1-150)*6", 0, 0],
						"2.5": ["12.5-math.sin(q.anim_time*90*1-150)*6", 0, 0],
						"3.0": ["-5-math.sin(q.anim_time*90*1-150)*6", 0, 0],
						"3.25": ["12.5-math.sin(q.anim_time*90*1-150)*6", 0, 0],
						"3.5": ["12.5-math.sin(q.anim_time*90*1-150)*6", 0, 0],
						"4.0": ["-5-math.sin(q.anim_time*90*1-150)*6", 0, 0]
					}
				},
				"fc4": {
					"rotation": {
						"0.0": ["-5-math.sin(q.anim_time*90*1-150)*6", 0, 0],
						"0.25": ["-42.5-math.sin(q.anim_time*90*1-150)*6", 0, 0],
						"0.5": ["2.5-math.sin(q.anim_time*90*1-150)*6", 0, 0],
						"1.0": ["-5-math.sin(q.anim_time*90*1-150)*6", 0, 0],
						"1.25": ["-math.sin(q.anim_time*90*1-150)*6", 0, 0],
						"1.5": ["-math.sin(q.anim_time*90*1-150)*6", 0, 0],
						"2.0": ["-5-math.sin(q.anim_time*90*1-150)*6", 0, 0]
					}
				},
				"bc1": {
					"rotation": ["40+math.sin(q.anim_time*90*1-50)*4", 0, 0]
				},
				"bc2": {
					"rotation": ["15+math.sin(q.anim_time*90*1-100)*8", 0, 0]
				},
				"bc3": {
					"rotation": ["5+math.sin(q.anim_time*90*1-150)*10", 0, 0]
				},
				"bc4": {
					"rotation": ["5+math.sin(q.anim_time*90*1-200)*12", 0, 0]
				},
				"arms": {
					"position": [0, "math.sin(q.anim_time*4*16)*0.3", 0]
				},
				"fingerseg": {
					"rotation": [0, 0, "math.sin(q.anim_time*30*2+150)*2"]
				},
				"fingerrseg2": {
					"rotation": [0, 0, "-math.sin(q.anim_time*30*2+150)*2"]
				},
				"fur1": {
					"rotation": {
						"0.0": ["0+math.sin(q.anim_time*90*1-200)*4", 0, 0],
						"2.0": ["0+math.sin(q.anim_time*90*1-200)*4", 0, 0],
						"4.0": ["0+math.sin(q.anim_time*90*1-200)*4", 0, 0]
					}
				},
				"fyur2": {
					"rotation": {
						"0.0": [0, 0, "math.sin(q.anim_time*90*1-200)*4"],
						"2.0": [0, 0, "math.sin(q.anim_time*90*1-200)*4"]
					}
				},
				"fur2": {
					"rotation": {
						"0.0": ["math.sin(q.anim_time*90*1-200)*4", 0, 0],
						"2.0": ["math.sin(q.anim_time*90*1-200)*4", 0, 0]
					}
				},
				"fur4": {
					"rotation": [0, 0, "math.sin(q.anim_time*90*1-200)*4"]
				},
				"rknee": {
					"rotation": {
						"0.0": [0, 0, 0],
						"0.25": [28.75, 0, 0],
						"0.5": [47.5, 0, 0],
						"1.0": [0, 0, 0],
						"1.5": [2.5, 0, 0],
						"2.0": [0, 0, 0],
						"2.25": [28.75, 0, 0],
						"2.5": [47.5, 0, 0],
						"3.0": [0, 0, 0],
						"3.5": [2.5, 0, 0],
						"4.0": [0, 0, 0]
					},
					"position": {
						"0.0": [0, -0.5, 0],
						"1.0": [0, -0.5, 0],
						"2.0": [0, -0.5, 0],
						"3.0": [0, -0.5, 0],
						"4.0": [0, -0.5, 0]
					}
				},
				"mainthing": {
					"position": {
						"0.0": [0, 0, 0],
						"0.5": [0, -4, 0],
						"1.0": [0, 0, 0],
						"1.5": [0, -2, 0],
						"2.0": [0, 0, 0],
						"2.5": [0, -4, 0],
						"3.0": [0, 0, 0],
						"3.5": [0, -2, 0],
						"4.0": [0, 0, 0]
					}
				},
				"head": {
					"rotation": {
						"0.0": [0, 0, 0],
						"0.5": [0, -10, 0],
						"1.0": [0, 0, 0],
						"1.5": [0, 7.5, 0],
						"2.0": [0, 0, 0],
						"2.5": [0, -10, 0],
						"3.0": [0, 0, 0],
						"3.5": [0, 7.5, 0],
						"4.0": [0, 0, 0]
					}
				},
				"arm_left": {
					"rotation": {
						"0.0": [0, 0, 0],
						"0.5": [0, -10, 0],
						"1.0": [0, 0, 0],
						"1.5": [-5.12076, 12.45167, -1.10693],
						"2.0": [0, 0, 0],
						"2.5": [0, -10, 0],
						"3.0": [0, 0, 0],
						"3.5": [-5.12076, 12.45167, -1.10693],
						"4.0": [0, 0, 0]
					}
				},
				"arm_right": {
					"rotation": {
						"0.0": [0, 0, 0],
						"0.5": [0, -17.5, 0],
						"1.0": [0, 0, 0],
						"1.5": [0, 15, 0],
						"2.0": [0, 0, 0],
						"2.5": [0, -2.5, 0],
						"3.0": [0, 0, 0],
						"3.5": [0, 15, 0],
						"4.0": [0, 0, 0]
					}
				},
				"leg_left": {
					"rotation": {
						"0.0": [0, 0, 0],
						"0.5": [35, 0, 0],
						"1.0": [0, 0, 0],
						"1.25": [-52.5, 0, 0],
						"1.5": [-45, 0, 0],
						"2.0": [0, 0, 0],
						"2.5": [35, 0, 0],
						"3.0": [0, 0, 0],
						"3.25": [-52.5, 0, 0],
						"3.5": [-45, 0, 0],
						"4.0": [0, 0, 0]
					},
					"position": {
						"0.0": [0, 0, 0],
						"0.5": [0, 0, 3],
						"1.0": [0, 0, 0],
						"1.5": [0, 0, -2],
						"2.0": [0, 0, 0],
						"2.5": [0, 0, 3],
						"3.0": [0, 0, 0],
						"3.5": [0, 0, -2],
						"4.0": [0, 0, 0]
					}
				},
				"lknee": {
					"rotation": {
						"0.0": [0, 0, 0],
						"1.0": [0, 0, 0],
						"1.25": [32.5, 0, 0],
						"1.5": [45, 0, 0],
						"2.0": [0, 0, 0],
						"3.0": [0, 0, 0],
						"3.25": [32.5, 0, 0],
						"3.5": [45, 0, 0],
						"4.0": [0, 0, 0]
					},
					"position": {
						"0.0": [0, 0, 0],
						"1.0": [0, 0, 0],
						"1.25": [0, 0, 1],
						"1.5": [0, 0, 0],
						"2.0": [0, 0, 0],
						"3.0": [0, 0, 0],
						"3.25": [0, 0, 1],
						"3.5": [0, 0, 0],
						"4.0": [0, 0, 0]
					}
				},
				"leftfoot": {
					"rotation": {
						"0.0": [0, 0, 0],
						"0.5": [-27.5, 0, 0],
						"1.0": [0, 0, 0],
						"2.0": [0, 0, 0],
						"2.5": [-27.5, 0, 0],
						"3.0": [0, 0, 0],
						"4.0": [0, 0, 0]
					}
				},
				"leg_right": {
					"rotation": {
						"0.0": [0, 0, 0],
						"0.25": [-52.5, 0, 0],
						"0.5": [-55, 0, 0],
						"1.0": [0, 0, 0],
						"1.5": [30, 0, 0],
						"2.0": [0, 0, 0],
						"2.25": [-52.5, 0, 0],
						"2.5": [-55, 0, 0],
						"3.0": [0, 0, 0],
						"3.5": [30, 0, 0],
						"4.0": [0, 0, 0]
					},
					"position": {
						"0.0": [0, 0, 0],
						"1.0": [0, 0, 0],
						"1.5": [0, -2, 1],
						"2.0": [0, 0, 0],
						"3.0": [0, 0, 0],
						"3.5": [0, -2, 1],
						"4.0": [0, 0, 0]
					}
				},
				"feetis": {
					"rotation": {
						"0.0": [0, 0, 0],
						"0.5": [9.17, 0, 0],
						"1.0": [0, 0, 0],
						"1.5": [-32.5, 0, 0],
						"2.0": [0, 0, 0],
						"2.5": [9.17, 0, 0],
						"3.0": [0, 0, 0],
						"3.5": [-32.5, 0, 0],
						"4.0": [0, 0, 0]
					}
				}
			}
		},
		"animation.urshifu.cry": {
			"loop": true,
			"animation_length": 2,
			"bones": {
				"torso": {
					"rotation": {
						"0.0": {
							"post": [0, 0, 0],
							"lerp_mode": "catmullrom"
						},
						"0.5": {
							"post": [20, 0, 0],
							"lerp_mode": "catmullrom"
						},
						"1.25": {
							"post": [20, 0, 0],
							"lerp_mode": "catmullrom"
						},
						"1.75": [0, 0, 0]
					},
					"position": {
						"0.0": [0, "math.sin(q.anim_time*4*16)*0.3", 0],
						"0.5": [0, "math.sin(q.anim_time*4*16)*0.3", 1],
						"1.25": [0, "math.sin(q.anim_time*4*16)*0.3", 1],
						"1.75": [0, "math.sin(q.anim_time*4*16)*0.3", 0]
					}
				},
				"neck": {
					"rotation": {
						"0.0": [0, 0, 0],
						"0.5": [-5, 0, 0],
						"0.75": [-5, 0, 0],
						"1.25": [0, 0, 0]
					},
					"position": {
						"0.0": [0, 0, 0],
						"1.25": [0, 0, 0]
					}
				},
				"furhead2": {
					"rotation": [0, 0, "math.sin(q.anim_time*90*1-200)*4"]
				},
				"furhead3": {
					"rotation": ["math.sin(q.anim_time*90*1-200)*4", 0, 0]
				},
				"furhead1": {
					"rotation": [0, 0, "math.sin(q.anim_time*90*1-200)*4"]
				},
				"headband_left": {
					"rotation": {
						"0.0": [0, "-math.sin(q.anim_time*90*1-50)*10", 0],
						"0.5": [0, "55-math.sin(q.anim_time*90*1-50)*10", 0],
						"1.0": [0, "55-math.sin(q.anim_time*90*1-50)*10", 0],
						"1.75": [0, "-math.sin(q.anim_time*90*1-50)*10", 0],
						"2.0": [0, "-math.sin(q.anim_time*90*1-50)*10", 0]
					}
				},
				"lband1": {
					"rotation": [0, "-5-math.sin(q.anim_time*90*1-100)*15", 0]
				},
				"lband2": {
					"rotation": [0, "0-math.sin(q.anim_time*90*1-200)*25", 0]
				},
				"lband3": {
					"rotation": [0, "0-math.sin(q.anim_time*90*1-200)*25", 0]
				},
				"headband_right": {
					"rotation": {
						"0.0": [0, "-math.sin(q.anim_time*90*1-50)*10", 0],
						"0.5": [-28.09433, "-63.679-math.sin(q.anim_time*90*1-50)*10", -8.70801],
						"1.0": [-28.09433, "-63.679-math.sin(q.anim_time*90*1-50)*10", -8.70801],
						"1.75": [0, "-math.sin(q.anim_time*90*1-50)*10", 0],
						"2.0": [0, "-math.sin(q.anim_time*90*1-50)*10", 0]
					}
				},
				"bandseg1": {
					"rotation": [0, "-5-math.sin(q.anim_time*90*1-100)*15", 0]
				},
				"bandseg2": {
					"rotation": [0, "0-math.sin(q.anim_time*90*1-200)*25", 0]
				},
				"bandseg3": {
					"rotation": [0, "0-math.sin(q.anim_time*90*1-200)*25", 0]
				},
				"lowjaw": {
					"rotation": [0, 0, 0]
				},
				"frontcloth1": {
					"rotation": {
						"0.0": ["-7.5-math.sin(q.anim_time*90*1-50)*2", 0, 0],
						"0.5": ["-25-math.sin(q.anim_time*90*1-50)*2", 0, 0],
						"1.25": ["-25-math.sin(q.anim_time*90*1-50)*2", 0, 0],
						"1.75": ["-7.5-math.sin(q.anim_time*90*1-50)*2", 0, 0]
					},
					"position": {
						"0.0": [0, 0, 0],
						"0.5": [0, 2, 0],
						"1.25": [0, 2, 0],
						"1.75": [0, 0, 0]
					}
				},
				"fc2": {
					"rotation": ["-2.5-math.sin(q.anim_time*90*1-100)*4", 0, 0]
				},
				"fc3": {
					"rotation": ["-5-math.sin(q.anim_time*90*1-150)*6", 0, 0]
				},
				"fc4": {
					"rotation": ["-5-math.sin(q.anim_time*90*1-150)*6", 0, 0]
				},
				"bc1": {
					"rotation": {
						"0.0": ["5+math.sin(q.anim_time*90*1-50)*4", 0, 0],
						"0.5": ["math.sin(q.anim_time*90*1-50)*4", 0, 0],
						"1.0": ["math.sin(q.anim_time*90*1-50)*4", 0, 0],
						"1.75": ["5+math.sin(q.anim_time*90*1-50)*4", 0, 0]
					}
				},
				"bc2": {
					"rotation": {
						"0.0": ["15+math.sin(q.anim_time*90*1-100)*8", 0, 0],
						"0.5": ["-2.5+math.sin(q.anim_time*90*1-100)*8", 0, 0],
						"1.0": ["-2.5+math.sin(q.anim_time*90*1-100)*8", 0, 0],
						"1.75": ["15+math.sin(q.anim_time*90*1-100)*8", 0, 0]
					}
				},
				"bc3": {
					"rotation": {
						"0.0": ["5+math.sin(q.anim_time*90*1-150)*10", 0, 0],
						"1.75": ["5+math.sin(q.anim_time*90*1-150)*10", 0, 0]
					}
				},
				"bc4": {
					"rotation": ["5+math.sin(q.anim_time*90*1-200)*12", 0, 0]
				},
				"arms": {
					"position": [0, "math.sin(q.anim_time*4*16)*0.3", 0]
				},
				"fingerseg": {
					"rotation": {
						"0.0": [0, 0, "math.sin(q.anim_time*30*2+150)*2"],
						"0.5": [0, 0, "-60+math.sin(q.anim_time*30*2+150)*2"],
						"1.25": [0, 0, "-60+math.sin(q.anim_time*30*2+150)*2"],
						"1.75": [0, 0, "math.sin(q.anim_time*30*2+150)*2"]
					}
				},
				"fingerrseg2": {
					"rotation": {
						"0.0": [0, 0, "-math.sin(q.anim_time*30*2+150)*2"],
						"0.5": [0, 0, "-25-math.sin(q.anim_time*30*2+150)*2"],
						"1.25": [0, 0, "-25-math.sin(q.anim_time*30*2+150)*2"],
						"1.75": [0, 0, "-math.sin(q.anim_time*30*2+150)*2"]
					}
				},
				"fur1": {
					"rotation": ["0+math.sin(q.anim_time*90*1-200)*4", 0, 0]
				},
				"fyur2": {
					"rotation": [0, 0, "math.sin(q.anim_time*90*1-200)*4"]
				},
				"fur2": {
					"rotation": ["math.sin(q.anim_time*90*1-200)*4", 0, 0]
				},
				"fur4": {
					"rotation": [0, 0, "math.sin(q.anim_time*90*1-200)*4"]
				},
				"rknee": {
					"rotation": [0, 0, 0],
					"position": [0, -0.5, 0]
				},
				"whiteneck": {
					"rotation": {
						"0.0": [0, 0, 0],
						"0.5": [-5, 0, 0],
						"0.75": [-5, 0, 0],
						"1.25": [0, 0, 0]
					}
				},
				"head": {
					"rotation": {
						"0.0": {
							"post": [0, 0, 0],
							"lerp_mode": "catmullrom"
						},
						"0.5": {
							"post": [35, 0, 0],
							"lerp_mode": "catmullrom"
						},
						"1.25": {
							"post": [35, 0, 0],
							"lerp_mode": "catmullrom"
						},
						"1.75": [0, 0, 0]
					}
				},
				"eyebrow1": {
					"rotation": {
						"0.0": {
							"post": [0, 0, 0],
							"lerp_mode": "catmullrom"
						},
						"0.5": {
							"post": [0, 0, -5],
							"lerp_mode": "catmullrom"
						},
						"1.25": {
							"post": [0, 0, -5],
							"lerp_mode": "catmullrom"
						},
						"1.75": [0, 0, 0]
					},
					"position": {
						"0.0": {
							"post": [0, 0, 0],
							"lerp_mode": "catmullrom"
						},
						"0.5": {
							"post": [0, -1, 0],
							"lerp_mode": "catmullrom"
						},
						"1.25": {
							"post": [0, -1, 0],
							"lerp_mode": "catmullrom"
						},
						"1.75": [0, 0, 0]
					},
					"scale": {
						"0.5": {
							"pre": [1, 1.1, 1],
							"post": [1, 1.1, 1],
							"lerp_mode": "catmullrom"
						},
						"0.5417": {
							"post": [1, 1, 1],
							"lerp_mode": "catmullrom"
						},
						"1.25": {
							"post": [1, 1.1, 1],
							"lerp_mode": "catmullrom"
						},
						"1.75": [1, 1, 1]
					}
				},
				"eyebrow": {
					"rotation": {
						"0.0": {
							"post": [0, 0, 0],
							"lerp_mode": "catmullrom"
						},
						"0.5": {
							"post": [0, 0, 5],
							"lerp_mode": "catmullrom"
						},
						"1.25": {
							"post": [0, 0, 5],
							"lerp_mode": "catmullrom"
						},
						"1.75": [0, 0, 0]
					},
					"position": {
						"0.0": {
							"post": [0, 0, 0],
							"lerp_mode": "catmullrom"
						},
						"0.5": {
							"post": [0, -1, 0],
							"lerp_mode": "catmullrom"
						},
						"1.25": {
							"post": [0, -1, 0],
							"lerp_mode": "catmullrom"
						},
						"1.75": [0, 0, 0]
					},
					"scale": {
						"0.0": {
							"post": [1, 1, 1],
							"lerp_mode": "catmullrom"
						},
						"0.5": {
							"post": [1, 1.3, 1],
							"lerp_mode": "catmullrom"
						},
						"1.25": {
							"post": [1, 1.3, 1],
							"lerp_mode": "catmullrom"
						},
						"1.75": [1, 1, 1]
					}
				},
				"arm_left": {
					"rotation": {
						"0.0": [0, 0, 0],
						"0.5": [0, 0, -7.5],
						"1.25": [0, 0, -7.5],
						"1.75": [0, 0, 0]
					}
				},
				"shoulderleft": {
					"rotation": {
						"0.0": {
							"post": [0, 0, 0],
							"lerp_mode": "catmullrom"
						},
						"0.5": {
							"post": [-10.16946, -38.03957, -3.78695],
							"lerp_mode": "catmullrom"
						},
						"1.25": {
							"post": [-10.16946, -38.03957, -3.78695],
							"lerp_mode": "catmullrom"
						},
						"1.75": [0, 0, 0]
					},
					"position": {
						"0.0": {
							"post": [0, 0, 0],
							"lerp_mode": "catmullrom"
						},
						"0.5": {
							"post": [0, -1, 0],
							"lerp_mode": "catmullrom"
						},
						"1.25": {
							"post": [0, -1, 0],
							"lerp_mode": "catmullrom"
						},
						"1.75": [0, 0, 0]
					}
				},
				"bicepleft": {
					"rotation": {
						"0.0": {
							"post": [0, 0, 0],
							"lerp_mode": "catmullrom"
						},
						"0.5": {
							"post": [68.79478, -23.1669, -58.59496],
							"lerp_mode": "catmullrom"
						},
						"1.25": {
							"post": [68.79478, -23.1669, -58.59496],
							"lerp_mode": "catmullrom"
						},
						"1.75": [0, 0, 0]
					},
					"position": {
						"0.0": {
							"post": [0, 0, 0],
							"lerp_mode": "catmullrom"
						},
						"0.5": {
							"post": [-1, 1, -1],
							"lerp_mode": "catmullrom"
						},
						"1.25": {
							"post": [-1, 1, -1],
							"lerp_mode": "catmullrom"
						},
						"1.75": [0, 0, 0]
					}
				},
				"forearmleft": {
					"rotation": {
						"0.0": {
							"post": [0, 0, 0],
							"lerp_mode": "catmullrom"
						},
						"0.5": {
							"post": [0, -15, 20],
							"lerp_mode": "catmullrom"
						},
						"1.25": {
							"post": [0, -15, 20],
							"lerp_mode": "catmullrom"
						},
						"1.75": [0, 0, 0]
					},
					"position": {
						"0.0": {
							"post": [0, 0, 0],
							"lerp_mode": "catmullrom"
						},
						"0.5": {
							"post": [0, 0, 0],
							"lerp_mode": "catmullrom"
						},
						"1.25": {
							"post": [0, 0, 0],
							"lerp_mode": "catmullrom"
						}
					}
				},
				"hand_left": {
					"rotation": {
						"0.0": [0, 0, 0],
						"0.5": [0, 0, -12.5],
						"1.25": [0, 0, -12.5],
						"1.75": [0, 0, 0]
					}
				},
				"fingers": {
					"rotation": {
						"0.0": [0, 0, 0],
						"0.5": [0, 0, -65],
						"1.25": [0, 0, -65],
						"1.75": [0, 0, 0]
					}
				},
				"arm_right": {
					"rotation": {
						"0.0": {
							"post": [0, 0, 0],
							"lerp_mode": "catmullrom"
						},
						"0.5": {
							"post": [0, 15, 7.5],
							"lerp_mode": "catmullrom"
						},
						"1.25": {
							"post": [0, 15, 7.5],
							"lerp_mode": "catmullrom"
						},
						"1.75": [0, 0, 0]
					}
				},
				"shoulderright": {
					"rotation": {
						"0.0": {
							"post": [0, 0, 0],
							"lerp_mode": "catmullrom"
						},
						"0.5": {
							"post": [3.43964, 40.13688, 13.07776],
							"lerp_mode": "catmullrom"
						},
						"1.25": {
							"post": [3.43964, 40.13688, 13.07776],
							"lerp_mode": "catmullrom"
						},
						"1.75": [0, 0, 0]
					},
					"position": {
						"0.0": {
							"post": [0, 0, 0],
							"lerp_mode": "catmullrom"
						},
						"0.5": {
							"post": [1, 0, 0],
							"lerp_mode": "catmullrom"
						},
						"1.25": {
							"post": [1, 0, 0],
							"lerp_mode": "catmullrom"
						},
						"1.75": [0, 0, 0]
					}
				},
				"bicepright": {
					"rotation": {
						"0.0": {
							"post": [0, 0, 0],
							"lerp_mode": "catmullrom"
						},
						"0.5": {
							"post": [42.83993, 20.36457, 31.67747],
							"lerp_mode": "catmullrom"
						},
						"1.25": {
							"post": [42.83993, 20.36457, 31.67747],
							"lerp_mode": "catmullrom"
						},
						"1.75": [0, 0, 0]
					},
					"position": {
						"0.0": {
							"post": [0, 0, 0],
							"lerp_mode": "catmullrom"
						},
						"0.5": {
							"post": [0, 0, 1],
							"lerp_mode": "catmullrom"
						},
						"1.25": {
							"post": [0, 0, 1],
							"lerp_mode": "catmullrom"
						},
						"1.75": [0, 0, 0]
					}
				},
				"forearmright": {
					"rotation": {
						"0.0": {
							"post": [0, 0, 0],
							"lerp_mode": "catmullrom"
						},
						"0.5": {
							"post": [0, 37.5, -42.5],
							"lerp_mode": "catmullrom"
						},
						"1.25": {
							"post": [0, 37.5, -42.5],
							"lerp_mode": "catmullrom"
						},
						"1.75": [0, 0, 0]
					},
					"position": {
						"0.0": {
							"post": [0, 0, 0],
							"lerp_mode": "catmullrom"
						},
						"0.5": {
							"post": [0, 0, 0],
							"lerp_mode": "catmullrom"
						},
						"1.25": {
							"post": [0, 0, 0],
							"lerp_mode": "catmullrom"
						},
						"1.75": [0, 0, 0]
					}
				},
				"hand_right": {
					"rotation": {
						"0.0": [0, 0, 0],
						"0.5": [-2.04166, 3.89254, -21.89478],
						"1.25": [-2.04166, 3.89254, -21.89478],
						"1.75": [0, 0, 0]
					},
					"position": {
						"0.0": [0, 0, 0],
						"0.5": [-1, -1, -0.5],
						"1.25": [-1, -1, -0.5],
						"1.75": [0, 0, 0]
					}
				},
				"leg_left": {
					"rotation": [0, 0, 0],
					"position": [0, 0, 0]
				},
				"lknee": {
					"rotation": [0, 0, 0],
					"position": [0, 0, 0]
				},
				"leftfoot": {
					"rotation": [0, 0, 0]
				},
				"leg_right": {
					"rotation": [0, 0, 0],
					"position": [0, 0, 0]
				},
				"feetis": {
					"rotation": [0, 0, 0],
					"position": [0, 0, 0]
				}
			}
		},
		"animation.urshifu.sleep": {
			"loop": true,
			"animation_length": 5.5,
			"bones": {
				"mainthing": {
					"rotation": [-87.5, 0, 0],
					"position": [0, 4, -18]
				},
				"torso": {
					"rotation": [10, 0, 0],
					"position": [0, 0, "math.sin(q.anim_time*4*16)*0.3"]
				},
				"eyebrow1": {
					"rotation": [0, 0, -5],
					"position": [0, -1, 0],
					"scale": [1, 1.1, 1]
				},
				"eyebrow": {
					"rotation": [0, 0, 5],
					"position": [0, -1, 0],
					"scale": [1, 1.3, 1]
				},
				"headband_left": {
					"rotation": [0, -67.5, 0]
				},
				"lband1": {
					"rotation": [0, 0, 0]
				},
				"lband3": {
					"rotation": [0, 22.5, 0]
				},
				"headband_right": {
					"rotation": [0, 45, 0]
				},
				"bandseg1": {
					"rotation": [0, 22.5, 0]
				},
				"bandseg2": {
					"rotation": [0, 7.5, 0]
				},
				"fc2": {
					"rotation": [0, 0, 0]
				},
				"fc3": {
					"rotation": [22.5, 0, 0]
				},
				"fc4": {
					"rotation": [15, 0, 0]
				},
				"arms": {
					"position": [0, 0, "0-math.sin(q.anim_time*4*16)*0.3"]
				},
				"arm_left": {
					"rotation": [-20, 0, 60]
				},
				"shoulderleft": {
					"rotation": [-181.43455, 2.04767, 54.97436]
				},
				"bicepleft": {
					"rotation": [0, 0, -42.5]
				},
				"forearmleft": {
					"rotation": [0, 0, -62.5]
				},
				"hand_left": {
					"rotation": [57.5, 0, 0]
				},
				"fingerseg": {
					"rotation": [0, 0, 20]
				},
				"arm_right": {
					"rotation": [0, 0, -50],
					"position": [0, 0, 0]
				},
				"shoulderright": {
					"rotation": [180.9467, -18.15324, -45.33277],
					"position": [-1, 0, 0]
				},
				"bicepright": {
					"rotation": [0.002, 17.49999, 32.51465]
				},
				"forearmright": {
					"rotation": [47.7283, 15.42385, 76.37038]
				},
				"hand_right": {
					"rotation": [27.5, 0, 0]
				},
				"leg_left": {
					"rotation": [-72.5, 0, 0]
				},
				"fur1": {
					"rotation": [-112.5, 0, 0],
					"position": [0, -2, 0]
				},
				"fyur2": {
					"rotation": [0, 0, 120],
					"position": [0, -2, 0]
				},
				"fyur3": {
					"rotation": [0, 0, -80],
					"position": [-1, -3, 0]
				},
				"lknee": {
					"rotation": [110.77463, 19.50645, 4.50432],
					"position": [0, 0, 1]
				},
				"leftfoot": {
					"rotation": [47.5, 0, 0],
					"position": [0, 2, 0]
				},
				"fur2": {
					"rotation": [25, 0, 0]
				},
				"lowjaw": {
					"rotation": {
						"0.0": [0, 0, 0],
						"1.75": [0, 0, 0],
						"2.5": [30, 0, 0],
						"2.5417": [27.5, 0, 0],
						"2.5833": [30, 0, 0],
						"2.625": [27.5, 0, 0],
						"2.6667": [30, 0, 0],
						"2.7083": [27.5, 0, 0],
						"2.75": [30, 0, 0],
						"2.7917": [27.5, 0, 0],
						"3.9583": [0, 0, 0]
					}
				}
			}
		},
		"animation.urshifu.faint": {
			"loop": true,
			"animation_length": 3.25,
			"bones": {
				"mainthing": {
					"rotation": [0, -60, 0],
					"position": {
						"0.0": [0, -5.6, 0],
						"1.5": [0, -2.6, 0]
					}
				},
				"torso_clothes": {
					"position": [0, 0, 0]
				},
				"arm_left": {
					"rotation": {
						"0.0": [0, 0, 15],
						"1.5": [0, 0, 2.5]
					},
					"position": [-2, -1, 0]
				},
				"bicepleft": {
					"rotation": {
						"0.0": [0, 0, "125-math.sin(q.anim_time*90*1-50)*2"],
						"1.5": [181.09092, 0.29329, "9.7725-math.sin(q.anim_time*90*1-50)*2"]
					},
					"position": [0, 0, 0]
				},
				"forearmleft": {
					"rotation": {
						"0.0": [182.22764, 20.15563, 28.30359],
						"1.5": [179.10971, 20.42174, 5.59288]
					}
				},
				"thumb1": {
					"rotation": {
						"0.0": [0, 22.5, 0],
						"1.5": [-35, 22.5, 0]
					}
				},
				"thunmbseg": {
					"rotation": [20.02717, 1.68868, 1.84373]
				},
				"fingers": {
					"rotation": {
						"0.0": [0, 0, -60],
						"1.5": [0, 0, -2.5]
					}
				},
				"fingerseg": {
					"rotation": {
						"0.0": [0, 0, -60],
						"1.5": [0, 0, -5]
					}
				},
				"arm_right": {
					"rotation": {
						"0.0": [-5.16524, 27.0478, -11.24314],
						"1.5": [26.31707, 10.91357, 15.65146]
					},
					"position": {
						"0.0": [0, 0, 0],
						"1.5": [0, 0, -2]
					}
				},
				"bicepright": {
					"rotation": {
						"0.0": [58.28573, 33.45406, 10.91547],
						"1.5": [7.28609, 13.38963, -17.00244]
					}
				},
				"forearmright": {
					"rotation": {
						"0.0": [182.5, 75, -180],
						"1.5": [359.89088, -15.00237, -2.49286]
					},
					"position": {
						"0.0": [-1, 0, -2],
						"1.5": [-1, 0, 0]
					}
				},
				"thumbright": {
					"rotation": {
						"0.0": [30, 0, 0],
						"1.5": [-12.5, 0, 0]
					}
				},
				"thungbmbrseg2": {
					"rotation": [40, 0, 0]
				},
				"fingers_right": {
					"rotation": {
						"0.0": [0, 0, 70],
						"1.5": [0, 0, 12.5]
					}
				},
				"fingerrseg2": {
					"rotation": {
						"0.0": [0, 0, 62.5],
						"1.5": [0, 0, -2.5]
					}
				},
				"neck": {
					"rotation": {
						"0.0": [-10.65119, 24.83901, -1.90415],
						"1.5": [16.37563, -7.34701, 0.55083]
					},
					"position": [-1, 1, 0]
				},
				"head": {
					"rotation": [19.46618, 12.92343, -2.05977],
					"scale": [0.9, 0.8, 1]
				},
				"hair": {
					"rotation": [0, 0, 2.5]
				},
				"headband_left": {
					"rotation": [9.54046, "-58.8842+math.sin(q.anim_time*90*1-50)*10", 42.2072],
					"position": [-1, -1, 0]
				},
				"headband_right": {
					"rotation": [-17.4812, "40.6549-math.sin(q.anim_time*90*1-50)*10", -38.42136]
				},
				"whiteneck": {
					"rotation": [0, 15, 0],
					"position": [0, -1, 0]
				},
				"leg_left": {
					"rotation": {
						"0.0": [-52.90208, 67.83409, 3.18262],
						"1.5": [-22.90208, 67.83409, 3.18262]
					}
				},
				"lknee": {
					"rotation": {
						"0.0": [82.5, 0, 0],
						"1.5": [37.5, 0, 0]
					}
				},
				"leftfoot": {
					"rotation": {
						"0.0": [-15, 0, 0],
						"1.5": [-5, 0, 0]
					}
				},
				"leg_right": {
					"rotation": {
						"0.0": [-28.81328, -82.01058, -30.93292],
						"1.5": [111.97641, -80.79687, -143.46551]
					}
				},
				"rknee": {
					"rotation": {
						"0.0": [67.5, 0, 0],
						"1.5": [40, 0, 0]
					}
				},
				"front": {
					"rotation": [-17.5, 0, 0]
				},
				"back": {
					"rotation": [69.97365, 1.5216, -1.98385],
					"position": [0, 5, 0]
				},
				"bone": {
					"rotation": [42.5, 0, 0]
				},
				"furhead2": {
					"rotation": [0, 0, "127.5+math.sin(q.anim_time*90*1-200)*4"]
				},
				"furhead3": {
					"rotation": ["127.5+math.sin(q.anim_time*90*1-200)*4", 0, 0]
				},
				"furhead1": {
					"rotation": [0, 0, "-140+math.sin(q.anim_time*90*1-200)*4"]
				},
				"bandseg1": {
					"rotation": [6.70127, "-3.0932-math.sin(q.anim_time*90*1-100)*15", 9.67518]
				},
				"bandseg2": {
					"rotation": [-6.36991, "29.9706-math.sin(q.anim_time*90*1-200)*25", 9.55406]
				},
				"bandseg3": {
					"rotation": [5.54163, "-1.6719-math.sin(q.anim_time*90*1-200)*25", -4.43478]
				},
				"lband1": {
					"rotation": [14.34255, "-22.4485-math.sin(q.anim_time*90*1-100)*15", 12.43407]
				},
				"lband2": {
					"rotation": [-7.21604, "40.4825+math.sin(q.anim_time*90*1-200)*25", 7.68073]
				},
				"lband3": {
					"rotation": [-2.33411, "33.3552+math.sin(q.anim_time*90*1-200)*25", 2.92364]
				},
				"fur1": {
					"rotation": ["-115+math.sin(q.anim_time*90*1-200)*4", 0, 0],
					"position": [0, -2, 0]
				},
				"fur3": {
					"rotation": [107.5, 0, 0],
					"position": [0, -2, 0]
				},
				"fyur2": {
					"rotation": [0, 0, "115+math.sin(q.anim_time*90*1-200)*4"],
					"position": [1, -3, 0]
				},
				"fur4": {
					"rotation": [0, 0, "-117.5+math.sin(q.anim_time*90*1-200)*4"]
				},
				"fur2": {
					"rotation": ["-110+math.sin(q.anim_time*90*1-200)*4", 0, 0],
					"position": [0, -2, 0]
				},
				"fur6": {
					"rotation": [0, 0, "87.5-math.sin(q.anim_time*90*1-200)*4"],
					"position": [1, -3, 0]
				},
				"fyur3": {
					"rotation": [0, 0, "-95-math.sin(q.anim_time*90*1-200)*4"],
					"position": [0, -3, 0]
				},
				"fur5": {
					"rotation": [110, 0, 0]
				},
				"lowjaw": {
					"rotation": [0, 0, 0]
				},
				"ear2": {
					"rotation": [0, 0, -35]
				},
				"ear1": {
					"rotation": [0, 0, 40]
				},
				"frontcloth1": {
					"rotation": ["-18.2938-math.sin(q.anim_time*90*1-50)*2", -14.04833, "2.8551-math.sin(q.anim_time*90*1-50)*2"],
					"position": [0, 2, 0]
				},
				"fc2": {
					"rotation": ["5-math.sin(q.anim_time*90*1-150)*6", 0, "-2.5-math.sin(q.anim_time*90*1-150)*6"]
				},
				"fc3": {
					"rotation": ["-2.4905-math.sin(q.anim_time*90*1-150)*8", -0.21782, "-7.4953-math.sin(q.anim_time*90*1-150)*8"]
				},
				"fc4": {
					"rotation": ["-14.9539-math.sin(q.anim_time*90*1-150)*12", -1.08089, "-4.8821-math.sin(q.anim_time*90*1-150)*10"]
				},
				"bc1": {
					"rotation": ["-25.7246+math.sin(q.anim_time*90*1-50)*4", -13.77624, 5.99253]
				},
				"bc2": {
					"rotation": ["-13.4773+math.sin(q.anim_time*90*1-100)*8", 4.58164, "2.4306+math.sin(q.anim_time*90*1-100)*8"]
				},
				"bc3": {
					"rotation": ["2.7377+math.sin(q.anim_time*90*1-150)*10", 12.3071, "2.2046+math.sin(q.anim_time*90*1-150)*10"]
				},
				"bc4": {
					"rotation": ["-19.8489+math.sin(q.anim_time*90*1-200)*12", 9.84655, "1.7538+math.sin(q.anim_time*90*1-200)*12"]
				},
				"shoulderleft": {
					"rotation": {
						"0.0": [0, 0, 15],
						"1.5": [0, 0, -10]
					}
				},
				"feetis": {
					"rotation": [5, 0, 0]
				},
				"torso": {
					"position": {
						"0.0": [0, "math.sin(q.anim_time*4*16)*0.3", 0],
						"1.5": [0, "math.sin(q.anim_time*4*16)*0.3", 1]
					}
				},
				"tail": {
					"position": [0, 3, 0]
				},
				"arms": {
					"position": [0, "math.sin(q.anim_time*4*16)*0.3", 0]
				},
				"eyebrow1": {
					"rotation": {
						"0.0": [0, 0, 0],
						"1.5": [0, 0, -5]
					},
					"position": {
						"0.0": [0, 0, 0],
						"1.5": [0, -1, 0]
					},
					"scale": {
						"0.0": [1, 1, 1],
						"1.5": [1, 1.1, 1]
					}
				},
				"eyebrow": {
					"rotation": {
						"0.0": [0, 0, 0],
						"1.5": [0, 0, 5]
					},
					"position": {
						"0.0": [0, 0, 0],
						"1.5": [0, -1, 0]
					},
					"scale": {
						"0.0": [1, 1, 1],
						"1.5": [1, 1.3, 1]
					}
				},
				"shoulderright": {
					"rotation": {
						"0.0": [0, 0, 0],
						"1.5": [5, 0, 0]
					}
				}
			}
		},
		"animation.urshifu.rsfaint": {
			"loop": true,
			"animation_length": 3.25,
			"bones": {
				"torso": {
					"rotation": [0, 7.5, 0],
					"position": [0, "math.sin(q.anim_time*4*16)*0.3", 0]
				},
				"neck": {
					"rotation": {
						"0.0": [2.5, 52.5, 0],
						"1.5": [22.5, 52.5, 0]
					}
				},
				"head": {
					"rotation": {
						"0.0": [10.08453, -7.38542, -1.30962],
						"1.5": [-3.57862, -13.4982, 3.37486]
					}
				},
				"furhead2": {
					"rotation": [0.49411, 1.25669, 2.10942],
					"position": [0, -1, 0]
				},
				"furhead3": {
					"rotation": ["math.sin(q.anim_time*90*1-200)*4", 0, 0],
					"position": [0, -1, 0]
				},
				"furhead1": {
					"rotation": [0, 0, -10],
					"position": [0, -1, 0]
				},
				"headband_left": {
					"rotation": [-63.55989, "-94.0936-math.sin(q.anim_time*90*1-50)*10", 8.51181],
					"position": [0, -2, 1]
				},
				"lband1": {
					"rotation": [0, "-97.5-math.sin(q.anim_time*90*1-100)*15", 0]
				},
				"lband2": {
					"rotation": [0, "27.5-math.sin(q.anim_time*90*1-200)*25", 0]
				},
				"lband3": {
					"rotation": [0, "65-math.sin(q.anim_time*90*1-200)*25", 0]
				},
				"headband_right": {
					"rotation": [-111.69454, "63.7406-math.sin(q.anim_time*90*1-50)*10", -47.51743],
					"position": [0, -2, 0]
				},
				"bandseg1": {
					"rotation": [0, "82.5-math.sin(q.anim_time*90*1-100)*15", 0]
				},
				"bandseg2": {
					"rotation": [0, "80-math.sin(q.anim_time*90*1-200)*25", 0]
				},
				"bandseg3": {
					"rotation": [0, "-40-math.sin(q.anim_time*90*1-200)*25", 0]
				},
				"tail": {
					"rotation": [25, 0, 0]
				},
				"arm_left": {
					"rotation": [1.75378, -9.84655, "-2.6511-math.sin(q.anim_time*90*1-50)*1"],
					"position": {
						"0.0": [0, -1, 0],
						"1.5": [0, -3, 0]
					}
				},
				"bicepleft": {
					"rotation": {
						"0.0": [-6.28106, 11.01681, "65.4729-5-math.sin(q.anim_time*90*1-50)*2"],
						"1.5": [-7.24095, 5.93795, "15.7063-5-math.sin(q.anim_time*90*1-50)*2"]
					}
				},
				"forearmleft": {
					"rotation": {
						"0.0": [0, 0, "37.5-math.sin(q.anim_time*90*1-50)*4"],
						"1.5": [0, 0, "2.5-math.sin(q.anim_time*90*1-50)*4"]
					}
				},
				"fingers": {
					"rotation": [0, 0, -25]
				},
				"fingerseg": {
					"rotation": [0, 0, -52.5]
				},
				"arm_right": {
					"rotation": {
						"0.0": [2.5, -4.46375, "-53.165-math.sin(q.anim_time*90*1-50)*1"],
						"1.5": [-2.02818, -4.69661, "-0.4843-math.sin(q.anim_time*90*1-50)*1"]
					},
					"position": {
						"0.0": [0, 0, 0],
						"1.5": [0, -2, 0]
					}
				},
				"bicepright": {
					"rotation": {
						"0.0": [-151.85774, 19.32188, "-58.7808-math.sin(q.anim_time*90*1-50)*2"],
						"1.5": [7.1193, -8.82127, "2.0786-math.sin(q.anim_time*90*1-50)*2"]
					},
					"position": {
						"0.0": [0, 1, 0],
						"1.5": [0, 0, 0]
					}
				},
				"forearmright": {
					"rotation": {
						"0.0": [0, 0, "57.5-math.sin(q.anim_time*90*1-50)*4"],
						"1.5": [0, 0, "-12.5-math.sin(q.anim_time*90*1-50)*4"]
					}
				},
				"leg_left": {
					"rotation": {
						"0.0": ["-132.7708+math.sin(q.anim_time*20*4)*2", 52.97968, -39.67283],
						"1.5": [2.9219, 81.80066, 18.00272]
					}
				},
				"fur1": {
					"rotation": ["30+math.sin(q.anim_time*90*1-200)*4", 0, 0],
					"position": [0, -1, -0.25]
				},
				"fyur2": {
					"rotation": [14.97546, 6.76746, "-20.956-math.sin(q.anim_time*90*1-200)*4"],
					"position": [-0.5, 0, 0]
				},
				"fyur3": {
					"rotation": [0, 0, "35+math.sin(q.anim_time*90*1-200)*4"],
					"position": [-1, -2, 0]
				},
				"lknee": {
					"rotation": {
						"0.0": ["117.5+math.sin(q.anim_time*20*4)*2", 0, 0],
						"1.5": [27.3892, -2.98934, 7.09697]
					},
					"position": [-0.75, 0, -0.25]
				},
				"leftfoot": {
					"rotation": {
						"0.0": [32.5, 0, 0],
						"1.5": [0, 0, 0]
					}
				},
				"bc4": {
					"rotation": ["2.5+math.sin(q.anim_time*90*1-50)*10", 0, 0]
				},
				"bc3": {
					"rotation": ["-7.5+math.sin(q.anim_time*90*1-50)*8", 0, 0]
				},
				"bc2": {
					"rotation": ["-12.5+math.sin(q.anim_time*90*1-50)*6", 0, 0]
				},
				"bc1": {
					"rotation": ["22.5+math.sin(q.anim_time*90*1-50)*4", 0, 0]
				},
				"frontcloth1": {
					"rotation": ["-25-math.sin(q.anim_time*90*1-50)*6", 0, 0]
				},
				"fc2": {
					"rotation": ["-12.5-math.sin(q.anim_time*90*1-150)*6", 0, 0]
				},
				"fc3": {
					"rotation": ["-10-math.sin(q.anim_time*90*1-150)*8", 0, 0]
				},
				"fc4": {
					"rotation": ["-5-math.sin(q.anim_time*90*1-150)*10", 0, 0]
				},
				"shoulderright": {
					"rotation": {
						"0.0": [3.90399, 17.07228, 0.58619],
						"1.5": [8.28342, 15.46973, 16.12702]
					}
				},
				"shoulderleft": {
					"rotation": [0, 0, "-math.sin(q.anim_time*90*1-50)*1"]
				},
				"mainthing": {
					"rotation": [0, 275, 0],
					"position": [0, -1, 0]
				},
				"fur2": {
					"rotation": [12.5, 0, 0]
				},
				"fur4": {
					"rotation": [0, 0, 22.5]
				},
				"fur6": {
					"rotation": [0, 0, -22.5]
				},
				"arms": {
					"position": [0, "math.sin(q.anim_time*4*16)*0.3", 0]
				},
				"hand_left": {
					"rotation": [0, 0, -5]
				},
				"eyebrow1": {
					"rotation": {
						"0.0": [0, 0, 0],
						"1.5": [0, 0, -5]
					},
					"position": {
						"0.0": [0, 0, 0],
						"1.5": [0, -1, 0]
					},
					"scale": {
						"0.0": [1, 1, 1],
						"1.5": [1, 1.1, 1]
					}
				},
				"eyebrow": {
					"rotation": {
						"0.0": [0, 0, 0],
						"1.5": [0, 0, 5]
					},
					"position": {
						"0.0": [0, 0, 0],
						"1.5": [0, -1, 0]
					},
					"scale": {
						"0.0": [1, 1, 1],
						"1.5": [1, 1.3, 1]
					}
				}
			}
		}
	}
}