{
	"format_version": "1.8.0",
	"animations": {
		"animation.mandibuzz.air_idle": {
			"loop": true,
			"bones": {
				"neck_2": {
					"rotation": ["0.5+math.sin(q.anim_time*90*3+180)*2", 0, 0]
				},
				"head": {
					"rotation": ["3.5+math.sin(q.anim_time*90*3+180)*-4", 0, 0]
				},
				"tuff_head": {
					"rotation": ["-4.5+math.sin(q.anim_time*90*3+180)*15", 0, 0]
				},
				"wing_left_closed": {
					"rotation": [0, 0, 0],
					"position": [0.9, 0, 0],
					"scale": 0.01
				},
				"wing_left_open": {
					"rotation": ["12+math.sin(q.anim_time*90*3+0)*15", 0, "27+math.sin(q.anim_time*90*3+0)*45"]
				},
				"wing_right_closed": {
					"rotation": [1, 0, 0],
					"scale": 0.01
				},
				"wing_right_open": {
					"rotation": ["16-math.sin(q.anim_time*90*3+0)*15", 0, "-31-math.sin(q.anim_time*90*3+0)*45"]
				},
				"body": {
					"rotation": ["7.5+math.sin(q.anim_time*20*3+50)*4", "0+math.sin(q.anim_time*90*3+50)*1", "0+math.sin(q.anim_time*90*3+50)*1"],
					"position": [0, "21+math.sin(q.anim_time*90*3-55)*5", 0]
				},
				"torso": {
					"rotation": ["7.5+math.sin(q.anim_time*90*3+180)*5", 0, 0]
				},
				"neck_1": {
					"rotation": ["-4.5+math.sin(q.anim_time*90*3+180)*5", 0, 0]
				},
				"tuff_head_2": {
					"rotation": ["0.5+math.sin(q.anim_time*90*3+180)*7", 0, 0]
				},
				"tuff_front": {
					"rotation": ["-7+math.sin(q.anim_time*90*3+125)*5.5", 0, 0]
				},
				"tuff_back": {
					"rotation": ["-6-math.sin(q.anim_time*90*3+125)*5.5", 0, 0]
				},
				"jaw": {
					"rotation": ["8.5+math.sin(q.anim_time*90*3+180)*5", 0, 0]
				},
				"tail": {
					"rotation": ["5+math.sin(q.anim_time*90*3+125)*12.5", 0, 0]
				},
				"leg_right": {
					"rotation": ["8.9905+math.sin(q.anim_time*90*3+180)*5", -24.59477, 9.62931],
					"position": [0, 0, 0.8]
				},
				"leg_lower_right": {
					"rotation": ["40.0508+math.sin(q.anim_time*90*3+115)*10", 2.15188, 1.50107]
				},
				"toes_right": {
					"rotation": [20, 0, 0]
				},
				"leg_left": {
					"rotation": ["8.9625+math.sin(q.anim_time*90*3+180)*5", 4.92385, 4.12961],
					"position": [0.3, 0, 0.4]
				},
				"leg_lower_left": {
					"rotation": ["22.5508+math.sin(q.anim_time*90*3+115)*10", 2.15188, 1.50107]
				},
				"toes_left": {
					"rotation": [34, 0, 0]
				},
				"wing_left_middle": {
					"rotation": [10.46535, "3.8586+math.sin(q.anim_time*90*3-50)*15", "7.395+math.sin(q.anim_time*90*3-50)*15"]
				},
				"wing_left_outer": {
					"rotation": [-3.59132, "-16.6421+math.sin(q.anim_time*90*3-50)*25", "-31.7375+math.sin(q.anim_time*90*3-50)*5"]
				},
				"wing_left_outer_tuff": {
					"rotation": [-5.5239, "4.5446+math.sin(q.anim_time*90*3-50)*2", "16.4433+math.sin(q.anim_time*90*3-50)*5"]
				},
				"wing_right_middle": {
					"rotation": [5.37935, "4.8316-math.sin(q.anim_time*90*3-50)*15", "-7.3427-math.sin(q.anim_time*90*3-50)*15"]
				},
				"wing_right_outer": {
					"rotation": [0.9626, "9.217-math.sin(q.anim_time*90*3-50)*25", "36.8859-math.sin(q.anim_time*90*3-50)*5"]
				},
				"wing_right_outer_tuff": {
					"rotation": [-11.43895, "7.2296+math.sin(q.anim_time*90*3-50)*2", "-21.8939+math.sin(q.anim_time*90*3-50)*5"]
				}
			}
		},
		"animation.mandibuzz.air_fly": {
			"loop": true,
			"bones": {
				"neck_2": {
					"rotation": ["0.5+math.sin(q.anim_time*90*3+180)*2", 0, 0]
				},
				"head": {
					"rotation": ["3.5+math.sin(q.anim_time*90*3+180)*-4", 0, 0]
				},
				"tuff_head": {
					"rotation": ["-4.5+math.sin(q.anim_time*90*3+180)*15", 0, 0]
				},
				"wing_left_closed": {
					"rotation": [0, 0, 0],
					"position": [0.9, 0, 0],
					"scale": 0.01
				},
				"wing_left_open": {
					"rotation": ["12+math.sin(q.anim_time*90*3+0)*15", 0, "27+math.sin(q.anim_time*90*3+0)*45"]
				},
				"wing_right_closed": {
					"rotation": [1, 0, 0],
					"scale": 0.01
				},
				"wing_right_open": {
					"rotation": ["16-math.sin(q.anim_time*90*3+0)*15", 0, "-31-math.sin(q.anim_time*90*3+0)*45"]
				},
				"body": {
					"rotation": ["7.5+math.sin(q.anim_time*20*3+50)*4", "0+math.sin(q.anim_time*90*3+50)*1", "0+math.sin(q.anim_time*90*3+50)*1"],
					"position": [0, "21+math.sin(q.anim_time*90*3-55)*5", 0]
				},
				"torso": {
					"rotation": ["19.5+math.sin(q.anim_time*90*3+180)*5", 0, 0]
				},
				"neck_1": {
					"rotation": ["-17.5+math.sin(q.anim_time*90*3+180)*5", 0, 0]
				},
				"tuff_head_2": {
					"rotation": ["0.5+math.sin(q.anim_time*90*3+180)*7", 0, 0]
				},
				"tuff_front": {
					"rotation": ["-7+math.sin(q.anim_time*90*3+125)*5.5", 0, 0]
				},
				"tuff_back": {
					"rotation": ["-6-math.sin(q.anim_time*90*3+125)*5.5", 0, 0]
				},
				"jaw": {
					"rotation": ["8.5+math.sin(q.anim_time*90*3+180)*5", 0, 0]
				},
				"tail": {
					"rotation": ["5+math.sin(q.anim_time*90*3+125)*12.5", 0, 0]
				},
				"leg_right": {
					"rotation": ["8.9905+math.sin(q.anim_time*90*3+180)*5", -24.59477, 9.62931],
					"position": [0, 0, 1.3]
				},
				"leg_lower_right": {
					"rotation": ["40.0508+math.sin(q.anim_time*90*3+115)*10", 2.15188, 1.50107]
				},
				"toes_right": {
					"rotation": [20, 0, 0]
				},
				"leg_left": {
					"rotation": ["8.9625+math.sin(q.anim_time*90*3+180)*5", 4.92385, 4.12961],
					"position": [0.3, 0, 0.9]
				},
				"leg_lower_left": {
					"rotation": ["22.5508+math.sin(q.anim_time*90*3+115)*10", 2.15188, 1.50107]
				},
				"toes_left": {
					"rotation": [34, 0, 0]
				},
				"wing_left_middle": {
					"rotation": [10.46535, "3.8586+math.sin(q.anim_time*90*3-50)*15", "7.395+math.sin(q.anim_time*90*3-50)*15"]
				},
				"wing_left_outer": {
					"rotation": [-3.59132, "-16.6421+math.sin(q.anim_time*90*3-50)*25", "-31.7375+math.sin(q.anim_time*90*3-50)*5"]
				},
				"wing_left_outer_tuff": {
					"rotation": [-5.5239, "4.5446+math.sin(q.anim_time*90*3-50)*2", "16.4433+math.sin(q.anim_time*90*3-50)*5"]
				},
				"wing_right_middle": {
					"rotation": [5.37935, "4.8316-math.sin(q.anim_time*90*3-50)*15", "-7.3427-math.sin(q.anim_time*90*3-50)*15"]
				},
				"wing_right_outer": {
					"rotation": [0.9626, "9.217-math.sin(q.anim_time*90*3-50)*25", "36.8859-math.sin(q.anim_time*90*3-50)*5"]
				},
				"wing_right_outer_tuff": {
					"rotation": [-11.43895, "7.2296+math.sin(q.anim_time*90*3-50)*2", "-21.8939+math.sin(q.anim_time*90*3-50)*5"]
				}
			}
		},
		"animation.mandibuzz.battle_idle": {
			"loop": true,
			"bones": {
				"neck_2": {
					"rotation": ["0.5+math.sin(q.anim_time*90*3+180)*2", 0, 0]
				},
				"head": {
					"rotation": ["3.5+math.sin(q.anim_time*90*3+180)*-4", 0, 0]
				},
				"tuff_head": {
					"rotation": ["-4.5+math.sin(q.anim_time*90*3+180)*15", 0, 0]
				},
				"wing_left_closed": {
					"rotation": [0, 0, 0],
					"position": [0.9, 0, 0],
					"scale": 0.01
				},
				"wing_left_open": {
					"rotation": ["12+math.sin(q.anim_time*90*3+0)*15", 0, "27+math.sin(q.anim_time*90*3+0)*45"]
				},
				"wing_right_closed": {
					"rotation": [1, 0, 0],
					"scale": 0.01
				},
				"wing_right_open": {
					"rotation": ["16-math.sin(q.anim_time*90*3+0)*15", 0, "-31-math.sin(q.anim_time*90*3+0)*45"]
				},
				"body": {
					"rotation": ["7.5+math.sin(q.anim_time*20*3+50)*4", "0+math.sin(q.anim_time*90*3+50)*1", "0+math.sin(q.anim_time*90*3+50)*1"],
					"position": [0, "21+math.sin(q.anim_time*90*3-55)*5", 0]
				},
				"torso": {
					"rotation": ["7.5+math.sin(q.anim_time*90*3+180)*5", 0, 0]
				},
				"neck_1": {
					"rotation": ["-4.5+math.sin(q.anim_time*90*3+180)*5", 0, 0]
				},
				"tuff_head_2": {
					"rotation": ["0.5+math.sin(q.anim_time*90*3+180)*7", 0, 0]
				},
				"tuff_front": {
					"rotation": ["-7+math.sin(q.anim_time*90*3+125)*5.5", 0, 0]
				},
				"tuff_back": {
					"rotation": ["-6-math.sin(q.anim_time*90*3+125)*5.5", 0, 0]
				},
				"jaw": {
					"rotation": ["8.5+math.sin(q.anim_time*90*3+180)*5", 0, 0]
				},
				"tail": {
					"rotation": ["5+math.sin(q.anim_time*90*3+125)*12.5", 0, 0]
				},
				"leg_right": {
					"rotation": ["8.9905+math.sin(q.anim_time*90*3+180)*5", -24.59477, 9.62931],
					"position": [0, 0, 0.8]
				},
				"leg_lower_right": {
					"rotation": ["40.0508+math.sin(q.anim_time*90*3+115)*10", 2.15188, 1.50107]
				},
				"toes_right": {
					"rotation": [20, 0, 0]
				},
				"leg_left": {
					"rotation": ["8.9625+math.sin(q.anim_time*90*3+180)*5", 4.92385, 4.12961],
					"position": [0.3, 0, 0.4]
				},
				"leg_lower_left": {
					"rotation": ["22.5508+math.sin(q.anim_time*90*3+115)*10", 2.15188, 1.50107]
				},
				"toes_left": {
					"rotation": [34, 0, 0]
				},
				"wing_left_middle": {
					"rotation": [10.46535, "3.8586+math.sin(q.anim_time*90*3-50)*15", "7.395+math.sin(q.anim_time*90*3-50)*15"]
				},
				"wing_left_outer": {
					"rotation": [-3.59132, "-16.6421+math.sin(q.anim_time*90*3-50)*25", "-31.7375+math.sin(q.anim_time*90*3-50)*5"]
				},
				"wing_left_outer_tuff": {
					"rotation": [-5.5239, "4.5446+math.sin(q.anim_time*90*3-50)*2", "16.4433+math.sin(q.anim_time*90*3-50)*5"]
				},
				"wing_right_middle": {
					"rotation": [5.37935, "4.8316-math.sin(q.anim_time*90*3-50)*15", "-7.3427-math.sin(q.anim_time*90*3-50)*15"]
				},
				"wing_right_outer": {
					"rotation": [0.9626, "9.217-math.sin(q.anim_time*90*3-50)*25", "36.8859-math.sin(q.anim_time*90*3-50)*5"]
				},
				"wing_right_outer_tuff": {
					"rotation": [-11.43895, "7.2296+math.sin(q.anim_time*90*3-50)*2", "-21.8939+math.sin(q.anim_time*90*3-50)*5"]
				}
			}
		},
		"animation.mandibuzz.ground_idle": {
			"loop": true,
			"bones": {
				"torso": {
					"rotation": ["7.5+math.sin(q.anim_time*40*3+180)*4", 0, 0]
				},
				"neck_2": {
					"rotation": ["2.5+math.sin(q.anim_time*50*3+180)*5", 0, 0]
				},
				"head": {
					"rotation": ["5.5+math.sin(q.anim_time*50*3+180)*5", 0, 0]
				},
				"tuff_head": {
					"rotation": ["-2.5+math.sin(q.anim_time*50*3+180)*5", 0, 0]
				},
				"tuff_head_2": {
					"rotation": ["1.5+math.sin(q.anim_time*50*3+180)*5", 0, 0]
				},
				"tuff_front": {
					"rotation": ["-2.5+math.sin(q.anim_time*50*3+180)*5", 0, 0]
				},
				"tuff_back": {
					"rotation": ["5.5-math.sin(q.anim_time*50*3+180)*5", 0, 0]
				},
				"wing_left_closed": {
					"rotation": ["3.5+math.sin(q.anim_time*50*3+180)*5", 0, 0],
					"position": [0.9, 0, 0]
				},
				"jaw": {
					"rotation": ["1.8042+math.sin(q.anim_time*50*3+180)*5", 0.35703, 2.53336]
				},
				"tail": {
					"rotation": ["3.5+math.sin(q.anim_time*30*3+180)*9", 0, 0]
				},
				"wing_left_open": {
					"scale": 0.01
				},
				"wing_right_closed": {
					"rotation": ["2.5+math.sin(q.anim_time*50*3+180)*5", 0, 0]
				},
				"wing_right_open": {
					"scale": 0
				}
			}
		},
		"animation.mandibuzz.ground_walk": {
			"loop": true,
			"bones": {
				"torso": {
					"rotation": ["16+math.sin(q.anim_time*90*6-60)*2", "0+math.sin(q.anim_time*90*3-80+180)*1", 0],
					"position": [0, "-1.2+math.sin(q.anim_time*90*6-60+180)*0.5", -2.1]
				},
				"neck_2": {
					"rotation": ["2.5+math.sin(q.anim_time*50*3+180)*5", 0, 0]
				},
				"head": {
					"rotation": ["5.5+math.sin(q.anim_time*50*3+180)*5", 0, 0]
				},
				"tuff_head": {
					"rotation": ["-2.5+math.sin(q.anim_time*50*3+180)*5", 0, 0]
				},
				"tuff_head_2": {
					"rotation": ["1.5+math.sin(q.anim_time*50*3+180)*5", 0, 0]
				},
				"tuff_front": {
					"rotation": ["-2.5+math.sin(q.anim_time*50*3+180)*5", 0, 0]
				},
				"tuff_back": {
					"rotation": ["5.5-math.sin(q.anim_time*50*3+180)*5", 0, 0]
				},
				"wing_left_closed": {
					"rotation": ["3.5+math.sin(q.anim_time*50*3+180)*5", 0, 0],
					"position": [0.9, 0, 0]
				},
				"jaw": {
					"rotation": ["1.8042+math.sin(q.anim_time*50*3+180)*5", 0.35703, 2.53336]
				},
				"tail": {
					"rotation": ["16.5+math.sin(q.anim_time*30*3+180)*9", 0, 0]
				},
				"wing_left_open": {
					"scale": 0.01
				},
				"wing_right_closed": {
					"rotation": ["2.5+math.sin(q.anim_time*50*3+180)*5", 0, 0]
				},
				"wing_right_open": {
					"scale": 0
				},
				"leg_right": {
					"rotation": [
						"0.4218+math.clamp(math.sin(query.anim_time*90*3*1-20+180)*27.5,-27,0)+math.clamp(math.sin(query.anim_time*90*3*1-20+180)*22.5,0,22)",
						"9.5438+math.sin(q.anim_time*90*3+20+180)*2",
						1.88981
					],
					"position": [0, "math.clamp(math.sin(query.anim_time*90*3*1+0)*0.75,-0.1,0.75)", "0+math.sin(q.anim_time*90*3-95+180)*1"]
				},
				"leg_lower_right": {
					"rotation": ["0+math.clamp(math.sin(query.anim_time*90*3*1-75+180)*25,-25,14)", 0, 0]
				},
				"leg_left": {
					"rotation": [
						"0.4218+math.clamp(math.sin(query.anim_time*90*3*1-20)*27.5,-27,0)+math.clamp(math.sin(query.anim_time*90*3*1-20)*22.5,0,22)",
						"-9.5438+math.sin(q.anim_time*90*3+20)*2",
						-1.88981
					],
					"position": [0, "math.clamp(math.sin(query.anim_time*90*3*1+180)*0.75,-0.1,0.75)", "0+math.sin(q.anim_time*90*3-95)*1"]
				},
				"leg_lower_left": {
					"rotation": ["30+math.clamp(math.sin(query.anim_time*90*3*1-75)*25,-25,14)", 0, 0]
				}
			}
		},
		"animation.mandibuzz.sleep": {
			"loop": true,
			"bones": {
				"torso": {
					"rotation": [4, 0, 0]
				},
				"neck_2": {
					"rotation": ["50+math.sin(q.anim_time*50*3+180)*2", 0, 0]
				},
				"head": {
					"rotation": ["-114+math.sin(q.anim_time*20*3+180)*2", 0, 0]
				},
				"tuff_head": {
					"rotation": ["34.7616+math.sin(q.anim_time*50*3+180)*5", -27.99907, 34.07528]
				},
				"tuff_head_2": {
					"rotation": ["1.5+math.sin(q.anim_time*50*3+180)*5", 0, 0]
				},
				"tuff_front": {
					"rotation": ["-2.5+math.sin(q.anim_time*20*3+180)*5", 0, 0]
				},
				"tuff_back": {
					"rotation": ["5.5-math.sin(q.anim_time*20*3+180)*5", 0, 0]
				},
				"wing_left_closed": {
					"rotation": ["3.5+math.sin(q.anim_time*50*3+180)*5", 0, 0],
					"position": [0.9, 0, 0],
					"scale": 0
				},
				"jaw": {
					"rotation": [12.5, 0, 0]
				},
				"tail": {
					"rotation": ["-34+math.sin(q.anim_time*30*3+180)*9", 0, 0]
				},
				"wing_left_open": {
					"rotation": [0, 37.5, 0]
				},
				"wing_right_closed": {
					"rotation": [-41.874, 6.62792, 35.93621],
					"position": [-0.7, 0, 0]
				},
				"wing_right_open": {
					"scale": 0
				},
				"body": {
					"rotation": [67.5, 0, 0],
					"position": [0, -19, 0]
				},
				"eyelash_right": {
					"position": [-0.2, -0.3, 0]
				},
				"eyelid_right": {
					"position": [-0.2, -0.5, 0.5],
					"scale": [1, 1.08, 1]
				},
				"eye_left": {
					"position": [-0.2, 0, 0]
				},
				"eyelash_left": {
					"position": [0.4, -0.3, 0]
				},
				"eyelid_left": {
					"position": [0.2, -0.7, 0.5],
					"scale": [1, 1.08, 1]
				},
				"leg_right": {
					"rotation": [0, 0, 27.5]
				},
				"leg_left": {
					"rotation": [-8.10969, -33.16347, -21.05215]
				},
				"leg_lower_left": {
					"rotation": [10, 0, 0]
				},
				"wing_left_middle": {
					"rotation": [0, -10, 0]
				},
				"wing_left_outer": {
					"rotation": [0, -2.5, 0]
				},
				"wing_left_outer_tuff": {
					"rotation": [-12.5, 0, 20]
				}
			}
		},
		"animation.mandibuzz.blink": {
			"animation_length": 0.16667,
			"bones": {
				"eye_right": {
					"position": {
						"0.0": [0.2, 0, 0],
						"0.125": {"pre": [0.2, 0, 0], "post": [0.2, 0, 0]},
						"0.1667": {"pre": [0.2, 0, 0], "post": [0, 0, 0]}
					}
				},
				"eyelash_right": {
					"position": {
						"0.0": [-0.2, -0.3, 0],
						"0.125": {"pre": [-0.2, -0.3, 0], "post": [-0.2, -0.3, 0]},
						"0.1667": {"pre": [-0.2, -0.3, 0], "post": [0, 0, 0]}
					}
				},
				"eyelid_right": {
					"position": {
						"0.0": [-0.2, -0.5, 0.5],
						"0.125": {"pre": [-0.2, -0.5, 0.5], "post": [-0.2, -0.5, 0.5]},
						"0.1667": {"pre": [-0.2, -0.5, 0.5], "post": [0, 0, 0]}
					},
					"scale": {
						"0.0": [1, 1.08, 1],
						"0.125": {"pre": [1, 1.08, 1], "post": [1, 1.08, 1]},
						"0.1667": {"pre": [1, 1.08, 1], "post": [1, 1, 1]}
					}
				},
				"eye_left": {
					"position": {
						"0.0": [-0.2, 0, 0],
						"0.125": {"pre": [-0.2, 0, 0], "post": [-0.2, 0, 0]},
						"0.1667": {"pre": [-0.2, 0, 0], "post": [0, 0, 0]}
					}
				},
				"eyelash_left": {
					"position": {
						"0.0": [0.4, -0.3, 0],
						"0.125": {"pre": [0.4, -0.3, 0], "post": [0.4, -0.3, 0]},
						"0.1667": {"pre": [0.4, -0.3, 0], "post": [0, 0, 0]}
					}
				},
				"eyelid_left": {
					"position": {
						"0.0": [0.2, -0.7, 0.5],
						"0.125": {"pre": [0.2, -0.7, 0.5], "post": [0.2, -0.7, 0.5]},
						"0.1667": {"pre": [0.2, -0.7, 0.5], "post": [0, 0, 0]}
					},
					"scale": {
						"0.0": [1, 1.08, 1],
						"0.125": {"pre": [1, 1.08, 1], "post": [1, 1.08, 1]},
						"0.1667": {"pre": [1, 1.08, 1], "post": [1, 1, 1]}
					}
				}
			}
		},
		"animation.mandibuzz.cry": {
			"animation_length": 0.41667,
			"bones": {
				"neck_2": {
					"rotation": {
						"0.0": [2.5, 0, 0],
						"0.25": [15, 0, 0],
						"0.4167": [2.5, 0, 0]
					}
				},
				"head": {
					"rotation": {
						"0.0": [0, 0, 0],
						"0.25": [-15, 0, 0],
						"0.4167": [0, 0, 0]
					}
				},
				"beak": {
					"rotation": {
						"0.0": [-5, 0, 0],
						"0.1667": [32.5, 0, 0],
						"0.3333": [67.5, 0, 0],
						"0.4167": [-4.61303, 0.66947, 1.78259]
					}
				}
			}
		}
	}
}