{
	"format_version": "1.8.0",
	"animations": {
		"animation.celesteela.ground_idle": {
			"loop": true,
			"bones": {
				"body": {
					"rotation": ["2.514+Math.cos((query.anim_time-0.6) * 90 * 1) * 2", 4.98969, 0.32135],
					"position": [0, "Math.cos((query.anim_time) * 90 * 1) * 0.5", 0]
				},
				"foots_center": {
					"position": [0, "-0.5+Math.cos((query.anim_time) * 90 * 0.1 ) * 0.2", 0]
				},
				"under_cape": {
					"rotation": ["0.5+Math.cos((query.anim_time-0.3) * 90 * 1) * -3", "Math.cos((query.anim_time) * 90 * 1.6) * -3", 0],
					"position": [0, "-0.5+Math.cos((query.anim_time) * 20 * 1) * 0.1", 0]
				},
				"neck": {
					"rotation": [
						"0 - (math.sin((q.anim_time - 0) * 100 / 2 ) * 1)",
						"0+(math.cos((q.anim_time - 1.05) * 100 / 1 ) * 2)",
						"0+(math.cos((q.anim_time - 3.1) * 100 / 1 ) * 1)"
					]
				},
				"head": {
					"rotation": [
						"0 - (math.sin((q.anim_time - 0) * 200 / 2 ) * 1)",
						"0+(math.cos((q.anim_time - 1.05) * 200 / 1 ) * 2)",
						"0+(math.cos((q.anim_time - 3.1) * 200 / 1 ) * 1)"
					]
				},
				"cape_up_front_left": {
					"rotation": [0, 0, "(math.sin((q.anim_time - 0.25) * 200 / 1) * -1)"]
				},
				"cape_up_back_main": {
					"rotation": ["(math.sin((q.anim_time - 0.25) * 100 / (1) ) * 3)", 0, 0]
				},
				"arm_right": {
					"rotation": ["Math.cos((query.anim_time -2.5) * 90 * 1) * 1", 0, "-15+Math.cos((query.anim_time) * 90 * 1) * -2"]
				},
				"arm_left": {
					"rotation": ["Math.cos((query.anim_time +2.5) * 90 * 1) * 2", 0, "14+Math.cos((query.anim_time) * 90 * 1) * 3"]
				}
			}
		},
		"animation.celesteela.ground_walk": {
			"animation_length": 2.5,
			"bones": {
				"body_main": {
					"rotation": ["20.5+Math.cos((query.anim_time-0.3) * 90 * 1.6*2) * 3", "Math.cos((query.anim_time) * 90 * 1.6) * -3", 0],
					"position": [0, "2.5+Math.cos((query.anim_time) * 90 * 1.6*2) * 2.5", 0]
				},
				"head": {
					"rotation": ["-8 - (math.sin((q.anim_time - 0.35) * 90 ) * 1)", 0, 0]
				},
				"arm_right": {
					"rotation": ["20.5+Math.cos((query.anim_time-0.3) * 90 * 1.6*2) * 3", 0, -10],
					"position": [0, "2.5+Math.cos((query.anim_time) * 90 * 1.6*2) * 2.5", 0]
				},
				"arm_left": {
					"rotation": ["20.5+Math.cos((query.anim_time-0.3) * 90 * 1.6*2) * 3", 0, 10],
					"position": [0, "2.5+Math.cos((query.anim_time) * 90 * 1.6*2) * 2.5", 0]
				}
			}
		}
	}
}