{
    "implemented": true,
    "name": "Meditite",
    "nationalPokedexNumber": 307,
    "primaryType": "fighting",
    "secondaryType": "psychic",
    "abilities": [
      "purepower",
      "h:telepathy"
    ],
    "baseStats": {
      "hp": 30,
      "attack": 40,
      "defence": 55,
      "special_attack": 40,
      "special_defence": 55,
      "speed": 60
    },
    "catchRate": 180,
    "maleRatio": 0.5,
    "shoulderMountable": false,
    "baseExperienceYield": 56,
    "experienceGroup": "medium_fast",
    "eggCycles": 20,
    "eggGroups": [
      "human_like"
    ],
    "moves": [
      "1:bide",
      "1:confusion",
      "1:workup",
      "4:meditate",
      "9:detect",
      "12:endure",
      "15:feint",
      "17:forcepalm",
      "20:hiddenpower",
      "20:psybeam",
      "20:swagger",
      "23:calmmind",
      "25:mindreader",
      "25:zenheadbutt",
      "28:highjumpkick",
      "31:psychup",
      "33:acupressure",
      "36:powertrick",
      "39:reversal",
      "41:recover",
      "44:counter",
      "egg:batonpass",
      "egg:bulletpunch",
      "egg:drainpunch",
      "egg:dynamicpunch",
      "egg:fakeout",
      "egg:firepunch",
      "egg:foresight",
      "egg:guardswap",
      "egg:icepunch",
      "egg:powerswap",
      "egg:psychocut",
      "egg:quickguard",
      "egg:secretpower",
      "egg:thunderpunch",
      "tm:aerialace",
      "tm:attract",
      "tm:batonpass",
      "tm:bodyslam",
      "tm:brickbreak",
      "tm:bulkup",
      "tm:calmmind",
      "tm:captivate",
      "tm:closecombat",
      "tm:confide",
      "tm:doubleteam",
      "tm:drainpunch",
      "tm:dreameater",
      "tm:endure",
      "tm:expandingforce",
      "tm:facade",
      "tm:firepunch",
      "tm:flash",
      "tm:fling",
      "tm:focusblast",
      "tm:focuspunch",
      "tm:frustration",
      "tm:grassknot",
      "tm:helpinghand",
      "tm:hiddenpower",
      "tm:icepunch",
      "tm:imprison",
      "tm:lightscreen",
      "tm:lowkick",
      "tm:lowsweep",
      "tm:metronome",
      "tm:naturalgift",
      "tm:nightshade",
      "tm:painsplit",
      "tm:poisonjab",
      "tm:poweruppunch",
      "tm:protect",
      "tm:psybeam",
      "tm:psychic",
      "tm:psychicterrain",
      "tm:psychup",
      "tm:psyshock",
      "tm:raindance",
      "tm:recycle",
      "tm:reflect",
      "tm:rest",
      "tm:retaliate",
      "tm:return",
      "tm:reversal",
      "tm:rockslide",
      "tm:rocksmash",
      "tm:rocktomb",
      "tm:round",
      "tm:secretpower",
      "tm:shadowball",
      "tm:skillswap",
      "tm:sleeptalk",
      "tm:storedpower",
      "tm:strength",
      "tm:substitute",
      "tm:sunnyday",
      "tm:swagger",
      "tm:swift",
      "tm:takedown",
      "tm:taunt",
      "tm:telekinesis",
      "tm:terablast",
      "tm:thief",
      "tm:thunderpunch",
      "tm:toxic",
      "tm:trailblaze",
      "tm:trick",
      "tm:trickroom",
      "tm:upperhand",
      "tm:workup",
      "tm:zenheadbutt",
      "tutor:bide",
      "tutor:bodyslam",
      "tutor:confusion",
      "tutor:counter",
      "tutor:detect",
      "tutor:doubleedge",
      "tutor:drainpunch",
      "tutor:dreameater",
      "tutor:dynamicpunch",
      "tutor:endure",
      "tutor:firepunch",
      "tutor:focuspunch",
      "tutor:gravity",
      "tutor:headbutt",
      "tutor:helpinghand",
      "tutor:icepunch",
      "tutor:lowkick",
      "tutor:magiccoat",
      "tutor:meditate",
      "tutor:megakick",
      "tutor:megapunch",
      "tutor:metronome",
      "tutor:mimic",
      "tutor:mudslap",
      "tutor:painsplit",
      "tutor:psychup",
      "tutor:recycle",
      "tutor:roleplay",
      "tutor:seismictoss",
      "tutor:shadowball",
      "tutor:signalbeam",
      "tutor:sleeptalk",
      "tutor:snore",
      "tutor:substitute",
      "tutor:swagger",
      "tutor:swift",
      "tutor:telekinesis",
      "tutor:thunderpunch",
      "tutor:trick",
      "tutor:vacuumwave",
      "tutor:zenheadbutt"
    ],
    "labels": [
      "gen3"
    ],
    "pokedex": [
      "cobblemon.species.meditite.desc"
    ],
    "evolutions": [
      {
        "id": "meditite_medicham",
        "variant": "level_up",
        "result": "medicham",
        "consumeHeldItem": false,
        "learnableMoves": [],
        "requirements": [
          {
            "variant": "level",
            "minLevel": 37
          }
        ]
      }
    ],
    "baseScale": 0.7,
    "hitbox": {
        "width": 1,
        "height": 1.5,
        "fixed": false
      },
    "baseFriendship": 70,
    "evYield": {
      "hp": 0,
      "attack": 0,
      "defence": 0,
      "special_attack": 0,
      "special_defence": 0,
      "speed": 1
    },
    "height": 6,
    "weight": 112,
    "aspects": [],
    "cannotDynamax": false,
    "drops": {
      "amount": 3,
      "entries": [
        {
          "item": "cobblemon:wise_glasses",
          "percentage": 2.5
        },
        {
          "item": "cobblemon:black_belt",
          "percentage": 2.5
        },
        {
          "item": "cobblemon:nanab_berry",
          "percentage": 2.5
        }
      ]
    }
  }
  