{
  "implemented": true,
  "name": "Skitty",
  "nationalPokedexNumber": 300,
  "primaryType": "normal",
  "abilities": ["cutecharm", "normalize", "h:wonderskin"],
  "baseStats": {
    "hp": 50,
    "attack": 45,
    "defence": 45,
    "special_attack": 35,
    "special_defence": 35,
    "speed": 50
  },
  "catchRate": 255,
  "maleRatio": 0.25,
  "shoulderMountable": false,
  "baseExperienceYield": 52,
  "experienceGroup": "fast",
  "eggCycles": 15,
  "eggGroups": ["field", "fairy"],
  "moves": [
    "1:fakeout",
    "1:growl",
    "1:tackle",
    "1:tailwhip",
    "4:foresight",
    "7:sing",
    "10:attract",
    "13:disarmingvoice",
    "16:doubleslap",
    "19:copycat",
    "22:feintattack",
    "25:charm",
    "28:wakeupslap",
    "31:assist",
    "34:covet",
    "37:healbell",
    "40:doubleedge",
    "43:captivate",
    "46:playrough",
    "egg:batonpass",
    "egg:captivate",
    "egg:cosmicpower",
    "egg:fakeout",
    "egg:faketears",
    "egg:helpinghand",
    "egg:lastresort",
    "egg:mudbomb",
    "egg:psychup",
    "egg:simplebeam",
    "egg:substitute",
    "egg:suckerpunch",
    "egg:tickle",
    "egg:uproar",
    "egg:wish",
    "egg:zenheadbutt",
    "tm:attract",
    "tm:blizzard",
    "tm:calmmind",
    "tm:captivate",
    "tm:chargebeam",
    "tm:confide",
    "tm:dig",
    "tm:doubleteam",
    "tm:dreameater",
    "tm:echoedvoice",
    "tm:endure",
    "tm:facade",
    "tm:flash",
    "tm:frustration",
    "tm:grassknot",
    "tm:hiddenpower",
    "tm:icebeam",
    "tm:irontail",
    "tm:naturalgift",
    "tm:payback",
    "tm:protect",
    "tm:psychup",
    "tm:raindance",
    "tm:rest",
    "tm:retaliate",
    "tm:return",
    "tm:round",
    "tm:safeguard",
    "tm:secretpower",
    "tm:shadowball",
    "tm:shockwave",
    "tm:sleeptalk",
    "tm:solarbeam",
    "tm:substitute",
    "tm:sunnyday",
    "tm:swagger",
    "tm:thunder",
    "tm:thunderbolt",
    "tm:thunderwave",
    "tm:toxic",
    "tm:waterpulse",
    "tm:wildcharge",
    "tm:workup",
    "tutor:attract",
    "tutor:bodyslam",
    "tutor:captivate",
    "tutor:covet",
    "tutor:defensecurl",
    "tutor:doubleedge",
    "tutor:dreameater",
    "tutor:endure",
    "tutor:foresight",
    "tutor:growl",
    "tutor:headbutt",
    "tutor:healbell",
    "tutor:helpinghand",
    "tutor:hypervoice",
    "tutor:icywind",
    "tutor:irontail",
    "tutor:lastresort",
    "tutor:mimic",
    "tutor:mudslap",
    "tutor:payday",
    "tutor:psychup",
    "tutor:rollout",
    "tutor:shockwave",
    "tutor:sleeptalk",
    "tutor:snore",
    "tutor:substitute",
    "tutor:suckerpunch",
    "tutor:swagger",
    "tutor:swift",
    "tutor:tackle",
    "tutor:tailwhip",
    "tutor:thunderwave",
    "tutor:tickle",
    "tutor:uproar",
    "tutor:waterpulse",
    "tutor:zenheadbutt"
  ],
  "labels": ["gen3"],
  "pokedex": ["cobblemon.species.skitty.desc"],
  "evolutions": [
    {
      "id": "skitty_delcatty",
      "variant": "item_interact",
      "result": "delcatty",
      "consumeHeldItem": false,
      "learnableMoves": [],
      "requirements": [],
      "requiredContext": "cobblemon:moon_stone"
    }
  ],
  "baseScale": 1,
  "hitbox": {
    "width": 1,
    "height": 1,
    "fixed": false
  },
  "baseFriendship": 70,
  "evYield": {
    "hp": 0,
    "attack": 0,
    "defence": 0,
    "special_attack": 0,
    "special_defence": 0,
    "speed": 1
  },
  "height": 6,
  "weight": 110,
  "aspects": [],
  "cannotDynamax": false,
  "drops": {
    "amount": 2,
    "entries": [
      {
        "item": "cobblemon:silk_scarf",
        "percentage": 2.5
      },
      {
        "item": "cobblemon:pecha_berry",
        "percentage": 2.5
      }
    ]
  }
}
