{
	"format_version": "1.8.0",
	"animations": {
		"animation.landorus.cry": {
			"animation_length": 1.9167,
			"bones": {
				"arm_right": {
					"rotation": {
						"0.0": [0, 0, 0],
						"0.5": [16.98216, -14.98328, -49.74943],
						"1.0": [16.98216, -14.98328, -49.74943],
						"1.75": [0, 0, 0]
					}
				},
				"bicep_right": {
					"rotation": {
						"0.0": [0, 0, 0],
						"0.5": [-96.04711, -21.46111, -42.46794],
						"1.0": [-96.04711, -21.46111, -42.46794],
						"1.75": [0, 0, 0]
					},
					"position": {
						"0.0": [0, 0, 0],
						"0.5": [0, -1, 0],
						"1.0": [0, -1, 0],
						"1.75": [0, 0, 0]
					}
				},
				"forearm_right": {
					"rotation": {
						"0.0": [0, 0, 0],
						"0.5": [-24.58534, -17.84677, 51.17054],
						"1.0": [-24.58534, -17.84677, 51.17054],
						"1.75": [0, 0, 0]
					},
					"position": {
						"0.0": [0, 0, 0],
						"0.5": [0, -1, 0],
						"1.0": [0, -1, 0],
						"1.75": [0, 0, 0]
					}
				},
				"wrist_right": {
					"rotation": {
						"0.0": [0, 0, 0],
						"0.5": [8.2345, 11.75167, 15.72207],
						"1.0": [8.2345, 11.75167, 15.72207],
						"1.75": [0, 0, 0]
					}
				},
				"hand_right": {
					"rotation": {
						"0.0": [0, 0, 0],
						"0.5": [0, 17.5, 0],
						"1.0": [0, 17.5, 0],
						"1.75": [0, 0, 0]
					}
				},
				"thumb_right": {
					"rotation": {
						"0.0": [0, 0, 0],
						"0.5": [17.67066, 8.0592, -18.32028],
						"1.0": [17.67066, 8.0592, -18.32028],
						"1.75": [0, 0, 0]
					}
				},
				"rthumb_tip": {
					"rotation": {
						"0.0": [0, 0, 0],
						"0.5": [22.5, 0, 0],
						"1.0": [22.5, 0, 0],
						"1.75": [0, 0, 0]
					}
				},
				"index_right": {
					"rotation": {
						"0.0": [0, 0, 0],
						"0.5": [0, 5, 0],
						"1.0": [0, 5, 0],
						"1.75": [0, 0, 0]
					}
				},
				"Rindex_tip": {
					"rotation": {
						"0.0": [0, 0, 0],
						"0.5": [0, 65, 0],
						"1.0": [0, 65, 0],
						"1.75": [0, 0, 0]
					}
				},
				"middle_right": {
					"rotation": {
						"0.0": [0, 0, 0],
						"0.5": [0, 12.5, 0],
						"1.0": [0, 12.5, 0],
						"1.75": [0, 0, 0]
					}
				},
				"Rmiddle_tip": {
					"rotation": {
						"0.0": [0, 0, 0],
						"0.5": [21.32038, 75.73781, 15.29151],
						"1.0": [21.32038, 75.73781, 15.29151],
						"1.75": [0, 0, 0]
					}
				},
				"ring_right": {
					"rotation": {
						"0.0": [0, 0, 0],
						"0.5": [0, 17.5, 0],
						"1.0": [0, 17.5, 0],
						"1.75": [0, 0, 0]
					}
				},
				"Rring_tip": {
					"rotation": {
						"0.0": [0, 0, 0],
						"0.5": [0, 40, 0],
						"1.0": [0, 40, 0],
						"1.75": [0, 0, 0]
					}
				},
				"pinky_right": {
					"rotation": {
						"0.0": [0, 0, 0],
						"0.5": [0, 15, 0],
						"1.0": [0, 15, 0],
						"1.75": [0, 0, 0]
					}
				},
				"Rpinky_right": {
					"rotation": {
						"0.0": [0, 0, 0],
						"0.5": [0, 60, 0],
						"1.0": [0, 60, 0],
						"1.75": [0, 0, 0]
					}
				},
				"shoulder_left": {
					"rotation": {
						"0.0": [0, 0, 0],
						"0.5": [-66.6483, 59.90389, 70],
						"1.0": [-66.6483, 59.90389, 70],
						"1.75": [0, 0, 0]
					},
					"position": {
						"0.0": [0, 0, 0],
						"0.5": [-1, -0.5, 0.3],
						"1.0": [-1, -0.5, 0.3],
						"1.75": [0, 0, 0]
					}
				},
				"bicep_left": {
					"rotation": {
						"0.0": [0, 0, 0],
						"0.5": [-98.09261, 38.92299, 7.48756],
						"1.0": [-98.09261, 38.92299, 7.48756],
						"1.75": [0, 0, 0]
					},
					"position": {
						"0.0": [0, 0, 0],
						"0.5": [0, -1, 0],
						"1.0": [0, -1, 0],
						"1.75": [0, 0, 0]
					}
				},
				"forearm_left": {
					"rotation": {
						"0.0": [0, 0, 0],
						"0.5": [141.3281, -14.50625, -205.5538],
						"1.0": [141.3281, -14.50625, -205.5538],
						"1.75": [0, 0, 0]
					},
					"position": {
						"0.0": [0, 0, 0],
						"0.5": [0, -1, -2],
						"1.0": [0, -1, -2],
						"1.75": [0, 0, 0]
					}
				},
				"thumb_left": {
					"rotation": {
						"0.0": [0, 0, 0],
						"0.5": [-17.5, 0, 0],
						"1.0": [-17.5, 0, 0],
						"1.75": [0, 0, 0]
					}
				},
				"index_left": {
					"rotation": {
						"0.0": [0, 0, 0],
						"0.5": [0, -72.5, 0],
						"1.0": [0, -72.5, 0],
						"1.75": [0, 0, 0]
					}
				},
				"middle_left": {
					"rotation": {
						"0.0": [0, 0, 0],
						"0.5": [0, -87.5, 0],
						"1.0": [0, -87.5, 0],
						"1.75": [0, 0, 0]
					}
				},
				"ring_left": {
					"rotation": {
						"0.0": [0, 0, 0],
						"0.5": [0, -80, 0],
						"1.0": [0, -80, 0],
						"1.75": [0, 0, 0]
					}
				},
				"pinky_left": {
					"rotation": {
						"0.0": [0, 0, 0],
						"0.5": [0, -82.5, 0],
						"1.0": [0, -82.5, 0],
						"1.75": [0, 0, 0]
					}
				},
				"head": {
					"rotation": {
						"0.0": {
							"post": [5, 0, 0],
							"lerp_mode": "catmullrom"
						},
						"0.5": {
							"post": [-12.5, 0, 0],
							"lerp_mode": "catmullrom"
						},
						"0.75": {
							"post": [-2.5, 0, 0],
							"lerp_mode": "catmullrom"
						},
						"1.0": {
							"post": [-12.5, 0, 0],
							"lerp_mode": "catmullrom"
						},
						"1.75": [5, 0, 0]
					}
				},
				"tail_1": {
					"rotation": {
						"0.0": {
							"post": [0, 0, 0],
							"lerp_mode": "catmullrom"
						},
						"0.5": {
							"post": [-18.84825, 11.83747, -12.17553],
							"lerp_mode": "catmullrom"
						},
						"1.0": {
							"post": [-18.84825, 11.83747, -12.17553],
							"lerp_mode": "catmullrom"
						},
						"1.75": [0, 0, 0]
					}
				},
				"tail_3": {
					"rotation": {
						"0.0": {
							"post": [0, 0, 0],
							"lerp_mode": "catmullrom"
						},
						"0.5": {
							"post": [-6.81098, -0.54996, 3.1264],
							"lerp_mode": "catmullrom"
						},
						"1.0": {
							"post": [-6.81098, -0.54996, 3.1264],
							"lerp_mode": "catmullrom"
						},
						"1.75": [0, 0, 0]
					}
				},
				"tail_4": {
					"rotation": {
						"0.0": {
							"post": [0, 0, 0],
							"lerp_mode": "catmullrom"
						},
						"0.5": {
							"post": [-12.5, 0, 12.5],
							"lerp_mode": "catmullrom"
						},
						"1.0": {
							"post": [-12.5, 0, 12.5],
							"lerp_mode": "catmullrom"
						},
						"1.75": [0, 0, 0]
					}
				},
				"tail_5": {
					"rotation": {
						"0.0": {
							"post": [0, 0, 0],
							"lerp_mode": "catmullrom"
						},
						"0.5": {
							"post": [-10, 12.5, 0],
							"lerp_mode": "catmullrom"
						},
						"1.0": {
							"post": [-10, 12.5, 0],
							"lerp_mode": "catmullrom"
						},
						"1.75": [0, 0, 0]
					}
				},
				"tail_6": {
					"rotation": {
						"0.0": [0, 0, 0],
						"1.75": [0, 0, 0]
					}
				},
				"tail_7": {
					"rotation": {
						"0.0": [0, 0, 0],
						"0.5": [-20, 0, 0],
						"1.75": [0, 0, 0]
					}
				},
				"tip_8": {
					"rotation": {
						"0.0": [0, 0, 0],
						"0.5": [-30, 0, 0],
						"1.75": [0, 0, 0]
					}
				},
				"mainthing": {
					"position": {
						"0.0": {
							"post": [0, 0, 0],
							"lerp_mode": "catmullrom"
						},
						"0.5": {
							"post": [0, 2, 0],
							"lerp_mode": "catmullrom"
						},
						"1.0": {
							"post": [0, 2, 0],
							"lerp_mode": "catmullrom"
						},
						"1.75": [0, 0, 0]
					}
				},
				"shoulder_right": {
					"rotation": {
						"0.0": [0, 0, 0],
						"0.5": [-54.60195, -27.28302, -8.26959],
						"1.0": [-54.60195, -27.28302, -8.26959],
						"1.75": [0, 0, 0]
					},
					"position": {
						"0.0": [0, 0, 0],
						"0.5": [0, -1, -1],
						"1.0": [0, -1, -1],
						"1.75": [0, 0, 0]
					}
				},
				"indexleft2": {
					"rotation": {
						"0.0": [0, 0, 0],
						"0.5": [0, -92.5, 0],
						"1.0": [0, -92.5, 0],
						"1.75": [0, 0, 0]
					}
				},
				"midleft2": {
					"rotation": {
						"0.0": [0, 0, 0],
						"0.5": [0, -70, 0],
						"1.0": [0, -70, 0],
						"1.75": [0, 0, 0]
					}
				},
				"ringleft2": {
					"rotation": {
						"0.0": [0, 0, 0],
						"0.5": [0, -67.5, 0],
						"1.0": [0, -67.5, 0],
						"1.75": [0, 0, 0]
					}
				},
				"pinkleft2": {
					"rotation": {
						"0.0": [0, 0, 0],
						"0.5": [0, -75, 0],
						"1.0": [0, -75, 0],
						"1.75": [0, 0, 0]
					}
				},
				"thumbleft2": {
					"rotation": {
						"0.0": [0, 0, 0],
						"0.5": [65, 0, 0],
						"1.0": [65, 0, 0],
						"1.75": [0, 0, 0]
					}
				},
				"torso": {
					"rotation": {
						"0.0": {
							"post": [0, 0, 0],
							"lerp_mode": "catmullrom"
						},
						"0.5": {
							"post": [-12.5, 0, 0],
							"lerp_mode": "catmullrom"
						},
						"1.0": {
							"post": [-12.5, 0, 0],
							"lerp_mode": "catmullrom"
						},
						"1.75": [0, 0, 0]
					},
					"position": {
						"0.0": {
							"post": [0, 0, 0],
							"lerp_mode": "catmullrom"
						},
						"0.5": {
							"post": [0, -1, 0],
							"lerp_mode": "catmullrom"
						},
						"1.0": {
							"post": [0, -1, 0],
							"lerp_mode": "catmullrom"
						},
						"1.75": [0, 0, 0]
					}
				}
			}
		},
		"animation.landorus.faint": {
			"loop": true,
			"animation_length": 3,
			"bones": {
				"arm_right": {
					"rotation": {
						"0.0": {
							"post": [0, 0, 0],
							"lerp_mode": "catmullrom"
						},
						"0.75": {
							"post": [16.98216, -14.98328, -49.74943],
							"lerp_mode": "catmullrom"
						},
						"3.0": {
							"post": [16.98216, -14.98328, -49.74943],
							"lerp_mode": "catmullrom"
						}
					}
				},
				"bicep_right": {
					"rotation": {
						"0.0": {
							"post": [0, 0, 0],
							"lerp_mode": "catmullrom"
						},
						"0.75": {
							"post": [-96.04711, -21.46111, -42.46794],
							"lerp_mode": "catmullrom"
						},
						"3.0": {
							"post": [-96.04711, -21.46111, -42.46794],
							"lerp_mode": "catmullrom"
						}
					},
					"position": {
						"0.0": {
							"post": [0, 0, 0],
							"lerp_mode": "catmullrom"
						},
						"0.75": {
							"post": [0, 0, -1],
							"lerp_mode": "catmullrom"
						},
						"3.0": {
							"post": [0, 0, -1],
							"lerp_mode": "catmullrom"
						}
					}
				},
				"forearm_right": {
					"rotation": {
						"0.0": {
							"post": [0, 0, 0],
							"lerp_mode": "catmullrom"
						},
						"0.75": {
							"post": [133.19634, -57.67501, 213.10634],
							"lerp_mode": "catmullrom"
						},
						"3.0": {
							"post": [133.19634, -57.67501, 213.10634],
							"lerp_mode": "catmullrom"
						}
					},
					"position": {
						"0.0": {
							"post": [0, 0, 0],
							"lerp_mode": "catmullrom"
						},
						"0.75": {
							"post": [0, -1, 0],
							"lerp_mode": "catmullrom"
						},
						"3.0": {
							"post": [0, -1, 0],
							"lerp_mode": "catmullrom"
						}
					}
				},
				"wrist_right": {
					"rotation": {
						"0.0": {
							"post": [0, 0, 0],
							"lerp_mode": "catmullrom"
						},
						"0.75": {
							"post": [8.2345, 11.75167, 15.72207],
							"lerp_mode": "catmullrom"
						},
						"3.0": {
							"post": [8.2345, 11.75167, 15.72207],
							"lerp_mode": "catmullrom"
						}
					}
				},
				"hand_right": {
					"rotation": {
						"0.0": {
							"post": [0, 0, 0],
							"lerp_mode": "catmullrom"
						},
						"0.75": {
							"post": [0, 2.5, 0],
							"lerp_mode": "catmullrom"
						},
						"3.0": {
							"post": [0, 2.5, 0],
							"lerp_mode": "catmullrom"
						}
					}
				},
				"thumb_right": {
					"rotation": {
						"0.0": {
							"post": [0, 0, 0],
							"lerp_mode": "catmullrom"
						},
						"0.75": {
							"post": [-7.32934, 8.0592, -18.32028],
							"lerp_mode": "catmullrom"
						},
						"3.0": {
							"post": [-7.32934, 8.0592, -18.32028],
							"lerp_mode": "catmullrom"
						}
					}
				},
				"rthumb_tip": {
					"rotation": {
						"0.0": {
							"post": [0, 0, 0],
							"lerp_mode": "catmullrom"
						},
						"0.75": {
							"post": [22.5, 0, 0],
							"lerp_mode": "catmullrom"
						},
						"3.0": {
							"post": [22.5, 0, 0],
							"lerp_mode": "catmullrom"
						}
					}
				},
				"index_right": {
					"rotation": {
						"0.0": {
							"post": [0, 0, 0],
							"lerp_mode": "catmullrom"
						},
						"0.75": {
							"post": [0, -67.5, 0],
							"lerp_mode": "catmullrom"
						},
						"3.0": {
							"post": [0, -67.5, 0],
							"lerp_mode": "catmullrom"
						}
					}
				},
				"Rindex_tip": {
					"rotation": {
						"0.0": {
							"post": [0, 0, 0],
							"lerp_mode": "catmullrom"
						},
						"0.75": {
							"post": [0, -17.5, 0],
							"lerp_mode": "catmullrom"
						},
						"3.0": {
							"post": [0, -17.5, 0],
							"lerp_mode": "catmullrom"
						}
					}
				},
				"middle_right": {
					"rotation": {
						"0.0": {
							"post": [0, 0, 0],
							"lerp_mode": "catmullrom"
						},
						"0.75": {
							"post": [0, -95, 0],
							"lerp_mode": "catmullrom"
						},
						"3.0": {
							"post": [0, -95, 0],
							"lerp_mode": "catmullrom"
						}
					}
				},
				"Rmiddle_tip": {
					"rotation": {
						"0.0": {
							"post": [0, 0, 0],
							"lerp_mode": "catmullrom"
						},
						"0.75": {
							"post": [5.14118, 1.67114, -5.27798],
							"lerp_mode": "catmullrom"
						},
						"3.0": {
							"post": [5.14118, 1.67114, -5.27798],
							"lerp_mode": "catmullrom"
						}
					}
				},
				"ring_right": {
					"rotation": {
						"0.0": {
							"post": [0, 0, 0],
							"lerp_mode": "catmullrom"
						},
						"0.75": {
							"post": [0, -82.5, 0],
							"lerp_mode": "catmullrom"
						},
						"3.0": {
							"post": [0, -82.5, 0],
							"lerp_mode": "catmullrom"
						}
					}
				},
				"Rring_tip": {
					"rotation": {
						"0.0": {
							"post": [0, 0, 0],
							"lerp_mode": "catmullrom"
						},
						"0.75": {
							"post": [0, 7.5, 0],
							"lerp_mode": "catmullrom"
						},
						"3.0": {
							"post": [0, 7.5, 0],
							"lerp_mode": "catmullrom"
						}
					}
				},
				"pinky_right": {
					"rotation": {
						"0.0": {
							"post": [0, 0, 0],
							"lerp_mode": "catmullrom"
						},
						"0.75": {
							"post": [0, -105, 0],
							"lerp_mode": "catmullrom"
						},
						"3.0": {
							"post": [0, -105, 0],
							"lerp_mode": "catmullrom"
						}
					}
				},
				"Rpinky_right": {
					"rotation": {
						"0.0": {
							"post": [0, 0, 0],
							"lerp_mode": "catmullrom"
						},
						"0.75": {
							"post": [0, 22.5, 0],
							"lerp_mode": "catmullrom"
						},
						"3.0": {
							"post": [0, 22.5, 0],
							"lerp_mode": "catmullrom"
						}
					}
				},
				"shoulder_left": {
					"rotation": {
						"0.0": {
							"post": [0, 0, 0],
							"lerp_mode": "catmullrom"
						},
						"0.75": {
							"post": [-69.77781, 59.1272, 95.18024],
							"lerp_mode": "catmullrom"
						},
						"3.0": {
							"post": [-69.77781, 59.1272, 95.18024],
							"lerp_mode": "catmullrom"
						}
					},
					"position": {
						"0.0": {
							"post": [0, 0, 0],
							"lerp_mode": "catmullrom"
						},
						"0.75": {
							"post": [-1, -0.5, 0.3],
							"lerp_mode": "catmullrom"
						},
						"3.0": {
							"post": [-1, -0.5, 0.3],
							"lerp_mode": "catmullrom"
						}
					}
				},
				"bicep_left": {
					"rotation": {
						"0.0": {
							"post": [0, 0, 0],
							"lerp_mode": "catmullrom"
						},
						"0.75": {
							"post": [-96.6229, 39.23069, 25.04601],
							"lerp_mode": "catmullrom"
						},
						"3.0": {
							"post": [-96.6229, 39.23069, 25.04601],
							"lerp_mode": "catmullrom"
						}
					},
					"position": {
						"0.0": {
							"post": [0, 0, 0],
							"lerp_mode": "catmullrom"
						},
						"0.75": {
							"post": [0, -1, 0],
							"lerp_mode": "catmullrom"
						},
						"3.0": {
							"post": [0, -1, 0],
							"lerp_mode": "catmullrom"
						}
					}
				},
				"forearm_left": {
					"rotation": {
						"0.0": {
							"post": [0, 0, 0],
							"lerp_mode": "catmullrom"
						},
						"0.75": {
							"post": [-28.99325, 32.46598, -34.32634],
							"lerp_mode": "catmullrom"
						},
						"3.0": {
							"post": [-28.99325, 32.46598, -34.32634],
							"lerp_mode": "catmullrom"
						}
					},
					"position": {
						"0.0": {
							"post": [0, 0, 0],
							"lerp_mode": "catmullrom"
						},
						"0.75": {
							"post": [0, -1, 0],
							"lerp_mode": "catmullrom"
						},
						"3.0": {
							"post": [0, -1, 0],
							"lerp_mode": "catmullrom"
						}
					}
				},
				"thumb_left": {
					"rotation": {
						"0.0": {
							"post": [0, 0, 0],
							"lerp_mode": "catmullrom"
						},
						"0.75": {
							"post": [-70, 0, 0],
							"lerp_mode": "catmullrom"
						},
						"3.0": {
							"post": [-70, 0, 0],
							"lerp_mode": "catmullrom"
						}
					}
				},
				"index_left": {
					"rotation": {
						"0.0": {
							"post": [0, 0, 0],
							"lerp_mode": "catmullrom"
						},
						"0.75": {
							"post": [0, 15, 0],
							"lerp_mode": "catmullrom"
						},
						"3.0": {
							"post": [0, 15, 0],
							"lerp_mode": "catmullrom"
						}
					}
				},
				"middle_left": {
					"rotation": {
						"0.0": {
							"post": [0, 0, 0],
							"lerp_mode": "catmullrom"
						},
						"0.75": {
							"post": [0, 10, 0],
							"lerp_mode": "catmullrom"
						},
						"3.0": {
							"post": [0, 10, 0],
							"lerp_mode": "catmullrom"
						}
					}
				},
				"ring_left": {
					"rotation": {
						"0.0": {
							"post": [0, 0, 0],
							"lerp_mode": "catmullrom"
						},
						"0.75": {
							"post": [0, 17.5, 0],
							"lerp_mode": "catmullrom"
						},
						"3.0": {
							"post": [0, 17.5, 0],
							"lerp_mode": "catmullrom"
						}
					}
				},
				"pinky_left": {
					"rotation": {
						"0.0": {
							"post": [0, 0, 0],
							"lerp_mode": "catmullrom"
						},
						"0.75": {
							"post": [0, 40, 0],
							"lerp_mode": "catmullrom"
						},
						"3.0": {
							"post": [0, 40, 0],
							"lerp_mode": "catmullrom"
						}
					}
				},
				"head": {
					"rotation": {
						"0.0": {
							"post": [5, 0, 0],
							"lerp_mode": "catmullrom"
						},
						"0.75": {
							"post": [-33.74538, 24.3683, -5.7632],
							"lerp_mode": "catmullrom"
						},
						"1.5": {
							"post": [-36.24538, -24.3683, 5.7632],
							"lerp_mode": "catmullrom"
						},
						"2.25": {
							"post": [-35.9936, 21.93857, -5.123],
							"lerp_mode": "catmullrom"
						},
						"3.0": {
							"post": [-33.74538, 24.3683, -5.7632],
							"lerp_mode": "catmullrom"
						}
					}
				},
				"tail_1": {
					"rotation": {
						"0.0": {
							"post": [0, 0, 0],
							"lerp_mode": "catmullrom"
						},
						"3.0": {
							"post": [-61.34825, 11.83747, -12.17553],
							"lerp_mode": "catmullrom"
						}
					}
				},
				"tail_3": {
					"rotation": {
						"0.0": {
							"post": [0, 0, 0],
							"lerp_mode": "catmullrom"
						},
						"3.0": {
							"post": [-39.31098, -0.54996, 3.1264],
							"lerp_mode": "catmullrom"
						}
					}
				},
				"tail_4": {
					"rotation": {
						"0.0": {
							"post": [0, 0, 0],
							"lerp_mode": "catmullrom"
						},
						"3.0": {
							"post": [-28.30005, 26.94622, -1.21217],
							"lerp_mode": "catmullrom"
						}
					}
				},
				"tail_5": {
					"rotation": {
						"0.0": {
							"post": [0, 0, 0],
							"lerp_mode": "catmullrom"
						},
						"3.0": {
							"post": [-10, 12.5, 0],
							"lerp_mode": "catmullrom"
						}
					}
				},
				"tail_6": {
					"rotation": {
						"0.0": {
							"post": [0, 0, 0],
							"lerp_mode": "catmullrom"
						},
						"3.0": {
							"post": [-20.49008, -11.53486, 4.8493],
							"lerp_mode": "catmullrom"
						}
					}
				},
				"tail_7": {
					"rotation": {
						"0.0": {
							"post": [0, 0, 0],
							"lerp_mode": "catmullrom"
						},
						"3.0": {
							"post": [-15.27399, -1.36594, -17.57352],
							"lerp_mode": "catmullrom"
						}
					}
				},
				"tip_8": {
					"rotation": {
						"0.0": {
							"post": [0, 0, 0],
							"lerp_mode": "catmullrom"
						},
						"3.0": {
							"post": [-5, 0, 0],
							"lerp_mode": "catmullrom"
						}
					}
				},
				"mainthing": {
					"rotation": {
						"0.0": {
							"post": [0, 0, 0],
							"lerp_mode": "catmullrom"
						},
						"0.75": {
							"post": [-5, 0, 0],
							"lerp_mode": "catmullrom"
						},
						"3.0": {
							"post": [-12.5, 0, 0],
							"lerp_mode": "catmullrom"
						}
					},
					"position": {
						"0.0": {
							"post": [0, 0, 0],
							"lerp_mode": "catmullrom"
						},
						"0.75": {
							"post": [0, 2, 0],
							"lerp_mode": "catmullrom"
						},
						"3.0": {
							"post": [0, 9, 0],
							"lerp_mode": "catmullrom"
						}
					}
				},
				"shoulder_right": {
					"rotation": {
						"0.0": {
							"post": [0, 0, 0],
							"lerp_mode": "catmullrom"
						},
						"0.75": {
							"post": [-73.27888, -29.05536, -39.33729],
							"lerp_mode": "catmullrom"
						},
						"3.0": {
							"post": [-73.27888, -29.05536, -39.33729],
							"lerp_mode": "catmullrom"
						}
					},
					"position": {
						"0.0": {
							"post": [0, 0, 0],
							"lerp_mode": "catmullrom"
						},
						"0.75": {
							"post": [0, -1, -2],
							"lerp_mode": "catmullrom"
						},
						"3.0": {
							"post": [0, -1, -2],
							"lerp_mode": "catmullrom"
						}
					}
				},
				"indexleft2": {
					"rotation": {
						"0.0": {
							"post": [0, 0, 0],
							"lerp_mode": "catmullrom"
						},
						"0.75": {
							"post": [0, -47.5, 0],
							"lerp_mode": "catmullrom"
						},
						"3.0": {
							"post": [0, -47.5, 0],
							"lerp_mode": "catmullrom"
						}
					}
				},
				"midleft2": {
					"rotation": {
						"0.0": {
							"post": [0, 0, 0],
							"lerp_mode": "catmullrom"
						},
						"0.75": {
							"post": [0, -17.5, 0],
							"lerp_mode": "catmullrom"
						},
						"3.0": {
							"post": [0, -17.5, 0],
							"lerp_mode": "catmullrom"
						}
					}
				},
				"ringleft2": {
					"rotation": {
						"0.0": {
							"post": [0, 0, 0],
							"lerp_mode": "catmullrom"
						},
						"0.75": {
							"post": [0, -20, 0],
							"lerp_mode": "catmullrom"
						},
						"3.0": {
							"post": [0, -20, 0],
							"lerp_mode": "catmullrom"
						}
					}
				},
				"pinkleft2": {
					"rotation": {
						"0.0": {
							"post": [0, 0, 0],
							"lerp_mode": "catmullrom"
						},
						"0.75": {
							"post": [0, -45, 0],
							"lerp_mode": "catmullrom"
						},
						"3.0": {
							"post": [0, -45, 0],
							"lerp_mode": "catmullrom"
						}
					}
				},
				"thumbleft2": {
					"rotation": {
						"0.0": {
							"post": [0, 0, 0],
							"lerp_mode": "catmullrom"
						},
						"0.75": {
							"post": [37.5, 0, 0],
							"lerp_mode": "catmullrom"
						},
						"3.0": {
							"post": [37.5, 0, 0],
							"lerp_mode": "catmullrom"
						}
					}
				},
				"torso": {
					"rotation": {
						"0.0": {
							"post": [0, 0, 0],
							"lerp_mode": "catmullrom"
						},
						"0.75": {
							"post": [-12.5, 0, 0],
							"lerp_mode": "catmullrom"
						},
						"3.0": {
							"post": [-12.5, 0, 0],
							"lerp_mode": "catmullrom"
						}
					},
					"position": {
						"0.0": {
							"post": [0, 0, 0],
							"lerp_mode": "catmullrom"
						},
						"0.75": {
							"post": [0, -1, 0],
							"lerp_mode": "catmullrom"
						},
						"3.0": {
							"post": [0, -1, 0],
							"lerp_mode": "catmullrom"
						}
					}
				},
				"wrist_left": {
					"rotation": {
						"0.0": {
							"post": [0, 0, 0],
							"lerp_mode": "catmullrom"
						},
						"0.75": {
							"post": [9.82895, 9.48648, 10.07344],
							"lerp_mode": "catmullrom"
						},
						"3.0": {
							"post": [9.82895, 9.48648, 10.07344],
							"lerp_mode": "catmullrom"
						}
					}
				},
				"hand_left": {
					"rotation": {
						"0.0": {
							"post": [0, 0, 0],
							"lerp_mode": "catmullrom"
						},
						"0.75": {
							"post": [-26.8934, 44.47916, 7.25782],
							"lerp_mode": "catmullrom"
						},
						"3.0": {
							"post": [-26.8934, 44.47916, 7.25782],
							"lerp_mode": "catmullrom"
						}
					}
				},
				"tail_2": {
					"rotation": {
						"0.0": {
							"post": [0, 0, 0],
							"lerp_mode": "catmullrom"
						},
						"0.75": {
							"post": [-7.5, 0, 0],
							"lerp_mode": "catmullrom"
						},
						"3.0": {
							"post": [-45, 0, 0],
							"lerp_mode": "catmullrom"
						}
					}
				},
				"browright": {
					"rotation": {
						"0.0": [0, 0, 0],
						"0.75": [0, 0, -20]
					},
					"scale": {
						"0.0": [1, 1, 1],
						"0.75": [1.3, 1, 1]
					}
				},
				"browleft": {
					"rotation": {
						"0.0": [0, 0, 0],
						"0.75": [0, 0, 47.5]
					},
					"position": {
						"0.0": [0, 0, 0],
						"0.75": [1, 0.3, 0]
					},
					"scale": {
						"0.0": [1, 1, 1],
						"0.75": [1.3, 1.1, 1]
					}
				}
			}
		},
		"animation.landorus.ground_idle": {
			"loop": true,
			"bones": {
				"mainthing": {
					"position": [0, "0-math.sin(q.anim_time*45*1)*1", 0]
				},
				"upperbody": {
					"position": [0, "-2-math.sin(q.anim_time*45*0.8)*1", 0]
				},
				"tail_1": {
					"rotation": ["-math.sin(q.anim_time*90*1)*2", 0, 0]
				}
			}
		},
		"animation.landorus.ground_walk": {
			"loop": true,
			"bones": {
				"head": {
					"rotation": [-10, 0, 0],
					"position": [0, 0, 0]
				},
				"mainthing": {
					"rotation": [17.5, 0, 0],
					"position": [0, "3-math.sin(q.anim_time*45*2)*1", 0]
				},
				"upperbody": {
					"position": [0, "-2-math.sin(q.anim_time*45*0.8)*1", 0]
				},
				"torso": {
					"rotation": [-10, 0, 0],
					"position": [0, -1, 0]
				},
				"tail_1": {
					"rotation": ["-math.sin(q.anim_time*90*1)*2", 0, 0]
				}
			}
		},
		"animation.landorus.physical_attack": {
			"loop": true,
			"animation_length": 1.5,
			"bones": {
				"mainthing": {
					"rotation": {
						"0.0": {
							"post": [0, 0, 0],
							"lerp_mode": "catmullrom"
						},
						"0.75": {
							"post": [12.5, 0, 0],
							"lerp_mode": "catmullrom"
						},
						"1.5": [0, 0, 0]
					},
					"position": {
						"0.0": {
							"post": [0, 0, 0],
							"lerp_mode": "catmullrom"
						},
						"0.5": {
							"post": [0, 3, 0],
							"lerp_mode": "catmullrom"
						},
						"1.0": {
							"post": [0, 0, -5],
							"lerp_mode": "catmullrom"
						},
						"1.5": [0, 0, 0]
					}
				},
				"upperbody": {
					"rotation": {
						"0.0": {
							"post": [0, 0, 0],
							"lerp_mode": "catmullrom"
						},
						"0.375": {
							"post": [0, 35, 0],
							"lerp_mode": "catmullrom"
						},
						"0.625": {
							"post": [0, 35, 0],
							"lerp_mode": "catmullrom"
						},
						"0.75": {
							"post": [-11.32607, -37.33289, 6.29298],
							"lerp_mode": "catmullrom"
						},
						"1.0417": {
							"post": [0, -37.5, 0],
							"lerp_mode": "catmullrom"
						},
						"1.5": [0, 0, 0]
					}
				},
				"torso": {
					"rotation": {
						"0.0": {
							"post": [0, 0, 0],
							"lerp_mode": "catmullrom"
						},
						"0.375": {
							"post": [0, 25, 0],
							"lerp_mode": "catmullrom"
						},
						"0.625": {
							"post": [0, 25, 0],
							"lerp_mode": "catmullrom"
						},
						"0.75": {
							"post": [-0.53889, -10.0593, -0.0117],
							"lerp_mode": "catmullrom"
						},
						"1.0417": {
							"post": [0, -12.5, 0],
							"lerp_mode": "catmullrom"
						},
						"1.5": [0, 0, 0]
					},
					"position": {
						"0.0": {
							"post": [0, 0, 0],
							"lerp_mode": "catmullrom"
						},
						"0.75": {
							"post": [0, -1, 0],
							"lerp_mode": "catmullrom"
						},
						"1.5": [0, 0, 0]
					}
				},
				"shoulder_right": {
					"rotation": {
						"0.0": {
							"post": [0, 0, 0],
							"lerp_mode": "catmullrom"
						},
						"0.375": {
							"post": [-26.91312, -14.97402, -31.87535],
							"lerp_mode": "catmullrom"
						},
						"0.625": {
							"post": [-26.91312, -14.97402, -31.87535],
							"lerp_mode": "catmullrom"
						},
						"0.75": {
							"post": [-8.22225, -92.01206, -42.52995],
							"lerp_mode": "catmullrom"
						},
						"1.0417": {
							"post": [-8.22225, -92.01206, -42.52995],
							"lerp_mode": "catmullrom"
						},
						"1.5": [0, 0, 0]
					}
				},
				"bicep_right": {
					"rotation": {
						"0.0": {
							"post": [0, 0, 0],
							"lerp_mode": "catmullrom"
						},
						"0.375": {
							"post": [-81.19352, -9.20493, -45.298],
							"lerp_mode": "catmullrom"
						},
						"0.625": {
							"post": [-81.19352, -9.20493, -45.298],
							"lerp_mode": "catmullrom"
						},
						"0.75": {
							"post": [-67.03836, 46.97727, -26.25487],
							"lerp_mode": "catmullrom"
						},
						"1.0417": {
							"post": [-67.03836, 46.97727, -26.25487],
							"lerp_mode": "catmullrom"
						},
						"1.5": [0, 0, 0]
					},
					"position": {
						"0.0": {
							"post": [0, 0, 0],
							"lerp_mode": "catmullrom"
						},
						"0.375": {
							"post": [0, 0, -1],
							"lerp_mode": "catmullrom"
						},
						"0.625": {
							"post": [0, 0, -1],
							"lerp_mode": "catmullrom"
						},
						"1.5": [0, 0, 0]
					}
				},
				"forearm_right": {
					"rotation": {
						"0.0": {
							"post": [0, 0, 0],
							"lerp_mode": "catmullrom"
						},
						"0.375": {
							"post": [-70.19861, -59.35298, -120.68869],
							"lerp_mode": "catmullrom"
						},
						"0.625": {
							"post": [-70.19861, -59.35298, -120.68869],
							"lerp_mode": "catmullrom"
						},
						"0.75": {
							"post": [-128.87318, -84.02683, -61.13347],
							"lerp_mode": "catmullrom"
						},
						"1.0417": {
							"post": [-128.87318, -84.02683, -61.13347],
							"lerp_mode": "catmullrom"
						},
						"1.5": [0, 0, 0]
					},
					"position": {
						"0.0": {
							"post": [0, 0, 0],
							"lerp_mode": "catmullrom"
						},
						"0.375": {
							"post": [0, 1, 1],
							"lerp_mode": "catmullrom"
						},
						"0.625": {
							"post": [0, 1, 1],
							"lerp_mode": "catmullrom"
						},
						"1.5": [0, 0, 0]
					}
				},
				"wrist_right": {
					"rotation": {
						"0.0": {
							"post": [0, 0, 0],
							"lerp_mode": "catmullrom"
						},
						"0.375": {
							"post": [17.25888, -2.48774, -34.32359],
							"lerp_mode": "catmullrom"
						},
						"0.625": {
							"post": [17.25888, -2.48774, -34.32359],
							"lerp_mode": "catmullrom"
						},
						"0.75": {
							"post": [-2.5122, 9.26392, 7.26597],
							"lerp_mode": "catmullrom"
						},
						"1.0417": {
							"post": [-2.5122, 9.26392, 7.26597],
							"lerp_mode": "catmullrom"
						},
						"1.5": [0, 0, 0]
					}
				},
				"hand_right": {
					"rotation": {
						"0.0": {
							"post": [0, 0, 0],
							"lerp_mode": "catmullrom"
						},
						"0.375": {
							"post": [-1.00966, -24.59477, -15.37066],
							"lerp_mode": "catmullrom"
						},
						"0.625": {
							"post": [-1.00966, -24.59477, -15.37066],
							"lerp_mode": "catmullrom"
						},
						"0.75": {
							"post": [-0.00933, 2.462, -20.43439],
							"lerp_mode": "catmullrom"
						},
						"1.0417": {
							"post": [-0.00933, 2.462, -20.43439],
							"lerp_mode": "catmullrom"
						},
						"1.5": [0, 0, 0]
					}
				},
				"thumb_right": {
					"rotation": {
						"0.0": {
							"post": [0, 0, 0],
							"lerp_mode": "catmullrom"
						},
						"0.375": {
							"post": [0, 0, -15],
							"lerp_mode": "catmullrom"
						},
						"0.625": {
							"post": [0, 0, -15],
							"lerp_mode": "catmullrom"
						},
						"0.75": {
							"post": [22.5, 0, -13.38192],
							"lerp_mode": "catmullrom"
						},
						"1.0417": {
							"post": [22.5, 0, -13.38192],
							"lerp_mode": "catmullrom"
						},
						"1.5": [0, 0, 0]
					}
				},
				"index_right": {
					"rotation": {
						"0.0": {
							"post": [0, 0, 0],
							"lerp_mode": "catmullrom"
						},
						"0.375": {
							"post": [0, -40, 0],
							"lerp_mode": "catmullrom"
						},
						"0.625": {
							"post": [0, -40, 0],
							"lerp_mode": "catmullrom"
						},
						"0.75": {
							"post": [0, 9.31, 0],
							"lerp_mode": "catmullrom"
						},
						"1.0417": {
							"post": [0, 9.31, 0],
							"lerp_mode": "catmullrom"
						},
						"1.5": [0, 0, 0]
					}
				},
				"Rindex_tip": {
					"rotation": {
						"0.0": [0, 0, 0],
						"0.75": [0, 57.5, 0],
						"1.0417": [0, 57.5, 0]
					}
				},
				"middle_right": {
					"rotation": {
						"0.0": {
							"post": [0, 0, 0],
							"lerp_mode": "catmullrom"
						},
						"0.375": {
							"post": [0, -42.5, 0],
							"lerp_mode": "catmullrom"
						},
						"0.625": {
							"post": [0, -42.5, 0],
							"lerp_mode": "catmullrom"
						},
						"0.75": {
							"post": [0, -0.42, 0],
							"lerp_mode": "catmullrom"
						},
						"1.0417": {
							"post": [0, -0.42, 0],
							"lerp_mode": "catmullrom"
						},
						"1.5": [0, 0, 0]
					}
				},
				"Rmiddle_tip": {
					"rotation": {
						"0.0": {
							"post": [0, 0, 0],
							"lerp_mode": "catmullrom"
						},
						"0.375": {
							"post": [0, 12.5, 0],
							"lerp_mode": "catmullrom"
						},
						"0.625": {
							"post": [0, 12.5, 0],
							"lerp_mode": "catmullrom"
						},
						"0.75": {
							"post": [0, 68.65, 0],
							"lerp_mode": "catmullrom"
						},
						"1.0417": {
							"post": [0, 68.65, 0],
							"lerp_mode": "catmullrom"
						},
						"1.5": [0, 0, 0]
					}
				},
				"ring_right": {
					"rotation": {
						"0.0": {
							"post": [0, 0, 0],
							"lerp_mode": "catmullrom"
						},
						"0.375": {
							"post": [0, -35, 0],
							"lerp_mode": "catmullrom"
						},
						"0.625": {
							"post": [0, -35, 0],
							"lerp_mode": "catmullrom"
						},
						"0.75": {
							"post": [0, -1.22, 0],
							"lerp_mode": "catmullrom"
						},
						"1.0417": {
							"post": [0, -1.22, 0],
							"lerp_mode": "catmullrom"
						},
						"1.5": [0, 0, 0]
					}
				},
				"Rring_tip": {
					"rotation": {
						"0.0": {
							"post": [0, 0, 0],
							"lerp_mode": "catmullrom"
						},
						"0.375": {
							"post": [0, 2.5, 0],
							"lerp_mode": "catmullrom"
						},
						"0.625": {
							"post": [0, 2.5, 0],
							"lerp_mode": "catmullrom"
						},
						"0.75": {
							"post": [0, 69.73, 0],
							"lerp_mode": "catmullrom"
						},
						"1.0417": {
							"post": [0, 69.73, 0],
							"lerp_mode": "catmullrom"
						},
						"1.5": [0, 0, 0]
					}
				},
				"pinky_right": {
					"rotation": {
						"0.0": {
							"post": [0, 0, 0],
							"lerp_mode": "catmullrom"
						},
						"0.375": {
							"post": [0, -62.5, 0],
							"lerp_mode": "catmullrom"
						},
						"0.625": {
							"post": [0, -62.5, 0],
							"lerp_mode": "catmullrom"
						},
						"0.75": {
							"post": [0, 9.24, 0],
							"lerp_mode": "catmullrom"
						},
						"1.0417": {
							"post": [0, 9.24, 0],
							"lerp_mode": "catmullrom"
						},
						"1.5": [0, 0, 0]
					}
				},
				"Rpinky_right": {
					"rotation": {
						"0.0": [0, 0, 0],
						"0.75": [0, 60, 0],
						"1.0417": [0, 60, 0]
					}
				},
				"shoulder_left": {
					"rotation": {
						"0.0": {
							"post": [0, 0, 0],
							"lerp_mode": "catmullrom"
						},
						"0.375": {
							"post": [-60.5225, 111.50559, 71.33008],
							"lerp_mode": "catmullrom"
						},
						"0.625": {
							"post": [-60.5225, 111.50559, 71.33008],
							"lerp_mode": "catmullrom"
						},
						"0.75": {
							"post": [-71.15754, 28.90419, 75.29225],
							"lerp_mode": "catmullrom"
						},
						"1.0417": {
							"post": [-71.15754, 28.90419, 75.29225],
							"lerp_mode": "catmullrom"
						},
						"1.5": [0, 0, 0]
					}
				},
				"bicep_left": {
					"rotation": {
						"0.0": {
							"post": [0, 0, 0],
							"lerp_mode": "catmullrom"
						},
						"0.375": {
							"post": [-17.36402, 21.71077, 10.13189],
							"lerp_mode": "catmullrom"
						},
						"0.625": {
							"post": [-17.36402, 21.71077, 10.13189],
							"lerp_mode": "catmullrom"
						},
						"0.75": {
							"post": [-18.41514, 22.71095, 15.14233],
							"lerp_mode": "catmullrom"
						},
						"1.0417": {
							"post": [-18.41514, 22.71095, 15.14233],
							"lerp_mode": "catmullrom"
						},
						"1.5": [0, 0, 0]
					}
				},
				"forearm_left": {
					"rotation": {
						"0.0": {
							"post": [0, 0, 0],
							"lerp_mode": "catmullrom"
						},
						"0.375": {
							"post": [-165.40005, -20.8063, 123.59493],
							"lerp_mode": "catmullrom"
						},
						"0.625": {
							"post": [-165.40005, -20.8063, 123.59493],
							"lerp_mode": "catmullrom"
						},
						"0.6667": {
							"post": [-40.60535, -17.35915, -22.33906],
							"lerp_mode": "catmullrom"
						},
						"0.7083": {
							"post": [-36.84695, 16.09878, -44.63458],
							"lerp_mode": "catmullrom"
						},
						"0.75": {
							"post": [-30.23085, 72.40336, -39.37491],
							"lerp_mode": "catmullrom"
						},
						"1.0417": {
							"post": [-30.23085, 72.40336, -39.37491],
							"lerp_mode": "catmullrom"
						},
						"1.5": [0, 0, 0]
					},
					"position": {
						"0.0": {
							"post": [0, 0, 0],
							"lerp_mode": "catmullrom"
						},
						"0.375": {
							"post": [1, -1, -3],
							"lerp_mode": "catmullrom"
						},
						"0.625": {
							"post": [1, -1, -3],
							"lerp_mode": "catmullrom"
						},
						"0.75": {
							"post": [-1, -2, 0],
							"lerp_mode": "catmullrom"
						},
						"1.0417": {
							"post": [-1, -2, 0],
							"lerp_mode": "catmullrom"
						},
						"1.5": [0, 0, 0]
					}
				},
				"wrist_left": {
					"rotation": {
						"0.0": {
							"post": [0, 0, 0],
							"lerp_mode": "catmullrom"
						},
						"0.375": {
							"post": [22.50041, -4.68437, -7.49336],
							"lerp_mode": "catmullrom"
						},
						"0.625": {
							"post": [22.50041, -4.68437, -7.49336],
							"lerp_mode": "catmullrom"
						},
						"0.75": {
							"post": [96.898, -2.81022, 8.96797],
							"lerp_mode": "catmullrom"
						},
						"1.0417": {
							"post": [96.898, -2.81022, 8.96797],
							"lerp_mode": "catmullrom"
						},
						"1.5": [0, 0, 0]
					},
					"position": {
						"0.0": {
							"post": [0, 0, 0],
							"lerp_mode": "catmullrom"
						},
						"0.75": {
							"post": [0, 1, 0],
							"lerp_mode": "catmullrom"
						},
						"1.0417": {
							"post": [0, 1, 0],
							"lerp_mode": "catmullrom"
						},
						"1.5": [0, 0, 0]
					}
				},
				"hand_left": {
					"rotation": {
						"0.0": {
							"post": [0, 0, 0],
							"lerp_mode": "catmullrom"
						},
						"0.375": {
							"post": [-35, 0, 0],
							"lerp_mode": "catmullrom"
						},
						"0.625": {
							"post": [-35, 0, 0],
							"lerp_mode": "catmullrom"
						},
						"0.75": {
							"post": [-35.03536, 37.49986, 0.11167],
							"lerp_mode": "catmullrom"
						},
						"1.0417": {
							"post": [-35.03536, 37.49986, 0.11167],
							"lerp_mode": "catmullrom"
						},
						"1.5": [0, 0, 0]
					}
				},
				"thumb_left": {
					"rotation": {
						"0.375": [-17.5, 0, 0],
						"0.625": [-17.5, 0, 0]
					}
				},
				"thumbleft2": {
					"rotation": {
						"0.375": [65, 0, 0],
						"0.625": [65, 0, 0]
					}
				},
				"index_left": {
					"rotation": {
						"0.375": [0, -72.5, 0],
						"0.625": [0, -72.5, 0]
					}
				},
				"indexleft2": {
					"rotation": {
						"0.375": [0, -92.5, 0],
						"0.625": [0, -92.5, 0]
					}
				},
				"middle_left": {
					"rotation": {
						"0.375": [0, -87.5, 0],
						"0.625": [0, -87.5, 0]
					}
				},
				"midleft2": {
					"rotation": {
						"0.375": [0, -70, 0],
						"0.625": [0, -70, 0]
					}
				},
				"ring_left": {
					"rotation": {
						"0.375": [0, -80, 0],
						"0.625": [0, -80, 0]
					}
				},
				"ringleft2": {
					"rotation": {
						"0.375": [0, -67.5, 0],
						"0.625": [0, -67.5, 0]
					}
				},
				"pinky_left": {
					"rotation": {
						"0.375": [0, -82.5, 0],
						"0.625": [0, -82.5, 0]
					}
				},
				"pinkleft2": {
					"rotation": {
						"0.375": [0, -75, 0],
						"0.625": [0, -75, 0]
					}
				},
				"head": {
					"rotation": {
						"0.0": {
							"post": [0, 0, 0],
							"lerp_mode": "catmullrom"
						},
						"0.375": {
							"post": [0, -35, 0],
							"lerp_mode": "catmullrom"
						},
						"0.625": {
							"post": [0, -35, 0],
							"lerp_mode": "catmullrom"
						},
						"0.75": {
							"post": [0, 47.5, 0],
							"lerp_mode": "catmullrom"
						},
						"1.0417": {
							"post": [0, 47.5, 0],
							"lerp_mode": "catmullrom"
						},
						"1.5": [0, 0, 0]
					}
				},
				"tail_1": {
					"rotation": {
						"0.0": {
							"post": [0, 0, 0],
							"lerp_mode": "catmullrom"
						},
						"0.5": {
							"post": [-18.84825, 11.83747, -12.17553],
							"lerp_mode": "catmullrom"
						},
						"0.8333": {
							"post": [-18.84825, 11.83747, -12.17553],
							"lerp_mode": "catmullrom"
						},
						"1.5": [0, 0, 0]
					}
				},
				"tail_3": {
					"rotation": {
						"0.0": {
							"post": [0, 0, 0],
							"lerp_mode": "catmullrom"
						},
						"0.5": {
							"post": [-6.81098, -0.54996, 3.1264],
							"lerp_mode": "catmullrom"
						},
						"0.8333": {
							"post": [-6.81098, -0.54996, 3.1264],
							"lerp_mode": "catmullrom"
						},
						"1.5": [0, 0, 0]
					}
				},
				"tail_4": {
					"rotation": {
						"0.0": {
							"post": [0, 0, 0],
							"lerp_mode": "catmullrom"
						},
						"0.5": {
							"post": [-12.5, 0, 12.5],
							"lerp_mode": "catmullrom"
						},
						"0.8333": {
							"post": [-12.5, 0, 12.5],
							"lerp_mode": "catmullrom"
						},
						"1.5": [0, 0, 0]
					}
				},
				"tail_5": {
					"rotation": {
						"0.0": {
							"post": [0, 0, 0],
							"lerp_mode": "catmullrom"
						},
						"0.5": {
							"post": [-10, 12.5, 0],
							"lerp_mode": "catmullrom"
						},
						"0.8333": {
							"post": [-10, 12.5, 0],
							"lerp_mode": "catmullrom"
						},
						"1.5": [0, 0, 0]
					}
				},
				"tail_6": {
					"rotation": {
						"0.0": [0, 0, 0],
						"1.5": [0, 0, 0]
					}
				},
				"tail_7": {
					"rotation": {
						"0.0": [0, 0, 0],
						"0.5": [-20, 0, 0],
						"1.5": [0, 0, 0]
					}
				},
				"tip_8": {
					"rotation": {
						"0.0": [0, 0, 0],
						"0.5": [-30, 0, 0],
						"1.5": [0, 0, 0]
					}
				}
			}
		},
		"animation.landorus.status": {
			"loop": true,
			"animation_length": 2.6667,
			"bones": {
				"mainthing": {
					"rotation": {
						"0.0": {
							"post": [0, 0, 0],
							"lerp_mode": "catmullrom"
						},
						"1.0": {
							"post": [17.5, 0, 0],
							"lerp_mode": "catmullrom"
						},
						"2.0": {
							"post": [17.5, 0, 0],
							"lerp_mode": "catmullrom"
						},
						"2.6667": {
							"post": [0, 0, 0],
							"lerp_mode": "catmullrom"
						}
					},
					"position": {
						"0.0": {
							"post": [0, 0, 0],
							"lerp_mode": "catmullrom"
						},
						"1.0": {
							"post": [0, 3, 0],
							"lerp_mode": "catmullrom"
						},
						"2.0": {
							"post": [0, 3, 0],
							"lerp_mode": "catmullrom"
						},
						"2.6667": {
							"post": [0, 0, 0],
							"lerp_mode": "catmullrom"
						}
					}
				},
				"shoulder_right": {
					"rotation": {
						"0.0": [0, 0, 0],
						"0.5": [3.66507, -16.73043, -0.41274],
						"1.1667": [3.66507, -16.73043, -0.41274],
						"2.0": [3.66507, -16.73043, -0.41274],
						"2.6667": [0, 0, 0]
					}
				},
				"bicep_right": {
					"rotation": {
						"0.0": [0, 0, 0],
						"0.5": [1.85847, -2.43807, -32.13772],
						"1.1667": [1.85847, -2.43807, -32.13772],
						"2.0": [1.85847, -2.43807, -32.13772],
						"2.6667": [0, 0, 0]
					}
				},
				"forearm_right": {
					"rotation": {
						"0.0": [0, 0, 0],
						"0.5": [-144.27194, -50.36074, -143.90337],
						"1.1667": [-144.27194, -50.36074, -143.90337],
						"2.0": [-144.27194, -50.36074, -143.90337],
						"2.6667": [0, 0, 0]
					}
				},
				"wrist_right": {
					"rotation": {
						"0.0": {
							"post": [0, 0, 0],
							"lerp_mode": "catmullrom"
						},
						"0.5": {
							"post": [-2.11723, 26.3768, 9.4362],
							"lerp_mode": "catmullrom"
						},
						"1.1667": {
							"post": [-2.11723, 26.3768, 9.4362],
							"lerp_mode": "catmullrom"
						},
						"2.0": {
							"post": [-2.11723, 26.3768, 9.4362],
							"lerp_mode": "catmullrom"
						},
						"2.6667": [0, 0, 0]
					}
				},
				"shoulder_left": {
					"rotation": {
						"0.0": [0, 0, 0],
						"0.5": [11.41375, 35.92332, -22.46207],
						"1.0": [11.41375, 35.92332, -22.46207],
						"1.1667": [11.41375, 35.92332, -22.46207],
						"1.5": [-5.82296, 47.54368, 17.07307],
						"2.0": [-5.82296, 47.54368, 17.07307],
						"2.6667": [0, 0, 0]
					},
					"position": {
						"0.0": [0, 0, 0],
						"1.0": [0, 0, 0],
						"1.1667": [0, 0, 0],
						"1.5": [0, 0, 2],
						"2.0": [0, 0, 2],
						"2.6667": [0, 0, 0]
					}
				},
				"bicep_left": {
					"rotation": {
						"0.0": [0, 0, 0],
						"0.5": [0.68566, -7.44904, 3.88961],
						"1.1667": [0.68566, -7.44904, 3.88961],
						"1.5": [-0.7933, 14.92015, 6.74129],
						"2.0": [-6.19379, 1.66763, 22.62878],
						"2.6667": [0, 0, 0]
					}
				},
				"forearm_left": {
					"rotation": {
						"0.0": [0, 0, 0],
						"0.5": [-48.87584, 5.21666, 25.08964],
						"0.75": [-47.6314, 7.60026, 23.6346],
						"1.0": [-48.87584, 5.21666, 25.08964],
						"1.1667": [-48.87584, 5.21666, 25.08964],
						"1.5": [-159.71709, 40.85804, 89.09628],
						"2.0": [-159.71709, 40.85804, 89.09628],
						"2.6667": [0, 0, 0]
					},
					"position": {
						"0.0": [0, 0, 0],
						"1.5": [0, 0, -2],
						"2.0": [0, 0, -2],
						"2.6667": [0, 0, 0]
					}
				},
				"wrist_left": {
					"rotation": {
						"0.0": [0, 0, 0],
						"0.5": [112.45191, -32.31309, 2.15233],
						"1.0": [112.45191, -32.31309, 2.15233],
						"1.1667": [112.45191, -32.31309, 2.15233],
						"1.5": [111.59573, -1.94047, -9.17444],
						"2.0": [113.20444, -3.85231, 35.81432],
						"2.6667": [0, 0, 0]
					},
					"position": {
						"0.0": [0, 0, 0],
						"0.5": [0, 2, 0],
						"1.1667": [0, 2, 0],
						"2.6667": [0, 0, 0]
					}
				},
				"hand_left": {
					"rotation": {
						"0.0": [0, 0, 0],
						"0.5": [-29.84797, 49.93758, 1.37935],
						"1.0": [-29.84797, 49.93758, 1.37935],
						"1.1667": [-29.84797, 49.93758, 1.37935],
						"1.5": [-29.78809, 20.06312, -1.39479],
						"2.6667": [0, 0, 0]
					}
				},
				"thumbleft2": {
					"rotation": {
						"0.0": {
							"post": [0, 0, 0],
							"lerp_mode": "catmullrom"
						},
						"0.5": {
							"post": [95, 0, 0],
							"lerp_mode": "catmullrom"
						},
						"1.1667": {
							"post": [95, 0, 0],
							"lerp_mode": "catmullrom"
						},
						"2.0": {
							"post": [95, 0, 0],
							"lerp_mode": "catmullrom"
						},
						"2.6667": [0, 0, 0]
					}
				},
				"middle_left": {
					"rotation": {
						"0.0": {
							"post": [0, 0, 0],
							"lerp_mode": "catmullrom"
						},
						"0.5": {
							"post": [0, -82.5, 0],
							"lerp_mode": "catmullrom"
						},
						"1.1667": {
							"post": [0, -82.5, 0],
							"lerp_mode": "catmullrom"
						},
						"2.0": {
							"post": [0, -82.5, 0],
							"lerp_mode": "catmullrom"
						},
						"2.6667": [0, 0, 0]
					}
				},
				"midleft2": {
					"rotation": {
						"0.0": {
							"post": [0, 0, 0],
							"lerp_mode": "catmullrom"
						},
						"0.5": {
							"post": [0, -70, 0],
							"lerp_mode": "catmullrom"
						},
						"1.1667": {
							"post": [0, -70, 0],
							"lerp_mode": "catmullrom"
						},
						"2.0": {
							"post": [0, -70, 0],
							"lerp_mode": "catmullrom"
						},
						"2.6667": [0, 0, 0]
					}
				},
				"ring_left": {
					"rotation": {
						"0.0": {
							"post": [0, 0, 0],
							"lerp_mode": "catmullrom"
						},
						"0.5": {
							"post": [0, -70, 0],
							"lerp_mode": "catmullrom"
						},
						"1.1667": {
							"post": [0, -70, 0],
							"lerp_mode": "catmullrom"
						},
						"2.0": {
							"post": [0, -70, 0],
							"lerp_mode": "catmullrom"
						},
						"2.6667": [0, 0, 0]
					}
				},
				"ringleft2": {
					"rotation": {
						"0.0": {
							"post": [0, 0, 0],
							"lerp_mode": "catmullrom"
						},
						"0.5": {
							"post": [0, -100, 0],
							"lerp_mode": "catmullrom"
						},
						"1.1667": {
							"post": [0, -100, 0],
							"lerp_mode": "catmullrom"
						},
						"2.0": {
							"post": [0, -100, 0],
							"lerp_mode": "catmullrom"
						},
						"2.6667": [0, 0, 0]
					}
				},
				"pinky_left": {
					"rotation": {
						"0.0": {
							"post": [0, 0, 0],
							"lerp_mode": "catmullrom"
						},
						"0.5": {
							"post": [0, -82.5, 0],
							"lerp_mode": "catmullrom"
						},
						"1.1667": {
							"post": [0, -82.5, 0],
							"lerp_mode": "catmullrom"
						},
						"2.0": {
							"post": [0, -82.5, 0],
							"lerp_mode": "catmullrom"
						},
						"2.6667": [0, 0, 0]
					}
				},
				"pinkleft2": {
					"rotation": {
						"0.0": {
							"post": [0, 0, 0],
							"lerp_mode": "catmullrom"
						},
						"0.5": {
							"post": [0, -75, 0],
							"lerp_mode": "catmullrom"
						},
						"1.1667": {
							"post": [0, -75, 0],
							"lerp_mode": "catmullrom"
						},
						"2.0": {
							"post": [0, -75, 0],
							"lerp_mode": "catmullrom"
						},
						"2.6667": [0, 0, 0]
					}
				},
				"head": {
					"rotation": {
						"0.0": {
							"post": [0, 0, 0],
							"lerp_mode": "catmullrom"
						},
						"1.1667": {
							"post": [0, 0, 0],
							"lerp_mode": "catmullrom"
						},
						"1.5": [-20.28592, -52.30155, 25.03987],
						"2.0": [-20.28592, -52.30155, 25.03987],
						"2.6667": [0, 0, 0]
					},
					"position": {
						"0.0": {
							"post": [0, 0, 0],
							"lerp_mode": "catmullrom"
						},
						"1.1667": {
							"post": [0, 0, 0],
							"lerp_mode": "catmullrom"
						},
						"1.5": [0, -1, 0],
						"2.0": [0, -1, 0],
						"2.6667": [0, 0, 0]
					}
				},
				"tail_1": {
					"rotation": {
						"0.0": {
							"post": [0, 0, 0],
							"lerp_mode": "catmullrom"
						},
						"0.5": {
							"post": [-18.84825, 11.83747, -12.17553],
							"lerp_mode": "catmullrom"
						},
						"2.0": {
							"post": [-18.84825, 11.83747, -12.17553],
							"lerp_mode": "catmullrom"
						},
						"2.6667": {
							"post": [0, 0, 0],
							"lerp_mode": "catmullrom"
						}
					}
				},
				"tail_3": {
					"rotation": {
						"0.0": {
							"post": [0, 0, 0],
							"lerp_mode": "catmullrom"
						},
						"0.5": {
							"post": [-6.81098, -0.54996, 3.1264],
							"lerp_mode": "catmullrom"
						},
						"2.0": {
							"post": [-6.81098, -0.54996, 3.1264],
							"lerp_mode": "catmullrom"
						},
						"2.6667": {
							"post": [0, 0, 0],
							"lerp_mode": "catmullrom"
						}
					}
				},
				"tail_4": {
					"rotation": {
						"0.0": {
							"post": [0, 0, 0],
							"lerp_mode": "catmullrom"
						},
						"0.5": {
							"post": [-12.5, 0, 12.5],
							"lerp_mode": "catmullrom"
						},
						"2.0": {
							"post": [-12.5, 0, 12.5],
							"lerp_mode": "catmullrom"
						},
						"2.6667": {
							"post": [0, 0, 0],
							"lerp_mode": "catmullrom"
						}
					}
				},
				"tail_5": {
					"rotation": {
						"0.0": {
							"post": [0, 0, 0],
							"lerp_mode": "catmullrom"
						},
						"0.5": {
							"post": [-10, 12.5, 0],
							"lerp_mode": "catmullrom"
						},
						"2.0": {
							"post": [-10, 12.5, 0],
							"lerp_mode": "catmullrom"
						},
						"2.6667": {
							"post": [0, 0, 0],
							"lerp_mode": "catmullrom"
						}
					}
				},
				"tail_6": {
					"rotation": {
						"0.0": [0, 0, 0],
						"2.6667": [0, 0, 0]
					}
				},
				"tail_7": {
					"rotation": {
						"0.0": [0, 0, 0],
						"0.5": [-20, 0, 0],
						"2.6667": [0, 0, 0]
					}
				},
				"tip_8": {
					"rotation": {
						"0.0": [0, 0, 0],
						"0.5": [-30, 0, 0],
						"2.6667": [0, 0, 0]
					}
				}
			}
		},
		"animation.landorus.special_attack": {
			"animation_length": 2.5,
			"bones": {
				"mainthing": {
					"rotation": {
						"0.0": {
							"post": [0, 0, 0],
							"lerp_mode": "catmullrom"
						},
						"0.75": {
							"post": [17.5, 0, 0],
							"lerp_mode": "catmullrom"
						},
						"1.0": {
							"post": [-15, 0, 0],
							"lerp_mode": "catmullrom"
						},
						"2.5": {
							"post": [0, 0, 0],
							"lerp_mode": "catmullrom"
						}
					},
					"position": {
						"0.0": {
							"post": [0, 0, 0],
							"lerp_mode": "catmullrom"
						},
						"0.75": {
							"post": [0, 30, 0],
							"lerp_mode": "catmullrom"
						},
						"1.5417": {
							"post": [0, 30, 0],
							"lerp_mode": "catmullrom"
						},
						"2.5": {
							"post": [0, 0, 0],
							"lerp_mode": "catmullrom"
						}
					}
				},
				"upperbody": {
					"rotation": {
						"0.0": {
							"post": [0, 0, 0],
							"lerp_mode": "catmullrom"
						},
						"0.75": {
							"post": [0, 17.5, 0],
							"lerp_mode": "catmullrom"
						},
						"0.9167": {
							"post": [0, -15, 0],
							"lerp_mode": "catmullrom"
						},
						"1.25": {
							"post": [0, -15, 0],
							"lerp_mode": "catmullrom"
						},
						"2.5": {
							"post": [0, 0, 0],
							"lerp_mode": "catmullrom"
						}
					}
				},
				"torso": {
					"rotation": {
						"0.0": {
							"post": [0, 0, 0],
							"lerp_mode": "catmullrom"
						},
						"0.75": {
							"post": [0, 20, 0],
							"lerp_mode": "catmullrom"
						},
						"0.9167": {
							"post": [0, -20, 0],
							"lerp_mode": "catmullrom"
						},
						"1.25": {
							"post": [0, -20, 0],
							"lerp_mode": "catmullrom"
						},
						"2.5": {
							"post": [0, 0, 0],
							"lerp_mode": "catmullrom"
						}
					}
				},
				"shoulder_right": {
					"rotation": {
						"0.0": {
							"post": [0, 0, 0],
							"lerp_mode": "catmullrom"
						},
						"0.75": {
							"post": [-27.04578, -5.7878, -45.85396],
							"lerp_mode": "catmullrom"
						},
						"0.9167": {
							"post": [3.75662, -45.0473, -24.24284],
							"lerp_mode": "catmullrom"
						},
						"1.25": {
							"post": [3.75662, -45.0473, -24.24284],
							"lerp_mode": "catmullrom"
						},
						"2.5": {
							"post": [0, 0, 0],
							"lerp_mode": "catmullrom"
						}
					}
				},
				"bicep_right": {
					"rotation": {
						"0.0": {
							"post": [0, 0, 0],
							"lerp_mode": "catmullrom"
						},
						"0.75": {
							"post": [-9.68826, -16.18481, -57.94102],
							"lerp_mode": "catmullrom"
						},
						"0.9167": {
							"post": [-5.89379, -12.00199, -30.49633],
							"lerp_mode": "catmullrom"
						},
						"1.25": {
							"post": [-5.89379, -12.00199, -30.49633],
							"lerp_mode": "catmullrom"
						},
						"2.5": {
							"post": [0, 0, 0],
							"lerp_mode": "catmullrom"
						}
					}
				},
				"forearm_right": {
					"rotation": {
						"0.0": {
							"post": [0, 0, 0],
							"lerp_mode": "catmullrom"
						},
						"0.2917": {
							"post": [-178.36016, -7.76708, -181.99503],
							"lerp_mode": "catmullrom"
						},
						"0.75": {
							"post": [-137.31772, -77.67383, -140.25249],
							"lerp_mode": "catmullrom"
						},
						"0.9167": {
							"post": [-137.04862, -44.93934, -143.79396],
							"lerp_mode": "catmullrom"
						},
						"1.25": {
							"post": [-137.04862, -44.93934, -143.79396],
							"lerp_mode": "catmullrom"
						},
						"2.5": {
							"post": [0, 0, 0],
							"lerp_mode": "catmullrom"
						}
					},
					"position": {
						"0.0": {
							"post": [0, 0, 0],
							"lerp_mode": "catmullrom"
						},
						"0.75": {
							"post": [0, 0, 1],
							"lerp_mode": "catmullrom"
						},
						"2.5": {
							"post": [0, 0, 0],
							"lerp_mode": "catmullrom"
						}
					}
				},
				"wrist_right": {
					"rotation": {
						"0.0": {
							"post": [0, 0, 0],
							"lerp_mode": "catmullrom"
						},
						"0.75": {
							"post": [6.62672, -3.00141, -45.07426],
							"lerp_mode": "catmullrom"
						},
						"0.9167": {
							"post": [-0.59857, 31.8655, 21.88793],
							"lerp_mode": "catmullrom"
						},
						"1.25": {
							"post": [-0.59857, 31.8655, 21.88793],
							"lerp_mode": "catmullrom"
						},
						"2.5": {
							"post": [0, 0, 0],
							"lerp_mode": "catmullrom"
						}
					}
				},
				"hand_right": {
					"rotation": {
						"0.0": {
							"post": [0, 0, 0],
							"lerp_mode": "catmullrom"
						},
						"0.75": {
							"post": [0, -32.5, 0],
							"lerp_mode": "catmullrom"
						},
						"0.9167": {
							"post": [0, -7.5, 0],
							"lerp_mode": "catmullrom"
						},
						"1.25": {
							"post": [0, -7.5, 0],
							"lerp_mode": "catmullrom"
						},
						"2.5": {
							"post": [0, 0, 0],
							"lerp_mode": "catmullrom"
						}
					}
				},
				"index_right": {
					"rotation": {
						"0.0": {
							"post": [0, 0, 0],
							"lerp_mode": "catmullrom"
						},
						"0.75": {
							"post": [0, -47.5, 0],
							"lerp_mode": "catmullrom"
						},
						"1.25": {
							"post": [0, -47.5, 0],
							"lerp_mode": "catmullrom"
						},
						"2.5": {
							"post": [0, 0, 0],
							"lerp_mode": "catmullrom"
						}
					}
				},
				"middle_right": {
					"rotation": {
						"0.0": {
							"post": [0, 0, 0],
							"lerp_mode": "catmullrom"
						},
						"0.75": {
							"post": [0, -20, 0],
							"lerp_mode": "catmullrom"
						},
						"1.25": {
							"post": [0, -20, 0],
							"lerp_mode": "catmullrom"
						},
						"2.5": {
							"post": [0, 0, 0],
							"lerp_mode": "catmullrom"
						}
					}
				},
				"ring_right": {
					"rotation": {
						"0.0": {
							"post": [0, 0, 0],
							"lerp_mode": "catmullrom"
						},
						"0.75": {
							"post": [0, -27.5, 0],
							"lerp_mode": "catmullrom"
						},
						"1.25": {
							"post": [0, -27.5, 0],
							"lerp_mode": "catmullrom"
						},
						"2.5": {
							"post": [0, 0, 0],
							"lerp_mode": "catmullrom"
						}
					}
				},
				"pinky_right": {
					"rotation": {
						"0.0": {
							"post": [0, 0, 0],
							"lerp_mode": "catmullrom"
						},
						"0.75": {
							"post": [0, -27.5, 0],
							"lerp_mode": "catmullrom"
						},
						"1.25": {
							"post": [0, -27.5, 0],
							"lerp_mode": "catmullrom"
						},
						"2.5": {
							"post": [0, 0, 0],
							"lerp_mode": "catmullrom"
						}
					}
				},
				"shoulder_left": {
					"rotation": {
						"0.0": {
							"post": [0, 0, 0],
							"lerp_mode": "catmullrom"
						},
						"0.75": {
							"post": [-58.395, 99.67957, 50.37232],
							"lerp_mode": "catmullrom"
						},
						"0.9167": {
							"post": [-72.95317, -0.97263, 96.13048],
							"lerp_mode": "catmullrom"
						},
						"1.25": {
							"post": [-72.95317, -0.97263, 96.13048],
							"lerp_mode": "catmullrom"
						},
						"2.5": {
							"post": [0, 0, 0],
							"lerp_mode": "catmullrom"
						}
					}
				},
				"bicep_left": {
					"rotation": {
						"0.0": {
							"post": [0, 0, 0],
							"lerp_mode": "catmullrom"
						},
						"0.75": {
							"post": [0, 17.5, 0],
							"lerp_mode": "catmullrom"
						},
						"0.9167": {
							"post": [-15.26684, 13.37341, 40.3758],
							"lerp_mode": "catmullrom"
						},
						"1.25": {
							"post": [-15.26684, 13.37341, 40.3758],
							"lerp_mode": "catmullrom"
						},
						"2.5": {
							"post": [0, 0, 0],
							"lerp_mode": "catmullrom"
						}
					}
				},
				"forearm_left": {
					"rotation": {
						"0.0": {
							"post": [0, 0, 0],
							"lerp_mode": "catmullrom"
						},
						"0.75": {
							"post": [-33.82896, 45.17121, -31.24996],
							"lerp_mode": "catmullrom"
						},
						"0.9167": {
							"post": [-39.07132, 46.68744, -15.43728],
							"lerp_mode": "catmullrom"
						},
						"1.25": {
							"post": [-39.07132, 46.68744, -15.43728],
							"lerp_mode": "catmullrom"
						},
						"2.5": {
							"post": [0, 0, 0],
							"lerp_mode": "catmullrom"
						}
					},
					"position": {
						"0.0": {
							"post": [0, 0, 0],
							"lerp_mode": "catmullrom"
						},
						"0.75": {
							"post": [0, -2, 0],
							"lerp_mode": "catmullrom"
						},
						"2.5": {
							"post": [0, 0, 0],
							"lerp_mode": "catmullrom"
						}
					}
				},
				"wrist_left": {
					"rotation": {
						"0.0": {
							"post": [0, 0, 0],
							"lerp_mode": "catmullrom"
						},
						"0.75": {
							"post": [0.61994, -22.00329, -12.07232],
							"lerp_mode": "catmullrom"
						},
						"2.5": {
							"post": [0, 0, 0],
							"lerp_mode": "catmullrom"
						}
					}
				},
				"hand_left": {
					"rotation": {
						"0.0": {
							"post": [0, 0, 0],
							"lerp_mode": "catmullrom"
						},
						"0.75": {
							"post": [-12.5, 27.5, 0],
							"lerp_mode": "catmullrom"
						},
						"2.5": {
							"post": [0, 0, 0],
							"lerp_mode": "catmullrom"
						}
					}
				},
				"head": {
					"rotation": {
						"0.0": {
							"post": [0, 0, 0],
							"lerp_mode": "catmullrom"
						},
						"0.75": {
							"post": [0, -30, 0],
							"lerp_mode": "catmullrom"
						},
						"0.9167": {
							"post": [17.5, 22.5, 0],
							"lerp_mode": "catmullrom"
						},
						"1.25": {
							"post": [17.5, 22.5, 0],
							"lerp_mode": "catmullrom"
						},
						"2.5": {
							"post": [0, 0, 0],
							"lerp_mode": "catmullrom"
						}
					}
				},
				"tail_1": {
					"rotation": {
						"0.0": {
							"post": [0, 0, 0],
							"lerp_mode": "catmullrom"
						},
						"0.75": {
							"post": [0, 0, -90],
							"lerp_mode": "catmullrom"
						},
						"0.9167": {
							"post": [-12.5, 0, -90],
							"lerp_mode": "catmullrom"
						},
						"1.125": {
							"post": [-8.27166, -16.24478, -47.08751],
							"lerp_mode": "catmullrom"
						},
						"2.5": {
							"post": [0, 0, 0],
							"lerp_mode": "catmullrom"
						}
					}
				},
				"tail_2": {
					"rotation": {
						"0.0": {
							"post": [0, 0, 0],
							"lerp_mode": "catmullrom"
						},
						"0.75": {
							"post": [-12.01, 10.58608, -10.01879],
							"lerp_mode": "catmullrom"
						},
						"0.9167": {
							"post": [1.54016, -28.50824, -1.26387],
							"lerp_mode": "catmullrom"
						},
						"1.125": {
							"post": [1.54016, -28.50824, -1.26387],
							"lerp_mode": "catmullrom"
						},
						"2.5": {
							"post": [0, 0, 0],
							"lerp_mode": "catmullrom"
						}
					}
				},
				"tail_3": {
					"rotation": {
						"0.0": {
							"post": [0, 0, 0],
							"lerp_mode": "catmullrom"
						},
						"0.75": {
							"post": [-15, 0, 0],
							"lerp_mode": "catmullrom"
						},
						"0.9167": {
							"post": [1.89625, -19.49119, -10.5248],
							"lerp_mode": "catmullrom"
						},
						"1.125": {
							"post": [1.89625, -19.49119, -10.5248],
							"lerp_mode": "catmullrom"
						},
						"2.5": {
							"post": [0, 0, 0],
							"lerp_mode": "catmullrom"
						}
					}
				},
				"tail_4": {
					"rotation": {
						"0.0": {
							"post": [0, 0, 0],
							"lerp_mode": "catmullrom"
						},
						"0.75": {
							"post": [-30.21362, 6.49053, -3.76613],
							"lerp_mode": "catmullrom"
						},
						"0.9167": {
							"post": [-3.80155, -5.49882, -12.50527],
							"lerp_mode": "catmullrom"
						},
						"1.125": {
							"post": [-3.80155, -5.49882, -12.50527],
							"lerp_mode": "catmullrom"
						},
						"2.5": {
							"post": [0, 0, 0],
							"lerp_mode": "catmullrom"
						}
					}
				},
				"tail_5": {
					"rotation": {
						"0.0": {
							"post": [0, 0, 0],
							"lerp_mode": "catmullrom"
						},
						"0.75": {
							"post": [-26.78135, 20.29348, -9.92926],
							"lerp_mode": "catmullrom"
						},
						"0.9167": {
							"post": [-1.48685, 16.5773, -1.81147],
							"lerp_mode": "catmullrom"
						},
						"1.125": {
							"post": [-1.48685, 16.5773, -1.81147],
							"lerp_mode": "catmullrom"
						},
						"2.5": {
							"post": [0, 0, 0],
							"lerp_mode": "catmullrom"
						}
					}
				},
				"tail_6": {
					"rotation": {
						"0.0": {
							"post": [0, 0, 0],
							"lerp_mode": "catmullrom"
						},
						"0.75": {
							"post": [-3.38852, 16.41371, -6.15491],
							"lerp_mode": "catmullrom"
						},
						"0.9167": {
							"post": [-45.61607, -20.35421, -13.66426],
							"lerp_mode": "catmullrom"
						},
						"1.125": {
							"post": [-27.38832, 20.98479, -11.19225],
							"lerp_mode": "catmullrom"
						},
						"2.5": {
							"post": [0, 0, 0],
							"lerp_mode": "catmullrom"
						}
					}
				},
				"tail_7": {
					"rotation": {
						"0.0": {
							"post": [0, 0, 0],
							"lerp_mode": "catmullrom"
						},
						"0.75": {
							"post": [-22.57734, -4.61854, 1.91757],
							"lerp_mode": "catmullrom"
						},
						"0.9167": {
							"post": [3.47698, 1.16776, 49.20183],
							"lerp_mode": "catmullrom"
						},
						"1.125": {
							"post": [-4.02302, 1.16776, 49.20183],
							"lerp_mode": "catmullrom"
						},
						"2.5": {
							"post": [0, 0, 0],
							"lerp_mode": "catmullrom"
						}
					}
				},
				"tip_8": {
					"rotation": {
						"0.0": {
							"post": [0, 0, 0],
							"lerp_mode": "catmullrom"
						},
						"0.9167": {
							"post": [30, 0, 0],
							"lerp_mode": "catmullrom"
						},
						"1.25": {
							"post": [5, 0, 0],
							"lerp_mode": "catmullrom"
						},
						"2.5": {
							"post": [0, 0, 0],
							"lerp_mode": "catmullrom"
						}
					}
				}
			}
		},
		"animation.landorus.quirk": {
			"animation_length": 4,
			"bones": {
				"mainthing": {
					"position": {
						"0.0": {
							"post": [0, 0, 0],
							"lerp_mode": "catmullrom"
						},
						"0.5": {
							"post": [0, 2, 0],
							"lerp_mode": "catmullrom"
						},
						"1.0": {
							"post": [0, 2, 0],
							"lerp_mode": "catmullrom"
						},
						"1.5": {
							"post": [0, 2, 0],
							"lerp_mode": "catmullrom"
						},
						"2.0": {
							"post": [0, 2, 0],
							"lerp_mode": "catmullrom"
						},
						"3.5": {
							"post": [0, 0, 0],
							"lerp_mode": "catmullrom"
						}
					}
				},
				"upperbody": {
					"rotation": {
						"0.0": {
							"post": [0, 0, 0],
							"lerp_mode": "catmullrom"
						},
						"1.0": {
							"post": [0, 0, 0],
							"lerp_mode": "catmullrom"
						},
						"1.5": {
							"post": [0, -37.5, 0],
							"lerp_mode": "catmullrom"
						},
						"2.0": {
							"post": [0, -37.5, 0],
							"lerp_mode": "catmullrom"
						},
						"2.5": {
							"post": [20, -2.5, 0],
							"lerp_mode": "catmullrom"
						},
						"3.0": {
							"post": [20, -2.5, 0],
							"lerp_mode": "catmullrom"
						},
						"3.5": {
							"post": [0, 0, 0],
							"lerp_mode": "catmullrom"
						}
					},
					"position": {
						"0.0": {
							"post": [0, 0, 0],
							"lerp_mode": "catmullrom"
						},
						"2.5": {
							"post": [0, 0, -1],
							"lerp_mode": "catmullrom"
						},
						"3.0": {
							"post": [0, 0, -1],
							"lerp_mode": "catmullrom"
						},
						"3.5": {
							"post": [0, 0, 0],
							"lerp_mode": "catmullrom"
						}
					}
				},
				"torso": {
					"rotation": {
						"0.0": {
							"post": [0, 0, 0],
							"lerp_mode": "catmullrom"
						},
						"0.5": {
							"post": [-12.5, 0, 0],
							"lerp_mode": "catmullrom"
						},
						"1.0": {
							"post": [-12.5, 0, 0],
							"lerp_mode": "catmullrom"
						},
						"1.5": {
							"post": [0, -17.5, 0],
							"lerp_mode": "catmullrom"
						},
						"2.0": {
							"post": [0, -17.5, 0],
							"lerp_mode": "catmullrom"
						},
						"2.5": {
							"post": [0, 0.19, 0],
							"lerp_mode": "catmullrom"
						},
						"3.0": {
							"post": [0, 0.19, 0],
							"lerp_mode": "catmullrom"
						},
						"3.5": {
							"post": [0, 0, 0],
							"lerp_mode": "catmullrom"
						}
					},
					"position": {
						"0.0": {
							"post": [0, 0, 0],
							"lerp_mode": "catmullrom"
						},
						"0.5": {
							"post": [0, -1, 0],
							"lerp_mode": "catmullrom"
						},
						"1.0": {
							"post": [0, -1, 0],
							"lerp_mode": "catmullrom"
						},
						"1.5": {
							"post": [0, -1, 0],
							"lerp_mode": "catmullrom"
						},
						"2.0": {
							"post": [0, -1, 0],
							"lerp_mode": "catmullrom"
						},
						"3.5": {
							"post": [0, 0, 0],
							"lerp_mode": "catmullrom"
						}
					}
				},
				"arm_right": {
					"rotation": {
						"0.0": [0, 0, 0],
						"0.5": [16.98216, -14.98328, -49.74943],
						"1.0": [16.98216, -14.98328, -49.74943],
						"1.5": [16.98216, -14.98328, -49.74943],
						"2.0": [16.98216, -14.98328, -49.74943],
						"3.0": [16.98216, -14.98328, -49.74943],
						"3.5": [0, 0, 0]
					}
				},
				"shoulder_right": {
					"rotation": {
						"0.0": [0, 0, 0],
						"0.5": [-54.60195, -27.28302, -8.26959],
						"1.0": [-54.60195, -27.28302, -8.26959],
						"1.5": [64.91351, -17.06891, 125.75116],
						"2.0": [64.91351, -17.06891, 125.75116],
						"2.5": [27.10317, -12.2373, 80.65881],
						"3.0": [27.10317, -12.2373, 80.65881],
						"3.5": [0, 0, 0]
					},
					"position": {
						"0.0": [0, 0, 0],
						"0.5": [0, -1, -1],
						"1.0": [0, -1, -1],
						"1.5": [0, -1, -1],
						"2.0": [0, -1, -1],
						"2.5": [1, -0.67, -0.67],
						"3.0": [1, -0.67, -0.67],
						"3.5": [0, 0, 0]
					}
				},
				"bicep_right": {
					"rotation": {
						"0.0": [0, 0, 0],
						"0.5": [-96.04711, -21.46111, -42.46794],
						"1.0": [-96.04711, -21.46111, -42.46794],
						"1.5": [-95.62546, 6.13406, -43.21978],
						"2.0": [-95.62546, 6.13406, -43.21978],
						"2.5": [-89.79087, -22.03727, -29.21028],
						"3.0": [-89.79087, -22.03727, -29.21028],
						"3.5": [0, 0, 0]
					},
					"position": {
						"0.0": [0, 0, 0],
						"0.5": [0, -1, 0],
						"1.0": [0, -1, 0],
						"1.5": [0, -1, -1],
						"2.0": [0, -1, -1],
						"2.5": [0, 0.33, -0.67],
						"3.0": [0, 0.33, -0.67],
						"3.5": [0, 0, 0]
					}
				},
				"forearm_right": {
					"rotation": {
						"0.0": [0, 0, 0],
						"0.5": [-24.58534, -17.84677, 51.17054],
						"1.0": [-24.58534, -17.84677, 51.17054],
						"1.5": [-59.33406, -109.33522, -94.81321],
						"2.0": [-59.33406, -109.33522, -94.81321],
						"2.5": [-67.92997, -80.14271, -80.43778],
						"3.0": [-67.92997, -80.14271, -80.43778],
						"3.5": [0, 0, 0]
					},
					"position": {
						"0.0": [0, 0, 0],
						"0.5": [0, -1, 0],
						"1.0": [0, -1, 0],
						"1.5": [0, 0.25, 1],
						"2.0": [0, 0.25, 1],
						"3.5": [0, 0, 0]
					}
				},
				"wrist_right": {
					"rotation": {
						"0.0": [0, 0, 0],
						"0.5": [8.2345, 11.75167, 15.72207],
						"1.0": [8.2345, 11.75167, 15.72207],
						"1.5": [58.96489, 13.34342, 0.78851],
						"2.0": [58.96489, 13.34342, 0.78851],
						"2.5": [6.78366, 16.37501, 1.08222],
						"3.0": [6.78366, 16.37501, 1.08222],
						"3.5": [0, 0, 0]
					}
				},
				"hand_right": {
					"rotation": {
						"0.0": [0, 0, 0],
						"0.5": [0, 17.5, 0],
						"1.0": [0, 17.5, 0],
						"1.5": [0, 12.5, 0],
						"2.0": [0, 12.5, 0],
						"3.5": [0, 0, 0]
					}
				},
				"thumb_right": {
					"rotation": {
						"0.0": [0, 0, 0],
						"0.5": [17.67066, 8.0592, -18.32028],
						"1.0": [17.67066, 8.0592, -18.32028],
						"1.5": [17.67066, 8.0592, -18.32028],
						"2.0": [17.67066, 8.0592, -18.32028],
						"2.5": [17.67066, 8.0592, -18.32028],
						"3.0": [17.67066, 8.0592, -18.32028],
						"3.5": [0, 0, 0]
					}
				},
				"rthumb_tip": {
					"rotation": {
						"0.0": [0, 0, 0],
						"0.5": [22.5, 0, 0],
						"1.0": [22.5, 0, 0],
						"1.5": [22.5, 0, 0],
						"2.0": [22.5, 0, 0],
						"2.5": [22.5, 0, 0],
						"3.0": [22.5, 0, 0],
						"3.5": [0, 0, 0]
					}
				},
				"index_right": {
					"rotation": {
						"0.0": [0, 0, 0],
						"0.5": [0, 5, 0],
						"1.0": [0, 5, 0],
						"1.5": [0, -35, 0],
						"2.0": [0, -35, 0],
						"2.5": [0, 5, 0],
						"3.0": [0, 5, 0],
						"3.5": [0, 0, 0]
					}
				},
				"Rindex_tip": {
					"rotation": {
						"0.0": [0, 0, 0],
						"0.5": [0, 65, 0],
						"1.0": [0, 65, 0],
						"1.5": [0, 25, 0],
						"2.0": [0, 25, 0],
						"2.5": [0, 65, 0],
						"3.0": [0, 65, 0],
						"3.5": [0, 0, 0]
					}
				},
				"middle_right": {
					"rotation": {
						"0.0": [0, 0, 0],
						"0.5": [0, 12.5, 0],
						"1.0": [0, 12.5, 0],
						"1.5": [0, -27.5, 0],
						"2.0": [0, -27.5, 0],
						"2.5": [0, 12.5, 0],
						"3.0": [0, 12.5, 0],
						"3.5": [0, 0, 0]
					}
				},
				"Rmiddle_tip": {
					"rotation": {
						"0.0": [0, 0, 0],
						"0.5": [21.32038, 75.73781, 15.29151],
						"1.0": [21.32038, 75.73781, 15.29151],
						"1.5": [5.247, 11.63029, -4.3677],
						"2.0": [5.247, 11.63029, -4.3677],
						"2.5": [21.32038, 75.73781, 15.29151],
						"3.0": [21.32038, 75.73781, 15.29151],
						"3.5": [0, 0, 0]
					},
					"position": {
						"0.0": [0, 0, 0],
						"1.5": [0, 0, 0],
						"2.0": [0, 0, 0],
						"3.5": [0, 0, 0]
					}
				},
				"ring_right": {
					"rotation": {
						"0.0": [0, 0, 0],
						"0.5": [0, 17.5, 0],
						"1.0": [0, 17.5, 0],
						"1.5": [0, -30, 0],
						"2.0": [0, -30, 0],
						"2.5": [0, 17.5, 0],
						"3.0": [0, 17.5, 0],
						"3.5": [0, 0, 0]
					}
				},
				"Rring_tip": {
					"rotation": {
						"0.0": [0, 0, 0],
						"0.5": [0, 40, 0],
						"1.0": [0, 40, 0],
						"1.5": [0, 22.5, 0],
						"2.0": [0, 22.5, 0],
						"2.5": [0, 40, 0],
						"3.0": [0, 40, 0],
						"3.5": [0, 0, 0]
					}
				},
				"pinky_right": {
					"rotation": {
						"0.0": [0, 0, 0],
						"0.5": [0, 15, 0],
						"1.0": [0, 15, 0],
						"1.5": [0, -30, 0],
						"2.0": [0, -30, 0],
						"2.5": [0, 15, 0],
						"3.0": [0, 15, 0],
						"3.5": [0, 0, 0]
					}
				},
				"Rpinky_right": {
					"rotation": {
						"0.0": [0, 0, 0],
						"0.5": [0, 60, 0],
						"1.0": [0, 60, 0],
						"1.5": [0, 15, 0],
						"2.0": [0, 15, 0],
						"2.5": [0, 60, 0],
						"3.0": [0, 60, 0],
						"3.5": [0, 0, 0]
					}
				},
				"shoulder_left": {
					"rotation": {
						"0.0": [0, 0, 0],
						"0.5": [-66.6483, 59.90389, 70],
						"1.0": [-66.6483, 59.90389, 70],
						"1.5": [26.70193, 67.06169, -17.42234],
						"2.0": [26.70193, 67.06169, -17.42234],
						"2.5": [-16.24493, 19.51236, 7.81181],
						"3.0": [-16.24493, 19.51236, 7.81181],
						"3.5": [0, 0, 0]
					},
					"position": {
						"0.0": [0, 0, 0],
						"0.5": [-1, -0.5, 0.3],
						"1.0": [-1, -0.5, 0.3],
						"1.5": [-1, -0.5, 0.3],
						"2.0": [-1, -0.5, 0.3],
						"2.5": [-0.67, -0.33, -0.8],
						"3.0": [-0.67, -0.33, -0.8],
						"3.5": [0, 0, 0]
					}
				},
				"bicep_left": {
					"rotation": {
						"0.0": [0, 0, 0],
						"0.5": [-98.09261, 38.92299, 7.48756],
						"1.0": [-98.09261, 38.92299, 7.48756],
						"1.5": [-96.19221, 39.235, 30.06451],
						"2.0": [-96.19221, 39.235, 30.06451],
						"2.5": [-95.6383, 31.832, 17.53096],
						"3.0": [-95.6383, 31.832, 17.53096],
						"3.5": [0, 0, 0]
					},
					"position": {
						"0.0": [0, 0, 0],
						"0.5": [0, -1, 0],
						"1.0": [0, -1, 0],
						"1.5": [0, -1, 0],
						"2.0": [0, -1, 0],
						"2.5": [0, -1, 0],
						"3.0": [0, -1, 0],
						"3.5": [0, 0, 0]
					}
				},
				"forearm_left": {
					"rotation": {
						"0.0": [0, 0, 0],
						"0.5": [141.3281, -14.50625, -205.5538],
						"1.0": [141.3281, -14.50625, -205.5538],
						"1.5": [-22.35183, -14.94305, -41.6244],
						"2.0": [-22.35183, -14.94305, -41.6244],
						"2.5": [54.28556, 74.44633, -83.91033],
						"3.0": [54.28556, 74.44633, -83.91033],
						"3.5": [0, 0, 0]
					},
					"position": {
						"0.0": [0, 0, 0],
						"0.5": [0, -1, -2],
						"1.0": [0, -1, -2],
						"1.5": [0, -1, -2],
						"2.0": [0, -1, -2],
						"2.5": [0, -1, 0],
						"3.0": [0, -1, 0],
						"3.5": [0, 0, 0]
					}
				},
				"hand_left": {
					"rotation": {
						"0.0": [0, 0, 0],
						"0.5": [-6.64972, 35.95586, 12.57822],
						"1.0": [-6.64972, 35.95586, 12.57822],
						"1.5": [-12.5, 42.5, 0],
						"2.0": [-12.5, 42.5, 0],
						"3.0": [-12.5, 42.5, 0],
						"3.5": [0, 0, 0]
					}
				},
				"thumb_left": {
					"rotation": {
						"0.0": [0, 0, 0],
						"0.5": [-17.5, 0, 0],
						"1.0": [-17.5, 0, 0],
						"1.5": [-17.5, 0, 0],
						"2.0": [-17.5, 0, 0],
						"2.5": [-17.5, 0, 0],
						"3.0": [-17.5, 0, 0],
						"3.5": [0, 0, 0]
					}
				},
				"thumbleft2": {
					"rotation": {
						"0.0": [0, 0, 0],
						"0.5": [65, 0, 0],
						"1.0": [65, 0, 0],
						"1.5": [65, 0, 0],
						"2.0": [65, 0, 0],
						"2.5": [65, 0, 0],
						"3.0": [65, 0, 0],
						"3.5": [0, 0, 0]
					}
				},
				"index_left": {
					"rotation": {
						"0.0": [0, 0, 0],
						"0.5": [0, -72.5, 0],
						"1.0": [0, -72.5, 0],
						"1.5": [0, -72.5, 0],
						"2.0": [0, -72.5, 0],
						"2.5": [0, -72.5, 0],
						"3.0": [0, -72.5, 0],
						"3.5": [0, 0, 0]
					}
				},
				"indexleft2": {
					"rotation": {
						"0.0": [0, 0, 0],
						"0.5": [0, -92.5, 0],
						"1.0": [0, -92.5, 0],
						"1.5": [0, -92.5, 0],
						"2.0": [0, -92.5, 0],
						"2.5": [0, -92.5, 0],
						"3.0": [0, -92.5, 0],
						"3.5": [0, 0, 0]
					}
				},
				"middle_left": {
					"rotation": {
						"0.0": [0, 0, 0],
						"0.5": [0, -87.5, 0],
						"1.0": [0, -87.5, 0],
						"1.5": [0, -87.5, 0],
						"2.0": [0, -87.5, 0],
						"2.5": [0, -87.5, 0],
						"3.0": [0, -87.5, 0],
						"3.5": [0, 0, 0]
					}
				},
				"midleft2": {
					"rotation": {
						"0.0": [0, 0, 0],
						"0.5": [0, -70, 0],
						"1.0": [0, -70, 0],
						"1.5": [0, -70, 0],
						"2.0": [0, -70, 0],
						"2.5": [0, -70, 0],
						"3.0": [0, -70, 0],
						"3.5": [0, 0, 0]
					}
				},
				"ring_left": {
					"rotation": {
						"0.0": [0, 0, 0],
						"0.5": [0, -80, 0],
						"1.0": [0, -80, 0],
						"1.5": [0, -80, 0],
						"2.0": [0, -80, 0],
						"2.5": [0, -80, 0],
						"3.0": [0, -80, 0],
						"3.5": [0, 0, 0]
					}
				},
				"ringleft2": {
					"rotation": {
						"0.0": [0, 0, 0],
						"0.5": [0, -67.5, 0],
						"1.0": [0, -67.5, 0],
						"1.5": [0, -67.5, 0],
						"2.0": [0, -67.5, 0],
						"2.5": [0, -67.5, 0],
						"3.0": [0, -67.5, 0],
						"3.5": [0, 0, 0]
					}
				},
				"pinky_left": {
					"rotation": {
						"0.0": [0, 0, 0],
						"0.5": [0, -82.5, 0],
						"1.0": [0, -82.5, 0],
						"1.5": [0, -82.5, 0],
						"2.0": [0, -82.5, 0],
						"2.5": [0, -82.5, 0],
						"3.0": [0, -82.5, 0],
						"3.5": [0, 0, 0]
					}
				},
				"pinkleft2": {
					"rotation": {
						"0.0": [0, 0, 0],
						"0.5": [0, -75, 0],
						"1.0": [0, -75, 0],
						"1.5": [0, -75, 0],
						"2.0": [0, -75, 0],
						"2.5": [0, -75, 0],
						"3.0": [0, -75, 0],
						"3.5": [0, 0, 0]
					}
				},
				"head": {
					"rotation": {
						"0.0": {
							"post": [5, 0, 0],
							"lerp_mode": "catmullrom"
						},
						"0.5": {
							"post": [-12.5, 0, 0],
							"lerp_mode": "catmullrom"
						},
						"0.75": {
							"post": [-2.5, 0, 0],
							"lerp_mode": "catmullrom"
						},
						"1.0": {
							"post": [-12.5, 0, 0],
							"lerp_mode": "catmullrom"
						},
						"1.5": {
							"post": [11.00966, 24.59477, 4.62934],
							"lerp_mode": "catmullrom"
						},
						"2.0": {
							"post": [11.00966, 24.59477, 4.62934],
							"lerp_mode": "catmullrom"
						},
						"2.5": {
							"post": [-18.39322, 1.99781, 2.04869],
							"lerp_mode": "catmullrom"
						},
						"2.5833": {
							"post": [-22.86553, 0.71324, 1.92306],
							"lerp_mode": "catmullrom"
						},
						"2.6667": {
							"post": [-18.39322, 1.99781, 2.04869],
							"lerp_mode": "catmullrom"
						},
						"2.75": {
							"post": [-18.39322, 1.99781, 2.04869],
							"lerp_mode": "catmullrom"
						},
						"2.8333": {
							"post": [-22.86553, 0.71324, 1.92306],
							"lerp_mode": "catmullrom"
						},
						"2.9167": {
							"post": [-18.39322, 1.99781, 2.04869],
							"lerp_mode": "catmullrom"
						},
						"3.0": {
							"post": [-18.39322, 1.99781, 2.04869],
							"lerp_mode": "catmullrom"
						},
						"3.5": [5, 0, 0]
					},
					"position": {
						"0.0": {
							"post": [0, 0, 0],
							"lerp_mode": "catmullrom"
						},
						"2.0": {
							"post": [0, 0, 0],
							"lerp_mode": "catmullrom"
						},
						"2.5": {
							"post": [0, -1, 0],
							"lerp_mode": "catmullrom"
						},
						"3.0": {
							"post": [0, -1, 0],
							"lerp_mode": "catmullrom"
						},
						"3.5": [0, 0, 0]
					}
				},
				"tail_1": {
					"rotation": {
						"0.0": {
							"post": [0, 0, 0],
							"lerp_mode": "catmullrom"
						},
						"0.5": {
							"post": [-18.84825, 11.83747, -12.17553],
							"lerp_mode": "catmullrom"
						},
						"3.0": {
							"post": [-18.84825, 11.83747, -12.17553],
							"lerp_mode": "catmullrom"
						},
						"3.5": {
							"post": [0, 0, 0],
							"lerp_mode": "catmullrom"
						}
					}
				},
				"tail_3": {
					"rotation": {
						"0.0": {
							"post": [0, 0, 0],
							"lerp_mode": "catmullrom"
						},
						"0.5": {
							"post": [-6.81098, -0.54996, 3.1264],
							"lerp_mode": "catmullrom"
						},
						"3.0": {
							"post": [-6.81098, -0.54996, 3.1264],
							"lerp_mode": "catmullrom"
						},
						"3.5": {
							"post": [0, 0, 0],
							"lerp_mode": "catmullrom"
						}
					}
				},
				"tail_4": {
					"rotation": {
						"0.0": {
							"post": [0, 0, 0],
							"lerp_mode": "catmullrom"
						},
						"0.5": {
							"post": [-12.5, 0, 12.5],
							"lerp_mode": "catmullrom"
						},
						"3.0": {
							"post": [-12.5, 0, 12.5],
							"lerp_mode": "catmullrom"
						},
						"3.5": {
							"post": [0, 0, 0],
							"lerp_mode": "catmullrom"
						}
					}
				},
				"tail_5": {
					"rotation": {
						"0.0": {
							"post": [0, 0, 0],
							"lerp_mode": "catmullrom"
						},
						"0.5": {
							"post": [-10, 12.5, 0],
							"lerp_mode": "catmullrom"
						},
						"3.0": {
							"post": [-10, 12.5, 0],
							"lerp_mode": "catmullrom"
						},
						"3.5": {
							"post": [0, 0, 0],
							"lerp_mode": "catmullrom"
						}
					}
				},
				"tail_6": {
					"rotation": {
						"0.0": [0, 0, 0],
						"3.5": [0, 0, 0]
					}
				},
				"tail_7": {
					"rotation": {
						"0.0": [0, 0, 0],
						"0.5": [-20, 0, 0],
						"3.5": [0, 0, 0]
					}
				},
				"tip_8": {
					"rotation": {
						"0.0": [0, 0, 0],
						"0.5": [-30, 0, 0],
						"3.5": [0, 0, 0]
					}
				}
			}
		}
	}
}