{
	"format_version": "1.8.0",
	"animations": {
		"animation.snorunt.cry": {
			"animation_length": 1,
			"bones": {
				"body": {
					"position": {
						"0.0": [0, 0, 0],
						"0.0833": ["0+0.05*(math.sin(q.anim_time*3600)*0.5)", "0+0.1*(math.sin(q.anim_time*3600)*0.5)", "0+0.05*(math.sin(q.anim_time*3600)*0.5)"],
						"0.5": ["0+0.05*(math.sin(q.anim_time*3600)*0.5)", "0+0.1*(math.sin(q.anim_time*3600)*0.5)", "0+0.05*(math.sin(q.anim_time*3600)*0.5)"],
						"1.0": [0, 0, 0]
					}
				},
				"eye_right": {
					"rotation": [0, 0, 15]
				},
				"eye_left": {
					"rotation": [0, 0, -15]
				},
				"mouth_closed": {
					"position": {
						"0.0": [0, 0, 0],
						"0.0417": {
							"pre": [0, 0, 0],
							"post": [0, 0, 1]
						},
						"0.1667": {
							"pre": [0, 0, 1],
							"post": [0, 0, 1]
						},
						"0.2083": {
							"pre": [0, 0, 1],
							"post": [0, 0, 0]
						},
						"0.3333": {
							"pre": [0, 0, 0],
							"post": [0, 0, 0]
						},
						"0.375": {
							"pre": [0, 0, 0],
							"post": [0, 0, 1]
						},
						"0.5": {
							"pre": [0, 0, 1],
							"post": [0, 0, 1]
						},
						"0.5417": {
							"pre": [0, 0, 1],
							"post": [0, 0, 0]
						}
					}
				},
				"mouth_open": {
					"position": {
						"0.0": [0, 0, 0],
						"0.0417": {
							"pre": [0, 0, 0],
							"post": [0, 0, -1]
						},
						"0.1667": {
							"pre": [0, 0, -1],
							"post": [0, 0, -1]
						},
						"0.2083": {
							"pre": [0, 0, -1],
							"post": [0, 0, 0]
						},
						"0.3333": {
							"pre": [0, 0, 0],
							"post": [0, 0, 0]
						},
						"0.375": {
							"pre": [0, 0, 0],
							"post": [0, 0, -1]
						},
						"0.5": {
							"pre": [0, 0, -1],
							"post": [0, 0, -1]
						},
						"0.5417": {
							"pre": [0, 0, -1],
							"post": [0, 0, 0]
						}
					}
				}
			}
		},
		"animation.snorunt.faint": {
			"animation_length": 3,
			"bones": {
				"body": {
					"rotation": {
						"0.0": {
							"post": [0, 0, 0],
							"lerp_mode": "catmullrom"
						},
						"0.4583": {
							"post": [-2.86, 0, 0],
							"lerp_mode": "catmullrom"
						},
						"0.8333": {
							"post": [33.83, 0, 0],
							"lerp_mode": "catmullrom"
						},
						"0.9167": {
							"post": [44.5, 0, 0],
							"lerp_mode": "catmullrom"
						},
						"1.0": {
							"post": [57.67, 0, 0],
							"lerp_mode": "catmullrom"
						},
						"1.1667": {
							"post": [90, 0, 0],
							"lerp_mode": "catmullrom"
						},
						"2.0": {
							"post": [90, 0, 0],
							"lerp_mode": "catmullrom"
						},
						"3.0": {
							"post": [90, 0, 0],
							"lerp_mode": "catmullrom"
						}
					},
					"position": {
						"0.0": {
							"post": [0, 0, 0],
							"lerp_mode": "catmullrom"
						},
						"0.4583": {
							"post": [0, 2.05, -1.79],
							"lerp_mode": "catmullrom"
						},
						"0.8333": {
							"post": [0, -1.2, -3.23],
							"lerp_mode": "catmullrom"
						},
						"0.9167": {
							"post": [0, 0.45, -3.6],
							"lerp_mode": "catmullrom"
						},
						"1.0": {
							"post": [0, -0.82, -4.47],
							"lerp_mode": "catmullrom"
						},
						"1.0833": {
							"post": [0, -2.66, -4.48],
							"lerp_mode": "catmullrom"
						},
						"1.1667": {
							"post": [0, -4.5, -4.5],
							"lerp_mode": "catmullrom"
						},
						"1.25": {
							"post": [0, -4.3, -4.5],
							"lerp_mode": "catmullrom"
						},
						"1.3333": {
							"post": [0, -4.6, -4.5],
							"lerp_mode": "catmullrom"
						},
						"2.0": {
							"post": [0, -4.6, -4.5],
							"lerp_mode": "catmullrom"
						},
						"3.0": {
							"post": [0, -4.6, -4.5],
							"lerp_mode": "catmullrom"
						}
					}
				},
				"eyelid_right": {
					"position": {
						"0.0": [0, 0, 0],
						"0.875": [0, 0, 0],
						"0.9583": [0, 0, -1]
					}
				},
				"eyelid_left": {
					"position": {
						"0.0": [0, 0, 0],
						"0.875": [0, 0, 0],
						"0.9583": [0, 0, -1]
					}
				},
				"hand_left": {
					"position": {
						"0.0": [0, 0, 0],
						"0.5417": [0.25, 1, 0]
					}
				},
				"hand_right": {
					"position": {
						"0.0": [0, -1.5, 0],
						"0.5417": [-0.25, -0.5, 0]
					}
				},
				"cloak_front_left": {
					"rotation": {
						"0.0": [0, 0, 0],
						"0.5417": [0, 0, 12.5]
					}
				},
				"cloak_front_right": {
					"rotation": {
						"0.0": [0, 0, 0],
						"0.5417": [0, 0, -12.5]
					}
				},
				"foot_right": {
					"rotation": {
						"0.0": [0, 0, 0],
						"0.4583": [24.75, 0, 0],
						"0.5833": [17.5, 0, 0],
						"0.7917": [35, 0, 0],
						"1.0": [77.5, 0, 0],
						"1.1667": [100, 0, 0],
						"1.3333": [87.5, 0, 0]
					},
					"position": {
						"0.0": [0, 0, 0],
						"0.4583": [0, 1.91, -0.5],
						"0.5833": [0, 1.3, 0],
						"0.7917": [0, 2.5, -0.6],
						"1.0": [0, 4.1, -0.6],
						"1.1667": [0, 5.6, -2.1],
						"1.25": [0, 6, -2.1],
						"1.3333": [0, 5.6, -2.1]
					}
				},
				"foot_left": {
					"rotation": {
						"0.0": [0, 0, 0],
						"0.4583": [24.75, 0, 0],
						"0.5833": [17.5, 0, 0],
						"0.7917": [35, 0, 0],
						"1.0": [77.5, 0, 0],
						"1.1667": [100, 0, 0],
						"1.3333": [87.5, 0, 0]
					},
					"position": {
						"0.0": [0, 0, 0],
						"0.4583": [0, 1.91, -0.5],
						"0.5833": [0, 1.3, 0],
						"0.7917": [0, 2.5, -0.6],
						"1.0": [0, 4.1, -0.6],
						"1.1667": [0, 5.6, -2.1],
						"1.25": [0, 6, -2.1],
						"1.3333": [0, 5.6, -2.1]
					}
				},
				"eye_right": {
					"rotation": {
						"0.0": [0, 0, 0],
						"0.375": [0, 0, -17.5]
					}
				},
				"eye_left": {
					"rotation": {
						"0.0": [0, 0, 0],
						"0.375": [0, 0, 17.5]
					}
				}
			}
		},
		"animation.snorunt.battle_idle": {
			"loop": true,
			"bones": {
				"body": {
					"rotation": ["0-1*(math.sin(q.anim_time*360+40)*1)", "0+3*(math.sin(q.anim_time*3600)*0.5)", "0+3*(math.sin(q.anim_time*180+40)*1)"],
					"position": [0, "0+0.3*(math.sin(q.anim_time*360)*0.5)", 0]
				},
				"hand_left": {
					"rotation": [0, 0, -15],
					"position": ["0+0.2*(math.sin(q.anim_time*360)*0.5)", "0+0.2*(math.sin(q.anim_time*360)*0.5)", 0]
				},
				"hand_right": {
					"rotation": [0, 0, 12.5],
					"position": ["0-0.2*(math.sin(q.anim_time*360)*0.5)", "-1+0.3*(math.sin(q.anim_time*360)*0.5)", 0.025]
				},
				"cloak": {
					"rotation": ["2.5-1*(math.sin(q.anim_time*360+40)*1)", 0, 0]
				},
				"foot_right": {
					"rotation": ["3+3*(math.sin(q.anim_time*360+40)*1)", 0, 0],
					"position": [0, "0.3+0.3*(math.sin(q.anim_time*360+40)*1)", "0-0.2*(math.sin(q.anim_time*360+40)*1)"]
				},
				"foot_left": {
					"rotation": ["3+3*(math.sin(q.anim_time*360+40)*1)", 0, 0],
					"position": [0, "0.3+0.3*(math.sin(q.anim_time*360+40)*1)", "0-0.2*(math.sin(q.anim_time*360+40)*1)"]
				},
				"cloak_front_left": {
					"rotation": [0, "0-2*(math.sin(q.anim_time*180)*0.5)", "0+3*(math.sin(q.anim_time*360)*0.5)"]
				},
				"cloak_front_right": {
					"rotation": [0, "0+2*(math.sin(q.anim_time*180)*0.5)", "0-3*(math.sin(q.anim_time*360)*0.5)"]
				},
				"eye_right": {
					"rotation": [0, 0, 25]
				},
				"eye_left": {
					"rotation": [0, 0, -25]
				}
			}
		},
		"animation.snorunt.ground_idle": {
			"loop": true,
			"animation_length": 2,
			"bones": {
				"body": {
					"rotation": ["0-1*(math.sin(q.anim_time*360+40)*1)", 0, "0+3*(math.sin(q.anim_time*180+40)*1)"],
					"position": [0, "0+0.3*(math.sin(q.anim_time*360)*0.5)", 0]
				},
				"hand_left": {
					"rotation": [0, 0, -15],
					"position": ["0+0.2*(math.sin(q.anim_time*360)*0.5)", "0+0.2*(math.sin(q.anim_time*360)*0.5)", 0]
				},
				"hand_right": {
					"rotation": [0, 0, 12.5],
					"position": ["0-0.2*(math.sin(q.anim_time*360)*0.5)", "-1+0.2*(math.sin(q.anim_time*360)*0.5)", 0.025]
				},
				"cloak": {
					"rotation": ["2.5-1*(math.sin(q.anim_time*360+40)*1)", 0, 0]
				},
				"foot_right": {
					"rotation": ["3+3*(math.sin(q.anim_time*360+40)*1)", 0, 0],
					"position": [0, "0.3+0.3*(math.sin(q.anim_time*360+40)*1)", "0-0.2*(math.sin(q.anim_time*360+40)*1)"]
				},
				"foot_left": {
					"rotation": ["3+3*(math.sin(q.anim_time*360+40)*1)", 0, 0],
					"position": [0, "0.3+0.3*(math.sin(q.anim_time*360+40)*1)", "0-0.2*(math.sin(q.anim_time*360+40)*1)"]
				},
				"cloak_front_left": {
					"rotation": [0, "0-2*(math.sin(q.anim_time*180)*0.5)", "0+3*(math.sin(q.anim_time*360)*0.5)"]
				},
				"cloak_front_right": {
					"rotation": [0, "0+2*(math.sin(q.anim_time*180)*0.5)", "0-3*(math.sin(q.anim_time*360)*0.5)"]
				}
			}
		},
		"animation.snorunt.ground_walk": {
			"loop": true,
			"animation_length": 2,
			"bones": {
				"body": {
					"rotation": [
						"0-1*(math.sin(q.anim_time*360+40)*1)",
						"0+0.3*(math.sin(q.anim_time*360)*0.5)+3*(math.sin(q.anim_time*3600)*0.5)",
						"0+3*(math.sin(q.anim_time*180+40)*1)"
					],
					"position": [0, "0+0.3*(math.sin(q.anim_time*360)*0.5)+0.1*(math.sin(q.anim_time*3600)*0.5)", 0]
				},
				"hand_left": {
					"rotation": [-0.00976, 0.11162, -9.99938],
					"position": ["0+0.05*(math.sin(q.anim_time*360)*0.5)", "0+0.2*(math.sin(q.anim_time*360)*0.5)", 0]
				},
				"hand_right": {
					"rotation": [-0.0055, -0.0839, 7.49953],
					"position": ["0-0.05*(math.sin(q.anim_time*360)*0.5)", "-1+0.2*(math.sin(q.anim_time*360)*0.5)", 0.025]
				},
				"cloak_front_left": {
					"rotation": [0, "0-2*(math.sin(q.anim_time*180)*0.5)", "0+3*(math.sin(q.anim_time*360)*0.5)"]
				},
				"cloak_front_right": {
					"rotation": [0, "0+2*(math.sin(q.anim_time*180)*0.5)", "0-3*(math.sin(q.anim_time*360)*0.5)"]
				},
				"foot_right": {
					"rotation": {
						"0.0": [5, 0, 0],
						"0.1667": [4.59465, 0, 0],
						"0.2083": [4.30407, 0, 0],
						"0.25": [3.88388, 0, 0],
						"0.2917": [3.28095, 0, 0],
						"0.3333": [2.42996, 0, 0],
						"0.375": [1.36898, 0, 0],
						"0.4167": [0.46995, 0, 0],
						"0.4583": [0, 0, 0],
						"0.75": {
							"pre": [0, 0, 0],
							"post": [0, 0, 0],
							"lerp_mode": "catmullrom"
						},
						"1.4583": {
							"post": [2, 0, 0],
							"lerp_mode": "catmullrom"
						},
						"1.5417": [2, 0, 0],
						"1.5833": [2.2253, 0, 0],
						"1.6667": [3.43176, 0, 0],
						"1.7083": [3.91239, 0, 0],
						"2.0": [5, 0, 0]
					},
					"position": {
						"0.0": [0, 1, 0],
						"0.0417": [0, 0.99573, -0.22438],
						"0.0833": [0, 0.98178, -0.43672],
						"0.125": [0, 0.95583, -0.6257],
						"0.1667": [0, 0.91472, -0.77681],
						"0.2083": [0, 0.85374, -0.88056],
						"0.25": [0, 0.76598, -0.94133],
						"0.2917": [0, 0.64144, -0.97271],
						"0.3333": [0, 0.47036, -0.98745],
						"0.375": [0, 0.26839, -0.99384],
						"0.4167": [0, 0.1055, -0.99655],
						"0.4583": [0, 0.02221, -0.99814],
						"0.5": [0, 0, -1],
						"0.5417": [-0.00015, -0.00021, -0.98878],
						"0.5833": [-0.00049, -0.00065, -0.95318],
						"0.625": [-0.00093, -0.0012, -0.89654],
						"0.6667": [-0.00145, -0.0018, -0.82189],
						"0.7083": [-0.002, -0.00243, -0.73202],
						"0.75": [-0.00257, -0.00306, -0.62943],
						"1.0417": [-0.00623, -0.00661, 0.26134],
						"1.1667": [-0.00699, -0.007, 0.6247],
						"1.2083": [-0.007, -0.00683, 0.72825],
						"1.25": [-0.00683, -0.00645, 0.81914],
						"1.2917": [-0.00639, -0.00578, 0.89477],
						"1.3333": [-0.00555, -0.0047, 0.95231],
						"1.375": [-0.00395, -0.00298, 0.98854],
						"1.4167": [0, 0, 1],
						"1.4583": [0.00441, 0.02752, 0.99815],
						"1.5": [0.00612, 0.10428, 0.99662],
						"1.5417": [0.00685, 0.22359, 0.99427],
						"1.625": [0.00682, 0.5033, 0.97955],
						"1.6667": [0.00636, 0.62635, 0.96141],
						"1.7083": [0.00572, 0.72898, 0.93053],
						"1.75": [0.00494, 0.81147, 0.88154],
						"1.7917": [0.00407, 0.87586, 0.80875],
						"1.8333": [0.00313, 0.92452, 0.70728],
						"1.875": [0.00217, 0.95954, 0.57436],
						"1.9167": [0.00124, 0.98282, 0.41009],
						"1.9583": [0.00043, 0.99588, 0.21723],
						"2.0": [0, 1, 0]
					}
				},
				"foot_left": {
					"rotation": {
						"0.0": {
							"post": [0.64, 0, 0],
							"lerp_mode": "catmullrom"
						},
						"0.4583": {
							"post": [2, 0, 0],
							"lerp_mode": "catmullrom"
						},
						"0.5417": [2, 0, 0],
						"0.5833": [2.2253, 0, 0],
						"0.6667": [3.43176, 0, 0],
						"0.7083": [3.91239, 0, 0],
						"1.0": [5, 0, 0],
						"1.1667": [4.59465, 0, 0],
						"1.2083": [4.30407, 0, 0],
						"1.25": [3.88388, 0, 0],
						"1.2917": [3.28095, 0, 0],
						"1.3333": [2.42996, 0, 0],
						"1.375": [1.36898, 0, 0],
						"1.4167": [0.46995, 0, 0],
						"1.4583": [0, 0, 0],
						"1.75": {
							"pre": [0, 0, 0],
							"post": [0, 0, 0],
							"lerp_mode": "catmullrom"
						},
						"2.0": {
							"post": [0.64, 0, 0],
							"lerp_mode": "catmullrom"
						}
					},
					"position": {
						"0.0": [0.01, -0.01, 0.13],
						"0.0417": [-0.00123, 0.00049, 0.2878],
						"0.0833": [-0.00589, 0.00462, 0.4757],
						"0.125": [-0.00723, 0.00515, 0.64444],
						"0.1667": [-0.0066, 0.00372, 0.77132],
						"0.2083": [-0.00477, 0.0014, 0.86067],
						"0.25": [-0.00229, -0.00103, 0.92176],
						"0.2917": [0.00035, -0.00291, 0.96187],
						"0.3333": [0.00257, -0.0037, 0.98611],
						"0.4167": [0, 0, 1],
						"0.4583": [-0.00496, 0.02752, 0.99815],
						"0.5": [-0.00668, 0.10428, 0.99662],
						"0.5417": [-0.00701, 0.22359, 0.99427],
						"0.625": [-0.0059, 0.5033, 0.97955],
						"0.6667": [-0.00499, 0.62635, 0.96141],
						"0.7083": [-0.00403, 0.72898, 0.93053],
						"0.75": [-0.00308, 0.81147, 0.88154],
						"0.7917": [-0.00221, 0.87586, 0.80875],
						"0.8333": [-0.00146, 0.92452, 0.70728],
						"0.875": [-0.00084, 0.95954, 0.57436],
						"0.9167": [-0.00038, 0.98282, 0.41009],
						"0.9583": [-0.0001, 0.99588, 0.21723],
						"1.0": [0, 1, 0],
						"1.0417": [0, 0.99573, -0.22438],
						"1.0833": [0, 0.98178, -0.43672],
						"1.125": [0, 0.95583, -0.6257],
						"1.1667": [0, 0.91472, -0.77681],
						"1.2083": [0, 0.85374, -0.88056],
						"1.25": [0, 0.76598, -0.94133],
						"1.2917": [0, 0.64144, -0.97271],
						"1.3333": [0, 0.47036, -0.98745],
						"1.375": [0, 0.26839, -0.99384],
						"1.4167": [0, 0.1055, -0.99655],
						"1.4583": [0, 0.02221, -0.99814],
						"1.5": [0, 0, -1],
						"1.5417": [0.00059, -0.00078, -0.99631],
						"1.5833": [0.00225, -0.00279, -0.97983],
						"1.625": [0.00482, -0.00566, -0.94915],
						"1.6667": [0.00814, -0.00905, -0.90259],
						"1.7083": [0.01197, -0.0127, -0.83828],
						"1.75": [0.01604, -0.01633, -0.7542],
						"1.7917": [0.02001, -0.01965, -0.6484],
						"1.8333": [0.0234, -0.02229, -0.51947],
						"1.875": [0.02556, -0.02379, -0.36778],
						"1.9583": [0.02137, -0.01982, -0.02352],
						"2.0": [0.01, -0.01, 0.13]
					}
				}
			}
		},
		"animation.snorunt.ground_run": {
			"loop": true,
			"animation_length": 1,
			"bones": {
				"body": {
					"rotation": [
						"14.9919-1*(math.sin(q.anim_time*720+40)*1)",
						"-0.4989+0.3*(math.sin(q.anim_time*720)*0.5)+0.1*(math.sin(q.anim_time*3600)*0.5)",
						"-0.0657+3*(math.sin(q.anim_time*720+40)*1)"
					],
					"position": [0, "0+0.2*(math.sin(q.anim_time*1440)*0.5)", -2]
				},
				"hand_left": {
					"rotation": [-0.00976, 0.11162, -9.99938],
					"position": ["0+0.05*(math.sin(q.anim_time*720)*0.5)", "0+0.4*(math.sin(q.anim_time*720)*0.5)", 0]
				},
				"hand_right": {
					"rotation": [-0.0055, -0.0839, 7.49953],
					"position": ["0-0.05*(math.sin(q.anim_time*720)*0.5)", "-1+0.4*(math.sin(q.anim_time*720)*0.5)", 0.025]
				},
				"cloak_front_left": {
					"rotation": [0, "0-2*(math.sin(q.anim_time*360)*0.5)", "0+3*(math.sin(q.anim_time*720)*0.5)"]
				},
				"cloak_front_right": {
					"rotation": [0, "0+2*(math.sin(q.anim_time*360)*0.5)", "0-3*(math.sin(q.anim_time*720)*0.5)"]
				},
				"foot_right": {
					"rotation": {
						"0.0": {
							"post": [0, 0, 0],
							"lerp_mode": "catmullrom"
						},
						"0.0417": {
							"post": [0, 0, 0],
							"lerp_mode": "catmullrom"
						},
						"0.1667": {
							"post": [27.5, 0, 0],
							"lerp_mode": "catmullrom"
						},
						"0.3333": {
							"post": [10, 0, 0],
							"lerp_mode": "catmullrom"
						},
						"0.5": {
							"post": [0, 0, 0],
							"lerp_mode": "catmullrom"
						},
						"0.5417": {
							"post": [0, 0, 0],
							"lerp_mode": "catmullrom"
						},
						"0.6667": {
							"post": [27.5, 0, 0],
							"lerp_mode": "catmullrom"
						},
						"0.8333": {
							"post": [10, 0, 0],
							"lerp_mode": "catmullrom"
						},
						"1.0": {
							"post": [0, 0, 0],
							"lerp_mode": "catmullrom"
						}
					},
					"position": {
						"0.0": {
							"post": [0, 0, 0],
							"lerp_mode": "catmullrom"
						},
						"0.0417": {
							"post": [0, 0, 0],
							"lerp_mode": "catmullrom"
						},
						"0.1667": {
							"post": [0, 2, 0],
							"lerp_mode": "catmullrom"
						},
						"0.3333": {
							"post": [0, 2.5, 0],
							"lerp_mode": "catmullrom"
						},
						"0.5": {
							"post": [0, 0, 0],
							"lerp_mode": "catmullrom"
						},
						"0.5417": {
							"post": [0, 0, 0],
							"lerp_mode": "catmullrom"
						},
						"0.6667": {
							"post": [0, 2, 0],
							"lerp_mode": "catmullrom"
						},
						"0.8333": {
							"post": [0, 2.5, 0],
							"lerp_mode": "catmullrom"
						},
						"1.0": {
							"post": [0, 0, 0],
							"lerp_mode": "catmullrom"
						}
					}
				},
				"foot_left": {
					"rotation": {
						"0.0": {
							"post": [21.09, 0, 0],
							"lerp_mode": "catmullrom"
						},
						"0.0833": {
							"post": [10, 0, 0],
							"lerp_mode": "catmullrom"
						},
						"0.25": {
							"post": [0, 0, 0],
							"lerp_mode": "catmullrom"
						},
						"0.2917": {
							"post": [0, 0, 0],
							"lerp_mode": "catmullrom"
						},
						"0.4167": {
							"post": [27.5, 0, 0],
							"lerp_mode": "catmullrom"
						},
						"0.5833": {
							"post": [10, 0, 0],
							"lerp_mode": "catmullrom"
						},
						"0.75": {
							"post": [0, 0, 0],
							"lerp_mode": "catmullrom"
						},
						"0.7917": {
							"post": [0, 0, 0],
							"lerp_mode": "catmullrom"
						},
						"0.9167": {
							"post": [27.5, 0, 0],
							"lerp_mode": "catmullrom"
						},
						"1.0": {
							"post": [21.09, 0, 0],
							"lerp_mode": "catmullrom"
						}
					},
					"position": {
						"0.0": {
							"post": [0, 2.53, 0],
							"lerp_mode": "catmullrom"
						},
						"0.0833": {
							"post": [0, 2.5, 0],
							"lerp_mode": "catmullrom"
						},
						"0.25": {
							"post": [0, 0, 0],
							"lerp_mode": "catmullrom"
						},
						"0.2917": {
							"post": [0, 0, 0],
							"lerp_mode": "catmullrom"
						},
						"0.4167": {
							"post": [0, 2, 0],
							"lerp_mode": "catmullrom"
						},
						"0.5833": {
							"post": [0, 2.5, 0],
							"lerp_mode": "catmullrom"
						},
						"0.75": {
							"post": [0, 0, 0],
							"lerp_mode": "catmullrom"
						},
						"0.7917": {
							"post": [0, 0, 0],
							"lerp_mode": "catmullrom"
						},
						"0.9167": {
							"post": [0, 2, 0],
							"lerp_mode": "catmullrom"
						},
						"1.0": {
							"post": [0, 2.53, 0],
							"lerp_mode": "catmullrom"
						}
					}
				},
				"cloak": {
					"rotation": ["-4.8756-1*(math.sin(q.anim_time*1440+40)*1)", 0.00112, 0.05834]
				}
			}
		},
		"animation.snorunt.blink": {
			"animation_length": 0.16667,
			"bones": {
				"eyelid_right": {
					"position": {
						"0.0": [0, 0, -1],
						"0.125": [0, 0, -1],
						"0.1667": [0, 0, 0]
					}
				},
				"eyelid_left": {
					"position": {
						"0.0": [0, 0, -1],
						"0.125": [0, 0, -1],
						"0.1667": [0, 0, 0]
					}
				}
			}
		},
		"animation.snorunt.sleep": {
			"loop": true,
			"bones": {
				"body": {
					"rotation": ["2.5+3*(math.sin(q.anim_time*90)*0.5)", 0, "3*(math.sin(q.anim_time*45)*0.5)"]
				},
				"hand_left": {
					"rotation": [0, 0, 12.5],
					"position": [0, "0.75+0.2*(math.sin(q.anim_time*90)*0.5)", 0]
				},
				"hand_right": {
					"rotation": [0, 0, -10],
					"position": [0, "-0.5+0.2*(math.sin(q.anim_time*90)*0.5)", 0.025]
				},
				"cloak": {
					"rotation": [-2.5, 0, 0]
				},
				"cloak_front_left": {
					"rotation": [0, 0, "10+4*(math.sin(q.anim_time*90)*0.5)"]
				},
				"cloak_front_right": {
					"rotation": [0, 0, "-10-4*(math.sin(q.anim_time*90)*0.5)"]
				},
				"eyelid_right": {
					"rotation": [0, 0, 0],
					"position": [0, 0, -1]
				},
				"eyelid_left": {
					"position": [0, 0, -1]
				}
			}
		}
	}
}