{
	"format_version": "1.8.0",
	"animations": {
		"animation.miraidon.ground_idle": {
			"loop": true,
			"bones": {
				"body": {
					"position": [0, 22, 0]
				},
				"arm_right": {
					"rotation": [-107.5, 0, 0]
				},
				"arm_right2": {
					"rotation": [0, 0, -57.5]
				},
				"tail": {
					"rotation": [7.5, 0, 0]
				},
				"tail2": {
					"rotation": [-45, 0, 0],
					"position": [0, 0, -1.41421]
				},
				"tail3": {
					"rotation": [-70, 0, 0],
					"position": [0, 0.59767, -1.28171]
				},
				"tail5": {
					"rotation": [-45, 0, 0]
				},
				"tail6": {
					"rotation": [42.20835, -2.68609, 0.0305],
					"position": [0.1, -0.1, -2.15]
				},
				"tail7": {
					"rotation": [55, 0, 0],
					"position": [-0.12096, -1.51319, -2.58759]
				},
				"tail8": {
					"rotation": [52.5, 0, 0],
					"position": [-0.05675, -0.07351, -2.23414]
				},
				"tail9": {
					"rotation": [22.5, 0, 0]
				},
				"tail4": {
					"rotation": [-27.5, 0, 0],
					"position": [0, -0.03158, -0.80561]
				},
				"claws_right": {
					"rotation": [0, 0, -35]
				},
				"arm_left": {
					"rotation": [-107.5, 0, 0]
				},
				"arm_left2": {
					"rotation": [0, 0, 57.5]
				},
				"claws_left": {
					"rotation": [0, 0, 35]
				},
				"exhaust_fire_right": {
					"scale": 0
				},
				"exhaust_fire_left": {
					"scale": 0
				}
			}
		},
		"animation.miraidon.ground_walk": {
			"loop": true,
			"bones": {
				"body": {
					"rotation": [0, 0, 0],
					"position": [0, 9, 0]
				},
				"arm_right": {
					"rotation": [-104.17426, 22.06501, -20.71888]
				},
				"arm_right2": {
					"rotation": [0, 0, -142.5]
				},
				"tail": {
					"rotation": [-25, 0, 0]
				},
				"tail2": {
					"rotation": [-7.5, 0, 0],
					"position": [0, 0, -1.41421]
				},
				"tail3": {
					"rotation": [0, 0, 0],
					"position": [0, -0.39905, -1.23638]
				},
				"tail5": {
					"rotation": [0, 0, 0]
				},
				"tail6": {
					"rotation": [4.70835, -2.68609, 0.0305],
					"position": [0.1, -0.1, -2.15]
				},
				"tail7": {
					"rotation": [0, 0, 0],
					"position": [-0.03606, -0.27454, -0.94179]
				},
				"tail8": {
					"rotation": [0, 0, 0],
					"position": [-0.05675, -0.07351, -2.23414]
				},
				"tail9": {
					"rotation": [22.5, 0, 0]
				},
				"tail4": {
					"rotation": [-2.5, 0, 0],
					"position": [0, -0.03158, -0.80561]
				},
				"claws_right": {
					"rotation": [0, 0, -35]
				},
				"arm_left": {
					"rotation": [-104.17426, -22.06501, 20.71888]
				},
				"arm_left2": {
					"rotation": [0, 0, 142.5]
				},
				"claws_left": {
					"rotation": [0, 0, 35]
				},
				"neck2": {
					"rotation": [7.5, 0, 0]
				},
				"neck3": {
					"rotation": [-10, 0, 0]
				},
				"head": {
					"rotation": [-27.5, 0, 0],
					"position": [0, 0.96593, -0.25882]
				},
				"torso": {
					"rotation": [30, 0, 0]
				}
			}
		},
		"animation.miraidon.cry": {
			"animation_length": 1.9167,
			"bones": {
				"arm_left3": {
					"rotation": {
						"0.0": [0, 0, 0],
						"0.25": [0, 0, 27.5],
						"0.5": [0, 0, 0],
						"1.4583": [0, 0, 0],
						"1.9167": [0, 0, 0]
					}
				},
				"arm_right3": {
					"rotation": {
						"0.0": [0, 0, 0],
						"0.25": [0, 0, -30],
						"0.5": [0, 0, 0],
						"1.4583": [0, 0, 0],
						"1.9167": [0, 0, 0]
					}
				},
				"body": {
					"position": {
						"0.5": [0, 0, 0],
						"0.5417": [-1, 0, 0],
						"0.5833": [0, 0, 0],
						"0.625": [-1, 0, 0],
						"0.6667": [0, 0, 0],
						"0.7083": [-1, 0, 0],
						"0.75": [0, 0, 0],
						"0.7917": [-1, 0, 0],
						"0.8333": [0, 0, 0],
						"0.875": [-1, 0, 0],
						"0.9167": [0, 0, 0],
						"0.9583": [-1, 0, 0],
						"1.0": [0, 0, 0],
						"1.0417": [-1, 0, 0],
						"1.0833": [0, 0, 0],
						"1.125": [-1, 0, 0],
						"1.1667": [0, 0, 0],
						"1.2083": [-1, 0, 0],
						"1.25": [0, 0, 0],
						"1.2917": [-1, 0, 0],
						"1.3333": [0, 0, 0],
						"1.375": [-1, 0, 0],
						"1.4167": [0, 0, 0],
						"1.4583": [-1, 0, 0],
						"1.5": [0, 0, 0],
						"1.5417": [-1, 0, 0],
						"1.5833": [0, 0, 0],
						"1.625": [-1, 0, 0],
						"1.6667": [0, 0, 0],
						"1.7083": [-1, 0, 0],
						"1.75": [0, 0, 0]
					}
				},
				"arm_right": {
					"rotation": {
						"0.0": {
							"post": [0, 0, 0],
							"lerp_mode": "catmullrom"
						},
						"0.25": {
							"post": [0, -40, 0],
							"lerp_mode": "catmullrom"
						},
						"0.5": {
							"post": [-12.5, 0, 0],
							"lerp_mode": "catmullrom"
						},
						"1.4583": {
							"post": [-12.5, 0, 0],
							"lerp_mode": "catmullrom"
						},
						"1.9167": {
							"post": [0, 0, 0],
							"lerp_mode": "catmullrom"
						}
					}
				},
				"arm_left": {
					"rotation": {
						"0.0": {
							"post": [0, 0, 0],
							"lerp_mode": "catmullrom"
						},
						"0.25": {
							"post": [0, 40, 0],
							"lerp_mode": "catmullrom"
						},
						"0.5": {
							"post": [-12.5, 0, 0],
							"lerp_mode": "catmullrom"
						},
						"1.4583": {
							"post": [-12.5, 0, 0],
							"lerp_mode": "catmullrom"
						},
						"1.9167": {
							"post": [0, 0, 0],
							"lerp_mode": "catmullrom"
						}
					}
				},
				"tail": {
					"rotation": {
						"0.0": {
							"post": [0, 0, 0],
							"lerp_mode": "catmullrom"
						},
						"0.25": {
							"post": [16.2493, -13.03858, 5.76546],
							"lerp_mode": "catmullrom"
						},
						"0.5": {
							"post": [-16.2493, 13.0386, -5.7655],
							"lerp_mode": "catmullrom"
						},
						"1.5": {
							"post": [-16.2493, 13.0386, -5.7655],
							"lerp_mode": "catmullrom"
						},
						"1.9167": {
							"post": [0, 0, 0],
							"lerp_mode": "catmullrom"
						}
					}
				},
				"tail2": {
					"rotation": {
						"0.0": {
							"post": [0, 0, 0],
							"lerp_mode": "catmullrom"
						},
						"0.25": {
							"post": [1.76833, -1.76749, -0.02728],
							"lerp_mode": "catmullrom"
						},
						"1.9167": {
							"post": [0, 0, 0],
							"lerp_mode": "catmullrom"
						}
					}
				},
				"tail3": {
					"rotation": {
						"0.0": {
							"post": [0, 0, 0],
							"lerp_mode": "catmullrom"
						},
						"0.25": {
							"post": [10.72858, -10.54529, -0.99297],
							"lerp_mode": "catmullrom"
						},
						"0.5833": {
							"post": [2.47111, -1.11556, -0.07019],
							"lerp_mode": "catmullrom"
						},
						"0.75": {
							"post": [7.38873, -6.79003, -0.45748],
							"lerp_mode": "catmullrom"
						},
						"1.5833": {
							"post": [7.38873, -6.79003, -0.45748],
							"lerp_mode": "catmullrom"
						},
						"1.9167": {
							"post": [0, 0, 0],
							"lerp_mode": "catmullrom"
						}
					}
				},
				"tail4": {
					"rotation": {
						"0.0": {
							"post": [0, 0, 0],
							"lerp_mode": "catmullrom"
						},
						"0.25": {
							"post": [14.43276, -13.99545, -1.78082],
							"lerp_mode": "catmullrom"
						},
						"0.5833": {
							"post": [1.05026, 0.97762, -0.52023],
							"lerp_mode": "catmullrom"
						},
						"0.6667": {
							"post": [-3.91819, 6.6063, -0.95215],
							"lerp_mode": "catmullrom"
						},
						"1.5": {
							"post": [-3.91819, 6.6063, -0.95215],
							"lerp_mode": "catmullrom"
						},
						"1.9167": {
							"post": [0, 0, 0],
							"lerp_mode": "catmullrom"
						}
					}
				},
				"tail5": {
					"rotation": {
						"0.0": {
							"post": [0, 0, 0],
							"lerp_mode": "catmullrom"
						},
						"0.25": {
							"post": [35.26439, -30, -9.73561],
							"lerp_mode": "catmullrom"
						},
						"0.75": {
							"post": [17.26716, -14.78837, -3.65146],
							"lerp_mode": "catmullrom"
						},
						"1.5833": {
							"post": [17.26716, -14.78837, -3.65146],
							"lerp_mode": "catmullrom"
						},
						"1.9167": {
							"post": [0, 0, 0],
							"lerp_mode": "catmullrom"
						}
					}
				},
				"tail6": {
					"rotation": {
						"0.0": {
							"post": [0, 0, 0],
							"lerp_mode": "catmullrom"
						},
						"0.25": {
							"post": [40.12074, -32.79775, -12.26759],
							"lerp_mode": "catmullrom"
						},
						"0.875": {
							"post": [6.99726, -7.32884, -3.42235],
							"lerp_mode": "catmullrom"
						},
						"1.7083": {
							"post": [6.99726, -7.32884, -3.42235],
							"lerp_mode": "catmullrom"
						},
						"1.9167": {
							"post": [0, 0, 0],
							"lerp_mode": "catmullrom"
						}
					}
				},
				"chest": {
					"rotation": {
						"0.0": {
							"post": [0, 0, 0],
							"lerp_mode": "catmullrom"
						},
						"0.25": {
							"post": [27.5, 0, 0],
							"lerp_mode": "catmullrom"
						},
						"0.5": {
							"post": [-20, 0, 0],
							"lerp_mode": "catmullrom"
						},
						"1.4583": {
							"post": [-20, 0, 0],
							"lerp_mode": "catmullrom"
						},
						"1.9167": {
							"post": [0, 0, 0],
							"lerp_mode": "catmullrom"
						}
					}
				},
				"neck2": {
					"rotation": {
						"0.5": {
							"pre": [0, 0, 0],
							"post": [0, 0, 0],
							"lerp_mode": "catmullrom"
						},
						"1.4583": {
							"post": [-20, 0, 0],
							"lerp_mode": "catmullrom"
						},
						"1.9167": {
							"post": [0, 0, 0],
							"lerp_mode": "catmullrom"
						}
					}
				},
				"head": {
					"rotation": {
						"0.0": {
							"post": [0, 0, 0],
							"lerp_mode": "catmullrom"
						},
						"0.25": {
							"post": [0, 0, 0],
							"lerp_mode": "catmullrom"
						},
						"0.5": {
							"post": [-20, 0, 0],
							"lerp_mode": "catmullrom"
						},
						"1.4583": {
							"post": [-20, 0, 0],
							"lerp_mode": "catmullrom"
						},
						"1.9167": {
							"post": [0, 0, 0],
							"lerp_mode": "catmullrom"
						}
					}
				},
				"eyelid_right": {
					"position": {
						"0.0": [0, 0, 0],
						"0.2083": [0, 0, 0],
						"0.25": [-1, 1, 0],
						"0.375": [-1, 1, 0],
						"0.4167": [0, 0, 0]
					}
				},
				"eyelid_left": {
					"position": {
						"0.0": [0, 0, 0],
						"0.2083": [0, 0, 0],
						"0.25": [1, 1, 0],
						"0.375": [1, 1, 0],
						"0.4167": [0, 0, 0]
					}
				},
				"jaw": {
					"rotation": {
						"0.0": [0, 0, 0],
						"0.25": [7.5, 0, 0],
						"0.5": [30, 0, 0],
						"1.4583": [27.5, 0, 0],
						"1.9167": [0, 0, 0]
					}
				}
			}
		}
	}
}