{
    "implemented":true,
    "name": "Dunsparce",
    "nationalPokedexNumber": 206,
    "primaryType": "normal",
    "abilities": [
      "serenegrace",
      "runaway",
      "h:rattled"
    ],
    "baseStats": {
      "hp": 100,
      "attack": 70,
      "defence": 70,
      "special_attack": 65,
      "special_defence": 65,
      "speed": 45
    },
    "catchRate": 190,
    "maleRatio": 0.5,
    "shoulderMountable": false,
    "baseExperienceYield": 145,
    "experienceGroup": "medium_fast",
    "eggCycles": 20,
    "eggGroups": [
      "field"
    ],
    "moves": [
      "1:defensecurl",
      "1:flail",
      "1:rage",
      "4:mudslap",
      "6:spite",
      "8:pursuit",
      "8:rollout",
      "12:glare",
      "16:screech",
      "20:ancientpower",
      "24:drillrun",
      "28:yawn",
      "31:dig",
      "32:bodyslam",
      "32:hyperdrill",
      "36:roost",
      "36:takedown",
      "40:dragonrush",
      "41:airslash",
      "44:coil",
      "46:endure",
      "48:doubleedge",
      "52:endeavor",
      "egg:agility",
      "egg:ancientpower",
      "egg:aquatail",
      "egg:astonish",
      "egg:bide",
      "egg:bite",
      "egg:curse",
      "egg:headbutt",
      "egg:hex",
      "egg:lastresort",
      "egg:magiccoat",
      "egg:rockslide",
      "egg:secretpower",
      "egg:sleeptalk",
      "egg:snore",
      "egg:trumpcard",
      "tm:agility",
      "tm:airslash",
      "tm:amnesia",
      "tm:attract",
      "tm:batonpass",
      "tm:blizzard",
      "tm:bodyslam",
      "tm:breakingswipe",
      "tm:bulldoze",
      "tm:calmmind",
      "tm:captivate",
      "tm:chargebeam",
      "tm:chillingwater",
      "tm:confide",
      "tm:curse",
      "tm:dig",
      "tm:doubleedge",
      "tm:doubleteam",
      "tm:dreameater",
      "tm:drillrun",
      "tm:earthpower",
      "tm:earthquake",
      "tm:endeavor",
      "tm:endure",
      "tm:facade",
      "tm:fireblast",
      "tm:flamethrower",
      "tm:frustration",
      "tm:gigaimpact",
      "tm:gyroball",
      "tm:helpinghand",
      "tm:hex",
      "tm:hiddenpower",
      "tm:hyperbeam",
      "tm:hypervoice",
      "tm:icebeam",
      "tm:icespinner",
      "tm:incinerate",
      "tm:irontail",
      "tm:lunge",
      "tm:mudshot",
      "tm:mudslap",
      "tm:naturalgift",
      "tm:painsplit",
      "tm:poisonjab",
      "tm:poisontail",
      "tm:pounce",
      "tm:protect",
      "tm:psychup",
      "tm:raindance",
      "tm:rest",
      "tm:retaliate",
      "tm:return",
      "tm:rockslide",
      "tm:rocksmash",
      "tm:rocktomb",
      "tm:roost",
      "tm:round",
      "tm:sandstorm",
      "tm:scaleshot",
      "tm:scaryface",
      "tm:screech",
      "tm:secretpower",
      "tm:shadowball",
      "tm:shockwave",
      "tm:skittersmack",
      "tm:sleeptalk",
      "tm:smartstrike",
      "tm:snore",
      "tm:solarbeam",
      "tm:spite",
      "tm:stealthrock",
      "tm:stompingtantrum",
      "tm:stoneedge",
      "tm:storedpower",
      "tm:strength",
      "tm:substitute",
      "tm:sunnyday",
      "tm:swagger",
      "tm:takedown",
      "tm:terablast",
      "tm:thief",
      "tm:thunder",
      "tm:thunderbolt",
      "tm:thunderwave",
      "tm:toxic",
      "tm:uproar",
      "tm:waterpulse",
      "tm:wildcharge",
      "tm:zenheadbutt",
      "tutor:ancientpower",
      "tutor:aquatail",
      "tutor:attract",
      "tutor:bide",
      "tutor:bind",
      "tutor:bite",
      "tutor:bodyslam",
      "tutor:counter",
      "tutor:curse",
      "tutor:defensecurl",
      "tutor:dig",
      "tutor:doubleedge",
      "tutor:doubleteam",
      "tutor:dreameater",
      "tutor:drillrun",
      "tutor:dualwingbeat",
      "tutor:endeavor",
      "tutor:endure",
      "tutor:frustration",
      "tutor:glare",
      "tutor:headbutt",
      "tutor:hiddenpower",
      "tutor:irontail",
      "tutor:lastresort",
      "tutor:magiccoat",
      "tutor:mimic",
      "tutor:mudslap",
      "tutor:nightmare",
      "tutor:painsplit",
      "tutor:protect",
      "tutor:psychup",
      "tutor:pursuit",
      "tutor:rage",
      "tutor:raindance",
      "tutor:rest",
      "tutor:return",
      "tutor:rockslide",
      "tutor:rocksmash",
      "tutor:rollout",
      "tutor:roost",
      "tutor:scaleshot",
      "tutor:screech",
      "tutor:shockwave",
      "tutor:skittersmack",
      "tutor:sleeptalk",
      "tutor:snore",
      "tutor:solarbeam",
      "tutor:spite",
      "tutor:stealthrock",
      "tutor:stompingtantrum",
      "tutor:strength",
      "tutor:substitute",
      "tutor:sunnyday",
      "tutor:swagger",
      "tutor:takedown",
      "tutor:terrainpulse",
      "tutor:thief",
      "tutor:thunder",
      "tutor:thunderwave",
      "tutor:toxic",
      "tutor:waterpulse",
      "tutor:zapcannon",
      "tutor:zenheadbutt"
    ],
    "labels": [
      "gen2"
    ],
    "pokedex": [
      "cobblemon.species.dunsparce.desc"
    ],
    "evolutions": [
      {
        "id": "dunsparce_dudunsparce",
        "variant": "level_up",
        "result": "dudunsparce",
        "consumeHeldItem": false,
        "learnableMoves": [],
        "requirements": [
          {
            "variant": "has_move",
            "move": "hyperdrill"
          }
        ]
      },
      {
        "id": "dunsparce_dudunsparce",
        "variant": "level_up",
        "result": "dudunsparce threesegment",
        "consumeHeldItem": false,
        "learnableMoves": [],
        "requirements": [
          {
            "variant": "has_move",
            "move": "hyperdrill"
          }
        ]
      }
    ],
    "baseScale": 1,
    "hitbox": {
      "width": 1,
      "height": 1,
      "fixed": false
    },
    "baseFriendship": 50,
    "evYield": {
      "hp": 1,
      "attack": 0,
      "defence": 0,
      "special_attack": 0,
      "special_defence": 0,
      "speed": 0
    },
    "height": 15,
    "weight": 140,
    "aspects": [],
    "cannotDynamax": false,
    "drops": {
      "amount": 2,
      "entries": [
        {
          "item": "cobblemon:rocky_helmet",
          "percentage": 2.5
        },
        {
          "item": "cobblemon:cheri_berry",
          "percentage": 2.5
        }
      ]
    }
  }
  