{
    "implemented": true,
    "name": "Skiploom",
    "nationalPokedexNumber": 188,
    "primaryType": "grass",
    "secondaryType": "flying",
    "abilities": [
      "chlorophyll",
      "leafguard",
      "h:infiltrator"
    ],
    "baseStats": {
      "hp": 55,
      "attack": 45,
      "defence": 50,
      "special_attack": 45,
      "special_defence": 65,
      "speed": 80
    },
    "catchRate": 120,
    "maleRatio": 0.5,
    "shoulderMountable": false,
    "baseExperienceYield": 119,
    "experienceGroup": "medium_slow",
    "eggCycles": 20,
    "eggGroups": [
      "fairy",
      "grass"
    ],
    "moves": [
      "1:absorb",
      "1:splash",
      "1:synthesis",
      "1:tailwhip",
      "8:tackle",
      "10:fairywind",
      "12:poisonpowder",
      "12:sleeppowder",
      "12:stunspore",
      "15:bulletseed",
      "20:leechseed",
      "24:megadrain",
      "28:acrobatics",
      "31:cottonspore",
      "34:uturn",
      "36:ragepowder",
      "37:gigadrain",
      "41:bounce",
      "44:memento",
      "48:worryseed",
      "tm:acrobatics",
      "tm:aerialace",
      "tm:attract",
      "tm:batonpass",
      "tm:bulletseed",
      "tm:captivate",
      "tm:charm",
      "tm:confide",
      "tm:dazzlinggleam",
      "tm:doubleedge",
      "tm:doubleteam",
      "tm:encore",
      "tm:endeavor",
      "tm:endure",
      "tm:energyball",
      "tm:facade",
      "tm:flash",
      "tm:fling",
      "tm:frustration",
      "tm:gigadrain",
      "tm:grassknot",
      "tm:grassyterrain",
      "tm:helpinghand",
      "tm:hiddenpower",
      "tm:infestation",
      "tm:leafstorm",
      "tm:lightscreen",
      "tm:lunge",
      "tm:magicalleaf",
      "tm:naturalgift",
      "tm:pollenpuff",
      "tm:protect",
      "tm:psychup",
      "tm:raindance",
      "tm:reflect",
      "tm:rest",
      "tm:return",
      "tm:round",
      "tm:secretpower",
      "tm:seedbomb",
      "tm:silverwind",
      "tm:sleeptalk",
      "tm:solarbeam",
      "tm:substitute",
      "tm:sunnyday",
      "tm:swagger",
      "tm:swordsdance",
      "tm:tailwind",
      "tm:takedown",
      "tm:terablast",
      "tm:thief",
      "tm:toxic",
      "tm:trailblaze",
      "tm:uturn",
      "tutor:attract",
      "tutor:bounce",
      "tutor:cottonspore",
      "tutor:curse",
      "tutor:defensecurl",
      "tutor:doubleedge",
      "tutor:doubleteam",
      "tutor:endure",
      "tutor:flash",
      "tutor:frustration",
      "tutor:gigadrain",
      "tutor:headbutt",
      "tutor:helpinghand",
      "tutor:hiddenpower",
      "tutor:leechseed",
      "tutor:megadrain",
      "tutor:mimic",
      "tutor:poisonpowder",
      "tutor:protect",
      "tutor:rest",
      "tutor:return",
      "tutor:seedbomb",
      "tutor:sleeppowder",
      "tutor:sleeptalk",
      "tutor:snore",
      "tutor:solarbeam",
      "tutor:splash",
      "tutor:stunspore",
      "tutor:substitute",
      "tutor:sunnyday",
      "tutor:swagger",
      "tutor:sweetscent",
      "tutor:swordsdance",
      "tutor:synthesis",
      "tutor:tackle",
      "tutor:tailwhip",
      "tutor:toxic",
      "tutor:worryseed"
    ],
    "labels": [
      "gen2"
    ],
    "pokedex": [
      "cobblemon.species.skiploom.desc"
    ],
    "preEvolution": "hoppip",
    "evolutions": [
      {
        "id": "skiploom_jumpluff",
        "variant": "level_up",
        "result": "jumpluff",
        "consumeHeldItem": false,
        "learnableMoves": [],
        "requirements": [
          {
            "variant": "level",
            "minLevel": 27
          }
        ]
      }
    ],
    "baseScale": 1,
    "hitbox": {
      "width": 1,
      "height": 1,
      "fixed": false
    },
    "baseFriendship": 70,
    "evYield": {
      "hp": 0,
      "attack": 0,
      "defence": 0,
      "special_attack": 0,
      "special_defence": 0,
      "speed": 2
    },
    "height": 6,
    "weight": 10,
    "aspects": [],
    "cannotDynamax": false,
    "drops": {
      "amount": 2,
      "entries": [
        {
          "item": "minecraft:sunflower"
        },
        {
          "item": "cobblemon:yache_berry",
          "percentage": 5.0
        }
      ]
    }
  }
  