{
	"format_version": "1.12.0",
	"minecraft:geometry": [
		{
			"description": {
				"identifier": "geometry.abomasnow",
				"texture_width": 128,
				"texture_height": 128,
				"visible_bounds_width": 7,
				"visible_bounds_height": 4.5,
				"visible_bounds_offset": [0, 1.75, 0]
			},
			"bones": [
				{
					"name": "abomasnow",
					"pivot": [-2, 0, 0]
				},
				{
					"name": "body",
					"parent": "abomasnow",
					"pivot": [0, 0, 0]
				},
				{
					"name": "torso",
					"parent": "body",
					"pivot": [-1.5, 14.46645, -0.19025],
					"cubes": [
						{"origin": [-12.5, 28, -5.5], "size": [22, 4, 11], "uv": [45, 37]},
						{"origin": [-13.5, 6, -7.5], "size": [24, 22, 15], "inflate": -0.01, "uv": [0, 0]},
						{"origin": [1.31259, 22.9, 6.9235], "size": [5, 5, 5], "pivot": [-1.5, 22.4, 10], "rotation": [10.34527, 14.76689, 2.66399], "uv": [78, 27]},
						{"origin": [2.31259, 23.9, 11.4235], "size": [3, 3, 3], "pivot": [-1.5, 22.4, 10], "rotation": [10.34527, 14.76689, 2.66399], "uv": [34, 65]},
						{"origin": [1.31259, 16.6, 6.9235], "size": [5, 5, 5], "pivot": [-1.5, 22.1, 10], "rotation": [10.3453, 14.7669, 2.664], "uv": [78, 27]},
						{"origin": [2.31259, 17.6, 11.4235], "size": [3, 3, 3], "pivot": [-1.5, 22.1, 10], "rotation": [10.3453, 14.7669, 2.664], "uv": [34, 65]},
						{"origin": [-8.31259, 23.9, 11.4235], "size": [3, 3, 3], "pivot": [-1.5, 22.4, 10], "rotation": [10.34527, -14.76689, -2.66399], "uv": [34, 65], "mirror": true},
						{"origin": [-9.31259, 22.9, 6.9235], "size": [5, 5, 5], "pivot": [-1.5, 22.4, 10], "rotation": [10.34527, -14.76689, -2.66399], "uv": [78, 27], "mirror": true},
						{"origin": [-8.31259, 17.6, 11.4235], "size": [3, 3, 3], "pivot": [-1.5, 22.1, 10], "rotation": [10.3453, -14.7669, -2.664], "uv": [34, 65], "mirror": true},
						{"origin": [-9.31259, 16.6, 6.9235], "size": [5, 5, 5], "pivot": [-1.5, 22.1, 10], "rotation": [10.3453, -14.7669, -2.664], "uv": [78, 27], "mirror": true}
					]
				},
				{
					"name": "body_fur",
					"parent": "torso",
					"pivot": [0, 0, 0]
				},
				{
					"name": "left_front_body_fur",
					"parent": "body_fur",
					"pivot": [6.46237, 21.66254, -7.11396],
					"rotation": [2.5, 0, -15],
					"cubes": [
						{"origin": [7.5, 15, -7.4], "size": [3, 9, 0], "pivot": [9, 23.5, -7.4], "rotation": [-10, 0, -45], "uv": [78, 15]},
						{"origin": [5.61605, 14.20224, -7.4], "size": [4, 9, 0], "pivot": [7.61605, 22.70224, -7.4], "rotation": [-10, 0, -22.5], "uv": [63, 0]},
						{"origin": [3.38266, 12.59316, -7.54632], "size": [3, 9, 0], "pivot": [4.88266, 21.09316, -7.54632], "rotation": [-9, 0, -17], "uv": [0, 65]},
						{"origin": [0.90276, 12.99696, -7.4], "size": [4, 9, 0], "pivot": [2.90276, 21.49696, -7.4], "rotation": [-10, 0, 0], "uv": [45, 37]}
					]
				},
				{
					"name": "right_front_body_fur",
					"parent": "body_fur",
					"pivot": [-9.46237, 21.66254, -7.11396],
					"rotation": [2.5, 0, 15],
					"cubes": [
						{"origin": [-13.5, 15, -7.4], "size": [3, 9, 0], "pivot": [-12, 23.5, -7.4], "rotation": [-10, 0, 45], "uv": [78, 15], "mirror": true},
						{"origin": [-12.61605, 14.20224, -7.4], "size": [4, 9, 0], "pivot": [-10.61605, 22.70224, -7.4], "rotation": [-10, 0, 22.5], "uv": [63, 0], "mirror": true},
						{"origin": [-9.38266, 12.59316, -7.54632], "size": [3, 9, 0], "pivot": [-7.88266, 21.09316, -7.54632], "rotation": [-9, 0, 17], "uv": [0, 65], "mirror": true},
						{"origin": [-7.90276, 12.99696, -7.4], "size": [4, 9, 0], "pivot": [-5.90276, 21.49696, -7.4], "rotation": [-10, 0, 0], "uv": [45, 37], "mirror": true}
					]
				},
				{
					"name": "left_back_body_fur",
					"parent": "body_fur",
					"pivot": [6.46237, 20.66254, 7.41396],
					"rotation": [-2.5, 0, -15],
					"cubes": [
						{"origin": [7.5, 14, 7.7], "size": [3, 11, 0], "pivot": [9, 22.5, 7.7], "rotation": [10, 0, -45], "uv": [8, 37]},
						{"origin": [5.61605, 13.20224, 7.7], "size": [4, 11, 0], "pivot": [7.61605, 21.70224, 7.7], "rotation": [10, 0, -22.5], "uv": [0, 37]},
						{"origin": [3.38266, 11.59316, 7.84632], "size": [3, 11, 0], "pivot": [4.88266, 20.09316, 7.84632], "rotation": [9, 0, -17], "uv": [8, 0]},
						{"origin": [0.90276, 11.99696, 7.7], "size": [4, 11, 0], "pivot": [2.90276, 20.49696, 7.7], "rotation": [10, 0, 0], "uv": [0, 0]}
					]
				},
				{
					"name": "right_back_body_fur",
					"parent": "body_fur",
					"pivot": [-9.46237, 20.66254, 7.41396],
					"rotation": [-2.5, 0, 15],
					"cubes": [
						{"origin": [-13.5, 14, 7.7], "size": [3, 11, 0], "pivot": [-12, 22.5, 7.7], "rotation": [10, 0, 45], "uv": [8, 37], "mirror": true},
						{"origin": [-12.61605, 13.20224, 7.7], "size": [4, 11, 0], "pivot": [-10.61605, 21.70224, 7.7], "rotation": [10, 0, 22.5], "uv": [0, 37], "mirror": true},
						{"origin": [-9.38266, 11.59316, 7.84632], "size": [3, 11, 0], "pivot": [-7.88266, 20.09316, 7.84632], "rotation": [9, 0, 17], "uv": [8, 0], "mirror": true},
						{"origin": [-7.90276, 11.99696, 7.7], "size": [4, 11, 0], "pivot": [-5.90276, 20.49696, 7.7], "rotation": [10, 0, 0], "uv": [0, 0], "mirror": true}
					]
				},
				{
					"name": "arms",
					"parent": "torso",
					"pivot": [0, 0, 0]
				},
				{
					"name": "left_arm",
					"parent": "arms",
					"pivot": [9.5, 24, -0.5],
					"cubes": [
						{"origin": [9.5, 20, -4.5], "size": [12, 8, 8], "uv": [75, 75]}
					]
				},
				{
					"name": "left_arm_hand",
					"parent": "left_arm",
					"pivot": [21.51833, 24.45929, -0.5],
					"cubes": [
						{"origin": [21.5, 19.5, -5.5], "size": [12, 9, 10], "uv": [0, 65]},
						{"origin": [30.5, 24.5, -6.5], "size": [6, 4, 4], "pivot": [34, 27, -5], "rotation": [18, 32, -22], "uv": [94, 0]},
						{"origin": [30.5, 24.5, 1.5], "size": [6, 4, 4], "pivot": [34, 27, 4], "rotation": [-18, -32, -22], "uv": [30, 92]},
						{"origin": [31.5, 18.5, -2.5], "size": [6, 4, 4], "pivot": [34.5, 20.5, -0.5], "rotation": [0, 0, 22.5], "uv": [90, 52]}
					]
				},
				{
					"name": "right_arm",
					"parent": "arms",
					"pivot": [-12.5, 24, -0.5],
					"cubes": [
						{"origin": [-24.5, 20, -4.5], "size": [12, 8, 8], "uv": [75, 75], "mirror": true}
					]
				},
				{
					"name": "right_arm_hand",
					"parent": "right_arm",
					"pivot": [-24.51833, 24.45929, -0.5],
					"cubes": [
						{"origin": [-36.5, 19.5, -5.5], "size": [12, 9, 10], "uv": [0, 65], "mirror": true},
						{"origin": [-39.5, 24.5, -6.5], "size": [6, 4, 4], "pivot": [-37, 27, -5], "rotation": [18, -32, 22], "uv": [94, 0], "mirror": true},
						{"origin": [-39.5, 24.5, 1.5], "size": [6, 4, 4], "pivot": [-37, 27, 4], "rotation": [-18, 32, 22], "uv": [30, 92], "mirror": true},
						{"origin": [-40.5, 18.5, -2.5], "size": [6, 4, 4], "pivot": [-37.5, 20.5, -0.5], "rotation": [0, 0, -22.5], "uv": [90, 52], "mirror": true}
					]
				},
				{
					"name": "tail",
					"parent": "torso",
					"pivot": [-1, 11.5, 7],
					"cubes": [
						{"origin": [-5, 7.5, 6.5], "size": [8, 8, 7], "uv": [0, 84]}
					]
				},
				{
					"name": "tail_segment_1",
					"parent": "tail",
					"pivot": [-0.99144, 11.51421, 13.4],
					"cubes": [
						{"origin": [-3.47861, 13.01, 17], "size": [5, 3, 5], "inflate": -0.01, "pivot": [-0.97861, 14.51, 19.5], "rotation": [27.77884, -39.46788, -18.89544], "uv": [97, 91]},
						{"origin": [0.5, 9.03553, 17], "size": [3, 5, 5], "inflate": -0.01, "pivot": [2, 11.53553, 19.5], "rotation": [-42.94278, 21.08726, 0.38294], "uv": [0, 99]},
						{"origin": [-5.5, 9.03553, 17], "size": [3, 5, 5], "inflate": -0.01, "pivot": [-4, 11.53553, 19.5], "rotation": [-42.94278, -21.08726, -0.38294], "uv": [0, 99], "mirror": true},
						{"origin": [-3.47861, 6.99, 17], "size": [5, 3, 5], "inflate": -0.01, "pivot": [-0.97861, 8.49, 19.5], "rotation": [-27.77884, -39.46788, 18.89544], "uv": [45, 95]},
						{"origin": [-5, 7.5, 13.5], "size": [8, 8, 6], "uv": [69, 91]},
						{"origin": [-3.5, 9, 20.5], "size": [5, 5, 4], "uv": [98, 27]},
						{"origin": [-3, 9.5, 24.5], "size": [4, 4, 4], "uv": [97, 99]}
					]
				},
				{
					"name": "head",
					"parent": "torso",
					"pivot": [1, 32.5, 0],
					"cubes": [
						{"origin": [-9, 32, -5.5], "size": [15, 10, 11], "uv": [49, 54]}
					]
				},
				{
					"name": "left_eye",
					"parent": "head",
					"pivot": [4.87187, 39.45056, -5.5],
					"cubes": [
						{"origin": [1.00081, 38.21299, -5.5], "size": [1, 1, 0], "inflate": 0.03, "pivot": [1.50081, 38.71299, -5.5], "rotation": [0, 0, -2.5], "uv": [0, 14]},
						{"origin": [0.2, 36.7, -5.5], "size": [4, 3, 0], "inflate": 0.02, "pivot": [2.45, 38.2, -5], "rotation": [0, 0, -15], "uv": [0, 11]},
						{"origin": [-0.8, 36.4, -5.5], "size": [8, 5, 0], "inflate": 0.01, "pivot": [3.95, 39.4, -5.5], "rotation": [0, 0, -15], "uv": [101, 66]},
						{"origin": [6.43568, 38.72584, -5.5], "size": [3, 2, 0], "inflate": 0.01, "pivot": [6.22322, 39.97322, -5.5], "rotation": [0, 0, -35], "uv": [8, 13]},
						{"origin": [6.6, 37.1, -5.5], "size": [3, 2, 0], "inflate": 0.01, "pivot": [6.22322, 39.47322, -5.5], "rotation": [0, 0, -12.5], "uv": [8, 11]},
						{"origin": [5.28137, 40.35711, -5.5], "size": [4, 2, 0], "inflate": 0.01, "pivot": [6.22322, 40.47322, -5.5], "rotation": [0, 0, -57.5], "uv": [45, 46]}
					]
				},
				{
					"name": "right_eye",
					"parent": "head",
					"pivot": [-7.01129, 32.02419, -1],
					"cubes": [
						{"origin": [-5.00081, 38.21299, -5.5], "size": [1, 1, 0], "inflate": 0.03, "pivot": [-4.50081, 38.71299, -5.5], "rotation": [0, 0, 2.5], "uv": [0, 14], "mirror": true},
						{"origin": [-7.2, 36.7, -5.5], "size": [4, 3, 0], "inflate": 0.02, "pivot": [-5.45, 38.2, -5], "rotation": [0, 0, 15], "uv": [0, 11], "mirror": true},
						{"origin": [-10.2, 36.4, -5.5], "size": [8, 5, 0], "inflate": 0.01, "pivot": [-6.95, 39.4, -5.5], "rotation": [0, 0, 15], "uv": [101, 66], "mirror": true},
						{"origin": [-12.43568, 38.72584, -5.5], "size": [3, 2, 0], "inflate": 0.01, "pivot": [-9.22322, 39.97322, -5.5], "rotation": [0, 0, 35], "uv": [8, 13], "mirror": true},
						{"origin": [-12.6, 37.1, -5.5], "size": [3, 2, 0], "inflate": 0.01, "pivot": [-9.22322, 39.47322, -5.5], "rotation": [0, 0, 12.5], "uv": [8, 11], "mirror": true},
						{"origin": [-12.28137, 40.35711, -5.5], "size": [4, 2, 0], "inflate": 0.01, "pivot": [-9.22322, 40.47322, -5.5], "rotation": [0, 0, 57.5], "uv": [45, 46], "mirror": true}
					]
				},
				{
					"name": "head_fur",
					"parent": "head",
					"pivot": [-1.5, 34.57176, -5.82327],
					"cubes": [
						{"origin": [0.23983, 28.0198, -5.33402], "size": [3, 7, 0], "pivot": [-1.5, 35.7996, -5.07244], "rotation": [-7.68954, -0.70963, -24.78205], "uv": [23, 84]},
						{"origin": [1.93971, 27.85064, -5.34265], "size": [2, 6, 0], "pivot": [-1.5, 35.7996, -5.07244], "rotation": [-7.35698, -2.35266, -37.17847], "uv": [6, 65]},
						{"origin": [-1.67834, 28.91338, -5.33851], "size": [3, 7, 0], "pivot": [-1.5, 35.7996, -5.07244], "rotation": [-7.61267, 1.29876, -9.91615], "uv": [0, 84]},
						{"origin": [-4.32166, 28.91338, -5.33851], "size": [3, 7, 0], "pivot": [-1.5, 35.7996, -5.07244], "rotation": [-7.61267, -1.29876, 9.91615], "uv": [0, 84], "mirror": true},
						{"origin": [-6.23983, 28.0198, -5.33402], "size": [3, 7, 0], "pivot": [-1.5, 35.7996, -5.07244], "rotation": [-7.68954, 0.70963, 24.78205], "uv": [23, 84], "mirror": true},
						{"origin": [-6.93971, 27.85064, -5.34265], "size": [2, 6, 0], "pivot": [-1.5, 35.7996, -5.07244], "rotation": [-7.35698, 2.35266, 37.17847], "uv": [6, 65], "mirror": true}
					]
				},
				{
					"name": "mouth",
					"parent": "head",
					"pivot": [1, 29.5, -1],
					"cubes": [
						{"origin": [-5.5, 31.5, -5.5], "size": [8, 3, 0], "inflate": 0.01, "uv": [46, 92]}
					]
				},
				{
					"name": "eyelids",
					"parent": "head",
					"pivot": [-1.5, 38.1353, -4.1],
					"cubes": [
						{"origin": [0.2, 36.7, -4.6], "size": [4, 3, 1], "inflate": 0.02, "pivot": [2.45, 38.2, -3.1], "rotation": [0, 0, -15], "uv": [22, 27]},
						{"origin": [-7.2, 36.7, -4.6], "size": [4, 3, 1], "inflate": 0.02, "pivot": [-5.45, 38.2, -3.1], "rotation": [0, 0, 15], "uv": [22, 27], "mirror": true}
					]
				},
				{
					"name": "legs",
					"parent": "body",
					"pivot": [0, 0, 0]
				},
				{
					"name": "left_leg",
					"parent": "legs",
					"pivot": [5.05433, 15.48097, 0],
					"cubes": [
						{"origin": [-1.1, 4, -7.5], "size": [15, 13, 15], "pivot": [5.4, 9.5, -1], "rotation": [0, 0, -22.5], "uv": [0, 37]}
					]
				},
				{
					"name": "left_foot",
					"parent": "left_leg",
					"pivot": [7.84444, 5.05556, 0.03756],
					"cubes": [
						{"origin": [3.4, 0, -4.5], "size": [9, 3, 9], "inflate": -0.01, "uv": [78, 15]},
						{"origin": [5.9, 0, -8.5], "size": [4, 2, 4], "uv": [101, 60]},
						{"origin": [9.9, 0, 2.3], "size": [4, 2, 5], "pivot": [11.9, 1, 5.3], "rotation": [0, -45, 0], "uv": [16, 99]},
						{"origin": [2.1, 0, 2.3], "size": [4, 2, 5], "pivot": [4.1, 1, 5.3], "rotation": [0, 45, 0], "uv": [16, 99], "mirror": true},
						{"origin": [5.9, 0, 4.5], "size": [4, 2, 4], "uv": [100, 42]},
						{"origin": [0.4, 0, -1], "size": [4, 2, 4], "pivot": [2.4, 1, 0.16903], "rotation": [0, -90, 0], "uv": [100, 36]},
						{"origin": [1.9, 0, -7.3], "size": [4, 2, 5], "pivot": [3.9, 1, -5.3], "rotation": [0, -45, 0], "uv": [64, 75]},
						{"origin": [11.6, 0, -1], "size": [4, 2, 4], "pivot": [13.6, 1, 0.16903], "rotation": [0, 90, 0], "uv": [100, 36], "mirror": true},
						{"origin": [10.1, 0, -7.3], "size": [4, 2, 5], "pivot": [12.1, 1, -5.3], "rotation": [0, 45, 0], "uv": [64, 75], "mirror": true},
						{"origin": [3.4, 3, -5.5], "size": [10, 6, 11], "uv": [33, 75]}
					]
				},
				{
					"name": "right_leg",
					"parent": "legs",
					"pivot": [-8.05433, 15.48097, 0],
					"cubes": [
						{"origin": [-16.9, 4, -7.5], "size": [15, 13, 15], "pivot": [-8.4, 9.5, -1], "rotation": [0, 0, 22.5], "uv": [0, 37], "mirror": true}
					]
				},
				{
					"name": "right_foot",
					"parent": "right_leg",
					"pivot": [-10.84444, 5.05556, 0.03756],
					"cubes": [
						{"origin": [-15.4, 0, -4.5], "size": [9, 3, 9], "inflate": -0.01, "uv": [78, 15], "mirror": true},
						{"origin": [-12.9, 0, -8.5], "size": [4, 2, 4], "uv": [101, 60], "mirror": true},
						{"origin": [-16.9, 0, 2.3], "size": [4, 2, 5], "pivot": [-14.9, 1, 5.3], "rotation": [0, 45, 0], "uv": [16, 99], "mirror": true},
						{"origin": [-9.1, 0, 2.3], "size": [4, 2, 5], "pivot": [-7.1, 1, 5.3], "rotation": [0, -45, 0], "uv": [16, 99]},
						{"origin": [-12.9, 0, 4.5], "size": [4, 2, 4], "uv": [100, 42], "mirror": true},
						{"origin": [-7.4, 0, -1], "size": [4, 2, 4], "pivot": [-5.4, 1, 0.16903], "rotation": [0, 90, 0], "uv": [100, 36], "mirror": true},
						{"origin": [-8.9, 0, -7.3], "size": [4, 2, 5], "pivot": [-6.9, 1, -5.3], "rotation": [0, 45, 0], "uv": [64, 75], "mirror": true},
						{"origin": [-18.6, 0, -1], "size": [4, 2, 4], "pivot": [-16.6, 1, 0.16903], "rotation": [0, -90, 0], "uv": [100, 36]},
						{"origin": [-17.1, 0, -7.3], "size": [4, 2, 5], "pivot": [-15.1, 1, -5.3], "rotation": [0, -45, 0], "uv": [64, 75]},
						{"origin": [-16.4, 3, -5.5], "size": [10, 6, 11], "uv": [33, 75], "mirror": true}
					]
				}
			]
		}
	]
}