{
	"format_version": "1.12.0",
	"minecraft:geometry": [
		{
			"description": {
				"identifier": "geometry.abomasnow_mega",
				"texture_width": 128,
				"texture_height": 128,
				"visible_bounds_width": 7,
				"visible_bounds_height": 4.5,
				"visible_bounds_offset": [0, 1.75, 0]
			},
			"bones": [
				{
					"name": "abomasnow_mega",
					"pivot": [0, 0, 0]
				},
				{
					"name": "body",
					"parent": "abomasnow_mega",
					"pivot": [1.5, 0, 0]
				},
				{
					"name": "torso",
					"parent": "body",
					"pivot": [0, 14.46645, -0.19025],
					"rotation": [57.5, 0, 0],
					"cubes": [
						{"origin": [-11, 28, -5.5], "size": [22, 4, 11], "uv": [45, 37]},
						{"origin": [-12, 6, -7.5], "size": [24, 22, 15], "inflate": -0.01, "uv": [0, 0]}
					]
				},
				{
					"name": "torso_fur",
					"parent": "torso",
					"pivot": [0, 29.07176, -6.82327],
					"rotation": [-45, 0, 0],
					"cubes": [
						{"origin": [1.73983, 22.5198, -6.33402], "size": [3, 7, 0], "pivot": [0, 30.2996, -6.07244], "rotation": [-7.68954, -0.70963, -24.78205], "uv": [23, 84]},
						{"origin": [3.43971, 22.35064, -6.34265], "size": [2, 6, 0], "pivot": [0, 30.2996, -6.07244], "rotation": [-7.35698, -2.35266, -37.17847], "uv": [6, 65]},
						{"origin": [-0.17834, 23.41338, -6.33851], "size": [3, 7, 0], "pivot": [0, 30.2996, -6.07244], "rotation": [-7.61267, 1.29876, -9.91615], "uv": [0, 84]},
						{"origin": [-2.82166, 23.41338, -6.33851], "size": [3, 7, 0], "pivot": [0, 30.2996, -6.07244], "rotation": [-7.61267, -1.29876, 9.91615], "uv": [0, 84], "mirror": true},
						{"origin": [-4.73983, 22.5198, -6.33402], "size": [3, 7, 0], "pivot": [0, 30.2996, -6.07244], "rotation": [-7.68954, 0.70963, 24.78205], "uv": [23, 84], "mirror": true},
						{"origin": [-5.43971, 22.35064, -6.34265], "size": [2, 6, 0], "pivot": [0, 30.2996, -6.07244], "rotation": [-7.35698, 2.35266, 37.17847], "uv": [6, 65], "mirror": true}
					]
				},
				{
					"name": "spike_right_front",
					"parent": "torso",
					"pivot": [-9.5, 30, 9],
					"rotation": [22.5, -22.5, 0],
					"cubes": [
						{"origin": [-13, 25.5, 2], "size": [9, 9, 8], "uv": [0, 111]},
						{"origin": [-12.5, 26, 9], "size": [8, 8, 6], "uv": [29, 103]},
						{"origin": [-10, 28.5, 20], "size": [3, 3, 3], "uv": [56, 114]},
						{"origin": [-11.5, 27, 15], "size": [6, 6, 5], "uv": [34, 117]},
						{"origin": [-12, 26, 13], "size": [3, 0, 6], "pivot": [-11.5, 26, 13], "rotation": [-12.5, 0, 0], "uv": [116, 14]},
						{"origin": [-8, 26, 13], "size": [3, 0, 6], "pivot": [-7.5, 26, 13], "rotation": [-12.5, 0, 0], "uv": [116, 14]},
						{"origin": [-4.5, 26.5, 13], "size": [0, 3, 6], "pivot": [-4.5, 28, 13], "rotation": [0, 12.5, 0], "uv": [116, 16]},
						{"origin": [-4.5, 30.5, 13], "size": [0, 3, 6], "pivot": [-4.5, 32, 13], "rotation": [0, 12.5, 0], "uv": [116, 16]},
						{"origin": [-8, 34, 13], "size": [3, 0, 6], "pivot": [-7.5, 34, 13], "rotation": [12.5, 0, 0], "uv": [116, 14]},
						{"origin": [-12, 34, 13], "size": [3, 0, 6], "pivot": [-11.5, 34, 13], "rotation": [12.5, 0, 0], "uv": [116, 14]},
						{"origin": [-12.5, 26.5, 13], "size": [0, 3, 6], "pivot": [-12.5, 28, 13], "rotation": [0, -12.5, 0], "uv": [116, 16]},
						{"origin": [-12.5, 30.5, 13], "size": [0, 3, 6], "pivot": [-12.5, 32, 13], "rotation": [0, -12.5, 0], "uv": [116, 16]},
						{"origin": [-8.25, 34.5, 8], "size": [4, 0, 6], "pivot": [-7.25, 34.5, 8], "rotation": [22.5, 0, 0], "uv": [114, 0]},
						{"origin": [-12.75, 34.5, 8], "size": [4, 0, 6], "pivot": [-11.75, 34.5, 8], "rotation": [22.5, 0, 0], "uv": [114, 0]},
						{"origin": [-4, 30.25, 8], "size": [0, 4, 6], "pivot": [-4, 32.25, 8], "rotation": [0, 22.5, 0], "uv": [116, 2]},
						{"origin": [-4, 25.75, 8], "size": [0, 4, 6], "pivot": [-4, 27.75, 8], "rotation": [0, 22.5, 0], "uv": [116, 2]},
						{"origin": [-13, 30.25, 8], "size": [0, 4, 6], "pivot": [-13, 32.25, 8], "rotation": [0, -22.5, 0], "uv": [116, 2]},
						{"origin": [-13, 25.75, 8], "size": [0, 4, 6], "pivot": [-13, 27.75, 8], "rotation": [0, -22.5, 0], "uv": [116, 2]},
						{"origin": [-8.25, 25.5, 8], "size": [4, 0, 6], "pivot": [-7.25, 25.5, 8], "rotation": [-22.5, 0, 0], "uv": [114, 0]},
						{"origin": [-12.75, 25.5, 8], "size": [4, 0, 6], "pivot": [-11.75, 25.5, 8], "rotation": [-22.5, 0, 0], "uv": [114, 0]}
					]
				},
				{
					"name": "spike_right_back",
					"parent": "torso",
					"pivot": [-9, 16, 5.5],
					"rotation": [0, -22.5, 0],
					"cubes": [
						{"origin": [-12, 12, 5.5], "size": [8, 8, 6], "uv": [29, 103]},
						{"origin": [-9.5, 14.5, 16.5], "size": [3, 3, 3], "uv": [56, 114]},
						{"origin": [-11, 13, 11.5], "size": [6, 6, 5], "uv": [34, 117]},
						{"origin": [-11.5, 12, 9.5], "size": [3, 0, 6], "pivot": [-11, 12, 9.5], "rotation": [-12.5, 0, 0], "uv": [116, 14]},
						{"origin": [-7.5, 12, 9.5], "size": [3, 0, 6], "pivot": [-7, 12, 9.5], "rotation": [-12.5, 0, 0], "uv": [116, 14]},
						{"origin": [-4, 12.5, 9.5], "size": [0, 3, 6], "pivot": [-4, 14, 9.5], "rotation": [0, 12.5, 0], "uv": [116, 16]},
						{"origin": [-4, 16.5, 9.5], "size": [0, 3, 6], "pivot": [-4, 18, 9.5], "rotation": [0, 12.5, 0], "uv": [116, 16]},
						{"origin": [-7.5, 20, 9.5], "size": [3, 0, 6], "pivot": [-7, 20, 9.5], "rotation": [12.5, 0, 0], "uv": [116, 14]},
						{"origin": [-11.5, 20, 9.5], "size": [3, 0, 6], "pivot": [-11, 20, 9.5], "rotation": [12.5, 0, 0], "uv": [116, 14]},
						{"origin": [-12, 12.5, 9.5], "size": [0, 3, 6], "pivot": [-12, 14, 9.5], "rotation": [0, -12.5, 0], "uv": [116, 16]},
						{"origin": [-12, 16.5, 9.5], "size": [0, 3, 6], "pivot": [-12, 18, 9.5], "rotation": [0, -12.5, 0], "uv": [116, 16]}
					]
				},
				{
					"name": "spike_left_back",
					"parent": "torso",
					"pivot": [9, 16, 5.5],
					"rotation": [0, 22.5, 0],
					"cubes": [
						{"origin": [4, 12, 5.5], "size": [8, 8, 6], "uv": [29, 103], "mirror": true},
						{"origin": [6.5, 14.5, 16.5], "size": [3, 3, 3], "uv": [56, 114], "mirror": true},
						{"origin": [5, 13, 11.5], "size": [6, 6, 5], "uv": [34, 117], "mirror": true},
						{"origin": [8.5, 12, 9.5], "size": [3, 0, 6], "pivot": [11, 12, 9.5], "rotation": [-12.5, 0, 0], "uv": [116, 14], "mirror": true},
						{"origin": [4.5, 12, 9.5], "size": [3, 0, 6], "pivot": [7, 12, 9.5], "rotation": [-12.5, 0, 0], "uv": [116, 14], "mirror": true},
						{"origin": [4, 12.5, 9.5], "size": [0, 3, 6], "pivot": [4, 14, 9.5], "rotation": [0, -12.5, 0], "uv": [116, 16], "mirror": true},
						{"origin": [4, 16.5, 9.5], "size": [0, 3, 6], "pivot": [4, 18, 9.5], "rotation": [0, -12.5, 0], "uv": [116, 16], "mirror": true},
						{"origin": [4.5, 20, 9.5], "size": [3, 0, 6], "pivot": [7, 20, 9.5], "rotation": [12.5, 0, 0], "uv": [116, 14], "mirror": true},
						{"origin": [8.5, 20, 9.5], "size": [3, 0, 6], "pivot": [11, 20, 9.5], "rotation": [12.5, 0, 0], "uv": [116, 14], "mirror": true},
						{"origin": [12, 12.5, 9.5], "size": [0, 3, 6], "pivot": [12, 14, 9.5], "rotation": [0, 12.5, 0], "uv": [116, 16], "mirror": true},
						{"origin": [12, 16.5, 9.5], "size": [0, 3, 6], "pivot": [12, 18, 9.5], "rotation": [0, 12.5, 0], "uv": [116, 16], "mirror": true}
					]
				},
				{
					"name": "spike_left_front",
					"parent": "torso",
					"pivot": [9.5, 30, 9],
					"rotation": [22.5, 22.5, 0],
					"cubes": [
						{"origin": [4, 25.5, 2], "size": [9, 9, 8], "uv": [0, 111], "mirror": true},
						{"origin": [4.5, 26, 9], "size": [8, 8, 6], "uv": [29, 103], "mirror": true},
						{"origin": [7, 28.5, 20], "size": [3, 3, 3], "uv": [56, 114], "mirror": true},
						{"origin": [5.5, 27, 15], "size": [6, 6, 5], "uv": [34, 117], "mirror": true},
						{"origin": [9, 26, 13], "size": [3, 0, 6], "pivot": [11.5, 26, 13], "rotation": [-12.5, 0, 0], "uv": [116, 14], "mirror": true},
						{"origin": [5, 26, 13], "size": [3, 0, 6], "pivot": [7.5, 26, 13], "rotation": [-12.5, 0, 0], "uv": [116, 14], "mirror": true},
						{"origin": [4.5, 26.5, 13], "size": [0, 3, 6], "pivot": [4.5, 28, 13], "rotation": [0, -12.5, 0], "uv": [116, 16], "mirror": true},
						{"origin": [4.5, 30.5, 13], "size": [0, 3, 6], "pivot": [4.5, 32, 13], "rotation": [0, -12.5, 0], "uv": [116, 16], "mirror": true},
						{"origin": [5, 34, 13], "size": [3, 0, 6], "pivot": [7.5, 34, 13], "rotation": [12.5, 0, 0], "uv": [116, 14], "mirror": true},
						{"origin": [9, 34, 13], "size": [3, 0, 6], "pivot": [11.5, 34, 13], "rotation": [12.5, 0, 0], "uv": [116, 14], "mirror": true},
						{"origin": [12.5, 26.5, 13], "size": [0, 3, 6], "pivot": [12.5, 28, 13], "rotation": [0, 12.5, 0], "uv": [116, 16], "mirror": true},
						{"origin": [12.5, 30.5, 13], "size": [0, 3, 6], "pivot": [12.5, 32, 13], "rotation": [0, 12.5, 0], "uv": [116, 16], "mirror": true},
						{"origin": [4.25, 34.5, 8], "size": [4, 0, 6], "pivot": [7.25, 34.5, 8], "rotation": [22.5, 0, 0], "uv": [114, 0], "mirror": true},
						{"origin": [8.75, 34.5, 8], "size": [4, 0, 6], "pivot": [11.75, 34.5, 8], "rotation": [22.5, 0, 0], "uv": [114, 0], "mirror": true},
						{"origin": [4, 30.25, 8], "size": [0, 4, 6], "pivot": [4, 32.25, 8], "rotation": [0, -22.5, 0], "uv": [116, 2], "mirror": true},
						{"origin": [4, 25.75, 8], "size": [0, 4, 6], "pivot": [4, 27.75, 8], "rotation": [0, -22.5, 0], "uv": [116, 2], "mirror": true},
						{"origin": [13, 30.25, 8], "size": [0, 4, 6], "pivot": [13, 32.25, 8], "rotation": [0, 22.5, 0], "uv": [116, 2], "mirror": true},
						{"origin": [13, 25.75, 8], "size": [0, 4, 6], "pivot": [13, 27.75, 8], "rotation": [0, 22.5, 0], "uv": [116, 2], "mirror": true},
						{"origin": [4.25, 25.5, 8], "size": [4, 0, 6], "pivot": [7.25, 25.5, 8], "rotation": [-22.5, 0, 0], "uv": [114, 0], "mirror": true},
						{"origin": [8.75, 25.5, 8], "size": [4, 0, 6], "pivot": [11.75, 25.5, 8], "rotation": [-22.5, 0, 0], "uv": [114, 0], "mirror": true}
					]
				},
				{
					"name": "body_fur",
					"parent": "torso",
					"pivot": [1.5, 0, 0]
				},
				{
					"name": "left_front_body_fur",
					"parent": "body_fur",
					"pivot": [7.96237, 21.66254, -7.11396],
					"rotation": [2.5, 0, -15],
					"cubes": [
						{"origin": [9, 15, -7.4], "size": [3, 9, 0], "pivot": [10.5, 23.5, -7.4], "rotation": [-10, 0, -45], "uv": [78, 15]},
						{"origin": [7.11605, 14.20224, -7.4], "size": [4, 9, 0], "pivot": [9.11605, 22.70224, -7.4], "rotation": [-10, 0, -22.5], "uv": [63, 0]},
						{"origin": [4.88266, 12.59316, -7.54632], "size": [3, 9, 0], "pivot": [6.38266, 21.09316, -7.54632], "rotation": [-9, 0, -17], "uv": [0, 65]},
						{"origin": [2.40276, 12.99696, -7.4], "size": [4, 9, 0], "pivot": [4.40276, 21.49696, -7.4], "rotation": [-10, 0, 0], "uv": [45, 37]}
					]
				},
				{
					"name": "right_front_body_fur",
					"parent": "body_fur",
					"pivot": [-7.96237, 21.66254, -7.11396],
					"rotation": [2.5, 0, 15],
					"cubes": [
						{"origin": [-12, 15, -7.4], "size": [3, 9, 0], "pivot": [-10.5, 23.5, -7.4], "rotation": [-10, 0, 45], "uv": [78, 15], "mirror": true},
						{"origin": [-11.11605, 14.20224, -7.4], "size": [4, 9, 0], "pivot": [-9.11605, 22.70224, -7.4], "rotation": [-10, 0, 22.5], "uv": [63, 0], "mirror": true},
						{"origin": [-7.88266, 12.59316, -7.54632], "size": [3, 9, 0], "pivot": [-6.38266, 21.09316, -7.54632], "rotation": [-9, 0, 17], "uv": [0, 65], "mirror": true},
						{"origin": [-6.40276, 12.99696, -7.4], "size": [4, 9, 0], "pivot": [-4.40276, 21.49696, -7.4], "rotation": [-10, 0, 0], "uv": [45, 37], "mirror": true}
					]
				},
				{
					"name": "left_back_body_fur",
					"parent": "body_fur",
					"pivot": [7.96237, 22.66254, 7.41396],
					"rotation": [65, 0, -15],
					"cubes": [
						{"origin": [9, 16, 7.7], "size": [3, 11, 0], "pivot": [10.5, 24.5, 7.7], "rotation": [10, 0, -45], "uv": [8, 37]},
						{"origin": [7.11605, 15.20224, 7.7], "size": [4, 11, 0], "pivot": [9.11605, 23.70224, 7.7], "rotation": [10, 0, -22.5], "uv": [0, 37]},
						{"origin": [4.88266, 13.59316, 7.84632], "size": [3, 11, 0], "pivot": [6.38266, 22.09316, 7.84632], "rotation": [9, 0, -17], "uv": [8, 0]},
						{"origin": [2.40276, 13.99696, 7.7], "size": [4, 11, 0], "pivot": [4.40276, 22.49696, 7.7], "rotation": [10, 0, 0], "uv": [0, 0]}
					]
				},
				{
					"name": "right_back_body_fur",
					"parent": "body_fur",
					"pivot": [-7.96237, 22.66254, 7.41396],
					"rotation": [65, 0, 15],
					"cubes": [
						{"origin": [-12, 16, 7.7], "size": [3, 11, 0], "pivot": [-10.5, 24.5, 7.7], "rotation": [10, 0, 45], "uv": [8, 37], "mirror": true},
						{"origin": [-11.11605, 15.20224, 7.7], "size": [4, 11, 0], "pivot": [-9.11605, 23.70224, 7.7], "rotation": [10, 0, 22.5], "uv": [0, 37], "mirror": true},
						{"origin": [-7.88266, 13.59316, 7.84632], "size": [3, 11, 0], "pivot": [-6.38266, 22.09316, 7.84632], "rotation": [9, 0, 17], "uv": [8, 0], "mirror": true},
						{"origin": [-6.40276, 13.99696, 7.7], "size": [4, 11, 0], "pivot": [-4.40276, 22.49696, 7.7], "rotation": [10, 0, 0], "uv": [0, 0], "mirror": true}
					]
				},
				{
					"name": "arms",
					"parent": "torso",
					"pivot": [1.5, 0, 0]
				},
				{
					"name": "left_arm",
					"parent": "arms",
					"pivot": [9, 26, -2.5],
					"rotation": [-45, 45, -22.5],
					"cubes": [
						{"origin": [9, 22, -6.5], "size": [12, 8, 8], "uv": [75, 75]}
					]
				},
				{
					"name": "left_arm_hand",
					"parent": "left_arm",
					"pivot": [23.01833, 28.45929, -2.5],
					"rotation": [0, 0, 67.5],
					"cubes": [
						{"origin": [23, 23.5, -7.5], "size": [12, 9, 10], "uv": [0, 65]},
						{"origin": [32, 28.5, -8.5], "size": [6, 4, 4], "pivot": [35.5, 31, -7], "rotation": [18, 32, -22], "uv": [94, 0]},
						{"origin": [32, 28.5, -0.5], "size": [6, 4, 4], "pivot": [35.5, 31, 2], "rotation": [-18, -32, -22], "uv": [30, 92]},
						{"origin": [33, 22.5, -4.5], "size": [6, 4, 4], "pivot": [36, 24.5, -2.5], "rotation": [0, 0, 22.5], "uv": [90, 52]}
					]
				},
				{
					"name": "right_arm",
					"parent": "arms",
					"pivot": [-9, 26, -2.5],
					"rotation": [45, -45, 22.5],
					"cubes": [
						{"origin": [-21, 22, -6.5], "size": [12, 8, 8], "uv": [75, 75], "mirror": true}
					]
				},
				{
					"name": "right_arm_hand",
					"parent": "right_arm",
					"pivot": [-21.01833, 26.45929, -1.5],
					"rotation": [0, -67.5, 0],
					"cubes": [
						{"origin": [-33, 21.5, -6.5], "size": [12, 9, 10], "uv": [0, 65], "mirror": true},
						{"origin": [-36, 26.5, -7.5], "size": [6, 4, 4], "pivot": [-33.5, 29, -6], "rotation": [18, -32, 22], "uv": [94, 0], "mirror": true},
						{"origin": [-36, 26.5, 0.5], "size": [6, 4, 4], "pivot": [-33.5, 29, 3], "rotation": [-18, 32, 22], "uv": [30, 92], "mirror": true},
						{"origin": [-37, 20.5, -3.5], "size": [6, 4, 4], "pivot": [-34, 22.5, -1.5], "rotation": [0, 0, -22.5], "uv": [90, 52], "mirror": true}
					]
				},
				{
					"name": "tail",
					"parent": "torso",
					"pivot": [0.5, 11.5, 7],
					"cubes": [
						{"origin": [-3.5, 7.5, 6.5], "size": [8, 8, 7], "uv": [0, 84]}
					]
				},
				{
					"name": "tail_segment_1",
					"parent": "tail",
					"pivot": [0.50856, 11.51421, 13.4],
					"cubes": [
						{"origin": [-1.97861, 13.01, 17], "size": [5, 3, 5], "inflate": -0.01, "pivot": [0.52139, 14.51, 19.5], "rotation": [27.77884, -39.46788, -18.89544], "uv": [97, 91]},
						{"origin": [2, 9.03553, 17], "size": [3, 5, 5], "inflate": -0.01, "pivot": [3.5, 11.53553, 19.5], "rotation": [-42.94278, 21.08726, 0.38294], "uv": [0, 99]},
						{"origin": [-4, 9.03553, 17], "size": [3, 5, 5], "inflate": -0.01, "pivot": [-2.5, 11.53553, 19.5], "rotation": [-42.94278, -21.08726, -0.38294], "uv": [0, 99], "mirror": true},
						{"origin": [-1.97861, 6.99, 17], "size": [5, 3, 5], "inflate": -0.01, "pivot": [0.52139, 8.49, 19.5], "rotation": [-27.77884, -39.46788, 18.89544], "uv": [45, 95]},
						{"origin": [-3.5, 7.5, 13.5], "size": [8, 8, 6], "uv": [69, 91]},
						{"origin": [-2, 9, 20.5], "size": [5, 5, 4], "uv": [98, 27]},
						{"origin": [-1.5, 9.5, 24.5], "size": [4, 4, 4], "uv": [97, 99]}
					]
				},
				{
					"name": "head",
					"parent": "torso",
					"pivot": [2.5, 30.5, -4],
					"rotation": [-45, 0, 0],
					"cubes": [
						{"origin": [-7.5, 30, -9.5], "size": [15, 10, 11], "uv": [49, 54]},
						{"origin": [-2.25, 40, -8.5], "size": [2, 5, 0], "pivot": [-0.25, 40, -8.5], "rotation": [-22.5, 0, -5], "uv": [1, 69]},
						{"origin": [-3, 40, -6.5], "size": [3, 6, 0], "pivot": [0, 40, -6.5], "rotation": [-22.5, 0, -5], "uv": [0, 65]},
						{"origin": [-1.5, 32, -3.5], "size": [3, 8, 0], "pivot": [0, 40, -3.5], "rotation": [40, 0, -180], "uv": [0, 65]},
						{"origin": [-4.5, 40, -3.5], "size": [3, 7, 0], "pivot": [-1.5, 40, -3.5], "rotation": [-40, 0, -10], "uv": [24, 28]},
						{"origin": [1.5, 40, -3.5], "size": [3, 7, 0], "pivot": [1.5, 40, -3.5], "rotation": [-40, 0, 10], "uv": [24, 28], "mirror": true},
						{"origin": [-6, 40, -6.5], "size": [3, 5, 0], "pivot": [-3, 40, -6.5], "rotation": [-22.5, 0, -12.5], "uv": [0, 66]},
						{"origin": [-8, 39, -6], "size": [2, 5, 0], "pivot": [-6, 40, -6], "rotation": [-22.5, 0, -27.5], "uv": [1, 66]},
						{"origin": [-8.75, 39, -6], "size": [2, 4, 0], "pivot": [-6.75, 39, -6], "rotation": [-22.5, 0, -67.5], "uv": [1, 66]},
						{"origin": [-9.5, 37, -6], "size": [2, 4, 0], "pivot": [-7.5, 37, -6], "rotation": [-22.5, 0, -90], "uv": [1, 66]},
						{"origin": [7.5, 37, -6], "size": [2, 4, 0], "pivot": [7.5, 37, -6], "rotation": [-22.5, 0, 90], "uv": [1, 66], "mirror": true},
						{"origin": [6.75, 39, -6], "size": [2, 4, 0], "pivot": [6.75, 39, -6], "rotation": [-22.5, 0, 67.5], "uv": [1, 66], "mirror": true},
						{"origin": [6, 39, -6], "size": [2, 5, 0], "pivot": [6, 40, -6], "rotation": [-22.5, 0, 27.5], "uv": [1, 66], "mirror": true},
						{"origin": [3, 40, -6.5], "size": [3, 5, 0], "pivot": [3, 40, -6.5], "rotation": [-22.5, 0, 12.5], "uv": [0, 66], "mirror": true},
						{"origin": [0.25, 40, -8.5], "size": [2, 5, 0], "pivot": [0.25, 40, -8.5], "rotation": [-22.5, 0, 5], "uv": [1, 69], "mirror": true},
						{"origin": [0, 40, -6.5], "size": [3, 6, 0], "pivot": [0, 40, -6.5], "rotation": [-22.5, 0, 5], "uv": [0, 65], "mirror": true}
					]
				},
				{
					"name": "left_eye",
					"parent": "head",
					"pivot": [6.37187, 37.45056, -9.5],
					"cubes": [
						{"origin": [2.50081, 36.21299, -9.5], "size": [1, 1, 0], "inflate": 0.03, "pivot": [3.00081, 36.71299, -9.5], "rotation": [0, 0, -2.5], "uv": [0, 14]},
						{"origin": [1.7, 34.7, -9.5], "size": [4, 3, 0], "inflate": 0.02, "pivot": [3.95, 36.2, -9], "rotation": [0, 0, -15], "uv": [0, 11]},
						{"origin": [0.7, 34.4, -9.5], "size": [8, 5, 0], "inflate": 0.01, "pivot": [5.45, 37.4, -9.5], "rotation": [0, 0, -15], "uv": [101, 66]},
						{"origin": [7.93568, 36.72584, -9.5], "size": [3, 2, 0], "inflate": 0.01, "pivot": [7.72322, 37.97322, -9.5], "rotation": [0, 0, -35], "uv": [8, 13]},
						{"origin": [8.1, 35.1, -9.5], "size": [3, 2, 0], "inflate": 0.01, "pivot": [7.72322, 37.47322, -9.5], "rotation": [0, 0, -12.5], "uv": [8, 11]},
						{"origin": [6.78137, 38.35711, -9.5], "size": [4, 2, 0], "inflate": 0.01, "pivot": [7.72322, 38.47322, -9.5], "rotation": [0, 0, -57.5], "uv": [45, 46]}
					]
				},
				{
					"name": "right_eye",
					"parent": "head",
					"pivot": [-5.51129, 30.02419, -5],
					"cubes": [
						{"origin": [-3.50081, 36.21299, -9.5], "size": [1, 1, 0], "inflate": 0.03, "pivot": [-3.00081, 36.71299, -9.5], "rotation": [0, 0, 2.5], "uv": [0, 14], "mirror": true},
						{"origin": [-5.7, 34.7, -9.5], "size": [4, 3, 0], "inflate": 0.02, "pivot": [-3.95, 36.2, -9], "rotation": [0, 0, 15], "uv": [0, 11], "mirror": true},
						{"origin": [-8.7, 34.4, -9.5], "size": [8, 5, 0], "inflate": 0.01, "pivot": [-5.45, 37.4, -9.5], "rotation": [0, 0, 15], "uv": [101, 66], "mirror": true},
						{"origin": [-10.93568, 36.72584, -9.5], "size": [3, 2, 0], "inflate": 0.01, "pivot": [-7.72322, 37.97322, -9.5], "rotation": [0, 0, 35], "uv": [8, 13], "mirror": true},
						{"origin": [-11.1, 35.1, -9.5], "size": [3, 2, 0], "inflate": 0.01, "pivot": [-7.72322, 37.47322, -9.5], "rotation": [0, 0, 12.5], "uv": [8, 11], "mirror": true},
						{"origin": [-10.78137, 38.35711, -9.5], "size": [4, 2, 0], "inflate": 0.01, "pivot": [-7.72322, 38.47322, -9.5], "rotation": [0, 0, 57.5], "uv": [45, 46], "mirror": true}
					]
				},
				{
					"name": "head_fur",
					"parent": "head",
					"pivot": [0, 32.57176, -9.82327],
					"cubes": [
						{"origin": [1.73983, 26.0198, -9.33402], "size": [3, 7, 0], "pivot": [0, 33.7996, -9.07244], "rotation": [-7.68954, -0.70963, -24.78205], "uv": [23, 84]},
						{"origin": [3.43971, 25.85064, -9.34265], "size": [2, 6, 0], "pivot": [0, 33.7996, -9.07244], "rotation": [-7.35698, -2.35266, -37.17847], "uv": [6, 65]},
						{"origin": [-0.17834, 26.91338, -9.33851], "size": [3, 7, 0], "pivot": [0, 33.7996, -9.07244], "rotation": [-7.61267, 1.29876, -9.91615], "uv": [0, 84]},
						{"origin": [-2.82166, 26.91338, -9.33851], "size": [3, 7, 0], "pivot": [0, 33.7996, -9.07244], "rotation": [-7.61267, -1.29876, 9.91615], "uv": [0, 84], "mirror": true},
						{"origin": [-4.73983, 26.0198, -9.33402], "size": [3, 7, 0], "pivot": [0, 33.7996, -9.07244], "rotation": [-7.68954, 0.70963, 24.78205], "uv": [23, 84], "mirror": true},
						{"origin": [-5.43971, 25.85064, -9.34265], "size": [2, 6, 0], "pivot": [0, 33.7996, -9.07244], "rotation": [-7.35698, 2.35266, 37.17847], "uv": [6, 65], "mirror": true},
						{"origin": [-5.43971, 27.35064, -12.34265], "size": [2, 6, 0], "pivot": [-3, 34.7996, -9.07244], "rotation": [-30.54431, 75.41861, 7.75228], "uv": [6, 65], "mirror": true},
						{"origin": [-6.43971, 28.35064, -13.34265], "size": [2, 6, 0], "pivot": [-3, 34.7996, -9.07244], "rotation": [-143.04137, 77.71355, -106.19494], "uv": [6, 65], "mirror": true},
						{"origin": [4.43971, 28.35064, -13.34265], "size": [2, 6, 0], "pivot": [3, 34.7996, -9.07244], "rotation": [-143.04137, -77.71355, 106.19494], "uv": [6, 65]},
						{"origin": [3.43971, 27.35064, -12.34265], "size": [2, 6, 0], "pivot": [3, 34.7996, -9.07244], "rotation": [-30.54431, -75.41861, -7.75228], "uv": [6, 65]}
					]
				},
				{
					"name": "mouth",
					"parent": "head",
					"pivot": [2.5, 27.5, -5],
					"cubes": [
						{"origin": [-4, 29.5, -9.5], "size": [8, 3, 0], "inflate": 0.01, "uv": [46, 92]}
					]
				},
				{
					"name": "eyelids",
					"parent": "head",
					"pivot": [0, 36.1353, -8.1],
					"cubes": [
						{"origin": [1.7, 34.7, -8.6], "size": [4, 3, 1], "inflate": 0.02, "pivot": [3.95, 36.2, -7.1], "rotation": [0, 0, -15], "uv": [22, 27]},
						{"origin": [-5.7, 34.7, -8.6], "size": [4, 3, 1], "inflate": 0.02, "pivot": [-3.95, 36.2, -7.1], "rotation": [0, 0, 15], "uv": [22, 27], "mirror": true}
					]
				},
				{
					"name": "legs",
					"parent": "body",
					"pivot": [1.5, 0, 0]
				},
				{
					"name": "left_leg",
					"parent": "legs",
					"pivot": [6.55433, 15.48097, 0],
					"cubes": [
						{"origin": [0.4, 4, -7.5], "size": [15, 13, 15], "pivot": [6.9, 9.5, -1], "rotation": [0, 0, -22.5], "uv": [0, 37]}
					]
				},
				{
					"name": "left_foot",
					"parent": "left_leg",
					"pivot": [9.34444, 5.05556, 0.03756],
					"cubes": [
						{"origin": [4.9, 0, -4.5], "size": [9, 3, 9], "inflate": -0.01, "uv": [78, 15]},
						{"origin": [7.4, 0, -8.5], "size": [4, 2, 4], "uv": [101, 60]},
						{"origin": [11.4, 0, 2.3], "size": [4, 2, 5], "pivot": [13.4, 1, 5.3], "rotation": [0, -45, 0], "uv": [16, 99]},
						{"origin": [3.6, 0, 2.3], "size": [4, 2, 5], "pivot": [5.6, 1, 5.3], "rotation": [0, 45, 0], "uv": [16, 99], "mirror": true},
						{"origin": [7.4, 0, 4.5], "size": [4, 2, 4], "uv": [100, 42]},
						{"origin": [1.9, 0, -1], "size": [4, 2, 4], "pivot": [3.9, 1, 0.16903], "rotation": [0, -90, 0], "uv": [100, 36]},
						{"origin": [3.4, 0, -7.3], "size": [4, 2, 5], "pivot": [5.4, 1, -5.3], "rotation": [0, -45, 0], "uv": [64, 75]},
						{"origin": [13.1, 0, -1], "size": [4, 2, 4], "pivot": [15.1, 1, 0.16903], "rotation": [0, 90, 0], "uv": [100, 36], "mirror": true},
						{"origin": [11.6, 0, -7.3], "size": [4, 2, 5], "pivot": [13.6, 1, -5.3], "rotation": [0, 45, 0], "uv": [64, 75], "mirror": true},
						{"origin": [4.9, 3, -5.5], "size": [10, 6, 11], "uv": [33, 75]}
					]
				},
				{
					"name": "right_leg",
					"parent": "legs",
					"pivot": [-6.55433, 15.48097, 0],
					"cubes": [
						{"origin": [-15.4, 4, -7.5], "size": [15, 13, 15], "pivot": [-6.9, 9.5, -1], "rotation": [0, 0, 22.5], "uv": [0, 37], "mirror": true}
					]
				},
				{
					"name": "right_foot",
					"parent": "right_leg",
					"pivot": [-9.34444, 5.05556, 0.03756],
					"cubes": [
						{"origin": [-13.9, 0, -4.5], "size": [9, 3, 9], "inflate": -0.01, "uv": [78, 15], "mirror": true},
						{"origin": [-11.4, 0, -8.5], "size": [4, 2, 4], "uv": [101, 60], "mirror": true},
						{"origin": [-15.4, 0, 2.3], "size": [4, 2, 5], "pivot": [-13.4, 1, 5.3], "rotation": [0, 45, 0], "uv": [16, 99], "mirror": true},
						{"origin": [-7.6, 0, 2.3], "size": [4, 2, 5], "pivot": [-5.6, 1, 5.3], "rotation": [0, -45, 0], "uv": [16, 99]},
						{"origin": [-11.4, 0, 4.5], "size": [4, 2, 4], "uv": [100, 42], "mirror": true},
						{"origin": [-5.9, 0, -1], "size": [4, 2, 4], "pivot": [-3.9, 1, 0.16903], "rotation": [0, 90, 0], "uv": [100, 36], "mirror": true},
						{"origin": [-7.4, 0, -7.3], "size": [4, 2, 5], "pivot": [-5.4, 1, -5.3], "rotation": [0, 45, 0], "uv": [64, 75], "mirror": true},
						{"origin": [-17.1, 0, -1], "size": [4, 2, 4], "pivot": [-15.1, 1, 0.16903], "rotation": [0, -90, 0], "uv": [100, 36]},
						{"origin": [-15.6, 0, -7.3], "size": [4, 2, 5], "pivot": [-13.6, 1, -5.3], "rotation": [0, -45, 0], "uv": [64, 75]},
						{"origin": [-14.9, 3, -5.5], "size": [10, 6, 11], "uv": [33, 75], "mirror": true}
					]
				}
			]
		}
	]
}