{
	"format_version": "1.8.0",
	"animations": {
		"animation.hawlucha.ground_idle": {
			"loop": true,
			"bones": {
				"foot_left": {
					"rotation": ["-math.cos(q.anim_time*90*2)*3", 0, 0]
				},
				"foot_right": {
					"rotation": ["-math.cos(q.anim_time*90*2-45)*3", 0, 0]
				},
				"torso": {
					"rotation": ["math.cos(q.anim_time*90*2)", "math.cos(q.anim_time*90*2+45)", 0],
					"position": [0, "-1/4-math.cos(q.anim_time*90*2-22.5)/4", 0]
				},
				"chest": {
					"rotation": [-5, 0, 0],
					"position": [0, -0.24996, -0.00436]
				},
				"wing_back": {
					"rotation": [27.5, 0, 0]
				},
				"wing_back_left": {
					"rotation": [0, 0, -7.5]
				},
				"wing_back_right": {
					"rotation": [0, 0, 7.5]
				},
				"wing_back2": {
					"rotation": [-12.5, 0, 0]
				},
				"arm_right": {
					"rotation": [9.7822, "10.3043+math.cos(q.anim_time*90*2-45)*2", -38.4881]
				},
				"arm_right2": {
					"rotation": [25.7112, "-42.6287+math.cos(q.anim_time*90*2-90)*3", -29.9901],
					"position": [1, 0, 1]
				},
				"hand_right": {
					"rotation": [0, "-5+math.cos(q.anim_time*90*2-90-45)*3", -22.5]
				},
				"finger_front_right": {
					"rotation": [121.97401, -19.44675, -49.22434],
					"position": [0.91298, -0.98715, -0.38512]
				},
				"finger_back_right": {
					"rotation": [-120.30974, 14.31429, -42.9406],
					"position": [0.91296, -0.98713, 0.38508]
				},
				"finger_mid_right": {
					"rotation": [0, 0, -7.5],
					"position": [0.25, 0.43301, 0]
				},
				"wing_right0": {
					"rotation": [17.52901, -4.85982, 2.89469]
				},
				"wing_right": {
					"rotation": [2.38443, -0.75155, 17.48436]
				},
				"wing_right_segment": {
					"rotation": [-15, 0, 0]
				},
				"wing_right2": {
					"rotation": [7.55366, -0.48162, 10.17238],
					"position": [0.5, 0.04, -0.27],
					"scale": 1
				},
				"wing_right2_segment": {
					"rotation": [-10, 0, 0]
				},
				"wing_right1": {
					"rotation": [15.8812, "-40.2158+math.cos(q.anim_time*90*2-90)*3", -16.40117],
					"position": [1.80455, 0.41, 0.25118]
				},
				"wing_right3": {
					"rotation": [0, 0, 15],
					"position": [-0.74358, -0.09789, 0]
				},
				"wing_right4": {
					"rotation": [0, 0, 25]
				},
				"wing_right5": {
					"rotation": [0, 0, 35],
					"position": [0.25428, 0.09526, 0]
				},
				"arm_left": {
					"rotation": [9.78, "-10.3043+math.cos(q.anim_time*90*2-45)*2", 38.49],
					"position": [-0.77331, 0.6149, -0.15454]
				},
				"arm_left2": {
					"rotation": [25.7112, "42.6287+math.cos(q.anim_time*90*2-90)*3", 29.9901],
					"position": [-1, 0, 1]
				},
				"hand_left": {
					"rotation": [0, "5+math.cos(q.anim_time*90*2-90-45)*3", 22.5]
				},
				"finger_front_left": {
					"rotation": [121.97401, 19.44675, 49.22434],
					"position": [-0.91298, -0.98715, -0.38512]
				},
				"finger_back_left": {
					"rotation": [-120.30974, -14.31429, 42.9406],
					"position": [-0.91296, -0.98713, 0.38508]
				},
				"finger_mid_left": {
					"rotation": [0, 0, 7.5],
					"position": [-0.25, 0.43301, 0]
				},
				"wing_left0": {
					"rotation": [17.52901, 4.85982, -2.89469]
				},
				"wing_left": {
					"rotation": [2.38443, 0.75155, -17.48436]
				},
				"wing_left_segment": {
					"rotation": [-15, 0, 0]
				},
				"wing_left2": {
					"rotation": [7.55366, 0.48162, -10.17238],
					"position": [-0.5, 0.04, -0.27],
					"scale": 1
				},
				"wing_left2_segment": {
					"rotation": [-10, 0, 0]
				},
				"wing_left1": {
					"rotation": [15.8812, "40.2158+math.cos(q.anim_time*90*2-90)*3", 16.40117],
					"position": [-1.80455, 0.41, 0.25118]
				},
				"wing_left3": {
					"rotation": [0, 0, -15],
					"position": [0.74358, -0.09789, 0]
				},
				"wing_left4": {
					"rotation": [0, 0, -25]
				},
				"wing_left5": {
					"rotation": [0, 0, -35],
					"position": [-0.25428, 0.09526, 0]
				},
				"torso_feather_front_left": {
					"rotation": [17.5, 0, 0]
				},
				"torso_feather_front_right": {
					"rotation": [20, 0, 0]
				},
				"torso_feather_side_left": {
					"rotation": [25, 0, 0]
				},
				"torso_feather_side_right": {
					"rotation": [27.5, 0, 0]
				},
				"torso_feather_mid_right": {
					"rotation": [0, 0, -32.5]
				},
				"torso_feather_mid_left": {
					"rotation": [0, 0, 32.5]
				},
				"torso_feather_back_right": {
					"rotation": [0, 0, -42.5]
				},
				"torso_feather_back_left": {
					"rotation": [0, 0, 27.5]
				},
				"leg_right": {
					"rotation": [10, 22.5, 2.5],
					"position": ["0.5-math.cos(q.anim_time*90*2-45)/9", "0.125-math.cos(q.anim_time*90*2-45)/15", "0.5-math.cos(q.anim_time*90*2-45)/4"]
				},
				"leg_right2": {
					"rotation": ["math.cos(q.anim_time*90*2-45)*3", 0, 0]
				},
				"leg_left": {
					"rotation": [15, -45, -5],
					"position": ["-1+math.cos(q.anim_time*90*2)/5", "-math.cos(q.anim_time*90*2)/16", "0.75-math.cos(q.anim_time*90*2)/6"]
				},
				"leg_left2": {
					"rotation": ["math.cos(q.anim_time*90*2)*3", 0, 0]
				},
				"feet_left": {
					"rotation": [-5, 0, 0]
				}
			}
		},
		"animation.hawlucha.battle_idle": {
			"loop": true,
			"bones": {
				"foot_left": {
					"rotation": ["-math.cos(q.anim_time*90*2)*3", 0, 0]
				},
				"foot_right": {
					"rotation": ["-math.cos(q.anim_time*90*2-45)*3", 0, 0]
				},
				"torso": {
					"rotation": ["7.5+math.cos(q.anim_time*90*2)", "0+math.cos(q.anim_time*90*2+45)", 0],
					"position": [0, "-1/4-math.cos(q.anim_time*90*2-22.5)/4", 0]
				},
				"chest": {
					"rotation": [-5, 0, 0],
					"position": [0, -0.24996, -0.00436]
				},
				"wing_back": {
					"rotation": [27.5, 0, 0]
				},
				"wing_back_left": {
					"rotation": [0, 0, -7.5]
				},
				"wing_back_right": {
					"rotation": [0, 0, 7.5]
				},
				"arm_right": {
					"rotation": [15.2, "-0.5784+math.cos(q.anim_time*90*2-45)*2", 8.12]
				},
				"arm_right2": {
					"rotation": [-46.59571, "-51.058+math.cos(q.anim_time*90*2-90)*3", 35.7408],
					"position": [1, 0, 1]
				},
				"hand_right": {
					"rotation": [-3.02236, "-4.3298+math.cos(q.anim_time*90*2-90-45)*3", 2.67037]
				},
				"finger_front_right": {
					"rotation": [121.97401, -19.44675, -49.22434],
					"position": [0.91298, -0.98715, -0.38512]
				},
				"finger_back_right": {
					"rotation": [-120.30974, 14.31429, -42.9406],
					"position": [0.91296, -0.98713, 0.38508]
				},
				"finger_mid_right": {
					"rotation": [0, 0, -7.5],
					"position": [0.25, 0.43301, 0]
				},
				"wing_right0": {
					"rotation": [17.52901, -4.85982, 2.89469]
				},
				"wing_right": {
					"rotation": [2.4905, 0.21782, -4.99527]
				},
				"wing_right_segment": {
					"rotation": [-15, 0, 0]
				},
				"wing_right2": {
					"rotation": [7.52313, 0.83357, 0.25898],
					"position": [0.5, 0.04, -0.27],
					"scale": 1
				},
				"wing_right2_segment": {
					"rotation": [-10, 0, 0]
				},
				"wing_right1": {
					"rotation": [-8.73028, "-42.0054+math.cos(q.anim_time*90*2-90)*3", 20.3027],
					"position": [2.61153, 1.44472, 0.77035]
				},
				"wing_right3": {
					"rotation": [-3.12985, 5.74974, -2.49647],
					"position": [-0.74358, -0.09789, 0]
				},
				"wing_right4": {
					"rotation": [0, 0, 10]
				},
				"wing_right5": {
					"rotation": [0, 0, 17.5],
					"position": [0.25428, 0.09526, 0]
				},
				"arm_left": {
					"rotation": [17.32279, "-42.4558+math.cos(q.anim_time*90*2-45)*2", -4.55308]
				},
				"arm_left2": {
					"rotation": [214.2526, "52.7267+math.cos(q.anim_time*90*2-90)*3", 218.8686],
					"position": [-1, 0, 1]
				},
				"hand_left": {
					"rotation": [0, "5+math.cos(q.anim_time*90*2-90-45)*3", 22.5]
				},
				"finger_front_left": {
					"rotation": [17.08924, 19.57189, 2.29851],
					"position": [-0.91298, -0.98715, -0.38512]
				},
				"finger_back_left": {
					"rotation": [-17.0892, -19.5719, -2.2985],
					"position": [-0.91296, -0.98713, 0.38508]
				},
				"finger_mid_left": {
					"rotation": [0, 0, 7.5],
					"position": [-0.25, 0.43301, 0]
				},
				"wing_left0": {
					"rotation": [17.52901, 4.85982, -2.89469]
				},
				"wing_left": {
					"rotation": [2.49762, 0.10901, -2.49762],
					"position": [2.79983, 0.52828, 0.23058]
				},
				"wing_left_segment": {
					"rotation": [-15, 0, 0]
				},
				"wing_left2": {
					"rotation": [-31.04315, 44.26389, -38.09854],
					"position": [2.11616, 1.78599, -0.09286],
					"scale": 1
				},
				"wing_left2_segment": {
					"rotation": [-10, 0, 0]
				},
				"wing_left1": {
					"rotation": [-79.00366, "55.7294+math.cos(q.anim_time*90*2-90)*3", -109.63305],
					"position": [-1.79907, 2.02885, -0.3659]
				},
				"wing_left3": {
					"rotation": [0, 0, -15],
					"position": [0.74358, -0.09789, 0]
				},
				"wing_left4": {
					"rotation": [0, 0, -25]
				},
				"wing_left5": {
					"rotation": [0, 0, -35],
					"position": [-0.25428, 0.09526, 0]
				},
				"torso_feather_front_left": {
					"rotation": [17.5, 0, 0]
				},
				"torso_feather_front_right": {
					"rotation": [20, 0, 0]
				},
				"torso_feather_side_left": {
					"rotation": [25, 0, 0]
				},
				"torso_feather_side_right": {
					"rotation": [-37.07723, -6.06809, -7.96341],
					"position": [0, -0.49451, -0.0739]
				},
				"torso_feather_mid_right": {
					"rotation": [0, 0, 0]
				},
				"torso_feather_mid_left": {
					"rotation": [0, 0, 32.5]
				},
				"torso_feather_back_right": {
					"rotation": [0, 0, -42.5]
				},
				"torso_feather_back_left": {
					"rotation": [0, 0, 27.5]
				},
				"leg_right": {
					"rotation": [-61.77446, 24.73311, -8.142],
					"position": ["1.5-math.cos(q.anim_time*90*2-45)/9", "0.125-math.cos(q.anim_time*90*2-45)/15", "3.5-math.cos(q.anim_time*90*2-45)/4"]
				},
				"leg_right2": {
					"rotation": ["65.1543+math.cos(q.anim_time*90*2-45)*3", 1.79269, 9.83961],
					"position": [0.06056, 0.91612, 0.63243]
				},
				"leg_left": {
					"rotation": [24.1195, 18.65429, 0.78229],
					"position": ["-1+math.cos(q.anim_time*90*2)/5", "2-math.cos(q.anim_time*90*2)/16", "1-math.cos(q.anim_time*90*2)/6"]
				},
				"leg_left2": {
					"rotation": ["10+math.cos(q.anim_time*90*2)*3", 0, 0]
				},
				"feet_left": {
					"rotation": [-40, 0, 0],
					"position": [-0.05944, -0.11352, -0.77943]
				},
				"body": {
					"position": [0, -3.75, 0]
				},
				"wing_back2": {
					"rotation": [-17.5, 0, 0]
				},
				"wing_right3_segment": {
					"rotation": [-7.5, 0, 0]
				},
				"wing_right4_segment": {
					"rotation": [-10, 0, 0]
				},
				"wing_right5_segment": {
					"rotation": [-10, 0, 0]
				},
				"neck": {
					"rotation": [0, 0, 0]
				},
				"wing_left3_segment": {
					"rotation": [-17.5, 0, 0]
				},
				"wing_left4_segment": {
					"rotation": [-7.5, 0, 0]
				},
				"wing_left5_segment": {
					"rotation": [-15, 0, 0]
				},
				"feet_right": {
					"position": [0.04254, -0.48629, -0.10822]
				}
			}
		},
		"animation.hawlucha.ground_walk": {
			"loop": true,
			"animation_length": 1,
			"bones": {
				"foot_left": {
					"rotation": {
						"0.0": [0, 0, 0],
						"0.3333": [0, 0, 0],
						"0.5": [45, 0, 0],
						"0.625": [-22.5, 0, 0],
						"0.75": [0, 0, 0],
						"1.0": [0, 0, 0]
					},
					"position": {
						"0.5": [0, 0, 0],
						"0.625": [0, -0.5, 0],
						"0.75": [0, 0, 0],
						"1.0": [0, 0, 0]
					}
				},
				"foot_right": {
					"rotation": {
						"0.0": [45, 0, 0],
						"0.125": [-22.5, 0, 0],
						"0.25": [0, 0, 0],
						"0.5": [0, 0, 0],
						"0.8333": [0, 0, 0],
						"1.0": [45, 0, 0]
					},
					"position": {
						"0.0": [0, 0, 0],
						"0.125": [0, -0.5, 0],
						"0.25": [0, 0, 0],
						"0.5": [0, 0, 0],
						"1.0": [0, 0, 0]
					}
				},
				"torso": {
					"rotation": ["math.cos(q.anim_time*90*4*2)", "-math.cos(q.anim_time*90*4)*5", "math.cos(q.anim_time*90*4)*2"],
					"position": [0, "-1/3.5+math.cos(q.anim_time*90*4*2-45)/3.5", 0]
				},
				"chest": {
					"rotation": [-5, 0, 0],
					"position": [0.01738, -0.49959, -0.01024]
				},
				"wing_back": {
					"rotation": [27.5, 0, 0]
				},
				"wing_back2": {
					"rotation": [-15, 0, 0]
				},
				"arm_right": {
					"rotation": [0, "22.5-math.cos(q.anim_time*90*4-45)*10", -45]
				},
				"arm_right2": {
					"rotation": [0, "-45-math.cos(q.anim_time*90*4-90)*10", 0],
					"position": [1, 0, 1]
				},
				"hand_right": {
					"rotation": [0, "-15-math.cos(q.anim_time*90*4-90-45)*10", -22.5]
				},
				"finger_front_right": {
					"rotation": [121.97401, -19.44675, -49.22434],
					"position": [0.91298, -0.98715, -0.38512]
				},
				"finger_back_right": {
					"rotation": [-120.30974, 14.31429, -42.9406],
					"position": [0.91296, -0.98713, 0.38508]
				},
				"finger_mid_right": {
					"rotation": [0, 0, -7.5],
					"position": [0.25, 0.43301, 0]
				},
				"wing_right0": {
					"rotation": [17.52901, -4.85982, 2.89469]
				},
				"wing_right": {
					"rotation": [2.38443, -0.75155, 17.48436],
					"position": [-0.79817, 0.46912, 0.62678]
				},
				"wing_right_segment": {
					"rotation": [-15, 0, 0]
				},
				"wing_right2": {
					"rotation": [7.55366, -0.48162, 10.17238],
					"position": [-0.69725, 0.74368, 0.67017],
					"scale": 1
				},
				"wing_right2_segment": {
					"rotation": [-10, 0, 0]
				},
				"wing_right1": {
					"rotation": [15.8812, "-40.2158-math.cos(q.anim_time*90*4-90)*10", -16.40117],
					"position": [1.08077, 2.55374, 0.9205]
				},
				"wing_right3": {
					"rotation": [0, 0, 15],
					"position": [-0.74358, -0.09789, 0]
				},
				"wing_right3_segment": {
					"rotation": [-7.5, 0, 0]
				},
				"wing_right4": {
					"rotation": [0, 0, 25]
				},
				"wing_right4_segment": {
					"rotation": [-7.5, 0, 0]
				},
				"wing_right5": {
					"rotation": [0, 0, 35],
					"position": [0.25428, 0.09526, 0]
				},
				"wing_right5_segment": {
					"rotation": [-7.5, 0, 0]
				},
				"head": {
					"rotation": ["math.cos(q.anim_time*90*4*2+90)", "-math.cos(q.anim_time*90*4+90)", "math.cos(q.anim_time*90*4+45)*2"]
				},
				"arm_left": {
					"rotation": [0, "-22.5-math.cos(q.anim_time*90*4-45)*10", 45]
				},
				"arm_left2": {
					"rotation": [0, "45-math.cos(q.anim_time*90*4-90)*10", 0],
					"position": [-1, 0, 1]
				},
				"hand_left": {
					"rotation": [0, "15-math.cos(q.anim_time*90*4-90-45)*10", 22.5]
				},
				"finger_front_left": {
					"rotation": [121.97401, 19.44675, 49.22434],
					"position": [-0.91298, -0.98715, -0.38512]
				},
				"finger_back_left": {
					"rotation": [-120.30974, -14.31429, 42.9406],
					"position": [-0.91296, -0.98713, 0.38508]
				},
				"finger_mid_left": {
					"rotation": [0, 0, 7.5],
					"position": [-0.25, 0.43301, 0]
				},
				"wing_left0": {
					"rotation": [17.52901, 4.85982, -2.89469]
				},
				"wing_left": {
					"rotation": [2.38443, 0.75155, -17.48436],
					"position": [0.79817, 0.46912, 0.62678]
				},
				"wing_left_segment": {
					"rotation": [-15, 0, 0]
				},
				"wing_left2": {
					"rotation": [7.55366, 0.48162, -10.17238],
					"position": [0.69725, 0.74368, 0.67017],
					"scale": 1
				},
				"wing_left2_segment": {
					"rotation": [-10, 0, 0]
				},
				"wing_left1": {
					"rotation": [15.8812, "40.2158-math.cos(q.anim_time*90*4-90)*10", 16.40117],
					"position": [-1.08077, 2.55374, 0.9205]
				},
				"wing_left3": {
					"rotation": [0, 0, -15],
					"position": [0.74358, -0.09789, 0]
				},
				"wing_left4": {
					"rotation": [0, 0, -25]
				},
				"wing_left5": {
					"rotation": [0, 0, -35],
					"position": [-0.25428, 0.09526, 0]
				},
				"wing_left5_segment": {
					"rotation": [-7.5, 0, 0]
				},
				"leg_right": {
					"rotation": {
						"0.0": [13.13, 22.5, 2.5],
						"0.125": {
							"pre": [0, 22.5, 2.5],
							"post": [0, 22.5, 2.5],
							"lerp_mode": "catmullrom"
						},
						"0.25": [7.5, 22.5, 2.5],
						"0.5": [7.5, 22.5, 2.5],
						"0.75": [7.5, 22.5, 2.5],
						"0.875": {
							"pre": [25, 22.5, 2.5],
							"post": [25, 22.5, 2.5],
							"lerp_mode": "catmullrom"
						},
						"1.0": [13.13, 22.5, 2.5]
					},
					"position": {
						"0.0": [1, 1.5, 0],
						"0.0833": [1, 1.25, -0.67],
						"0.125": [1, 1, -1],
						"0.25": [1, 0, 0],
						"0.5": [1, 0, 0],
						"0.75": [1, 0, 2],
						"0.875": [1, 1, 1],
						"0.9167": [1, 1.25, 0.67],
						"1.0": [1, 1.5, 0]
					}
				},
				"leg_right2": {
					"rotation": {
						"0.0": [-0.28, 0, 0],
						"0.125": {
							"pre": [-10, 0, 0],
							"post": [-10, 0, 0],
							"lerp_mode": "catmullrom"
						},
						"0.25": [0, 0, 0],
						"0.5": [0, 0, 0],
						"0.625": [0, 0, 0],
						"0.75": {
							"pre": [22.5, 0, 0],
							"post": [22.5, 0, 0],
							"lerp_mode": "catmullrom"
						},
						"1.0": [-0.28, 0, 0]
					}
				},
				"leg_left": {
					"rotation": {
						"0.0": [7.5, -22.5, -2.5],
						"0.25": [7.5, -22.5, -2.5],
						"0.375": {
							"pre": [25, -22.5, -2.5],
							"post": [25, -22.5, -2.5],
							"lerp_mode": "catmullrom"
						},
						"0.5": [13.13, -22.5, -2.5],
						"0.625": {
							"pre": [0, -22.5, -2.5],
							"post": [0, -22.5, -2.5],
							"lerp_mode": "catmullrom"
						},
						"0.75": [7.5, -22.5, -2.5],
						"1.0": [7.5, -22.5, -2.5]
					},
					"position": {
						"0.0": [-1, 0, 0],
						"0.25": [-1, 0, 2],
						"0.375": [-1, 1, 1],
						"0.4167": [-1, 1.25, 0.67],
						"0.5": [-1, 1.5, 0],
						"0.5833": [-1, 1.25, 0.33],
						"0.625": [-1, 1, 0],
						"0.75": [-1, 0, 0],
						"1.0": [-1, 0, 0]
					}
				},
				"leg_left2": {
					"rotation": {
						"0.0": [0, 0, 0],
						"0.125": [0, 0, 0],
						"0.25": {
							"pre": [22.5, 0, 0],
							"post": [22.5, 0, 0],
							"lerp_mode": "catmullrom"
						},
						"0.5": [-0.28, 0, 0],
						"0.625": {
							"pre": [-10, 0, 0],
							"post": [-10, 0, 0],
							"lerp_mode": "catmullrom"
						},
						"0.75": [0, 0, 0],
						"1.0": [0, 0, 0]
					}
				}
			}
		},
		"animation.hawlucha.air_glide": {
			"loop": true,
			"animation_length": 4,
			"bones": {
				"foot_left": {
					"rotation": [45, 0, 0]
				},
				"foot_right": {
					"rotation": [45, 0, 0]
				},
				"body": {
					"rotation": ["40-math.sin(q.anim_time*90)", 0, "math.cos(q.anim_time*90*4)/2"],
					"position": ["0+math.cos(q.anim_time*90*4*2-45)/5", "0+math.cos(q.anim_time*90*2)/2", 3]
				},
				"torso": {
					"rotation": [15, 0, 0]
				},
				"chest": {
					"rotation": [-5, 0, 0],
					"position": [0, -0.40958, 0.28679]
				},
				"arm_right": {
					"rotation": [12.09, 22.41, "-2.0675-math.sin(q.anim_time*90)*3"],
					"position": [0.49998, -0.0025, -0.00357]
				},
				"arm_right2": {
					"rotation": [-26.53295, -19.26577, -7.8793]
				},
				"hand_right": {
					"rotation": [0, -25, 0]
				},
				"finger_front_right": {
					"rotation": [121.97401, -19.44675, -49.22434],
					"position": [0.91298, -0.98715, -0.38512]
				},
				"finger_back_right": {
					"rotation": [-120.30974, 14.31429, -42.9406],
					"position": [0.91296, -0.98713, 0.38508]
				},
				"finger_mid_right": {
					"rotation": [0, 0, -7.5],
					"position": [0.25, 0.43301, 0]
				},
				"wing_right2": {
					"position": [0.12299, 0.38302, -0.29693]
				},
				"wing_right1": {
					"rotation": [0, -25, 0],
					"position": [0.18449, 0.57453, -0.44539]
				},
				"head": {
					"rotation": [-37.5, 0, 0],
					"position": [0.00654, -2.51156, -0.31892]
				},
				"arm_left": {
					"rotation": [12.09, -22.41, "2.0675-math.sin(q.anim_time*90)*3"],
					"position": [-0.49998, -0.0025, -0.00357]
				},
				"arm_left2": {
					"rotation": [-26.53295, 19.26577, 7.8793]
				},
				"hand_left": {
					"rotation": [0, 25, 0]
				},
				"finger_front_left": {
					"rotation": [121.97401, 19.44675, 49.22434],
					"position": [-0.91298, -0.98715, -0.38512]
				},
				"finger_back_left": {
					"rotation": [-120.30974, -14.31429, 42.9406],
					"position": [-0.91296, -0.98713, 0.38508]
				},
				"finger_mid_left": {
					"rotation": [0, 0, 7.5],
					"position": [-0.25, 0.43301, 0]
				},
				"wing_left2": {
					"position": [-0.12299, 0.38302, -0.29693]
				},
				"wing_left1": {
					"rotation": [0, 25, 0],
					"position": [-0.18449, 0.57453, -0.44539]
				},
				"leg_right": {
					"rotation": ["-24.2419+math.cos(q.anim_time*90*2)*2", 9.21624, -9.52137],
					"position": [0.99124, 0.12991, 1.41442]
				},
				"leg_right2": {
					"rotation": [92.3423, -2.55868, 7.05239],
					"position": [-0.18371, 0.94021, 0.28682]
				},
				"leg_left": {
					"rotation": ["48.6757+math.cos(q.anim_time*90*2)*2", -13.70715, 10.98548],
					"position": [-1.00869, -0.52624, 2.16924]
				},
				"leg_left2": {
					"rotation": [-20, 0, 0]
				}
			}
		},
		"animation.hawlucha.recoil": {
			"animation_length": 1.5,
			"bones": {
				"torso2": {
					"rotation": {
						"0.0": [0, 0, 0],
						"0.0833": [4.98, 0, 0],
						"0.4167": {
							"pre": [0, 0, 0],
							"post": [0, 0, 0],
							"lerp_mode": "catmullrom"
						},
						"0.7083": {
							"post": [1.5, 0, 0],
							"lerp_mode": "catmullrom"
						},
						"1.4167": [0, 0, 0]
					}
				},
				"neck2": {
					"rotation": {
						"0.0": [0, 0, 0],
						"0.125": {
							"pre": [5, 0, 0],
							"post": [5, 0, 0],
							"lerp_mode": "catmullrom"
						},
						"0.5": {
							"post": [14.85, 0, 0],
							"lerp_mode": "catmullrom"
						},
						"1.1667": [0, 0, 0]
					}
				},
				"forearm_right": {
					"rotation": {
						"0.0": [0, 0, 0],
						"0.375": [0, -17.5, 0],
						"1.125": [0, 0, 0]
					}
				},
				"forearm_left": {
					"rotation": {
						"0.0": [0, 0, 0],
						"0.375": [0, 17.5, 0],
						"1.125": [0, 0, 0]
					}
				},
				"torso_lower": {
					"rotation": {
						"0.0": [0, 0, 0],
						"0.125": [-12, 0, 0],
						"0.4583": {
							"pre": [2.24067, 0, 0],
							"post": [2.24067, 0, 0],
							"lerp_mode": "catmullrom"
						},
						"0.8333": {
							"post": [2.24067, 0, 0],
							"lerp_mode": "catmullrom"
						},
						"1.2917": [0, 0, 0]
					}
				},
				"torso": {
					"rotation": {
						"0.0": [0, 0, 0],
						"0.125": [-12, 0, 0],
						"0.4583": {
							"pre": [2.24067, 0, 0],
							"post": [2.24067, 0, 0],
							"lerp_mode": "catmullrom"
						},
						"0.8333": {
							"post": [2.24067, 0, 0],
							"lerp_mode": "catmullrom"
						},
						"1.2917": [0, 0, 0]
					}
				},
				"arm_right": {
					"rotation": {
						"0.0": [0, 0, 0],
						"0.125": {
							"pre": [0, -30, 0],
							"post": [0, -30, 0],
							"lerp_mode": "catmullrom"
						},
						"0.9167": {
							"post": [0, 0, 0],
							"lerp_mode": "catmullrom"
						},
						"1.2917": [0, 0, 0]
					}
				},
				"neck": {
					"rotation": {
						"0.0": [0, 0, 0],
						"0.0833": {
							"pre": [-25, 0, 0],
							"post": [-25, 0, 0],
							"lerp_mode": "catmullrom"
						},
						"0.625": {
							"post": [-12.5, 0, 0],
							"lerp_mode": "catmullrom"
						},
						"1.125": {
							"post": [0, 0, 0],
							"lerp_mode": "catmullrom"
						},
						"1.5": [0, 0, 0]
					},
					"position": {
						"0.0": [0, 0, 0],
						"1.125": [0, 0, 0]
					}
				},
				"eyelid_right": {
					"position": {
						"0.0": [0, 0, -0.25],
						"0.125": [0, 0, -0.25],
						"0.1667": [0, 0, 0]
					}
				},
				"eyelid_left": {
					"position": {
						"0.0": [0, 0, -0.25],
						"0.125": [0, 0, -0.25],
						"0.1667": [0, 0, 0]
					}
				},
				"arm_left": {
					"rotation": {
						"0.0": [0, 0, 0],
						"0.125": {
							"pre": [0, 30, 0],
							"post": [0, 30, 0],
							"lerp_mode": "catmullrom"
						},
						"0.9167": {
							"post": [0, 0, 0],
							"lerp_mode": "catmullrom"
						},
						"1.2917": [0, 0, 0]
					}
				}
			}
		},
		"animation.hawlucha.blink": {
			"animation_length": 0.1667,
			"bones": {
				"eyelid_right": {
					"position": {
						"0.0": [-0.1, 0, 1],
						"0.125": [0, 0, 1],
						"0.1667": [-0.1, 0, 1]
					}
				},
				"eyelid_left": {
					"position": {
						"0.0": [0.1, 0, 1],
						"0.125": [0, 0, 1],
						"0.1667": [0.1, 0, 1]
					}
				}
			}
		},
		"animation.hawlucha.sleep": {
			"loop": true,
			"bones": {
				"body": {
					"position": [0, -10, 0]
				},
				"chest": {
					"rotation": [7.5, 0, 0]
				},
				"wing_back": {
					"rotation": [37.5, 0, 0]
				},
				"arm_right": {
					"rotation": [16.32495, -15.69986, -47.26579]
				},
				"arm_right2": {
					"rotation": [24.25045, -22.32924, -4.856]
				},
				"hand_right": {
					"rotation": [0, 0, 60]
				},
				"finger_front_right": {
					"rotation": [1.91699, -37.45817, -3.15]
				},
				"finger_back_right": {
					"rotation": [-7.58967, 36.83503, -12.53061]
				},
				"finger_mid_right": {
					"rotation": [0, 0, -15]
				},
				"wing_right": {
					"rotation": [30, 0, 0]
				},
				"wing_right2": {
					"rotation": [29.9055, -2.49762, 4.33287]
				},
				"wing_right1": {
					"rotation": [45.23502, -16.3882, 15.63367],
					"position": [2.61313, 0.73125, -0.79802]
				},
				"wing_right4": {
					"rotation": [5, 10, 0]
				},
				"wing_right4_segment": {
					"rotation": [25, 0, 0]
				},
				"wing_right5": {
					"rotation": [17.5, 0, 0]
				},
				"wing_right5_segment": {
					"rotation": [20, 0, 0]
				},
				"neck": {
					"rotation": [10, 0, 0],
					"position": [0, 0, 0]
				},
				"eyelid_right": {
					"position": [-0.1, 0, 1]
				},
				"eyelid_left": {
					"position": [0.1, 0, 1]
				},
				"arm_left": {
					"rotation": [16.32495, 15.69986, 47.26579],
					"position": [-0.65328, 0.70711, 0.2706]
				},
				"arm_left2": {
					"rotation": [24.25045, 22.32924, 4.856]
				},
				"hand_left": {
					"rotation": [0, 0, -60],
					"position": [-0.43301, 0.25, 0]
				},
				"finger_front_left": {
					"rotation": [1.91699, 37.45817, 3.15]
				},
				"finger_back_left": {
					"rotation": [-7.58967, -36.83503, 12.53061]
				},
				"finger_mid_left": {
					"rotation": [0, 0, 15]
				},
				"wing_left": {
					"rotation": [30, 0, 0]
				},
				"wing_left2": {
					"rotation": [29.9055, 2.49762, -4.33287]
				},
				"wing_left1": {
					"rotation": [45.23502, 16.3882, -15.63367],
					"position": [-2.61313, 0.73125, -0.79802]
				},
				"wing_left4_segment": {
					"rotation": [25, 0, 0]
				},
				"wing_left5": {
					"rotation": [17.5, 0, 0]
				},
				"wing_left5_segment": {
					"rotation": [20, 0, 0]
				},
				"leg_right": {
					"rotation": [-115.77132, 13.5618, -21.45736],
					"position": [-0.00003, -0.90629, -0.42266]
				},
				"leg_right2": {
					"rotation": [92.50951, -4.98809, -5.21466]
				},
				"feet_right": {
					"rotation": [24.99546, -0.04907, 0.46711]
				},
				"leg_left": {
					"rotation": [-92.58807, -14.98539, 15.66963]
				}
			}
		},
		"animation.hawlucha.cry": {
			"animation_length": 1,
			"bones": {
				"neck": {
					"rotation": {
						"0.0": {
							"post": [0, 0, 0],
							"lerp_mode": "catmullrom"
						},
						"0.125": {
							"post": [17.5, 0, 0],
							"lerp_mode": "catmullrom"
						},
						"0.2917": {
							"post": [-17.5, 0, 0],
							"lerp_mode": "catmullrom"
						},
						"0.875": {
							"post": [-17.5, 0, 0],
							"lerp_mode": "catmullrom"
						},
						"1.0": {
							"post": [0, 0, 0],
							"lerp_mode": "catmullrom"
						}
					}
				},
				"chest": {
					"rotation": {
						"0.0": {
							"post": [0, 0, 0],
							"lerp_mode": "catmullrom"
						},
						"0.1667": {
							"post": [10, 0, 0],
							"lerp_mode": "catmullrom"
						},
						"0.3333": {
							"post": [-10, 0, 0],
							"lerp_mode": "catmullrom"
						},
						"0.75": {
							"post": [-10, 0, 0],
							"lerp_mode": "catmullrom"
						},
						"1.0": {
							"post": [0, 0, 0],
							"lerp_mode": "catmullrom"
						}
					},
					"position": {
						"0.0": [0, 0, 0],
						"0.1667": [0, 0, 0],
						"0.3333": [0, -0.99992, 0.01234],
						"0.75": [0, -0.99992, 0.01234],
						"1.0": [0, 0, 0]
					}
				},
				"arm_right": {
					"rotation": {
						"0.0": {
							"post": [0, 0, 0],
							"lerp_mode": "catmullrom"
						},
						"0.125": {
							"post": [13.84163, -47.46704, -30.86719],
							"lerp_mode": "catmullrom"
						},
						"0.3333": {
							"post": [-17.8, 35.69, 75.62],
							"lerp_mode": "catmullrom"
						},
						"0.75": {
							"post": [-17.8, 35.69, 75.62],
							"lerp_mode": "catmullrom"
						},
						"1.0": {
							"post": [0, 0, 0],
							"lerp_mode": "catmullrom"
						}
					}
				},
				"arm_right2": {
					"rotation": {
						"0.0": [0, 0, 0],
						"0.1667": [0, 0, 0],
						"0.3333": [-80, 40, 32.5],
						"0.75": [-80, 40, 32.5],
						"1.0": [0, 0, 0]
					},
					"position": {
						"0.0": [0, 0, 0],
						"0.1667": [0, 0, 0],
						"0.3333": [-0.97487, 0.08316, 0.06197],
						"0.75": [-0.97487, 0.08316, 0.06197],
						"1.0": [0, 0, 0]
					}
				},
				"finger_front_right": {
					"rotation": {
						"0.1667": [0, 0, 0],
						"0.3333": [0, -37.5, 0],
						"0.75": [0, -37.5, 0],
						"1.0": [0, 0, 0]
					}
				},
				"finger_back_right": {
					"rotation": {
						"0.1667": [0, 0, 0],
						"0.3333": [0, 37.5, 0],
						"0.75": [0, 37.5, 0],
						"1.0": [0, 0, 0]
					}
				},
				"finger_mid_right": {
					"rotation": {
						"0.1667": [0, 0, 0],
						"0.3333": [0, 0, 37.5],
						"0.75": [0, 0, 37.5],
						"1.0": [0, 0, 0]
					}
				},
				"wing_right": {
					"rotation": {
						"0.0": [0, 0, 0],
						"0.125": [30, -10, -4.90875],
						"0.3333": [30, -10, -4.90875],
						"0.75": [30, -10, -4.90875],
						"1.0": [0, 0, 0]
					}
				},
				"wing_right_segment": {
					"rotation": {
						"0.0": {
							"post": [0, 0, 0],
							"lerp_mode": "catmullrom"
						},
						"0.3333": {
							"post": [27.5, 0, 0],
							"lerp_mode": "catmullrom"
						},
						"0.75": {
							"post": [27.5, 0, 0],
							"lerp_mode": "catmullrom"
						},
						"1.0": {
							"post": [0, 0, 0],
							"lerp_mode": "catmullrom"
						}
					}
				},
				"wing_right2": {
					"rotation": {
						"0.0": {
							"post": [0, 0, 0],
							"lerp_mode": "catmullrom"
						},
						"0.125": {
							"post": [0, 0, 0],
							"lerp_mode": "catmullrom"
						},
						"0.3333": {
							"post": [21.19732, -8.21589, 9.36786],
							"lerp_mode": "catmullrom"
						},
						"0.75": {
							"post": [21.19732, -8.21589, 9.36786],
							"lerp_mode": "catmullrom"
						},
						"1.0": {
							"post": [0, 0, 0],
							"lerp_mode": "catmullrom"
						}
					}
				},
				"wing_right2_segment": {
					"rotation": {
						"0.0": [0, 0, 0],
						"0.1667": [0, 0, 0],
						"0.3333": [20, 0, 0],
						"0.75": [20, 0, 0],
						"1.0": [0, 0, 0]
					}
				},
				"wing_right1": {
					"rotation": {
						"0.1667": [0, 0, 0],
						"0.3333": [23.96, 39.54, 2.25],
						"0.75": [23.96, 39.54, 2.25],
						"1.0": [0, 0, 0]
					},
					"position": {
						"0.1667": [0, 0, 0],
						"0.3333": [-0.79946, 0.98989, 0.24984],
						"0.75": [-0.79946, 0.98989, 0.24984],
						"1.0": [0, 0, 0]
					}
				},
				"wing_right3": {
					"rotation": {
						"0.0": {
							"post": [0, 0, 0],
							"lerp_mode": "catmullrom"
						},
						"0.125": {
							"post": [0, 0, 0],
							"lerp_mode": "catmullrom"
						},
						"0.3333": {
							"post": [0, 0, 10],
							"lerp_mode": "catmullrom"
						},
						"0.75": {
							"post": [0, 0, 10],
							"lerp_mode": "catmullrom"
						},
						"1.0": {
							"post": [0, 0, 0],
							"lerp_mode": "catmullrom"
						}
					}
				},
				"wing_right4": {
					"rotation": {
						"0.0": {
							"post": [0, 0, 0],
							"lerp_mode": "catmullrom"
						},
						"0.125": {
							"post": [0, 0, 0],
							"lerp_mode": "catmullrom"
						},
						"0.3333": {
							"post": [0, 0, 17.5],
							"lerp_mode": "catmullrom"
						},
						"0.75": {
							"post": [0, 0, 17.5],
							"lerp_mode": "catmullrom"
						},
						"1.0": {
							"post": [0, 0, 0],
							"lerp_mode": "catmullrom"
						}
					}
				},
				"wing_right4_segment": {
					"rotation": {
						"0.0": {
							"post": [0, 0, 0],
							"lerp_mode": "catmullrom"
						},
						"0.125": {
							"post": [0, 0, 0],
							"lerp_mode": "catmullrom"
						},
						"0.3333": {
							"post": [17.5, 0, 0],
							"lerp_mode": "catmullrom"
						},
						"0.75": {
							"post": [17.5, 0, 0],
							"lerp_mode": "catmullrom"
						},
						"1.0": {
							"post": [0, 0, 0],
							"lerp_mode": "catmullrom"
						}
					}
				},
				"wing_right5": {
					"rotation": {
						"0.0": {
							"post": [0, 0, 0],
							"lerp_mode": "catmullrom"
						},
						"0.125": {
							"post": [0, 0, 0],
							"lerp_mode": "catmullrom"
						},
						"0.3333": {
							"post": [0, 0, 25],
							"lerp_mode": "catmullrom"
						},
						"0.75": {
							"post": [0, 0, 25],
							"lerp_mode": "catmullrom"
						},
						"1.0": {
							"post": [0, 0, 0],
							"lerp_mode": "catmullrom"
						}
					}
				},
				"wing_right5_segment": {
					"rotation": {
						"0.0": {
							"post": [0, 0, 0],
							"lerp_mode": "catmullrom"
						},
						"0.125": {
							"post": [0, 0, 0],
							"lerp_mode": "catmullrom"
						},
						"0.3333": {
							"post": [22.5, 0, 0],
							"lerp_mode": "catmullrom"
						},
						"0.75": {
							"post": [22.5, 0, 0],
							"lerp_mode": "catmullrom"
						},
						"1.0": {
							"post": [0, 0, 0],
							"lerp_mode": "catmullrom"
						}
					}
				},
				"mouth_open": {
					"position": {
						"0.0": [0, 0, 0],
						"0.2083": [0, 0, -1],
						"0.9583": [0, 0, -1],
						"1.0": [0, 0, 0]
					}
				},
				"mouth_open_teeth": {
					"position": {
						"0.0": [0, 0, 0],
						"0.2917": [0, 0, -1]
					}
				},
				"eyelid_right": {
					"position": {
						"0.0": [0, 0, 1],
						"0.0833": [-0.1, 0, 1],
						"0.2917": [-0.1, 0, 1],
						"0.3333": [0, 0, 1]
					}
				},
				"eyelid_left": {
					"position": {
						"0.0": [0, 0, 1],
						"0.0833": [0.1, 0, 1],
						"0.2917": [0.1, 0, 1],
						"0.3333": [0, 0, 1]
					}
				},
				"arm_left": {
					"rotation": {
						"0.0": {
							"post": [0, 0, 0],
							"lerp_mode": "catmullrom"
						},
						"0.125": {
							"post": [13.84163, 47.46704, 30.86719],
							"lerp_mode": "catmullrom"
						},
						"0.3333": {
							"post": [-17.8, -35.69, -75.62],
							"lerp_mode": "catmullrom"
						},
						"0.75": {
							"post": [-17.8, -35.69, -75.62],
							"lerp_mode": "catmullrom"
						},
						"1.0": {
							"post": [0, 0, 0],
							"lerp_mode": "catmullrom"
						}
					}
				},
				"arm_left2": {
					"rotation": {
						"0.0": [0, 0, 0],
						"0.1667": [0, 0, 0],
						"0.3333": [-80, -40, -32.5],
						"0.75": [-80, -40, -32.5],
						"1.0": [0, 0, 0]
					},
					"position": {
						"0.0": [0, 0, 0],
						"0.1667": [0, 0, 0],
						"0.3333": [0.97487, 0.08316, 0.06197],
						"0.75": [0.97487, 0.08316, 0.06197],
						"1.0": [0, 0, 0]
					}
				},
				"finger_front_left": {
					"rotation": {
						"0.1667": [0, 0, 0],
						"0.3333": [0, 37.5, 0],
						"0.75": [0, 37.5, 0],
						"1.0": [0, 0, 0]
					}
				},
				"finger_back_left": {
					"rotation": {
						"0.1667": [0, 0, 0],
						"0.3333": [0, -37.5, 0],
						"0.75": [0, -37.5, 0],
						"1.0": [0, 0, 0]
					}
				},
				"finger_mid_left": {
					"rotation": {
						"0.1667": [0, 0, 0],
						"0.3333": [0, 0, -37.5],
						"0.75": [0, 0, -37.5],
						"1.0": [0, 0, 0]
					}
				},
				"wing_left": {
					"rotation": {
						"0.0": [0, 0, 0],
						"0.125": [30, 10, 4.90875],
						"0.3333": [30, 10, 4.90875],
						"0.75": [30, 10, 4.90875],
						"1.0": [0, 0, 0]
					}
				},
				"wing_left_segment": {
					"rotation": {
						"0.0": [0, 0, 0],
						"0.3333": [27.5, 0, 0],
						"0.75": [27.5, 0, 0],
						"1.0": [0, 0, 0]
					}
				},
				"wing_left2": {
					"rotation": {
						"0.0": {
							"post": [0, 0, 0],
							"lerp_mode": "catmullrom"
						},
						"0.125": {
							"post": [0, 0, 0],
							"lerp_mode": "catmullrom"
						},
						"0.3333": {
							"post": [21.19732, 8.21589, -9.36786],
							"lerp_mode": "catmullrom"
						},
						"0.75": {
							"post": [21.19732, 8.21589, -9.36786],
							"lerp_mode": "catmullrom"
						},
						"1.0": {
							"post": [0, 0, 0],
							"lerp_mode": "catmullrom"
						}
					}
				},
				"wing_left2_segment": {
					"rotation": {
						"0.0": [0, 0, 0],
						"0.1667": [0, 0, 0],
						"0.3333": [20, 0, 0],
						"0.75": [20, 0, 0],
						"1.0": [0, 0, 0]
					}
				},
				"wing_left1": {
					"rotation": {
						"0.1667": [0, 0, 0],
						"0.3333": [23.96, -39.54, -2.25],
						"0.75": [23.96, -39.54, -2.25],
						"1.0": [0, 0, 0]
					},
					"position": {
						"0.1667": [0, 0, 0],
						"0.3333": [0.79946, 0.98989, 0.24984],
						"0.75": [0.79946, 0.98989, 0.24984],
						"1.0": [0, 0, 0]
					}
				},
				"wing_left3": {
					"rotation": {
						"0.0": {
							"post": [0, 0, 0],
							"lerp_mode": "catmullrom"
						},
						"0.125": {
							"post": [0, 0, 0],
							"lerp_mode": "catmullrom"
						},
						"0.3333": {
							"post": [0, 0, -10],
							"lerp_mode": "catmullrom"
						},
						"0.75": {
							"post": [0, 0, -10],
							"lerp_mode": "catmullrom"
						},
						"1.0": {
							"post": [0, 0, 0],
							"lerp_mode": "catmullrom"
						}
					}
				},
				"wing_left4": {
					"rotation": {
						"0.0": {
							"post": [0, 0, 0],
							"lerp_mode": "catmullrom"
						},
						"0.125": {
							"post": [0, 0, 0],
							"lerp_mode": "catmullrom"
						},
						"0.3333": {
							"post": [0, 0, -17.5],
							"lerp_mode": "catmullrom"
						},
						"0.75": {
							"post": [0, 0, -17.5],
							"lerp_mode": "catmullrom"
						},
						"1.0": {
							"post": [0, 0, 0],
							"lerp_mode": "catmullrom"
						}
					}
				},
				"wing_left4_segment": {
					"rotation": {
						"0.0": {
							"post": [0, 0, 0],
							"lerp_mode": "catmullrom"
						},
						"0.125": {
							"post": [0, 0, 0],
							"lerp_mode": "catmullrom"
						},
						"0.3333": {
							"post": [17.5, 0, 0],
							"lerp_mode": "catmullrom"
						},
						"0.75": {
							"post": [17.5, 0, 0],
							"lerp_mode": "catmullrom"
						},
						"1.0": {
							"post": [0, 0, 0],
							"lerp_mode": "catmullrom"
						}
					}
				},
				"wing_left5": {
					"rotation": {
						"0.0": {
							"post": [0, 0, 0],
							"lerp_mode": "catmullrom"
						},
						"0.125": {
							"post": [0, 0, 0],
							"lerp_mode": "catmullrom"
						},
						"0.3333": {
							"post": [0, 0, -25],
							"lerp_mode": "catmullrom"
						},
						"0.75": {
							"post": [0, 0, -25],
							"lerp_mode": "catmullrom"
						},
						"1.0": {
							"post": [0, 0, 0],
							"lerp_mode": "catmullrom"
						}
					}
				},
				"wing_left5_segment": {
					"rotation": {
						"0.0": {
							"post": [0, 0, 0],
							"lerp_mode": "catmullrom"
						},
						"0.125": {
							"post": [0, 0, 0],
							"lerp_mode": "catmullrom"
						},
						"0.3333": {
							"post": [22.5, 0, 0],
							"lerp_mode": "catmullrom"
						},
						"0.75": {
							"post": [22.5, 0, 0],
							"lerp_mode": "catmullrom"
						},
						"1.0": {
							"post": [0, 0, 0],
							"lerp_mode": "catmullrom"
						}
					}
				}
			}
		}
	}
}