{
	"format_version": "1.8.0",
	"animations": {
		"animation.deino.ground_idle": {
			"loop": true,
			"animation_length": 4,
			"bones": {
				"body": {
					"rotation": [0, 0, 0]
				},
				"neck": {
					"rotation": ["math.sin(q.anim_time*90*2-60)*2", 0, "math.sin(q.anim_time*90*1-90)*2"]
				},
				"head_point": {
					"rotation": ["math.sin(q.anim_time*90*2-150)*3", 0, 0]
				},
				"leg_front_left": {
					"rotation": [0, 0, "math.sin(q.anim_time*90*1-90)*-3"],
					"position": ["math.sin(q.anim_time*90*1-90)*-0.2", "math.sin(q.anim_time*90*1-90)*0", 0.2]
				},
				"leg_front_right": {
					"rotation": [0, 0, "math.sin(q.anim_time*90*1-90)*-3"],
					"position": ["math.sin(q.anim_time*90*1-90)*-0.2", "math.sin(q.anim_time*90*1-90)*0", 0.2]
				},
				"leg_back_left": {
					"rotation": [0, 0, "math.sin(q.anim_time*90*1-90)*2.5"],
					"position": ["math.sin(q.anim_time*90*1-90)*0.2", "math.sin(q.anim_time*90*1-90)*0", -0.2]
				},
				"leg_back_right": {
					"rotation": [0, 0, "math.sin(q.anim_time*90*1-90)*2.5"],
					"position": ["math.sin(q.anim_time*90*1-90)*0.15", "math.sin(q.anim_time*90*1-90)*0", -0.2]
				},
				"torso": {
					"rotation": ["math.sin(q.anim_time*90*2)*1", "math.sin(q.anim_time*90*1-90)*2", "math.sin(q.anim_time*90*1-90)*1"],
					"position": [0, "math.cos(q.anim_time*90*2)*-0.1", 0]
				},
				"neck_fur": {
					"rotation": [0, 0, "math.sin(q.anim_time*90*1-30)*-3"]
				},
				"neck_fur_left": {
					"rotation": [2.5, 0, "-(math.sin(q.anim_time*90*2-100)*-2)"]
				},
				"neck_fur_left2": {
					"rotation": [0, 0, "-(math.sin(q.anim_time*90*2-160)*-4)"]
				},
				"neck_fur_right": {
					"rotation": [2.5, 0, "math.sin(q.anim_time*90*2-100)*-2"]
				},
				"neck_fur_right2": {
					"rotation": [0, 0, "math.sin(q.anim_time*90*2-160)*-4"]
				},
				"neck_fur_front": {
					"rotation": ["math.sin(q.anim_time*90*2-100)*2", 0, 0]
				},
				"neck_fur_front2": {
					"rotation": ["math.sin(q.anim_time*90*2-160)*4", 0, 0]
				},
				"neck_fur_back": {
					"rotation": ["2.5+math.sin(q.anim_time*90*2-100)*2", 0, 0]
				},
				"neck_fur_back2": {
					"rotation": ["math.sin(q.anim_time*90*2-160)*4", 0, 0]
				},
				"head_point2": {
					"rotation": ["math.sin(q.anim_time*90*2-200)*4", 0, 0]
				},
				"tail": {
					"rotation": ["-7.5+math.sin(q.anim_time*90*2+30)*-3", "math.sin(q.anim_time*90*1-170)*8", 0]
				},
				"tail2": {
					"rotation": ["-5+math.sin(q.anim_time*90*2-20)*-3", "math.sin(q.anim_time*90*1-210)*9", 0]
				},
				"hair_up": {
					"rotation": ["-2.5+math.sin(q.anim_time*90*2-160)*2", 0, 0]
				},
				"hair_down": {
					"rotation": ["math.sin(q.anim_time*90*2-150)*2", 0, 0]
				},
				"head": {
					"rotation": ["math.sin(q.anim_time*90*2-60)*-3+math.sin(q.anim_time*90*2-120)*2", 0, "math.sin(q.anim_time*90*1-30)*-2"]
				}
			}
		},
		"animation.deino.ground_walk": {
			"loop": true,
			"animation_length": 4,
			"bones": {
				"body": {
					"rotation": [0, 0, 0],
					"position": {
						"0.0": [0, 0, 0],
						"0.0833": [0, -0.2, 0],
						"0.1667": [0, 0, 0],
						"0.3333": [0, -0.1, 0],
						"0.5": [0, 0, 0],
						"0.6667": [0, 0, 0],
						"0.75": [0, -0.2, 0],
						"0.8333": [0, 0, 0],
						"1.0": [0, -0.1, 0],
						"1.1667": [0, 0, 0],
						"1.3333": [0, 0, 0],
						"1.4167": [0, -0.2, 0],
						"1.5": [0, 0, 0],
						"1.6667": [0, -0.1, 0],
						"1.8333": [0, 0, 0],
						"2.0": [0, 0, 0],
						"2.0833": [0, -0.2, 0],
						"2.1667": [0, 0, 0],
						"2.3333": [0, -0.1, 0],
						"2.5": [0, 0, 0],
						"2.6667": [0, 0, 0],
						"2.75": [0, -0.2, 0],
						"2.8333": [0, 0, 0],
						"3.0": [0, -0.1, 0],
						"3.1667": [0, 0, 0],
						"3.3333": [0, 0, 0],
						"3.4167": [0, -0.2, 0],
						"3.5": [0, 0, 0],
						"3.6667": [0, -0.1, 0],
						"3.8333": [0, 0, 0]
					}
				},
				"neck": {
					"rotation": ["5.5+math.sin(q.anim_time*90*3)*5", 0, 0]
				},
				"head_point": {
					"rotation": ["-10+math.sin(q.anim_time*90*6-120)*6", "math.cos(q.anim_time*90*3)*4", 0]
				},
				"leg_front_left": {
					"rotation": {
						"0.0": {
							"post": [0, 0, 0],
							"lerp_mode": "catmullrom"
						},
						"0.1667": {
							"post": [8.17, 0, 0],
							"lerp_mode": "catmullrom"
						},
						"0.375": {
							"post": [-2.72, 0, -5],
							"lerp_mode": "catmullrom"
						},
						"0.5833": {
							"post": [-13, 0, 0],
							"lerp_mode": "catmullrom"
						},
						"0.6667": {
							"post": [0, 0, 0],
							"lerp_mode": "catmullrom"
						},
						"1.3333": {
							"post": [0, 0, 0],
							"lerp_mode": "catmullrom"
						},
						"1.5": {
							"post": [8.17, 0, 0],
							"lerp_mode": "catmullrom"
						},
						"1.7083": {
							"post": [-2.72, 0, -5],
							"lerp_mode": "catmullrom"
						},
						"1.9167": {
							"post": [-13, 0, 0],
							"lerp_mode": "catmullrom"
						},
						"2.0": {
							"post": [0, 0, 0],
							"lerp_mode": "catmullrom"
						},
						"2.6667": {
							"post": [0, 0, 0],
							"lerp_mode": "catmullrom"
						},
						"2.8333": {
							"post": [8.17, 0, 0],
							"lerp_mode": "catmullrom"
						},
						"3.0417": {
							"post": [-2.72, 0, -5],
							"lerp_mode": "catmullrom"
						},
						"3.25": {
							"post": [-13, 0, 0],
							"lerp_mode": "catmullrom"
						},
						"3.3333": {
							"post": [0, 0, 0],
							"lerp_mode": "catmullrom"
						},
						"4.0": {
							"post": [0, 0, 0],
							"lerp_mode": "catmullrom"
						}
					},
					"position": {
						"0.0": [0, 0, 0.2],
						"0.2083": [0, 0.4, 0.37],
						"0.4583": [0, 0.38, -0.38],
						"0.6667": [0, 0, 0],
						"1.3333": [0, 0, 0.2],
						"1.5417": [0, 0.4, 0.37],
						"1.7917": [0, 0.38, -0.38],
						"2.0": [0, 0, 0],
						"2.6667": [0, 0, 0.2],
						"2.875": [0, 0.4, 0.37],
						"3.125": [0, 0.38, -0.38],
						"3.3333": [0, 0, 0.1],
						"4.0": [0, 0, 0.2]
					}
				},
				"leg_front_right": {
					"rotation": {
						"0.0": {
							"post": [0, 0, 0],
							"lerp_mode": "catmullrom"
						},
						"0.6667": {
							"post": [0, 0, 0],
							"lerp_mode": "catmullrom"
						},
						"0.8333": {
							"post": [8.17, 0, 0],
							"lerp_mode": "catmullrom"
						},
						"1.0417": {
							"post": [-2.72, 0, 5],
							"lerp_mode": "catmullrom"
						},
						"1.25": {
							"post": [-13, 0, 0],
							"lerp_mode": "catmullrom"
						},
						"1.3333": {
							"post": [0, 0, 0],
							"lerp_mode": "catmullrom"
						},
						"2.0": {
							"post": [0, 0, 0],
							"lerp_mode": "catmullrom"
						},
						"2.1667": {
							"post": [8.17, 0, 0],
							"lerp_mode": "catmullrom"
						},
						"2.375": {
							"post": [-2.72, 0, 5],
							"lerp_mode": "catmullrom"
						},
						"2.5833": {
							"post": [-13, 0, 0],
							"lerp_mode": "catmullrom"
						},
						"2.6667": {
							"post": [0, 0, 0],
							"lerp_mode": "catmullrom"
						},
						"3.3333": {
							"post": [0, 0, 0],
							"lerp_mode": "catmullrom"
						},
						"3.5": {
							"post": [8.17, 0, 0],
							"lerp_mode": "catmullrom"
						},
						"3.7083": {
							"post": [-2.72, 0, 5],
							"lerp_mode": "catmullrom"
						},
						"3.9167": {
							"post": [-13, 0, 0],
							"lerp_mode": "catmullrom"
						},
						"4.0": {
							"post": [0, 0, 0],
							"lerp_mode": "catmullrom"
						}
					},
					"position": {
						"0.0": [0, 0, 0],
						"0.6667": [0, 0, 0.2],
						"0.875": [0, 0.4, 0.37],
						"1.125": [0, 0.38, -0.38],
						"1.3333": [0, 0, 0.1],
						"2.0": [0, 0, 0.2],
						"2.2083": [0, 0.4, 0.37],
						"2.4583": [0, 0.38, -0.38],
						"2.6667": [0, 0, 0],
						"3.3333": [0, 0, 0.2],
						"3.5417": [0, 0.4, 0.37],
						"3.7917": [0, 0.38, -0.38],
						"4.0": [0, 0, 0]
					}
				},
				"leg_back_left": {
					"rotation": {
						"0.0": {
							"post": [-2.86, 0, -4.15],
							"lerp_mode": "catmullrom"
						},
						"0.2083": {
							"post": [0, 0, 0],
							"lerp_mode": "catmullrom"
						},
						"0.875": {
							"post": [0, 0, 0],
							"lerp_mode": "catmullrom"
						},
						"1.0417": {
							"post": [8.17, 0, 0],
							"lerp_mode": "catmullrom"
						},
						"1.25": {
							"post": [-2.72, 0, -5],
							"lerp_mode": "catmullrom"
						},
						"1.5417": {
							"post": [0, 0, 0],
							"lerp_mode": "catmullrom"
						},
						"2.2083": {
							"post": [0, 0, 0],
							"lerp_mode": "catmullrom"
						},
						"2.375": {
							"post": [8.17, 0, 0],
							"lerp_mode": "catmullrom"
						},
						"2.5833": {
							"post": [-2.72, 0, -5],
							"lerp_mode": "catmullrom"
						},
						"2.875": {
							"post": [0, 0, 0],
							"lerp_mode": "catmullrom"
						},
						"3.5417": {
							"post": [0, 0, 0],
							"lerp_mode": "catmullrom"
						},
						"3.7083": {
							"post": [8.17, 0, 0],
							"lerp_mode": "catmullrom"
						},
						"3.9167": {
							"post": [-2.72, 0, -5],
							"lerp_mode": "catmullrom"
						},
						"4.0": {
							"post": [-2.86, 0, -4.15],
							"lerp_mode": "catmullrom"
						}
					},
					"position": {
						"0.0": [0, 0.38, 0.12],
						"0.2083": [0, 0, -1],
						"0.875": [0, 0, 0],
						"1.0833": [0, 0.4, 0.37],
						"1.3333": [0, 0.38, -0.38],
						"1.5417": [0, 0, -1],
						"2.2083": [0, 0, 0],
						"2.4167": [0, 0.4, 0.37],
						"2.6667": [0, 0.38, -0.38],
						"2.875": [0, 0, -1],
						"3.5417": [0, 0, 0],
						"3.75": [0, 0.4, 0.37],
						"4.0": [0, 0.38, 0.12]
					}
				},
				"leg_back_right": {
					"rotation": {
						"0.0": {
							"post": [-0.51, 0, -0.17],
							"lerp_mode": "catmullrom"
						},
						"0.2083": {
							"post": [0, 0, 0],
							"lerp_mode": "catmullrom"
						},
						"0.375": {
							"post": [8.17, 0, 0],
							"lerp_mode": "catmullrom"
						},
						"0.5833": {
							"post": [-2.72, 0, 5],
							"lerp_mode": "catmullrom"
						},
						"0.875": {
							"post": [0, 0, 0],
							"lerp_mode": "catmullrom"
						},
						"1.5417": {
							"post": [0, 0, 0],
							"lerp_mode": "catmullrom"
						},
						"1.7083": {
							"post": [8.17, 0, 0],
							"lerp_mode": "catmullrom"
						},
						"1.9167": {
							"post": [-2.72, 0, 5],
							"lerp_mode": "catmullrom"
						},
						"2.0": {
							"post": [-2.86, 0, 4.15],
							"lerp_mode": "catmullrom"
						},
						"2.2083": {
							"post": [0, 0, 0],
							"lerp_mode": "catmullrom"
						},
						"2.875": {
							"post": [0, 0, 0],
							"lerp_mode": "catmullrom"
						},
						"3.0417": {
							"post": [8.17, 0, 0],
							"lerp_mode": "catmullrom"
						},
						"3.25": {
							"post": [-2.72, 0, 5],
							"lerp_mode": "catmullrom"
						},
						"3.5417": {
							"post": [0, 0, 0],
							"lerp_mode": "catmullrom"
						},
						"4.0": {
							"post": [-0.51, 0, -0.17],
							"lerp_mode": "catmullrom"
						}
					},
					"position": {
						"0.0": [0, 0, -0.31],
						"0.2083": [0, 0, 0],
						"0.4167": [0, 0.4, 0.37],
						"0.6667": [0, 0.38, -0.38],
						"0.875": [0, 0, -1],
						"1.5417": [0, 0, 0],
						"1.75": [0, 0.4, 0.37],
						"2.0": [0, 0.38, 0.12],
						"2.2083": [0, 0, -1],
						"2.875": [0, 0, 0],
						"3.0833": [0, 0.4, 0.37],
						"3.3333": [0, 0.38, -0.38],
						"3.5417": [0, 0, -1],
						"4.0": [0, 0, -0.31]
					}
				},
				"torso": {
					"rotation": ["math.sin(q.anim_time*90*6-45)*2", "-math.cos(q.anim_time*90*3-60)*1", "-math.sin(q.anim_time*90*3)*2"],
					"position": [0, "math.sin(q.anim_time*90*6-50)*0.1", "math.cos(q.anim_time*90*6-50)*0.2"]
				},
				"neck_fur": {
					"rotation": [0, 0, "math.sin(q.anim_time*90*1-30)*-3"]
				},
				"neck_fur_left": {
					"rotation": [2.5, 0, "-(math.sin(q.anim_time*90*3-100)*-2)"]
				},
				"neck_fur_left2": {
					"rotation": [0, 0, "-(math.sin(q.anim_time*90*3-160)*-4)"]
				},
				"neck_fur_right": {
					"rotation": [2.5, 0, "math.sin(q.anim_time*90*3-100)*-2"]
				},
				"neck_fur_right2": {
					"rotation": [0, 0, "math.sin(q.anim_time*90*3-160)*-4"]
				},
				"neck_fur_front": {
					"rotation": ["math.sin(q.anim_time*90*3-100)*2", 0, 0]
				},
				"neck_fur_front2": {
					"rotation": ["math.sin(q.anim_time*90*3-160)*4", 0, 0]
				},
				"neck_fur_back": {
					"rotation": ["2.5+math.sin(q.anim_time*90*3-100)*2", 0, 0]
				},
				"neck_fur_back2": {
					"rotation": ["math.sin(q.anim_time*90*3-160)*4", 0, 0]
				},
				"head_point2": {
					"rotation": ["-10+math.sin(q.anim_time*90*6-120)*6", "math.cos(q.anim_time*90*3)*4", 0]
				},
				"tail": {
					"rotation": ["-10+math.sin(q.anim_time*90*6-120)*6", "math.cos(q.anim_time*90*3)*4", 0]
				},
				"tail2": {
					"rotation": ["-10+math.sin(q.anim_time*90*6-120)*6", "math.cos(q.anim_time*90*3)*4", 0]
				},
				"hair_up": {
					"rotation": ["-2.5+math.sin(q.anim_time*90*3-160)*5", 0, 0]
				},
				"hair_down": {
					"rotation": ["math.sin(q.anim_time*90*2-150)*2", 0, 0]
				},
				"head": {
					"rotation": ["math.sin(q.anim_time*90*2-60)*-3+math.sin(q.anim_time*90*2-120)*2", 0, "math.sin(q.anim_time*90*1-30)*-2"]
				},
				"head_angle": {
					"rotation": ["5.5-math.sin(q.anim_time*90*3-351)*12", 0, 0]
				},
				"leg_front_left2": {
					"rotation": {
						"0.0": [0, 0, 0],
						"0.3333": [15.09, 0, 0],
						"0.5417": [21, 0, 0],
						"0.6667": [0, 0, 0],
						"1.3333": [0, 0, 0],
						"1.6667": [15.09, 0, 0],
						"1.875": [21, 0, 0],
						"2.0": [0, 0, 0],
						"2.6667": [0, 0, 0],
						"3.0": [15.09, 0, 0],
						"3.2083": [21, 0, 0],
						"3.3333": [0, 0, 0],
						"4.0": [0, 0, 0]
					}
				},
				"leg_front_right2": {
					"rotation": {
						"0.0": [0, 0, 0],
						"0.6667": [0, 0, 0],
						"1.0": [15.09, 0, 0],
						"1.2083": [21, 0, 0],
						"1.3333": [0, 0, 0],
						"2.0": [0, 0, 0],
						"2.3333": [15.09, 0, 0],
						"2.5417": [21, 0, 0],
						"2.6667": [0, 0, 0],
						"3.3333": [0, 0, 0],
						"3.6667": [15.09, 0, 0],
						"3.875": [21, 0, 0],
						"4.0": [0, 0, 0]
					}
				},
				"leg_back_left2": {
					"rotation": {
						"0.0": [9.43, 0, 0],
						"0.2083": [0, 0, 0],
						"0.875": [0, 0, 0],
						"1.2083": [15.09, 0, 0],
						"1.5417": [0, 0, 0],
						"2.2083": [0, 0, 0],
						"2.5417": [15.09, 0, 0],
						"2.875": [0, 0, 0],
						"3.5417": [0, 0, 0],
						"3.875": [15.09, 0, 0],
						"4.0": [9.43, 0, 0]
					}
				},
				"leg_back_right2": {
					"rotation": {
						"0.0": [0, 0, 0],
						"0.2083": [0, 0, 0],
						"0.5417": [15.09, 0, 0],
						"0.875": [0, 0, 0],
						"1.5417": [0, 0, 0],
						"1.875": [15.09, 0, 0],
						"2.0": [9.43, 0, 0],
						"2.2083": [0, 0, 0],
						"2.875": [0, 0, 0],
						"3.2083": [15.09, 0, 0],
						"3.5417": [0, 0, 0],
						"4.0": [0, 0, 0]
					}
				}
			}
		},
		"animation.deino.walkspeedtest": {
			"loop": true,
			"bones": {
				"deino": {
					"position": [0, 0, "-q.anim_time*90*0.03"]
				}
			}
		},
		"animation.deino.cry": {
			"animation_length": 1.2083,
			"bones": {
				"neck": {
					"rotation": {
						"0.0": {
							"post": [0, 0, 0],
							"lerp_mode": "catmullrom"
						},
						"0.2917": {
							"post": [-5, 0, 0],
							"lerp_mode": "catmullrom"
						},
						"0.625": {
							"post": [22.78, 0, 0],
							"lerp_mode": "catmullrom"
						},
						"1.2083": {
							"post": [0, 0, 0],
							"lerp_mode": "catmullrom"
						}
					}
				},
				"head_angle": {
					"rotation": {
						"0.0": {
							"post": [0, 0, 0],
							"lerp_mode": "catmullrom"
						},
						"0.2917": {
							"post": [-10, 0, 0],
							"lerp_mode": "catmullrom"
						},
						"0.625": {
							"post": [-24.94, 0, 0],
							"lerp_mode": "catmullrom"
						},
						"1.2083": {
							"post": [0, 0, 0],
							"lerp_mode": "catmullrom"
						}
					}
				},
				"jaw": {
					"rotation": {
						"0.0": {
							"post": [0, 0, 0],
							"lerp_mode": "catmullrom"
						},
						"0.1667": {
							"post": [0, 0, 0],
							"lerp_mode": "catmullrom"
						},
						"0.375": {
							"post": [35, 0, 0],
							"lerp_mode": "catmullrom"
						},
						"0.5833": {
							"post": [0, 0, 0],
							"lerp_mode": "catmullrom"
						}
					}
				}
			}
		}
	}
}