{
	"format_version": "1.8.0",
	"animations": {
		"animation.stunfisk.blink": {
			"animation_length": 0.25,
			"bones": {
				"blink": {
					"position": {
						"0.0": [0, 0, 0],
						"0.0625": [0, 2.05, 0],
						"0.125": [0, 2.05, 0],
						"0.1875": [0, 2.05, 0],
						"0.25": [0, 0, 0]
					}
				}
			}
		},
		"animation.stunfisk.cry": {
			"animation_length": 2.5833,
			"bones": {
				"stunfisk": {
					"rotation": {
						"0.0": [0, 0, 0],
						"0.4167": [17.5, 0, 0],
						"2.0417": [17.5, 0, 0],
						"2.5417": [0, 0, 0]
					},
					"position": {
						"0.0": [0, 0, 0],
						"0.2917": [0, 3, 0],
						"2.0417": [0, 3, 0],
						"2.0833": [0, 2, 0],
						"2.5417": [0, 0, 0]
					}
				},
				"body": {
					"rotation": {
						"0.0": [0, 0, 0],
						"0.1667": [0, 0, 0],
						"0.2083": [7.5, 0, 0],
						"0.375": [20, 0, 0],
						"2.0417": [20, 0, 0],
						"2.5417": [0, 0, 0]
					},
					"position": {
						"0.0": [0, 0, 0],
						"0.1667": [0, 0, 0],
						"0.2083": [0, 3, 0],
						"0.375": [0, 7, 0],
						"2.0417": [0, 7, 0],
						"2.5417": [0, 0, 0]
					}
				},
				"head": {
					"rotation": {
						"0.0": [0, 0, 0],
						"0.0833": [-5, 0, 0],
						"0.125": [5, 0, 0],
						"0.375": [26.5, 0, 0],
						"2.0417": [26.5, 0, 0],
						"2.0833": [21.5, 0, 0],
						"2.5417": [0, 0, 0]
					},
					"position": {
						"0.5": [0, 0, 0],
						"0.5417": [0, 0.5, 0],
						"0.5833": [0, 0, 0],
						"0.625": [0, 0.25, 0],
						"0.6667": [0, 0.25, 0],
						"0.7083": [0, 0, 0],
						"0.7917": [0, 0, 0],
						"0.8333": [0, 0.5, 0],
						"0.875": [0, 0, 0],
						"0.9167": [0, 0.25, 0],
						"0.9583": [0, 0.25, 0],
						"1.0": [0, 0, 0],
						"1.0833": [0, 0, 0],
						"1.125": [0, 0.5, 0],
						"1.1667": [0, 0, 0],
						"1.2083": [0, 0.25, 0],
						"1.25": [0, 0.25, 0],
						"1.2917": [0, 0, 0],
						"1.375": [0, 0, 0],
						"1.4167": [0, 0.5, 0],
						"1.4583": [0, 0, 0],
						"1.5": [0, 0.25, 0],
						"1.5417": [0, 0.25, 0],
						"1.5833": [0, 0, 0],
						"1.6667": [0, 0, 0],
						"1.7083": [0, 0.5, 0],
						"1.75": [0, 0, 0],
						"1.7917": [0, 0.25, 0],
						"1.8333": [0, 0.25, 0],
						"1.875": [0, 0, 0],
						"2.0417": [0, 0, 0],
						"2.0833": [0, 0.5, 0],
						"2.125": [0, 0, 0],
						"2.1667": [0, 0.25, 0],
						"2.2083": [0, 0.25, 0],
						"2.25": [0, 0, 0]
					}
				},
				"tail1": {
					"rotation": {
						"0.0": [45, 0, 0],
						"0.2083": [-17.5, 0, 0],
						"0.25": [2.5, 0, 0],
						"0.2917": [30, 0, 0],
						"2.0417": [30, 0, 0],
						"2.0833": [36, 0, 0],
						"2.125": [57.5, 0, 0],
						"2.3333": [20, 0, 0],
						"2.5417": [0, 0, 0]
					},
					"position": {
						"0.0": [0, 0, 0],
						"0.4167": [0, 0.75, 0.25],
						"0.4583": [0, 0.5, 0.25],
						"0.5": [0, 0, 0.25],
						"0.5417": [0, 0.75, 0.25],
						"0.5833": [0, 0.25, 0.25],
						"0.625": [0, 0.75, 0.25],
						"0.6667": [0, 0.5, 0.25],
						"0.7083": [0, 0, 0.25],
						"0.75": [0, 0.75, 0.25],
						"0.7917": [0, 0.25, 0.25],
						"0.8333": [0, 0.75, 0.25],
						"0.875": [0, 0.5, 0.25],
						"0.9167": [0, 0, 0.25],
						"0.9583": [0, 0.75, 0.25],
						"1.0": [0, 0.25, 0.25],
						"1.0417": [0, 0.75, 0.25],
						"1.0833": [0, 0.75, 0.25],
						"1.125": [0, 0.5, 0.25],
						"1.1667": [0, 0, 0.25],
						"1.2083": [0, 0.75, 0.25],
						"1.25": [0, 0.25, 0.25],
						"1.2917": [0, 0.75, 0.25],
						"1.3333": [0, 0.5, 0.25],
						"1.375": [0, 0, 0.25],
						"1.4167": [0, 0.75, 0.25],
						"1.4583": [0, 0.25, 0.25],
						"1.5": [0, 0.75, 0.25],
						"1.5417": [0, 0.5, 0.25],
						"1.5833": [0, 0, 0.25],
						"1.625": [0, 0.75, 0.25],
						"1.6667": [0, 0.25, 0.25],
						"1.7083": [0, 0.75, 0.25],
						"1.75": [0, 0.5, 0.25],
						"1.7917": [0, 0, 0.25],
						"1.8333": [0, 0.75, 0.25],
						"1.875": [0, 0.25, 0.25],
						"2.0417": [0, 0, 0],
						"2.5417": [0, 0, 0]
					}
				},
				"tail2": {
					"rotation": {
						"0.0": [47.5, 0, 0],
						"0.0417": [0, 0, 0],
						"0.125": [-45, 0, 0],
						"0.1667": [-60, 0, 0],
						"0.2083": [-60, 0, 0],
						"0.3333": [-10, 0, 0]
					},
					"position": {
						"0.0": [0, 0, 1],
						"0.125": [0, 0, 1],
						"0.1667": [0, -0.25, 1.25],
						"0.25": [0, -0.5, 1.25],
						"0.4167": [0, -0.25, 0.75],
						"0.4583": [0, -0.5, 0.75],
						"0.5": [0, -1, 0.75],
						"0.5417": [0, -0.25, 0.75],
						"0.5833": [0, -0.75, 0.75],
						"0.625": [0, -0.25, 0.75],
						"0.6667": [0, -0.5, 0.75],
						"0.7083": [0, -1, 0.75],
						"0.75": [0, -0.25, 0.75],
						"0.7917": [0, -0.75, 0.75],
						"0.8333": [0, -0.25, 0.75],
						"0.875": [0, -0.5, 0.75],
						"0.9167": [0, -1, 0.75],
						"0.9583": [0, -0.25, 0.75],
						"1.0": [0, -0.75, 0.75],
						"1.0417": [0, -0.25, 0.75],
						"1.0833": [0, -0.25, 0.75],
						"1.125": [0, -0.5, 0.75],
						"1.1667": [0, -1, 0.75],
						"1.2083": [0, -0.25, 0.75],
						"1.25": [0, -0.75, 0.75],
						"1.2917": [0, -0.25, 0.75],
						"1.3333": [0, -0.5, 0.75],
						"1.375": [0, -1, 0.75],
						"1.4167": [0, -0.25, 0.75],
						"1.4583": [0, -0.75, 0.75],
						"1.5": [0, -0.25, 0.75],
						"1.5417": [0, -0.5, 0.75],
						"1.5833": [0, -1, 0.75],
						"1.625": [0, -0.25, 0.75],
						"1.6667": [0, -0.75, 0.75],
						"1.7083": [0, -0.25, 0.75],
						"1.75": [0, -0.5, 0.75],
						"1.7917": [0, -1, 0.75],
						"1.8333": [0, -0.25, 0.75],
						"1.875": [0, -0.75, 0.75]
					}
				},
				"jaw_tail": {
					"rotation": {
						"0.0": [0, 0, 0],
						"0.0417": [32.5, 0, 0],
						"0.1667": [32.5, 0, 0],
						"0.25": [-2.5, 0, 0],
						"0.375": [47.5, 0, 0],
						"0.4167": [47.5, 0, 0],
						"0.4583": [47.5, "0+math.sin(q.anim_time*270*8-45)*1", "0+math.sin(q.anim_time*270*8-45)*1"],
						"2.0417": [47.5, 0, 0],
						"2.125": [37.5, 0, 0],
						"2.5417": [0, 0, 0]
					},
					"position": {
						"0.0": [0, 0, 0],
						"0.0417": [0, 0, -1],
						"0.1667": [0, 0, -1],
						"0.25": [0, 0.5, 0],
						"0.3333": [0, 0.5, -0.67],
						"2.0417": [0, 0, -1],
						"2.125": [0, 0, -1],
						"2.5417": [0, 0, 0]
					}
				},
				"fin_left": {
					"rotation": {
						"0.0": [0, 0, 0],
						"0.1667": [0, 0, -15],
						"0.25": [0, 0, 0],
						"0.2917": [0, 0, 32.5],
						"0.375": [2.5, 0, 10.83333],
						"0.4167": [0, 0, 0],
						"0.4583": [0, "0+math.sin(q.anim_time*270*8-45)*1", "0+math.sin(q.anim_time*270*8-45)*1"],
						"2.0417": [0, 0, 0],
						"2.5417": [0, 0, 0]
					},
					"position": {
						"0.0": [0, 0, 0],
						"0.1667": [0, -3.75, 0],
						"0.25": [0, -1.5, 0],
						"0.2917": [1.75, 6.5, 0],
						"0.4167": [-0.75, -0.75, 1],
						"2.0417": [-0.75, -0.75, 1],
						"2.5417": [0, 0, 0]
					}
				},
				"fin_right": {
					"rotation": {
						"0.0": [0, 0, 0],
						"0.1667": [0, 0, 15],
						"0.25": [0, 0, 0],
						"0.2917": [0, 0, -32.5],
						"0.375": [2.5, 0, -10.83333],
						"0.4583": [0, "0-math.sin(q.anim_time*270*8-45)*1", "0-math.sin(q.anim_time*270*8-45)*1"],
						"2.0417": [0, 0, 0],
						"2.5417": [0, 0, 0]
					},
					"position": {
						"0.0": [0, 0, 0],
						"0.1667": [0, -1.25, 0],
						"0.25": [0.17, -1.5, 0],
						"0.2917": [1, 1.75, 0],
						"0.4167": [1, -0.5, 0.75],
						"2.0417": [1, -0.5, 0.75],
						"2.5417": [0, 0, 0]
					}
				},
				"mouth_up": {
					"rotation": {
						"0.0": [0, 0, 0],
						"0.4167": [37.5, 0, 0],
						"2.0417": [37.5, 0, 0],
						"2.1667": [0, 0, 0]
					}
				}
			},
			"sound_effects": {
				"0.4167": {
					"effect": "stunfisk"
				}
			}
		},
		"animation.stunfisk.sleep": {
			"loop": true,
			"bones": {
				"blink": {
					"position": [0, 2.05, 0]
				},
				"tail2": {
					"rotation": ["-67.5+math.sin(q.anim_time*90*1.5)*0.5", 0, 0],
					"position": [0, -0.3, 1]
				},
				"mouth_up": {
					"rotation": ["0+math.sin(q.anim_time*90*1.5)*8", 0, 0]
				},
				"eyes": {
					"position": [0, 0, 0]
				},
				"tail1": {
					"rotation": ["0-math.sin(q.anim_time*90*1.5)*0.5", 0, 0]
				},
				"jaw_tail": {
					"rotation": ["15-math.sin(q.anim_time*90*1.5)*0.5", 0, 0],
					"position": [0, 0, -0.75]
				},
				"fin_left": {
					"rotation": [0, 0, "0+math.sin(q.anim_time*90*0.5)*0.25"]
				},
				"fin_right": {
					"rotation": [0, 0, "0-math.sin(q.anim_time*90*0.5)*0.25"]
				}
			}
		},
		"animation.stunfisk.physical": {
			"animation_length": 1.2917,
			"bones": {
				"tail2": {
					"rotation": {
						"0.625": ["-67.5+math.sin(q.anim_time*90*1.5)*0.5", 0, 0],
						"0.75": [-9.2, 0, 0],
						"0.7917": [-89.81, 0, 0],
						"0.875": ["-74.81+math.sin(q.anim_time*90*1.5)*0.5", 0, 0]
					},
					"position": [0, -0.3, 1]
				},
				"mouth_up": {
					"rotation": ["0+math.sin(q.anim_time*90*1.5)*8", 0, 0]
				},
				"eyes": {
					"position": [0, 0, 0]
				},
				"tail1": {
					"rotation": {
						"0.625": ["0-math.sin(q.anim_time*90*1.5)*0.5", 0, 0],
						"0.75": ["57.5-math.sin(q.anim_time*90*1.5)*0.5", 0, 0],
						"0.7917": [-22.69, 0, 0],
						"0.875": ["-15.19-math.sin(q.anim_time*90*1.5)*0.5", 0, 0]
					},
					"position": {
						"0.625": [0, 0, 0],
						"0.75": [0, 1.5, 0.75],
						"0.7917": [0, 3, 0],
						"0.875": [0, 1, 0]
					}
				},
				"jaw_tail": {
					"rotation": {
						"0.625": ["15-math.sin(q.anim_time*90*1.5)*0.5", 0, 0],
						"0.75": [48.68, 0, 0],
						"1.0": ["35-math.sin(q.anim_time*90*1.5)*0.5", 0, 0]
					},
					"position": [0, 0, -0.75]
				},
				"fin_left": {
					"rotation": {
						"0.0": [0, 0, 0],
						"0.0833": [0, 10, "0+math.sin(q.anim_time*90*0.5)*0.25"],
						"0.2083": [0, -7.5, 0],
						"0.3333": [0, 10, "0+math.sin(q.anim_time*90*0.5)*0.25"],
						"0.4583": [0, -7.5, 0],
						"0.625": [0, 0, "0+math.sin(q.anim_time*90*0.5)*0.25"],
						"0.75": [0, 0, "-30+math.sin(q.anim_time*90*0.5)*0.25"],
						"0.875": [0, 0, "15+math.sin(q.anim_time*90*0.5)*0.25"],
						"0.9167": [0, 10, "0+math.sin(q.anim_time*90*0.5)*0.25"],
						"1.0417": [0, -7.5, 0],
						"1.1667": [0, 10, "0+math.sin(q.anim_time*90*0.5)*0.25"],
						"1.2917": [0, -7.5, 0]
					},
					"position": {
						"0.625": [0, 0, 0],
						"0.75": [1, -6, 0],
						"0.875": [-1, 5, 0],
						"0.9167": [-1, 0, 0]
					}
				},
				"fin_right": {
					"rotation": {
						"0.0": [0, 0, 0],
						"0.0833": [0, 12.5, "-math.sin(q.anim_time*90*0.5)*0.25"],
						"0.2083": [0, -7.5, 0],
						"0.3333": [0, 12.5, "-math.sin(q.anim_time*90*0.5)*0.25"],
						"0.4583": [0, -7.5, 0],
						"0.625": [0, 0, "0-math.sin(q.anim_time*90*0.5)*0.25"],
						"0.75": [0, 0, "35-math.sin(q.anim_time*90*0.5)*0.25"],
						"0.875": [0, 0, "-17.5-math.sin(q.anim_time*90*0.5)*0.25"],
						"0.9167": [0, 12.5, "-math.sin(q.anim_time*90*0.5)*0.25"],
						"1.0417": [0, -7.5, 0],
						"1.1667": [0, 12.5, "-math.sin(q.anim_time*90*0.5)*0.25"],
						"1.2917": [0, -7.5, 0]
					},
					"position": {
						"0.0": [0, 0, 0],
						"0.0833": [2, 0, 0],
						"0.2083": [-1, 0, 0],
						"0.3333": [2, 0, 0],
						"0.4583": [-1, 0, 0],
						"0.625": [0, 0, 0],
						"0.75": [-1.25, -1.25, 0],
						"0.875": [1, 2, 0],
						"0.9167": [2, 0, 0],
						"1.0417": [-1, 0, 0],
						"1.1667": [2, 0, 0],
						"1.2917": [-1, 0, 0]
					}
				},
				"stunfisk": {
					"rotation": {
						"0.0": [0, 0, 0],
						"0.5": [0, 180, 0],
						"0.875": [0, 180, 0],
						"1.2083": [0, 0, 0]
					},
					"position": {
						"0.0": [0, 0, 0],
						"0.7917": [0, 1, 0],
						"0.875": [0, 0, 0]
					}
				},
				"head": {
					"rotation": {
						"0.0": [0, 0, 0],
						"0.7917": [15, 0, 0],
						"0.9167": [0, 0, 0]
					},
					"position": {
						"0.625": [0, 0, 0],
						"0.75": [0, -0.5, 0],
						"0.7917": [0, 1.5, 0],
						"1.0": [0, 0, 0]
					}
				}
			}
		},
		"animation.stunfisk.faint": {
			"animation_length": 2.5417,
			"bones": {
				"blink": {
					"position": {
						"0.0": [0, 2.05, -1],
						"0.4167": [0, 2.05, -1],
						"0.625": [0, 2.05, 0]
					}
				},
				"tail2": {
					"rotation": {
						"0.0": [47.5, 0, 0],
						"0.0417": [0, 0, 0],
						"0.125": [-45, 0, 0],
						"0.1667": [-60, 0, 0],
						"0.2083": [-60, 0, 0],
						"0.3333": [-10, 0, 0]
					},
					"position": {
						"0.0": [0, 0, 1],
						"0.125": [0, 0, 1],
						"0.1667": [0, -0.25, 1.25],
						"0.25": [0, -0.5, 1.25],
						"0.4167": [0, -0.25, 0.75],
						"0.4583": [0, -0.5, 0.75],
						"0.5": [0, -1, 0.75],
						"0.5417": [0, -0.25, 0.75],
						"0.5833": [0, -0.75, 0.75],
						"0.625": [0, -0.25, 0.75],
						"0.6667": [0, -0.5, 0.75],
						"0.7083": [0, -1, 0.75],
						"0.75": [0, -0.25, 0.75],
						"0.7917": [0, -0.75, 0.75],
						"0.8333": [0, -0.25, 0.75],
						"0.875": [0, -0.5, 0.75],
						"0.9167": [0, -1, 0.75],
						"0.9583": [0, -0.25, 0.75],
						"1.0": [0, -0.75, 0.75],
						"1.0417": [0, -0.25, 0.75],
						"1.0833": [0, -0.25, 0.75],
						"1.125": [0, -0.5, 0.75],
						"1.1667": [0, -1, 0.75],
						"1.2083": [0, -0.25, 0.75],
						"1.25": [0, -0.75, 0.75],
						"1.2917": [0, -0.25, 0.75],
						"1.3333": [0, -0.5, 0.75],
						"1.375": [0, -1, 0.75],
						"1.4167": [0, -0.25, 0.75],
						"1.4583": [0, -0.75, 0.75],
						"1.5": [0, -0.25, 0.75],
						"1.5417": [0, -0.5, 0.75],
						"1.5833": [0, -1, 0.75],
						"1.625": [0, -0.25, 0.75],
						"1.6667": [0, -0.75, 0.75],
						"1.7083": [0, -0.25, 0.75],
						"1.75": [0, -0.5, 0.75],
						"1.7917": [0, -1, 0.75],
						"1.8333": [0, -0.25, 0.75],
						"1.875": [0, -0.75, 0.75]
					}
				},
				"mouth_up": {
					"rotation": {
						"0.0": [0, 0, 0],
						"0.4167": [37.5, 0, 0],
						"2.0417": [37.5, 0, 0],
						"2.1667": [0, 0, 0]
					}
				},
				"eyes": {
					"position": [0, 0, 0]
				},
				"tail1": {
					"rotation": {
						"0.0": [45, 0, 0],
						"0.2083": [-17.5, 0, 0],
						"0.25": [2.5, 0, 0],
						"0.2917": [30, 0, 0],
						"2.0417": [30, 0, 0],
						"2.0833": [36, 0, 0],
						"2.125": [57.5, 0, 0],
						"2.3333": [20, 0, 0],
						"2.5417": [0, 0, 0]
					},
					"position": {
						"0.0": [0, 0, 0],
						"0.4167": [0, 0.75, 0.25],
						"0.4583": [0, 0.5, 0.25],
						"0.5": [0, 0, 0.25],
						"0.5417": [0, 0.75, 0.25],
						"0.5833": [0, 0.25, 0.25],
						"0.625": [0, 0.75, 0.25],
						"0.6667": [0, 0.5, 0.25],
						"0.7083": [0, 0, 0.25],
						"0.75": [0, 0.75, 0.25],
						"0.7917": [0, 0.25, 0.25],
						"0.8333": [0, 0.75, 0.25],
						"0.875": [0, 0.5, 0.25],
						"0.9167": [0, 0, 0.25],
						"0.9583": [0, 0.75, 0.25],
						"1.0": [0, 0.25, 0.25],
						"1.0417": [0, 0.75, 0.25],
						"1.0833": [0, 0.75, 0.25],
						"1.125": [0, 0.5, 0.25],
						"1.1667": [0, 0, 0.25],
						"1.2083": [0, 0.75, 0.25],
						"1.25": [0, 0.25, 0.25],
						"1.2917": [0, 0.75, 0.25],
						"1.3333": [0, 0.5, 0.25],
						"1.375": [0, 0, 0.25],
						"1.4167": [0, 0.75, 0.25],
						"1.4583": [0, 0.25, 0.25],
						"1.5": [0, 0.75, 0.25],
						"1.5417": [0, 0.5, 0.25],
						"1.5833": [0, 0, 0.25],
						"1.625": [0, 0.75, 0.25],
						"1.6667": [0, 0.25, 0.25],
						"1.7083": [0, 0.75, 0.25],
						"1.75": [0, 0.5, 0.25],
						"1.7917": [0, 0, 0.25],
						"1.8333": [0, 0.75, 0.25],
						"1.875": [0, 0.25, 0.25],
						"2.0417": [0, 0, 0],
						"2.5417": [0, 0, 0]
					}
				},
				"jaw_tail": {
					"rotation": {
						"0.0": [0, 0, 0],
						"0.0417": [32.5, 0, 0],
						"0.1667": [32.5, 0, 0],
						"0.25": [-2.5, 0, 0],
						"0.375": [47.5, 0, 0],
						"0.4167": [47.5, 0, 0],
						"0.4583": [47.5, "0+math.sin(q.anim_time*270*8-45)*1", "0+math.sin(q.anim_time*270*8-45)*1"],
						"2.0417": [47.5, 0, 0],
						"2.125": [37.5, 0, 0],
						"2.5417": [0, 0, 0]
					},
					"position": {
						"0.0": [0, 0, 0],
						"0.0417": [0, 0, -1],
						"0.1667": [0, 0, -1],
						"0.25": [0, 0.5, 0],
						"0.3333": [0, 0.5, -0.67],
						"2.0417": [0, 0, -1],
						"2.125": [0, 0, -1],
						"2.5417": [0, 0, 0]
					}
				},
				"fin_left": {
					"rotation": {
						"0.0": [0, 0, 0],
						"0.1667": [0, 0, -15],
						"0.25": [0, 0, 0],
						"0.2917": [0, 0, 32.5],
						"0.375": [2.5, 0, 10.83333],
						"0.4167": [0, 0, 0],
						"0.4583": [0, "0+math.sin(q.anim_time*270*8-45)*1", "0+math.sin(q.anim_time*270*8-45)*1"],
						"2.0417": [0, 0, 0],
						"2.5417": [0, 0, 0]
					},
					"position": {
						"0.0": [0, 0, 0],
						"0.1667": [0, -3.75, 0],
						"0.25": [0, -1.5, 0],
						"0.2917": [1.75, 6.5, 0],
						"0.4167": [-0.75, -0.75, 1],
						"2.0417": [-0.75, -0.75, 1],
						"2.5417": [0, 0, 0]
					}
				},
				"fin_right": {
					"rotation": {
						"0.0": [0, 0, 0],
						"0.1667": [0, 0, 15],
						"0.25": [0, 0, 0],
						"0.2917": [0, 0, -32.5],
						"0.375": [2.5, 0, -10.83333],
						"0.4583": [0, "0-math.sin(q.anim_time*270*8-45)*1", "0-math.sin(q.anim_time*270*8-45)*1"],
						"2.0417": [0, 0, 0],
						"2.5417": [0, 0, 0]
					},
					"position": {
						"0.0": [0, 0, 0],
						"0.1667": [0, -1.25, 0],
						"0.25": [0.17, -1.5, 0],
						"0.2917": [1, 1.75, 0],
						"0.4167": [1, -0.5, 0.75],
						"2.0417": [1, -0.5, 0.75],
						"2.5417": [0, 0, 0]
					}
				},
				"stunfisk": {
					"rotation": {
						"0.0": [0, 0, 0],
						"0.5833": [0, 0, -5],
						"1.0": [0, 0, 10],
						"1.5417": [0, 0, -2.5],
						"2.125": [0, 0, 7.5],
						"2.5417": [0, 0, 0]
					}
				},
				"body": {
					"rotation": {
						"0.0": [0, 0, 0],
						"0.1667": [0, 0, 0],
						"0.2083": [7.5, 0, 0],
						"0.375": [20, 0, 0],
						"2.0417": [20, 0, 0],
						"2.5417": [0, 0, 0]
					},
					"position": {
						"0.0": [0, 0, 0],
						"0.1667": [0, 0, 0],
						"0.2083": [0, 3, 0],
						"0.375": [0, 7, 0],
						"2.0417": [0, 7, 0],
						"2.5417": [0, 0, 0]
					}
				},
				"head": {
					"rotation": {
						"0.0": [0, 0, 0],
						"0.0833": [-5, 0, 0],
						"0.125": [5, 0, 0],
						"0.375": [26.5, 0, 0],
						"2.0417": [26.5, 0, 0],
						"2.0833": [21.5, 0, 0],
						"2.5417": [0, 0, 0]
					},
					"position": {
						"0.5": [0, 0, 0],
						"0.5417": [0, 0.5, 0],
						"0.5833": [0, 0, 0],
						"0.625": [0, 0.25, 0],
						"0.6667": [0, 0.25, 0],
						"0.7083": [0, 0, 0],
						"0.7917": [0, 0, 0],
						"0.8333": [0, 0.5, 0],
						"0.875": [0, 0, 0],
						"0.9167": [0, 0.25, 0],
						"0.9583": [0, 0.25, 0],
						"1.0": [0, 0, 0],
						"1.0833": [0, 0, 0],
						"1.125": [0, 0.5, 0],
						"1.1667": [0, 0, 0],
						"1.2083": [0, 0.25, 0],
						"1.25": [0, 0.25, 0],
						"1.2917": [0, 0, 0],
						"1.375": [0, 0, 0],
						"1.4167": [0, 0.5, 0],
						"1.4583": [0, 0, 0],
						"1.5": [0, 0.25, 0],
						"1.5417": [0, 0.25, 0],
						"1.5833": [0, 0, 0],
						"1.6667": [0, 0, 0],
						"1.7083": [0, 0.5, 0],
						"1.75": [0, 0, 0],
						"1.7917": [0, 0.25, 0],
						"1.8333": [0, 0.25, 0],
						"1.875": [0, 0, 0],
						"2.0417": [0, 0, 0],
						"2.0833": [0, 0.5, 0],
						"2.125": [0, 0, 0],
						"2.1667": [0, 0.25, 0],
						"2.2083": [0, 0.25, 0],
						"2.25": [0, 0, 0]
					}
				}
			}
		},
		"animation.stunfisk.water_idle": {
			"loop": true,
			"bones": {
				"fin2": {
					"rotation": [0, 0, 12.5]
				},
				"fin1": {
					"rotation": [0, 0, -10]
				},
				"head": {
					"rotation": [0, 0, 0]
				},
				"mouth_up": {
					"rotation": ["0+math.sin(q.anim_time*90*1.5)*8", 0, 0]
				},
				"eyes": {
					"position": [0, 0, 0]
				},
				"tail1": {
					"rotation": [
						"(0.15*math.sin(q.anim_time*180*2)*0.4-2.25*math.sin(q.anim_time*180*2-30)*0.4+2.25*math.sin(q.anim_time*90*2-60)*0.4-2.25*math.sin(q.anim_time*90*2-90)*0.4)*0.95",
						0,
						0
					]
				},
				"tail2": {
					"rotation": ["-67.5+math.sin(q.anim_time*90*1.5)*0.5", 0, 0],
					"position": [0, -0.3, 1]
				},
				"jaw_tail": {
					"rotation": ["15-math.sin(q.anim_time*90*1.5)*0.5", 0, 0],
					"position": [0, 0, -0.75]
				},
				"fin_left": {
					"rotation": [0, 0, "0+math.sin(q.anim_time*90*0.5)*0.25"]
				},
				"fin_right": {
					"rotation": [0, 0, "0-math.sin(q.anim_time*90*0.5)*0.25"]
				}
			}
		},
		"animation.stunfisk.water_swim": {
			"loop": true,
			"bones": {
				"head": {
					"rotation": [
						0,
						"(0.15*math.sin(q.anim_time*180*2)*0.4-2.25*math.sin(q.anim_time*180*2-30)*0.4+2.25*math.sin(q.anim_time*90*2-60)*0.4-2.25*math.sin(q.anim_time*90*2-90)*0.4)*0.95",
						0
					]
				},
				"mouth_up": {
					"rotation": ["0+math.sin(q.anim_time*90*1.5)*8", 0, 0]
				},
				"eyes": {
					"position": [0, 0, 0]
				},
				"tail1": {
					"rotation": [
						0,
						"(0.15*math.sin(q.anim_time*90*2)*0.4-2.25*math.sin(q.anim_time*90*2-30)*0.4+2.25*math.sin(q.anim_time*90*2-60)*0.4-2.25*math.sin(q.anim_time*180*4-90)*0.5)*0.95",
						0
					]
				},
				"tail2": {
					"rotation": ["-67.5+math.sin(q.anim_time*90*1.5)*0.5", 0, 0],
					"position": [0, -0.3, 1]
				},
				"jaw_tail": {
					"rotation": ["15-math.sin(q.anim_time*90*1.5)*0.5", 0, 0],
					"position": [0, 0, -0.75]
				},
				"fin_left": {
					"rotation": [
						0,
						"(0.15*math.sin(q.anim_time*90*2)*0.4-2.25*math.sin(q.anim_time*90*2-30)*0.4+2.25*math.sin(q.anim_time*90*2-60)*0.4-2.25*math.sin(q.anim_time*180*4-90)*1.5)*0.95",
						"0+math.sin(q.anim_time*90*0.5)*0.25"
					],
					"position": [-0.5, 0, 0]
				},
				"fin_right": {
					"rotation": [
						0,
						"(0.15*math.cos(q.anim_time*90*2)*0.4-2.25*math.cos(q.anim_time*90*2-30)*0.4+2.25*math.cos(q.anim_time*90*2-60)*0.4-2.25*math.cos(q.anim_time*180*4-90)*1.5)*0.95",
						"0-math.sin(q.anim_time*90*0.5)*0.25"
					],
					"position": [0.5, 0, 0]
				}
			}
		},
		"animation.stunfisk.ground_walk": {
			"loop": true,
			"animation_length": 0.5,
			"bones": {
				"stunfisk": {
					"rotation": {
						"0.0": [10, 0, 0],
						"0.125": [0, 0, 0]
					},
					"position": {
						"0.0": [0, 2, 0],
						"0.125": [0, 0, 0]
					}
				},
				"tail1": {
					"rotation": {
						"0.0": [0, 0, 0],
						"0.125": [7.5, 0, 0],
						"0.25": [-5, 0, 0],
						"0.375": [-5, 0, 0],
						"0.5": [0, 0, 0]
					}
				},
				"tail2": {
					"rotation": {
						"0.0": [-50, 0, 0],
						"0.125": [-40, 0, 0],
						"0.25": [-52.5, 0, 0],
						"0.375": [-52.5, 0, 0],
						"0.5": [-50, 0, 0]
					}
				},
				"fin_right": {
					"rotation": {
						"0.0": [-0.61939, 11.28865, -17.8607],
						"0.125": [2.0099, -25.25199, 23.76653],
						"0.25": [8.75252, -19.85525, -1.6581],
						"0.375": [8.23579, 2.40436, 1.68317],
						"0.5": [-2.61806, 11.41379, -15.31401]
					},
					"position": {
						"0.0": [2.5, 2, 0],
						"0.0625": [-0.56, 0.5, 1],
						"0.125": [-4.37, 1, 2],
						"0.25": [-2.5, 1, 0],
						"0.375": [1, 1, 0],
						"0.5": [2, 2, 0]
					}
				},
				"fin_left": {
					"rotation": {
						"0.0": [2.11139, -11.51697, 17.86274],
						"0.125": [2.0099, 25.252, -23.7665],
						"0.25": [8.7525, 19.8552, 1.6581],
						"0.375": [8.2358, -2.4044, -1.6832],
						"0.5": [-6.98502, -9.41745, 8.50037]
					},
					"position": {
						"0.0": [0.25, 4.25, -1.5],
						"0.0625": [-0.37, -0.25, 1.75],
						"0.125": [2.25, -4.75, 7],
						"0.1875": [1, -2.252, 5.13],
						"0.25": [0.25, 0, 3.25],
						"0.375": [-0.75, -0.5, -0.75],
						"0.5": [0, 2.5, -1]
					}
				},
				"jaw_head": {
					"rotation": [60, 0, 0],
					"position": [0, 8, -4]
				}
			}
		},
		"animation.stunfisk.ground_idle": {
			"loop": true,
			"bones": {
				"tail2": {
					"rotation": ["-72.5+math.sin(q.anim_time*90*1.5)*0.5", 0, 0],
					"position": [0, -0.3, 1]
				},
				"tail1": {
					"rotation": ["2.5-math.cos(q.anim_time*90*1.55)*0.5", 0, 0],
					"position": [0, 1, 0]
				},
				"fin_right": {
					"rotation": ["0+math.sin(q.anim_time*90*1.5)*1.25", 0, "0-math.sin(q.anim_time*90*1.5)*1.25"]
				},
				"jaw_tail": {
					"rotation": ["15-math.sin(q.anim_time*90*1.5)*0.5", 0, 0],
					"position": [0, 0, -0.75]
				},
				"fin_left": {
					"rotation": ["0+math.sin(q.anim_time*90*1.5)*1.25", 0, "0+math.sin(q.anim_time*90*1.5)*1.25"]
				},
				"mouth_up": {
					"rotation": ["0+math.sin(q.anim_time*90*1.5)*8", 0, 0]
				},
				"head": {
					"rotation": ["0-math.sin(q.anim_time*90*1.5)*0.25", 0, 0]
				}
			}
		}
	}
}