{
	"format_version": "1.8.0",
	"animations": {
		"animation.stunfiskgalar.blink": {
			"animation_length": 0.25,
			"bones": {
				"blink": {
					"position": {
						"0.0": [0, 0, 0],
						"0.0625": [0, 2.05, 0],
						"0.125": [0, 2.05, 0],
						"0.1875": [0, 2.05, 0],
						"0.25": [0, 0, 0]
					}
				}
			}
		},
		"animation.stunfiskgalar.sleep": {
			"loop": true,
			"bones": {
				"blink": {
					"position": [0, 2.05, 0]
				},
				"tail2": {
					"rotation": [-47.5, 0, 0],
					"position": [0, -0.4, 0.7]
				},
				"mouth_up": {
					"rotation": ["0+math.sin(q.anim_time*45*1.5)*10", 0, 0]
				},
				"tail1": {
					"rotation": ["0+math.cos(q.anim_time*45*-1.55)*2", 0, 0]
				}
			}
		},
		"animation.stunfiskgalar.cry": {
			"animation_length": 3.2083,
			"bones": {
				"tail2": {
					"rotation": {
						"0.0": [0, 0, 0],
						"0.375": [7.5, 0, 0],
						"0.75": [7.5, 0, 0],
						"0.9583": [-50, 0, 0],
						"1.0417": [-50.5, "0+math.sin(q.anim_time*270*8-45)*1", "0+math.sin(q.anim_time*270*8-45)*1"],
						"2.1667": [-50.5, "0+math.sin(q.anim_time*270*8-45)*1", "0+math.sin(q.anim_time*270*8-45)*1"],
						"2.5833": [0, 0, 0]
					},
					"position": {
						"0.0": [0, 0, 0],
						"0.375": [0, -0.05, -0.25],
						"0.75": [0, -0.05, -0.25],
						"1.0417": [0, -1.04, 0.58],
						"2.1667": [0, -1.04, 0.58],
						"2.5833": [0, 0, 0]
					}
				},
				"tail1": {
					"rotation": {
						"0.0": [0, 0, 0],
						"0.375": [77.5, 0, 0],
						"0.75": [77.5, 0, 0],
						"0.9583": [25, 0, 0],
						"1.0417": [-32.5, 0, 0],
						"2.1667": [-32.5, 0, 0],
						"2.5833": [0, 0, 0]
					},
					"position": {
						"0.0": [0, 0, 0],
						"0.375": [0, 1.75, 1.5],
						"0.75": [0, 1.75, 1.5],
						"0.9583": [0, 0.5, 0],
						"1.0": [0, 1.75, -1],
						"1.0417": [0, 1.75, -1.25],
						"1.0833": [0, 1.65, -1.25],
						"1.125": [0, 1.8, -1.25],
						"1.1667": [0, 1.75, -1.25],
						"1.2083": [0, 1.5, -1.25],
						"1.25": [0, 1.5, -1.25],
						"1.2917": [0, 2.25, -1.5],
						"1.3333": [0, 1.75, -1],
						"1.375": [0, 1.75, -1.25],
						"1.4167": [0, 1.65, -1.25],
						"1.4583": [0, 1.8, -1.25],
						"1.5": [0, 1.75, -1.25],
						"1.5417": [0, 1.5, -1.25],
						"1.5833": [0, 1.5, -1.25],
						"1.625": [0, 1.75, -1],
						"1.6667": [0, 1.75, -1.25],
						"1.7083": [0, 1.65, -1.25],
						"1.75": [0, 1.8, -1.25],
						"1.7917": [0, 1.75, -1.25],
						"1.8333": [0, 1.5, -1.25],
						"1.875": [0, 1.5, -1.25],
						"1.9167": [0, 1.75, -1],
						"1.9583": [0, 1.75, -1.25],
						"2.0": [0, 1.65, -1.25],
						"2.0417": [0, 1.8, -1.25],
						"2.0833": [0, 1.75, -1.25],
						"2.125": [0, 1.5, -1.25],
						"2.1667": [0, 1.5, -1.25],
						"2.3333": [0, 0.97, -0.83],
						"2.5833": [0, 0, 0]
					}
				},
				"fin_right": {
					"rotation": {
						"0.0": [0, 0, 0],
						"0.125": [-27.47764, -1.15413, -2.2179],
						"0.375": [-26.06663, 9.08656, 17.8922],
						"0.75": [-26.06663, 9.08656, 17.8922],
						"0.9167": [-39.46704, -37.6678, -14.86408],
						"2.0833": [-39.46704, -37.6678, -14.86408],
						"2.5833": [0, 0, 0]
					},
					"position": {
						"0.0": [0, 0, 0],
						"0.125": [0, 0, 0],
						"0.375": [0.25, 0, -1],
						"0.75": [0.25, 0, -1],
						"0.9167": [0.23, -1.25, 4.27],
						"2.0833": [0.23, -1.25, 4.27],
						"2.5833": [0, 0, 0]
					}
				},
				"jaw_tail": {
					"rotation": {
						"0.0": [0, 0, 0],
						"2.5833": [0, 0, 0]
					},
					"position": {
						"0.0": [0, 0, 0],
						"2.5833": [0, 0, 0]
					}
				},
				"fin_left": {
					"rotation": {
						"0.0": [0, 0, 0],
						"0.125": [-27.93898, 1.05458, 1.0466],
						"0.375": [-26.47092, -9.33837, -18.9901],
						"0.75": [-26.47092, -9.33837, -18.9901],
						"0.9167": [-36.70111, 28.1843, 22.26392],
						"2.0833": [-36.70111, 28.1843, 22.26392],
						"2.5833": [0, 0, 0]
					},
					"position": {
						"0.0": [0, 0, 0],
						"0.125": [0, 0, 0],
						"0.375": [0.05, -0.5, -0.75],
						"0.75": [0.05, -0.5, -0.75],
						"0.9167": [-1, -0.05, 3.27],
						"2.0833": [-1, -0.05, 3.27],
						"2.5833": [0, 0, 0]
					}
				},
				"mouth_up": {
					"rotation": {
						"0.0": [0, 0, 0],
						"0.9167": ["0+math.sin(q.anim_time*90*1.5)*10", 0, 0],
						"1.0": [37.5, 0, 0],
						"2.3333": [37.5, 0, 0],
						"2.5833": [0, 0, 0]
					}
				},
				"body": {
					"rotation": {
						"0.0": [0, 0, 0],
						"0.9167": [27.5, 0, 0],
						"2.5833": [0, 0, 0]
					},
					"position": {
						"0.0": [0, 0, 0],
						"0.125": [0, 0, 0],
						"0.375": [0, 0, 0],
						"0.75": [0, 1.5, 0],
						"1.0417": [0, 6, 0],
						"2.3333": [0, 2, 0],
						"2.5833": [0, 0, 0]
					}
				},
				"head": {
					"rotation": {
						"0.0": [0, 0, 0],
						"0.125": [-30, 0, 0],
						"0.375": [-30, 0, 0],
						"0.75": [-30, 0, 0],
						"0.9167": [0, 0, 0],
						"1.0": [15, 0, 0],
						"2.1667": [15, 0, 0],
						"2.3333": [0, 0, 0],
						"2.5833": [0, 0, 0]
					},
					"position": {
						"0.9167": [0, 0, 0],
						"1.0": [0, 1.5, 0],
						"1.0417": [0, 1.25, 0],
						"1.0833": [0, 1, 0],
						"1.125": [0, 1.05, 0],
						"1.1667": [0, 1.15, 0],
						"1.2083": [0, 1, 0],
						"1.25": [0, 1, 0],
						"1.2917": [0, 1.5, 0],
						"1.3333": [0, 1.25, 0],
						"1.375": [0, 1, 0],
						"1.4167": [0, 1.05, 0],
						"1.4583": [0, 1.15, 0],
						"1.5": [0, 1, 0],
						"1.5417": [0, 1, 0],
						"1.5833": [0, 1.5, 0],
						"1.625": [0, 1.25, 0],
						"1.6667": [0, 1, 0],
						"1.7083": [0, 1.05, 0],
						"1.75": [0, 1.15, 0],
						"1.7917": [0, 1, 0],
						"1.8333": [0, 1, 0],
						"1.875": [0, 1.5, 0],
						"1.9167": [0, 1.25, 0],
						"1.9583": [0, 1, 0],
						"2.0": [0, 1.05, 0],
						"2.0417": [0, 1.15, 0],
						"2.0833": [0, 1, 0],
						"2.125": [0, 1, 0],
						"2.1667": [0, 1.5, 0],
						"2.3333": [0, 0, 0]
					}
				},
				"jaw_head": {
					"rotation": {
						"0.0": [0, 0, 0],
						"0.375": [-10, 0, 0],
						"0.75": [-10, 0, 0],
						"0.9583": [5, 0, 0],
						"2.5833": [0, 0, 0]
					},
					"position": {
						"0.0": [0, 0, 0],
						"0.375": [0, -1, 0],
						"0.75": [0, -1, 0],
						"0.9583": [0, 1.25, 0],
						"2.5833": [0, 0, 0]
					}
				}
			},
			"sound_effects": {
				"1.0": {
					"effect": "stunfisk"
				}
			}
		},
		"animation.stunfiskgalar.faint": {
			"animation_length": 2.5833,
			"bones": {
				"blink": {
					"position": {
						"0.0": [0, 2.05, -1],
						"0.8333": [0, 2.05, -1],
						"1.0417": [0, 2.05, 0]
					}
				},
				"tail2": {
					"rotation": {
						"0.0": [0, 0, 0],
						"0.375": [7.5, 0, 0],
						"0.75": [7.5, 0, 0],
						"0.9583": [-50, 0, 0],
						"1.0417": [-50.5, "0+math.sin(q.anim_time*270*8-45)*1", "0+math.sin(q.anim_time*270*8-45)*1"],
						"2.1667": [-50.5, "0+math.sin(q.anim_time*270*8-45)*1", "0+math.sin(q.anim_time*270*8-45)*1"],
						"2.5833": [-35.5, "0+math.sin(q.anim_time*270*8-45)*1", "0+math.sin(q.anim_time*270*8-45)*1"]
					},
					"position": {
						"0.0": [0, 0, 0],
						"0.375": [0, -0.05, -0.25],
						"0.75": [0, -0.05, -0.25],
						"1.0417": [0, -1.04, 0.58],
						"2.1667": [0, -1.04, 0.58],
						"2.5833": [0, 0, 0]
					}
				},
				"body": {
					"rotation": {
						"0.0": [0, 0, 0],
						"0.9167": [27.5, 0, 0],
						"2.5833": [0, 0, 0]
					},
					"position": {
						"0.0": [0, 0, 0],
						"0.125": [0, 0, 0],
						"0.375": [0, 0, 0],
						"0.75": [0, 1.5, 0],
						"1.0417": [0, 6, 0],
						"2.3333": [0, 2, 0],
						"2.5833": [0, 0, 0]
					}
				},
				"head": {
					"rotation": {
						"0.0": [0, 0, 0],
						"0.125": [-30, 0, 0],
						"0.375": [-30, 0, 0],
						"0.75": [-30, 0, 0],
						"0.9167": [0, 0, 0],
						"1.0": [15, 0, 0],
						"2.1667": [15, 0, 0],
						"2.3333": [0, 0, 0],
						"2.5833": [0, 0, 0]
					},
					"position": {
						"0.9167": [0, 0, 0],
						"1.0": [0, 1.5, 0],
						"1.0417": [0, 1.25, 0],
						"1.0833": [0, 1, 0],
						"1.125": [0, 1.05, 0],
						"1.1667": [0, 1.15, 0],
						"1.2083": [0, 1, 0],
						"1.25": [0, 1, 0],
						"1.2917": [0, 1.5, 0],
						"1.3333": [0, 1.25, 0],
						"1.375": [0, 1, 0],
						"1.4167": [0, 1.05, 0],
						"1.4583": [0, 1.15, 0],
						"1.5": [0, 1, 0],
						"1.5417": [0, 1, 0],
						"1.5833": [0, 1.5, 0],
						"1.625": [0, 1.25, 0],
						"1.6667": [0, 1, 0],
						"1.7083": [0, 1.05, 0],
						"1.75": [0, 1.15, 0],
						"1.7917": [0, 1, 0],
						"1.8333": [0, 1, 0],
						"1.875": [0, 1.5, 0],
						"1.9167": [0, 1.25, 0],
						"1.9583": [0, 1, 0],
						"2.0": [0, 1.05, 0],
						"2.0417": [0, 1.15, 0],
						"2.0833": [0, 1, 0],
						"2.125": [0, 1, 0],
						"2.1667": [0, 1.5, 0],
						"2.3333": [0, 0, 0]
					}
				},
				"mouth_up": {
					"rotation": {
						"0.0": [0, 0, 0],
						"0.9167": ["0+math.sin(q.anim_time*90*1.5)*10", 0, 0],
						"1.0": [37.5, 0, 0],
						"2.3333": [37.5, 0, 0],
						"2.5833": [0, 0, 0]
					}
				},
				"jaw_head": {
					"rotation": {
						"0.0": [0, 0, 0],
						"0.375": [-10, 0, 0],
						"0.75": [-10, 0, 0],
						"0.9583": [5, 0, 0],
						"2.5833": [0, 0, 0]
					},
					"position": {
						"0.0": [0, 0, 0],
						"0.375": [0, -1, 0],
						"0.75": [0, -1, 0],
						"0.9583": [0, 1.25, 0],
						"2.5833": [0, 0, 0]
					}
				},
				"tail1": {
					"rotation": {
						"0.0": [0, 0, 0],
						"0.375": [77.5, 0, 0],
						"0.75": [77.5, 0, 0],
						"0.9583": [25, 0, 0],
						"1.0417": [-32.5, 0, 0],
						"2.1667": [-32.5, 0, 0]
					},
					"position": {
						"0.0": [0, 0, 0],
						"0.375": [0, 1.75, 1.5],
						"0.75": [0, 1.75, 1.5],
						"0.9583": [0, 0.5, 0],
						"1.0": [0, 1.75, -1],
						"1.0417": [0, 1.75, -1.25],
						"1.0833": [0, 1.65, -1.25],
						"1.125": [0, 1.8, -1.25],
						"1.1667": [0, 1.75, -1.25],
						"1.2083": [0, 1.5, -1.25],
						"1.25": [0, 1.5, -1.25],
						"1.2917": [0, 2.25, -1.5],
						"1.3333": [0, 1.75, -1],
						"1.375": [0, 1.75, -1.25],
						"1.4167": [0, 1.65, -1.25],
						"1.4583": [0, 1.8, -1.25],
						"1.5": [0, 1.75, -1.25],
						"1.5417": [0, 1.5, -1.25],
						"1.5833": [0, 1.5, -1.25],
						"1.625": [0, 1.75, -1],
						"1.6667": [0, 1.75, -1.25],
						"1.7083": [0, 1.65, -1.25],
						"1.75": [0, 1.8, -1.25],
						"1.7917": [0, 1.75, -1.25],
						"1.8333": [0, 1.5, -1.25],
						"1.875": [0, 1.5, -1.25],
						"1.9167": [0, 1.75, -1],
						"1.9583": [0, 1.75, -1.25],
						"2.0": [0, 1.65, -1.25],
						"2.0417": [0, 1.8, -1.25],
						"2.0833": [0, 1.75, -1.25],
						"2.125": [0, 1.5, -1.25],
						"2.1667": [0, 1.5, -1.25],
						"2.3333": [0, 0.97, -0.83]
					}
				},
				"jaw_tail": {
					"rotation": {
						"0.0": [0, 0, 0],
						"2.5833": [0, 0, 0]
					},
					"position": {
						"0.0": [0, 0, 0],
						"2.5833": [0, 0, 0]
					}
				},
				"fin_left": {
					"rotation": {
						"0.0": [0, 0, 0],
						"0.125": [-27.93898, 1.05458, 1.0466],
						"0.375": [-26.47092, -9.33837, -18.9901],
						"0.75": [-26.47092, -9.33837, -18.9901],
						"0.9167": [-36.70111, 28.1843, 22.26392],
						"2.0833": [-36.70111, 28.1843, 22.26392],
						"2.5833": [0, 0, 0]
					},
					"position": {
						"0.0": [0, 0, 0],
						"0.125": [0, 0, 0],
						"0.375": [0.05, -0.5, -0.75],
						"0.75": [0.05, -0.5, -0.75],
						"0.9167": [-1, -0.05, 3.27],
						"2.0833": [-1, -0.05, 3.27],
						"2.5833": [0, 0, 0]
					}
				},
				"fin_right": {
					"rotation": {
						"0.0": [0, 0, 0],
						"0.125": [-27.47764, -1.15413, -2.2179],
						"0.375": [-26.06663, 9.08656, 17.8922],
						"0.75": [-26.06663, 9.08656, 17.8922],
						"0.9167": [-39.46704, -37.6678, -14.86408],
						"2.0833": [-39.46704, -37.6678, -14.86408],
						"2.5833": [0, 0, 0]
					},
					"position": {
						"0.0": [0, 0, 0],
						"0.125": [0, 0, 0],
						"0.375": [0.25, 0, -1],
						"0.75": [0.25, 0, -1],
						"0.9167": [0.23, -1.25, 4.27],
						"2.0833": [0.23, -1.25, 4.27],
						"2.5833": [0, 0, 0]
					}
				}
			}
		},
		"animation.stunfiskgalar.ground_walk": {
			"loop": true,
			"animation_length": 0.5,
			"bones": {
				"stunfisk": {
					"rotation": {
						"0.0": [10, 0, 0],
						"0.125": [0, 0, 0]
					},
					"position": {
						"0.0": [0, 2, 0],
						"0.125": [0, 0, 0]
					}
				},
				"tail1": {
					"rotation": {
						"0.0": [0, 0, 0],
						"0.125": [7.5, 0, 0],
						"0.25": [-5, 0, 0],
						"0.375": [-5, 0, 0],
						"0.5": [0, 0, 0]
					}
				},
				"tail2": {
					"rotation": {
						"0.0": [-50, 0, 0],
						"0.125": [-40, 0, 0],
						"0.25": [-52.5, 0, 0],
						"0.375": [-52.5, 0, 0],
						"0.5": [-50, 0, 0]
					}
				},
				"fin_right": {
					"rotation": {
						"0.0": [-0.61939, 11.28865, -17.8607],
						"0.125": [2.0099, -25.25199, 23.76653],
						"0.25": [8.75252, -19.85525, -1.6581],
						"0.375": [8.23579, 2.40436, 1.68317],
						"0.5": [-2.61806, 11.41379, -15.31401]
					},
					"position": {
						"0.0": [2.5, 2, 0],
						"0.0625": [-0.56, 0.5, 1],
						"0.125": [-2.62, 1, 2],
						"0.1875": [-1.81, 1, 1],
						"0.25": [-1.5, 1, 0],
						"0.375": [1, 1, 0],
						"0.5": [2, 2, 0]
					}
				},
				"fin_left": {
					"rotation": {
						"0.0": [2.11139, -11.51697, 17.86274],
						"0.125": [2.0099, 25.252, -23.7665],
						"0.25": [8.7525, 19.8552, 1.6581],
						"0.375": [8.2358, -2.4044, -1.6832],
						"0.5": [-6.98502, -9.41745, 8.50037]
					},
					"position": {
						"0.0": [-2.5, 2.25, -0.25],
						"0.0625": [0.38, 0.5, 0.75],
						"0.125": [2.75, 0.5, 1.75],
						"0.1875": [1.75, 0.748, 1.13],
						"0.25": [1.5, 1, -0.5],
						"0.375": [-1, 1.25, -0.25],
						"0.5": [-2, 0.25, 0.25]
					}
				},
				"jaw_head": {
					"rotation": [60, 0, 0],
					"position": [0, 8, -4]
				}
			}
		},
		"animation.stunfiskgalar.ground_idle": {
			"loop": true,
			"bones": {
				"tail2": {
					"rotation": ["-50+math.sin(q.anim_time*90*1.5)*0.5", 0, 0],
					"position": [0, -0.3, 1]
				},
				"tail1": {
					"rotation": ["25+math.sin(q.anim_time*90*1.5)*4", 0, 0],
					"position": [0, 1, 0]
				},
				"fin_right": {
					"rotation": ["-26.9409+math.sin(q.anim_time*90*1.5)*1.25", -5.7358, "-11.125+math.cos(q.anim_time*90*1.5)*0.25"],
					"position": [1, -0.75, -3]
				},
				"jaw_tail": {
					"rotation": ["65-math.sin(q.anim_time*90*1.5)*0.5", 0, 0],
					"position": [0, 0, -1]
				},
				"fin_left": {
					"rotation": ["-26.9409+math.sin(q.anim_time*90*1.5)*1.25", 5.73576, "11.125+math.sin(q.anim_time*90*1.5)*0.25"],
					"position": [-1, -0.75, -3]
				},
				"mouth_up": {
					"rotation": ["0+math.sin(q.anim_time*90*1.5)*10", 0, 0]
				},
				"body": {
					"rotation": [27.5, 0, 0],
					"position": [0, 6, 0]
				},
				"head": {
					"rotation": ["0-math.sin(q.anim_time*90*1.5)*1.25", 0, 0]
				},
				"jaw_head": {
					"rotation": [5, 0, 0],
					"position": [0, 2.25, 0]
				}
			}
		},
		"animation.stunfiskgalar.hac": {
			"animation_length": 49,
			"bones": {
				"tail2": {
					"rotation": {
						"0.0": ["-50+math.sin(q.anim_time*90*1.5)*0.5", 0, 0],
						"0.25": [-97.5, 0, 0],
						"0.4583": ["-110-math.sin(q.anim_time*180*4)*20", 0, 0],
						"1.6667": [-74.42, 0, 0],
						"15.9167": [-74.42, 0, 0],
						"17.375": [-84.42, 0, 0],
						"17.5417": [-74.42, 0, 0],
						"17.625": [-44.71, 0, 0],
						"17.7083": [-15, 0, 0],
						"48.0": [-15, 0, 0],
						"49.0": ["-50+math.sin(q.anim_time*90*1.5)*0.5", 0, 0]
					},
					"position": {
						"0.0": [0, -0.3, 1],
						"0.25": [0, -0.55, 1],
						"0.4583": [0, -0.8, 1.5],
						"1.6667": [0, -0.48, 1.07],
						"15.9167": [0, -0.48, 1.07],
						"17.5417": [0, -0.48, 1.07],
						"17.625": [0, -0.26, 0.78],
						"17.7083": [0, -0.05, 0.5],
						"48.0": [0, -0.05, 0.5],
						"49.0": [0, -0.3, 1]
					}
				},
				"tail1": {
					"rotation": {
						"0.0": ["25+math.sin(q.anim_time*90*1.5)*4", 0, 0],
						"0.3333": [-26.39, 5.8, 0],
						"0.7917": [0, "0-math.sin(q.anim_time*185*4)*15", 0],
						"1.6667": [2.5, 0, 0],
						"15.9167": [2.5, 0, 0],
						"17.375": [-7.5, 0, 0],
						"17.5417": [2.5, 0, 0],
						"17.625": [63.75, 0, 0],
						"17.7083": [125, 0, 0],
						"48.0": [125, 0, 0],
						"49.0": ["25+math.sin(q.anim_time*90*1.5)*4", 0, 0]
					},
					"position": {
						"0.0": [0, 1, 0],
						"0.3333": [0, 1.25, -1],
						"1.6667": [0, 1, -1],
						"15.9167": [0, 1, -1],
						"17.5417": [0, 1, -1],
						"17.625": [0, 1.88, 0.13],
						"17.7083": [0, 2.75, 1.25],
						"48.0": [0, 2.75, 1.25],
						"49.0": [0, 1, 0]
					}
				},
				"fin_right": {
					"rotation": {
						"0.0": [-26.9409, -5.7358, "-11.125+math.sin(q.anim_time*90*0.5)*0.25"],
						"0.5417": [-4.64232, 4.59896, "8.8893+math.sin(q.anim_time*90*0.5)*0.25"],
						"0.8333": [-5.369, 3.7242, "-1.0988+math.sin(q.anim_time*90*0.5)*0.25"],
						"1.125": [-4.64232, 4.59896, "8.8893+math.sin(q.anim_time*90*0.5)*0.25"],
						"1.375": [-5.369, 3.7242, "-1.0988+math.sin(q.anim_time*90*0.5)*0.25"],
						"1.6667": [-4.64232, 4.59896, "8.8893+math.sin(q.anim_time*90*0.5)*0.25"],
						"2.125": [-26.9409, -5.7358, "-11.125+math.sin(q.anim_time*90*0.5)*0.25"],
						"17.5833": [-26.9409, -5.7358, "-11.125+math.sin(q.anim_time*90*0.5)*0.25"],
						"17.625": [0.9351, -7.18924, "-56.4063+math.sin(q.anim_time*90*0.5)*0.25"],
						"17.8333": [-26.9409, -5.7358, "-11.125+math.sin(q.anim_time*90*0.5)*0.25"],
						"17.875": [-4.4409, -5.7358, "-11.125+math.sin(q.anim_time*90*0.5)*0.25"],
						"47.7917": [-4.4409, -5.7358, "-11.125+math.sin(q.anim_time*90*0.5)*0.25"],
						"49.0": [-26.9409, -5.7358, "-11.125+math.sin(q.anim_time*90*0.5)*0.25"]
					},
					"position": {
						"0.0": [1, -1, -3],
						"0.5417": [1, -0.25, -3],
						"0.8333": [1, 0.25, -3],
						"1.125": [1, -0.25, -3],
						"1.375": [1, 0.25, -3],
						"1.6667": [1, -0.25, -3],
						"2.125": [1, -1, -3],
						"17.5833": [1, -1, -3],
						"17.625": [-0.5, 4, -0.5],
						"17.8333": [1, -1, -3],
						"17.875": [0, 2, -1.25],
						"47.7917": [-0.25, 2, -1.25],
						"49.0": [1, -1, -3]
					}
				},
				"jaw_tail": {
					"rotation": {
						"0.0": ["65-math.sin(q.anim_time*90*1.5)*0.5", 0, 0],
						"0.25": ["-15.63-math.sin(q.anim_time*180*4)*20", 0, 0],
						"1.625": ["20-math.sin(q.anim_time*90*1.5)*0.5", 0, 0],
						"2.0833": ["65-math.sin(q.anim_time*90*1.5)*0.5", 0, 0],
						"4.0417": ["65-math.sin(q.anim_time*90*1.5)*0.5", 0, 0],
						"48.0": ["65-math.sin(q.anim_time*90*1.5)*0.5", 0, 0],
						"49.0": ["65-math.sin(q.anim_time*90*1.5)*0.5", 0, 0]
					},
					"position": {
						"0.0": [0, 0, -1],
						"0.4583": [0, 0, -0.25],
						"2.0833": [0, -0.25, -0.75],
						"4.0417": [0, -0.25, -0.75],
						"48.0": [0, -0.25, -0.75],
						"49.0": [0, 0, -1]
					}
				},
				"fin_left": {
					"rotation": {
						"0.0": [-26.94093, 5.73576, "11.125+math.sin(q.anim_time*90*0.5)*0.25"],
						"0.5417": [-6.29643, -3.85149, "-10.5287+math.sin(q.anim_time*90*0.5)*0.25"],
						"0.8333": [-6.86667, -2.70243, "-0.5784+math.sin(q.anim_time*90*0.5)*0.25"],
						"1.125": [-6.29643, -3.85149, "-10.5287+math.sin(q.anim_time*90*0.5)*0.25"],
						"1.375": [-6.86667, -2.70243, "-0.5784+math.sin(q.anim_time*90*0.5)*0.25"],
						"1.6667": [-6.29643, -3.85149, "-10.5287+math.sin(q.anim_time*90*0.5)*0.25"],
						"2.125": [-26.94093, 5.73576, "11.125+math.sin(q.anim_time*90*0.5)*0.25"],
						"17.5833": [-26.94093, 5.73576, "11.125+math.sin(q.anim_time*90*0.5)*0.25"],
						"17.625": [0.93505, 7.18923, "56.4063+math.sin(q.anim_time*90*0.5)*0.25"],
						"17.8333": [-26.94093, 5.73576, "11.125+math.sin(q.anim_time*90*0.5)*0.25"],
						"17.875": [-4.44093, 5.73576, "11.125+math.sin(q.anim_time*90*0.5)*0.25"],
						"47.7917": [-4.44093, 5.73576, "11.125+math.sin(q.anim_time*90*0.5)*0.25"],
						"49.0": [-26.94093, 5.73576, "11.125+math.sin(q.anim_time*90*0.5)*0.25"]
					},
					"position": {
						"0.0": [-1, -0.75, -3],
						"0.5417": [-0.75, -0.5, -3],
						"0.8333": [-1, 0.25, -3],
						"1.125": [-1, -0.25, -3],
						"1.375": [-1, 0.25, -3],
						"1.6667": [-1, -0.25, -3],
						"2.125": [-1, -1, -3],
						"17.5833": [-1, -0.75, -3],
						"17.625": [0.75, 4.25, 0],
						"17.8333": [-1, -0.75, -3],
						"17.875": [0, 1.75, -1],
						"47.7917": [0, 1.75, -1],
						"49.0": [-1, -0.75, -3]
					}
				},
				"mouth_up": {
					"rotation": {
						"0.0": ["0+math.sin(q.anim_time*90*1.5)*10", 0, 0],
						"1.4167": ["0+math.sin(q.anim_time*90*1.5)*10", 0, 0],
						"1.75": [-5, 0, 0],
						"19.7083": ["0+math.sin(q.anim_time*90*1.5)*10", 0, 0],
						"49.0": ["0+math.sin(q.anim_time*90*1.5)*10", 0, 0]
					},
					"position": [0, 0, 0]
				},
				"body": {
					"rotation": {
						"0.0": [27.5, 0, 0],
						"1.625": [-2.5, 0, 0],
						"17.5": [-2.5, 0, 0],
						"17.5417": [0, 0, 0],
						"17.625": [-22.5, 0, 0],
						"17.7083": [20, 0, 0],
						"17.75": [20, 0, 0],
						"17.7917": [20, 0, 0],
						"17.875": [0, 0, 0],
						"48.0": [0, 0, 0],
						"49.0": [27.5, 0, 0]
					},
					"position": {
						"0.0": [0, 6, 0],
						"0.7917": [0, 0.25, 0],
						"1.6667": [0, -3.5, 0],
						"17.5417": [0, -3.5, 0],
						"17.625": [0, 5, 2.5],
						"17.7083": [0, 13.5, 0],
						"17.7917": [0, 13.5, -2.75],
						"17.875": [0, -0.25, -5],
						"48.0": [0, -0.25, -5],
						"49.0": [0, 6, 0]
					}
				},
				"head": {
					"rotation": {
						"0.0": ["0-math.sin(q.anim_time*90*1.5)*0.25", 0, 0],
						"0.5833": [0, "0-math.sin(q.anim_time*180*4)*10", 0],
						"2.125": [2.5, 0, 0],
						"48.0": [2.5, 0, 0],
						"49.0": ["0-math.sin(q.anim_time*90*1.5)*0.25", 0, 0]
					},
					"position": [0, 0, 0]
				},
				"jaw_head": {
					"rotation": {
						"0.0": [5, 0, 0],
						"48.0": [5, 0, 0],
						"49.0": [5, 0, 0]
					},
					"position": {
						"0.0": [0, 2.25, 0],
						"48.0": [0, 2.25, 0],
						"49.0": [0, 2.25, 0]
					}
				},
				"mouth_down": {
					"rotation": {
						"0.0": [0, 0, 0],
						"1.4167": [0, 0, 0],
						"1.75": [-12.5, 0, 0],
						"17.1667": [-12.5, 0, 0],
						"17.625": [0, 0, 0]
					},
					"position": {
						"0.0": [0, 0, 0],
						"1.4167": [0, 0, 0],
						"1.75": [0, 1, 0],
						"17.1667": [0, 1, 0],
						"17.625": [0, 0, 0]
					}
				},
				"tail": {
					"rotation": {
						"4.0417": [0, 0, 0],
						"48.0": [0, 0, 0]
					},
					"position": {
						"4.0417": [0, 0, 0],
						"48.0": [0, 0, 0]
					}
				}
			}
		},
"animation.stunfiskgalar.physical": {
			"animation_length": 2,
			"bones": {
				"tail2": {
					"rotation": {
						"0.0": ["-50+math.sin(q.anim_time*90*1.5)*0.5", 0, 0],
						"0.2917": [-74.42, 0, 0],
						"0.7917": [-43.59, 0, 0],
						"1.0417": [-99.42, 0, 0],
						"1.2917": [-99.42, 0, 0],
						"1.4167": [-15, 0, 0],
						"2.0": ["-50+math.sin(q.anim_time*90*1.5)*0.5", 0, 0]
					},
					"position": {
						"0.0": [0, -0.3, 1],
						"0.2917": [0, -0.48, 1.07],
						"1.2917": [0, -1.1, 1.56],
						"1.4167": [0, -0.05, 0.5],
						"2.0": [0, -0.3, 1]
					}
				},
				"tail1": {
					"rotation": {
						"0.0": ["25+math.sin(q.anim_time*90*1.5)*4", 0, 0],
						"0.2917": [2.5, 0, 0],
						"0.75": [-15, 0, 0],
						"0.9167": [-15, 0, 0],
						"1.0": [-15, 0, 0],
						"1.375": [-15, 0, 0],
						"1.4167": [125, 0, 0],
						"1.875": [125, 0, 0],
						"2.0": ["25+math.sin(q.anim_time*90*1.5)*4", 0, 0]
					},
					"position": {
						"0.0": [0, 1, 0],
						"0.2917": [0, 0, -1],
						"0.75": [0, -2.38, -0.67],
						"1.0": [0, 1.1, -0.4],
						"1.1667": [0, 1.14, 0.04],
						"1.4167": [0, 2.75, 1.25],
						"1.875": [0, 2.75, 1.25],
						"2.0": [0, 1, 0]
					}
				},
				"fin_right": {
					"rotation": {
						"0.0": ["-26.9409+math.sin(q.anim_time*90*1.5)*1.25", -5.7358, "-11.125+math.cos(q.anim_time*90*1.5)*0.25"],
						"0.125": [0, -7.5, 0],
						"0.2917": [0, 12.5, "-math.sin(q.anim_time*90*0.5)*0.25"],
						"0.5": [0, -7.5, 0],
						"0.625": ["-26.9409+math.sin(q.anim_time*90*1.5)*1.25", -5.7358, "-11.125+math.cos(q.anim_time*90*1.5)*0.25"],
						"0.7917": ["-26.9409+math.sin(q.anim_time*90*1.5)*1.25", -5.7358, "-11.125+math.cos(q.anim_time*90*1.5)*0.25"],
						"0.9167": [-25.41993, 8.73089, 18.16173],
						"0.9583": [-25.41993, 8.73089, 18.16173],
						"1.1667": [-26.9409, -5.7358, "-11.125+math.sin(q.anim_time*90*0.5)*0.25"],
						"1.2083": [0.9351, -7.18924, "-56.4063+math.sin(q.anim_time*90*0.5)*0.25"],
						"1.4167": [-26.9409, -5.7358, "-11.125+math.sin(q.anim_time*90*0.5)*0.25"],
						"1.4583": [-4.4409, -5.7358, "-11.125+math.sin(q.anim_time*90*0.5)*0.25"],
						"2.0": ["-26.9409+math.sin(q.anim_time*90*1.5)*1.25", -5.7358, "-11.125+math.cos(q.anim_time*90*1.5)*0.25"]
					},
					"position": {
						"0.0": [1, -0.75, -3],
						"0.625": [1, -0.75, -3],
						"0.7917": [1, -0.75, -3],
						"0.9167": [1, -1.84, -3],
						"0.9583": [1, -1.84, -3],
						"1.1667": [1, -1, -3],
						"1.2083": [-0.5, 4, -0.5],
						"1.4167": [1, -1, -3],
						"1.4583": [0, 2, -1.25],
						"2.0": [1, -0.75, -3]
					}
				},
				"jaw_tail": {
					"rotation": {
						"0.0": ["65-math.sin(q.anim_time*90*1.5)*0.5", 0, 0],
						"2.0": ["65-math.sin(q.anim_time*90*1.5)*0.5", 0, 0]
					},
					"position": {
						"0.0": [0, 0, -1],
						"2.0": [0, 0, -1]
					}
				},
				"fin_left": {
					"rotation": {
						"0.0": ["-26.9409+math.sin(q.anim_time*90*1.5)*1.25", 5.73576, "11.125+math.sin(q.anim_time*90*1.5)*0.25"],
						"0.125": [0, -7.5, 0],
						"0.2917": [0, 10, "0+math.sin(q.anim_time*90*0.5)*0.25"],
						"0.5": [0, -7.5, 0],
						"0.625": ["-26.9409+math.sin(q.anim_time*90*1.5)*1.25", 5.73576, "11.125+math.sin(q.anim_time*90*1.5)*0.25"],
						"0.7917": ["-26.9409+math.sin(q.anim_time*90*1.5)*1.25", 5.73576, "11.125+math.sin(q.anim_time*90*1.5)*0.25"],
						"0.9167": [-26.26123, -5.45804, -11.08299],
						"0.9583": [-26.26123, -5.45804, -11.08299],
						"1.1667": [-26.94093, 5.73576, "11.125+math.sin(q.anim_time*90*0.5)*0.25"],
						"1.2083": [0.93505, 7.18923, "56.4063+math.sin(q.anim_time*90*0.5)*0.25"],
						"1.4167": [-26.94093, 5.73576, "11.125+math.sin(q.anim_time*90*0.5)*0.25"],
						"1.4583": [-4.44093, 5.73576, "11.125+math.sin(q.anim_time*90*0.5)*0.25"],
						"2.0": ["-26.9409+math.sin(q.anim_time*90*1.5)*1.25", 5.73576, "11.125+math.sin(q.anim_time*90*1.5)*0.25"]
					},
					"position": {
						"0.0": [-1, -0.75, -3],
						"0.625": [-1, -0.75, -3],
						"0.7917": [-1, -0.75, -3],
						"1.1667": [-1, -0.75, -3],
						"1.2083": [0.75, 4.25, 0],
						"1.4167": [-1, -0.75, -3],
						"1.4583": [0, 1.75, -1],
						"2.0": [-1, -0.75, -3]
					}
				},
				"mouth_up": {
					"rotation": {
						"0.0": ["0+math.sin(q.anim_time*90*1.5)*10", 0, 0],
						"1.8333": ["0+math.sin(q.anim_time*90*1.5)*10", 0, 0],
						"2.0": ["0+math.sin(q.anim_time*90*1.5)*10", 0, 0]
					}
				},
				"body": {
					"rotation": {
						"0.0": [27.5, 0, 0],
						"1.1667": [15, 0, 0],
						"1.2917": [7.5, 0, 0],
						"1.375": [20, 0, 0],
						"1.5417": [0, 0, 0],
						"2.0": [27.5, 0, 0]
					},
					"position": {
						"0.0": [0, 6, 0],
						"1.1667": [0, 2.67, 13],
						"1.2917": [0, 8, 5],
						"1.375": [0, 15.5, 1.5],
						"1.5417": [0, 0, 0],
						"2.0": [0, 6, 0]
					}
				},
				"head": {
					"rotation": {
						"0.0": ["0-math.sin(q.anim_time*90*1.5)*1.25", 0, 0],
						"0.75": ["-25-math.sin(q.anim_time*90*1.5)*1.25", 0, 0],
						"1.0": ["0-math.sin(q.anim_time*90*1.5)*1.25", 0, 0],
						"2.0": ["0-math.sin(q.anim_time*90*1.5)*1.25", 0, 0]
					},
					"position": {
						"0.0": [0, 0, 0],
						"0.75": [0, -3, 0],
						"1.0": [0, 0, 0],
						"2.0": [0, 0, 0]
					}
				},
				"jaw_head": {
					"rotation": {
						"0.0": [5, 0, 0],
						"2.0": [5, 0, 0]
					},
					"position": {
						"0.0": [0, 2.25, 0],
						"2.0": [0, 2.25, 0]
					}
				}
			}
		}
	}
}