{
  "target": "cobblemon:melmetal",
  "implemented": true,
  "baseScale": 1,
  "hitbox": {
    "width": 2.4,
    "height": 3.3,
    "fixed": false
  },
  "behaviour": {
    "resting": {
      "canSleep": true,
      "depth": "normal",
      "light": "0-4"
    },
    "moving": {
      "canLook": false,
      "walk": {
	    "walkSpeed": 0.195,
        "canWalk": true,
        "avoidsLand": false
      },
      "swim": {
        "swimSpeed": 0.1,
        "canSwimInWater": false,
        "canBreatheUnderwater": false
       }
     }
  }
}
