{
	"format_version": "1.8.0",
	"animations": {
		"animation.raikou.ground_idle": {
			"loop": true,
			"bones": {
				"outer_left_fur": {
					"rotation": ["-37.6436-(math.sin((query.anim_time) * 90 * 1+30)* 5)", 19.76635, 0.6433],
					"position": [-0.5, 0, 0]
				},
				"outer_left_fur1": {
					"rotation": ["15-(math.sin((query.anim_time) * 90 * 1+90)* 5)", -15, 0]
				},
				"left_fur": {
					"rotation": ["-40.0851-(math.sin((query.anim_time) * 90* 1+30)* 6)", 9.88082, -0.2235]
				},
				"middle_fur": {
					"rotation": ["-35-(math.sin((query.anim_time) * 90* 1+30)* 6)", 0, 0]
				},
				"outer_left_fur2": {
					"rotation": [10, 0, 0]
				},
				"outer_left_fur_end": {
					"rotation": ["-(math.sin((query.anim_time) * 90 * 1+180)* 7)", 0, 0]
				},
				"left_fur1": {
					"rotation": ["15-(math.sin((query.anim_time) * 90 * 1+90)* 7)", -5, 0]
				},
				"left_fur2": {
					"rotation": [32.5, 0, 0]
				},
				"left_fur_end": {
					"rotation": ["-(math.sin((query.anim_time) * 90 * 1+180)* 9)", 0, 0]
				},
				"middle_fur1": {
					"rotation": ["12.5-(math.sin((query.anim_time) * 90 * 1+120)* 7)", 0, 0]
				},
				"middle_fur2": {
					"rotation": [7.5, 0, 0]
				},
				"middle_fur_end": {
					"rotation": ["-(math.sin((query.anim_time) * 90 * 1+180)* 10)", 0, 0]
				},
				"tail_end": {
					"rotation": ["-142.5-(math.sin((query.anim_time) * 90 * 1+210)* 8)", "-(math.sin((query.anim_time) * 90 * 0.5-120)* 7)", 0]
				},
				"tail_2": {
					"rotation": ["137.5+(math.sin((query.anim_time) * 90 * 1+180)* 7)", "-(math.sin((query.anim_time) * 90 * 0.5-90)* 5)", 0]
				},
				"tail_1": {
					"rotation": ["-82.5-(math.sin((query.anim_time) * 90 * 1+120)* 5)", "-(math.sin((query.anim_time) * 90 * 0.5-60)* 4)", 0]
				},
				"tail_base": {
					"rotation": [
						"20-(math.sin((query.anim_time) * 90 * 1+60)* 3)",
						"-(math.sin((query.anim_time) * 90 * 0.5-30)* 3)",
						"-(math.sin((query.anim_time) * 90 * 0.5-30)* 5)"
					]
				},
				"neck": {
					"rotation": ["(math.sin((query.anim_time) * 90 * 1-90)* 3)", 0, 0]
				},
				"head": {
					"rotation": ["-(math.sin((query.anim_time) * 90 * 1-60)* 2)", 0, 0]
				},
				"right_fur": {
					"rotation": ["-40.0851-(math.sin((query.anim_time) * 90* 1+30)* 6)", -9.88082, 0.2235]
				},
				"right_fur1": {
					"rotation": ["15-(math.sin((query.anim_time) * 90 * 1+90)* 7)", 5, 0]
				},
				"right_fur2": {
					"rotation": [32.5, 0, 0]
				},
				"right_fur_end": {
					"rotation": ["-(math.sin((query.anim_time) * 90 * 1+180)* 9)", 0, 0]
				},
				"outer_right_fur": {
					"rotation": ["-37.6436-(math.sin((query.anim_time) * 90 * 1+30)* 5)", -19.76635, -0.6433],
					"position": [0.5, 0, 0]
				},
				"outer_right_fur1": {
					"rotation": ["15-(math.sin((query.anim_time) * 90 * 1+90)* 5)", 15, 0]
				},
				"outer_right_fur2": {
					"rotation": [10, 0, 0]
				},
				"outer_right_fur_end": {
					"rotation": ["-(math.sin((query.anim_time) * 90 * 1+180)* 7)", 0, 0]
				},
				"left_leg": {
					"rotation": ["- (math.sin((query.anim_time) * 90 * 1)* 5)", -15, 0],
					"position": [0, "(math.sin((query.anim_time) * 90 * 1)* 0.4)", "(math.sin((query.anim_time) * 90 * 1)* 0.3)"]
				},
				"left_knee": {
					"rotation": ["(math.sin((query.anim_time) * 90 * 1)* 8)", 0, 0]
				},
				"left_foot": {
					"rotation": ["- (math.sin((query.anim_time) * 90 * 1)* 4)", 0, 0],
					"position": [0, 0, "(math.sin((query.anim_time) * 90 * 1)* 0.1)"]
				},
				"right_leg": {
					"rotation": ["- (math.sin((query.anim_time) * 90 * 1)* 5)", 15, 0],
					"position": [0, "(math.sin((query.anim_time) * 90 * 1)* 0.4)", "(math.sin((query.anim_time) * 90 * 1)* 0.3)"]
				},
				"right_knee": {
					"rotation": ["(math.sin((query.anim_time) * 90 * 1)* 8)", 0, 0]
				},
				"right_foot": {
					"rotation": ["- (math.sin((query.anim_time) * 90 * 1)* 4)", 0, 0],
					"position": [0, 0, "(math.sin((query.anim_time) * 90 * 1)* 0.1)"]
				},
				"back_left_leg": {
					"rotation": ["0- (math.sin((query.anim_time) * 90 * 1)* 2)", -7.5, 0],
					"position": [0, "(math.sin((query.anim_time) * 90 * 1)* 0.11)", "(math.sin((query.anim_time) * 90 * 1)* 0.5)"]
				},
				"back_left_foot": {
					"rotation": ["(math.sin((query.anim_time) * 90 * 1)* 2)", 0, 0],
					"position": [0, 0, "-(math.sin((query.anim_time) * 90 * 1)* 0.1)"]
				},
				"back_right_leg": {
					"rotation": ["0- (math.sin((query.anim_time) * 90 * 1)* 2)", 7.5, 0],
					"position": [0, "(math.sin((query.anim_time) * 90 * 1)* 0.11)", "(math.sin((query.anim_time) * 90 * 1)* 0.5)"]
				},
				"back_right_foot": {
					"rotation": ["(math.sin((query.anim_time) * 90 * 1)* 2)", 0, 0],
					"position": [0, 0, "-(math.sin((query.anim_time) * 90 * 1)* 0.1)"]
				},
				"waist": {
					"position": [0, 0, 0]
				},
				"fur": {
					"rotation": ["22.5-(math.sin((query.anim_time) * 90 * 1-90)* 2) ", "(math.sin((query.anim_time) * 90 * 0.5-30)* 3)", 0],
					"position": [0, -1, 0]
				},
				"back_left_knee": {
					"rotation": ["(math.sin((query.anim_time) * 90 * 1)* 1)", 0, 0]
				},
				"back_right_knee": {
					"rotation": ["(math.sin((query.anim_time) * 90 * 1)* 1)", 0, 0]
				},
				"torso": {
					"rotation": ["-(math.sin((query.anim_time) * 90 * 1)* 1)", 0, 0],
					"position": [0, "(math.sin((query.anim_time) * 90 * 1)* 0.5)", "(math.sin((query.anim_time) * 90 * 1-30)* 0.3)"]
				},
				"face": {
					"rotation": [20, 0, 0]
				},
				"left_whiskers": {
					"rotation": [0, "(math.sin((query.anim_time) * 90 * 1+60)* 3)", "(math.sin((query.anim_time) * 90 * 1+30)* 1)"]
				},
				"right_whiskers": {
					"rotation": [0, "-(math.sin((query.anim_time) * 90 * 1+60)* 3)", "-(math.sin((query.anim_time) * 90 * 1+30)* 1)"]
				},
				"left_ear": {
					"rotation": ["(math.sin((query.anim_time) * 90 * 1-30)* 5)", 0, "(math.sin((query.anim_time) * 90 * 1+60)* 3)"]
				},
				"right_ear": {
					"rotation": ["(math.sin((query.anim_time) * 90 * 1-30)* 5)", 0, "-(math.sin((query.anim_time) * 90 * 1+60)* 3)"]
				}
			}
		},
		"animation.raikou.ground_walk": {
			"loop": true,
			"animation_length": 2,
			"bones": {
				"left_leg": {
					"rotation": {
						"0.0": {
							"post": [-27.3423, 2.55868, 7.05239],
							"lerp_mode": "catmullrom"
						},
						"0.25": {
							"post": [-22.21972, 3.50669, 9.36895],
							"lerp_mode": "catmullrom"
						},
						"0.5": {
							"post": [-9.42996, 3.81586, 14.4579],
							"lerp_mode": "catmullrom"
						},
						"0.75": {
							"post": [9.56188, 3.28467, 16.86676],
							"lerp_mode": "catmullrom"
						},
						"1.0": {
							"post": [29.87348, -5.37257, 5.41982],
							"lerp_mode": "catmullrom"
						},
						"1.25": {
							"post": [28.2435, -11.4427, -11.6659],
							"lerp_mode": "catmullrom"
						},
						"1.5": {
							"post": [9.75911, -7.3836, -8.5146],
							"lerp_mode": "catmullrom"
						},
						"1.75": {
							"post": [-22.74089, -7.3836, -8.5146],
							"lerp_mode": "catmullrom"
						},
						"2.0": {
							"post": [-27.3423, 2.55868, 7.05239],
							"lerp_mode": "catmullrom"
						}
					},
					"position": {
						"0.0": {
							"post": [-0.5, -2, -1],
							"lerp_mode": "catmullrom"
						},
						"0.25": {
							"post": [0, -1.25, 0],
							"lerp_mode": "catmullrom"
						},
						"0.5": {
							"post": [1, 0, 1],
							"lerp_mode": "catmullrom"
						},
						"0.75": {
							"post": [1.5, -1, 1],
							"lerp_mode": "catmullrom"
						},
						"1.0": {
							"post": [0.5, -0.5, -1],
							"lerp_mode": "catmullrom"
						},
						"1.25": {
							"post": [0, 0.5, 0],
							"lerp_mode": "catmullrom"
						},
						"1.5": {
							"post": [0, 0.5, 1],
							"lerp_mode": "catmullrom"
						},
						"1.75": {
							"post": [-1, -1.5, 0],
							"lerp_mode": "catmullrom"
						},
						"2.0": {
							"post": [-0.5, -2, -1],
							"lerp_mode": "catmullrom"
						}
					}
				},
				"left_knee": {
					"rotation": {
						"0.0": {
							"post": [4.97402, -0.76207, -2.51174],
							"lerp_mode": "catmullrom"
						},
						"0.25": {
							"post": [24.9412, -2.15264, -2.8029],
							"lerp_mode": "catmullrom"
						},
						"0.5": {
							"post": [27.48638, -1.48088, -5.27526],
							"lerp_mode": "catmullrom"
						},
						"0.75": {
							"post": [10.59744, 1.26162, -7.01632],
							"lerp_mode": "catmullrom"
						},
						"1.0": {
							"post": [7.38733, -1.29876, -0.08385],
							"lerp_mode": "catmullrom"
						},
						"1.25": {
							"post": [5, 0, 12.5],
							"lerp_mode": "catmullrom"
						},
						"1.5": {
							"post": [-22.90981, 10.2886, 10.4098],
							"lerp_mode": "catmullrom"
						},
						"1.75": {
							"post": [-7.90981, 10.2886, 10.4098],
							"lerp_mode": "catmullrom"
						},
						"2.0": {
							"post": [4.97402, -0.76207, -2.51174],
							"lerp_mode": "catmullrom"
						}
					},
					"position": {
						"0.0": {
							"post": [0.02453, -0.43633, 0.0684],
							"lerp_mode": "catmullrom"
						},
						"0.25": {
							"post": [-0.05671, 0.26848, -0.12276],
							"lerp_mode": "catmullrom"
						},
						"0.5": {
							"post": [-0.04133, 0.79845, -0.01752],
							"lerp_mode": "catmullrom"
						},
						"0.75": {
							"post": [-0.03, 0.26, -0.01],
							"lerp_mode": "catmullrom"
						},
						"1.0": {
							"post": [0, 0, 0],
							"lerp_mode": "catmullrom"
						},
						"1.25": {
							"post": [0.11928, 0.44421, 0.19609],
							"lerp_mode": "catmullrom"
						},
						"1.5": {
							"post": [0.1193, 0.44421, 0.19609],
							"lerp_mode": "catmullrom"
						},
						"1.75": {
							"post": [0, 0, 0],
							"lerp_mode": "catmullrom"
						},
						"2.0": {
							"post": [0.02453, -0.43633, 0.0684],
							"lerp_mode": "catmullrom"
						}
					}
				},
				"left_foot": {
					"rotation": {
						"0.0": {
							"post": [22.42287, 1.91134, -4.62111],
							"lerp_mode": "catmullrom"
						},
						"0.25": {
							"post": [-2.47864, -0.32621, -7.49294],
							"lerp_mode": "catmullrom"
						},
						"0.5": {
							"post": [-17.25002, -2.99318, -9.54589],
							"lerp_mode": "catmullrom"
						},
						"0.75": {
							"post": [-16.4931, -7.87854, -8.52803],
							"lerp_mode": "catmullrom"
						},
						"1.0": {
							"post": [-22.20624, 4.41458, -3.85105],
							"lerp_mode": "catmullrom"
						},
						"1.25": {
							"post": [2.5515, -1.2909, -4.3162],
							"lerp_mode": "catmullrom"
						},
						"1.5": {
							"post": [27.5515, -1.2909, -4.3162],
							"lerp_mode": "catmullrom"
						},
						"1.75": {
							"post": [17.5515, -1.2909, -4.3162],
							"lerp_mode": "catmullrom"
						},
						"2.0": {
							"post": [22.42287, 1.91134, -4.62111],
							"lerp_mode": "catmullrom"
						}
					},
					"position": {
						"0.0": {
							"post": [-0.00227, 1.26642, -0.42057],
							"lerp_mode": "catmullrom"
						},
						"0.0417": {
							"post": [0.02374, 1.09565, -0.28625],
							"lerp_mode": "catmullrom"
						},
						"0.0833": {
							"post": [-0.01083, 1.45898, -0.29415],
							"lerp_mode": "catmullrom"
						},
						"0.25": {
							"post": [-0.00484, 1.63577, -0.01245],
							"lerp_mode": "catmullrom"
						},
						"0.5": {
							"post": [0.03859, -0.11726, -0.06425],
							"lerp_mode": "catmullrom"
						},
						"0.75": {
							"post": [-0.04685, 0.26055, -0.01087],
							"lerp_mode": "catmullrom"
						},
						"1.0": {
							"post": [0.29004, -0.97742, -0.40239],
							"lerp_mode": "catmullrom"
						},
						"1.25": {
							"post": [0, 0, 0],
							"lerp_mode": "catmullrom"
						},
						"1.5": {
							"post": [-0.0441, 1.00399, -1.38587],
							"lerp_mode": "catmullrom"
						},
						"1.75": {
							"post": [0.0432, 1.51366, -1.40299],
							"lerp_mode": "catmullrom"
						},
						"2.0": {
							"post": [-0.00227, 1.26642, -0.42057],
							"lerp_mode": "catmullrom"
						}
					}
				},
				"right_leg": {
					"rotation": {
						"0.0": {
							"post": [29.87348, 5.3726, -5.4198],
							"lerp_mode": "catmullrom"
						},
						"0.25": {
							"post": [28.2435, 11.4427, 11.6659],
							"lerp_mode": "catmullrom"
						},
						"0.5": {
							"post": [9.75911, 7.3836, 8.5146],
							"lerp_mode": "catmullrom"
						},
						"0.75": {
							"post": [-22.74089, 7.3836, 8.5146],
							"lerp_mode": "catmullrom"
						},
						"1.0": {
							"post": [-27.3423, -2.5587, -7.0524],
							"lerp_mode": "catmullrom"
						},
						"1.25": {
							"post": [-22.21972, -3.5067, -9.3689],
							"lerp_mode": "catmullrom"
						},
						"1.5": {
							"post": [-9.42996, -3.8159, -14.4579],
							"lerp_mode": "catmullrom"
						},
						"1.75": {
							"post": [9.56188, -3.2847, -16.8668],
							"lerp_mode": "catmullrom"
						},
						"2.0": {
							"post": [29.87348, 5.3726, -5.4198],
							"lerp_mode": "catmullrom"
						}
					},
					"position": {
						"0.0": {
							"post": [-0.5, -0.5, -1],
							"lerp_mode": "catmullrom"
						},
						"0.25": {
							"post": [0, 0.5, 0],
							"lerp_mode": "catmullrom"
						},
						"0.5": {
							"post": [0, 0.5, 1],
							"lerp_mode": "catmullrom"
						},
						"0.75": {
							"post": [1, -1.5, 0],
							"lerp_mode": "catmullrom"
						},
						"1.0": {
							"post": [0.5, -2, -1],
							"lerp_mode": "catmullrom"
						},
						"1.25": {
							"post": [0, -1.25, 0],
							"lerp_mode": "catmullrom"
						},
						"1.5": {
							"post": [-1, 0, 1],
							"lerp_mode": "catmullrom"
						},
						"1.75": {
							"post": [-1.5, -1, 1],
							"lerp_mode": "catmullrom"
						},
						"2.0": {
							"post": [-0.5, -0.5, -1],
							"lerp_mode": "catmullrom"
						}
					}
				},
				"right_knee": {
					"rotation": {
						"0.0": {
							"post": [7.38733, 1.2988, 0.0838],
							"lerp_mode": "catmullrom"
						},
						"0.25": {
							"post": [5, 0, -12.5],
							"lerp_mode": "catmullrom"
						},
						"0.5": {
							"post": [-22.90981, -10.2886, -10.4098],
							"lerp_mode": "catmullrom"
						},
						"0.75": {
							"post": [-7.90981, -10.2886, -10.4098],
							"lerp_mode": "catmullrom"
						},
						"1.0": {
							"post": [4.97402, 0.7621, 2.5117],
							"lerp_mode": "catmullrom"
						},
						"1.25": {
							"post": [24.9412, 2.1526, 2.8029],
							"lerp_mode": "catmullrom"
						},
						"1.5": {
							"post": [27.48638, 1.4809, 5.2753],
							"lerp_mode": "catmullrom"
						},
						"1.75": {
							"post": [10.59744, -1.2616, 7.0163],
							"lerp_mode": "catmullrom"
						},
						"2.0": {
							"post": [7.38733, 1.2988, 0.0838],
							"lerp_mode": "catmullrom"
						}
					},
					"position": {
						"0.0": {
							"post": [0, 0, 0],
							"lerp_mode": "catmullrom"
						},
						"0.25": {
							"post": [-0.1193, 0.44421, 0.19609],
							"lerp_mode": "catmullrom"
						},
						"0.5": {
							"post": [-0.1193, 0.44421, 0.19609],
							"lerp_mode": "catmullrom"
						},
						"0.75": {
							"post": [0, 0, 0],
							"lerp_mode": "catmullrom"
						},
						"1.0": {
							"post": [-0.0245, -0.43633, 0.0684],
							"lerp_mode": "catmullrom"
						},
						"1.25": {
							"post": [0.0567, 0.26848, -0.12276],
							"lerp_mode": "catmullrom"
						},
						"1.5": {
							"post": [0.0413, 0.79845, -0.01752],
							"lerp_mode": "catmullrom"
						},
						"1.75": {
							"post": [0.03, 0.26, -0.01],
							"lerp_mode": "catmullrom"
						},
						"2.0": {
							"post": [0, 0, 0],
							"lerp_mode": "catmullrom"
						}
					}
				},
				"right_foot": {
					"rotation": {
						"0.0": {
							"post": [-22.20624, -4.4146, 3.851],
							"lerp_mode": "catmullrom"
						},
						"0.25": {
							"post": [2.5515, 1.2909, 4.3162],
							"lerp_mode": "catmullrom"
						},
						"0.5": {
							"post": [27.5515, 1.2909, 4.3162],
							"lerp_mode": "catmullrom"
						},
						"0.75": {
							"post": [17.5515, 1.2909, 4.3162],
							"lerp_mode": "catmullrom"
						},
						"1.0": {
							"post": [22.42287, -1.9113, 4.6211],
							"lerp_mode": "catmullrom"
						},
						"1.25": {
							"post": [-2.47864, 0.3262, 7.4929],
							"lerp_mode": "catmullrom"
						},
						"1.5": {
							"post": [-17.25002, 2.9932, 9.5459],
							"lerp_mode": "catmullrom"
						},
						"1.75": {
							"post": [-16.4931, 7.8785, 8.528],
							"lerp_mode": "catmullrom"
						},
						"2.0": {
							"post": [-22.20624, -4.4146, 3.851],
							"lerp_mode": "catmullrom"
						}
					},
					"position": {
						"0.0": {
							"post": [-0.29, -0.97742, -0.40239],
							"lerp_mode": "catmullrom"
						},
						"0.25": {
							"post": [0, 0, 0],
							"lerp_mode": "catmullrom"
						},
						"0.5": {
							"post": [0.0441, 1.00399, -1.38587],
							"lerp_mode": "catmullrom"
						},
						"0.75": {
							"post": [-0.0432, 1.51366, -1.40299],
							"lerp_mode": "catmullrom"
						},
						"1.0": {
							"post": [0.0023, 1.26642, -0.42057],
							"lerp_mode": "catmullrom"
						},
						"1.0417": {
							"post": [-0.02463, 1.09546, -0.28705],
							"lerp_mode": "catmullrom"
						},
						"1.0833": {
							"post": [0.01754, 1.69885, -0.35862],
							"lerp_mode": "catmullrom"
						},
						"1.25": {
							"post": [0.0048, 1.63577, -0.01245],
							"lerp_mode": "catmullrom"
						},
						"1.5": {
							"post": [-0.0386, -0.11726, -0.06425],
							"lerp_mode": "catmullrom"
						},
						"1.75": {
							"post": [-0.04685, 0.26055, -0.01087],
							"lerp_mode": "catmullrom"
						},
						"2.0": {
							"post": [-0.29, -0.97742, -0.40239],
							"lerp_mode": "catmullrom"
						}
					}
				},
				"back_left_leg": {
					"rotation": {
						"0.0": {
							"post": [2.52822, 0.65182, 4.95744],
							"lerp_mode": "catmullrom"
						},
						"0.25": {
							"post": [7.47178, -0.65182, 4.95744],
							"lerp_mode": "catmullrom"
						},
						"0.5": {
							"post": [14.93745, -1.50179, 4.76968],
							"lerp_mode": "catmullrom"
						},
						"0.75": {
							"post": [10, 0, 0],
							"lerp_mode": "catmullrom"
						},
						"1.0": {
							"post": [12.5, 0.00004, 0.00005],
							"lerp_mode": "catmullrom"
						},
						"1.25": {
							"post": [5, 0, 0],
							"lerp_mode": "catmullrom"
						},
						"1.5": {
							"post": [-22.42287, 1.9113, 4.6211],
							"lerp_mode": "catmullrom"
						},
						"1.75": {
							"post": [-17.43745, 1.5018, 4.7697],
							"lerp_mode": "catmullrom"
						},
						"2.0": {
							"post": [2.52822, 0.65182, 4.95744],
							"lerp_mode": "catmullrom"
						}
					},
					"position": {
						"0.0": {
							"post": [0, 1.25, -4],
							"lerp_mode": "catmullrom"
						},
						"0.25": {
							"post": [0, 1.25, -2],
							"lerp_mode": "catmullrom"
						},
						"0.5": {
							"post": [0, 0.25, 0],
							"lerp_mode": "catmullrom"
						},
						"0.75": {
							"post": [0, 1, -1.25],
							"lerp_mode": "catmullrom"
						},
						"1.0": {
							"post": [0, 1.75, -3.5],
							"lerp_mode": "catmullrom"
						},
						"1.25": {
							"post": [0, 1.75, -2],
							"lerp_mode": "catmullrom"
						},
						"1.5": {
							"post": [0, 1, 0],
							"lerp_mode": "catmullrom"
						},
						"1.75": {
							"post": [0, 0.25, -1.5],
							"lerp_mode": "catmullrom"
						},
						"2.0": {
							"post": [0, 1.25, -4],
							"lerp_mode": "catmullrom"
						}
					}
				},
				"back_left_hock": {
					"rotation": {
						"0.0": {
							"post": [5, 0, 0],
							"lerp_mode": "catmullrom"
						},
						"0.25": {
							"post": [0, 0, 0],
							"lerp_mode": "catmullrom"
						},
						"0.5": {
							"post": [5, 0, 0],
							"lerp_mode": "catmullrom"
						},
						"0.75": {
							"post": [-2.5, 0, 0],
							"lerp_mode": "catmullrom"
						},
						"1.0": {
							"post": [-17.5, 0, 0],
							"lerp_mode": "catmullrom"
						},
						"1.25": {
							"post": [-35, 0, 0],
							"lerp_mode": "catmullrom"
						},
						"1.5": {
							"post": [-12.5, 0, 0],
							"lerp_mode": "catmullrom"
						},
						"1.75": {
							"post": [-2.5, 0, 0],
							"lerp_mode": "catmullrom"
						},
						"2.0": {
							"post": [5, 0, 0],
							"lerp_mode": "catmullrom"
						}
					}
				},
				"back_left_foot": {
					"rotation": {
						"0.0": {
							"post": [0, 0, 0],
							"lerp_mode": "catmullrom"
						},
						"0.25": {
							"post": [2.25, 0, 0],
							"lerp_mode": "catmullrom"
						},
						"0.5": {
							"post": [-7.5, 0, 0],
							"lerp_mode": "catmullrom"
						},
						"0.75": {
							"post": [5, 0, 0],
							"lerp_mode": "catmullrom"
						},
						"1.0": {
							"post": [25, 0, 0],
							"lerp_mode": "catmullrom"
						},
						"1.25": {
							"post": [27.5, 0, 0],
							"lerp_mode": "catmullrom"
						},
						"1.5": {
							"post": [-2.5, 0, 0],
							"lerp_mode": "catmullrom"
						},
						"1.75": {
							"post": [20, 0, 0],
							"lerp_mode": "catmullrom"
						},
						"2.0": {
							"post": [0, 0, 0],
							"lerp_mode": "catmullrom"
						}
					},
					"position": {
						"0.0": {
							"post": [0, -0.55, 0],
							"lerp_mode": "catmullrom"
						},
						"0.25": {
							"post": [0.00085, -0.89346, 0.09139],
							"lerp_mode": "catmullrom"
						},
						"0.5": {
							"post": [0, -0.25, 0],
							"lerp_mode": "catmullrom"
						},
						"0.75": {
							"post": [0, 0, 0],
							"lerp_mode": "catmullrom"
						},
						"1.0": {
							"post": [0, 0, 0],
							"lerp_mode": "catmullrom"
						},
						"1.75": [0.0134, -0.3851, -0.71762],
						"1.7917": [0.0092, -0.50897, -0.66657],
						"1.8333": [0.01, -0.09928, -0.66747],
						"1.875": {
							"pre": [0.0105, -0.19338, -0.47096],
							"post": [0.0105, -0.19338, -0.47096],
							"lerp_mode": "catmullrom"
						},
						"2.0": {
							"post": [0, -0.55, 0],
							"lerp_mode": "catmullrom"
						}
					}
				},
				"back_right_leg": {
					"rotation": {
						"0.0": {
							"post": [12.5, 0.00004, 0.00005],
							"lerp_mode": "catmullrom"
						},
						"0.25": {
							"post": [5, 0, 0],
							"lerp_mode": "catmullrom"
						},
						"0.5": {
							"post": [-22.42287, -1.9113, -4.6211],
							"lerp_mode": "catmullrom"
						},
						"0.75": {
							"post": [-17.43745, 1.5018, -4.7697],
							"lerp_mode": "catmullrom"
						},
						"1.0": {
							"post": [2.52822, -0.6518, -4.9574],
							"lerp_mode": "catmullrom"
						},
						"1.25": {
							"post": [7.47178, 0.6518, -4.9574],
							"lerp_mode": "catmullrom"
						},
						"1.5": {
							"post": [14.93745, 1.5018, -4.7697],
							"lerp_mode": "catmullrom"
						},
						"1.75": {
							"post": [10, 0, 0],
							"lerp_mode": "catmullrom"
						},
						"2.0": {
							"post": [12.5, 0.00004, 0.00005],
							"lerp_mode": "catmullrom"
						}
					},
					"position": {
						"0.0": {
							"post": [0, 1.75, -3.5],
							"lerp_mode": "catmullrom"
						},
						"0.25": {
							"post": [0, 1.75, -2],
							"lerp_mode": "catmullrom"
						},
						"0.5": {
							"post": [0, 1, 0],
							"lerp_mode": "catmullrom"
						},
						"0.75": {
							"post": [0, 0.25, -1.5],
							"lerp_mode": "catmullrom"
						},
						"1.0": {
							"post": [0, 1.25, -4],
							"lerp_mode": "catmullrom"
						},
						"1.25": {
							"post": [0, 1.25, -2],
							"lerp_mode": "catmullrom"
						},
						"1.5": {
							"post": [0, 0.25, 0],
							"lerp_mode": "catmullrom"
						},
						"1.75": {
							"post": [0, 1, -1.25],
							"lerp_mode": "catmullrom"
						},
						"2.0": {
							"post": [0, 1.75, -3.5],
							"lerp_mode": "catmullrom"
						}
					}
				},
				"back_right_hock": {
					"rotation": {
						"0.0": {
							"post": [-17.5, 0, 0],
							"lerp_mode": "catmullrom"
						},
						"0.25": {
							"post": [-35, 0, 0],
							"lerp_mode": "catmullrom"
						},
						"0.5": {
							"post": [-12.5, 0, 0],
							"lerp_mode": "catmullrom"
						},
						"0.75": {
							"post": [-2.5, 0, 0],
							"lerp_mode": "catmullrom"
						},
						"1.0": {
							"post": [5, 0, 0],
							"lerp_mode": "catmullrom"
						},
						"1.25": {
							"post": [0, 0, 0],
							"lerp_mode": "catmullrom"
						},
						"1.5": {
							"post": [5, 0, 0],
							"lerp_mode": "catmullrom"
						},
						"1.75": {
							"post": [-2.5, 0, 0],
							"lerp_mode": "catmullrom"
						},
						"2.0": {
							"post": [-17.5, 0, 0],
							"lerp_mode": "catmullrom"
						}
					}
				},
				"back_right_foot": {
					"rotation": {
						"0.0": {
							"post": [25, 0, 0],
							"lerp_mode": "catmullrom"
						},
						"0.25": {
							"post": [27.5, 0, 0],
							"lerp_mode": "catmullrom"
						},
						"0.5": {
							"post": [-2.5, 0, 0],
							"lerp_mode": "catmullrom"
						},
						"0.75": {
							"post": [20, 0, 0],
							"lerp_mode": "catmullrom"
						},
						"1.0": {
							"post": [0, 0, 0],
							"lerp_mode": "catmullrom"
						},
						"1.25": {
							"post": [2.25, 0, 0],
							"lerp_mode": "catmullrom"
						},
						"1.5": {
							"post": [-7.5, 0, 0],
							"lerp_mode": "catmullrom"
						},
						"1.75": {
							"post": [5, 0, 0],
							"lerp_mode": "catmullrom"
						},
						"2.0": {
							"post": [25, 0, 0],
							"lerp_mode": "catmullrom"
						}
					},
					"position": {
						"0.0": [0, 0, 0],
						"0.75": [-0.01375, -0.29101, -0.75148],
						"0.7917": [-0.00921, -0.50897, -0.66657],
						"0.8333": [-0.01, -0.09928, -0.65747],
						"0.875": {
							"pre": [-0.01048, -0.19338, -0.47096],
							"post": [-0.01048, -0.19338, -0.47096],
							"lerp_mode": "catmullrom"
						},
						"1.0": {
							"post": [0.00013, -0.59, 0.00013],
							"lerp_mode": "catmullrom"
						},
						"1.25": {
							"post": [-0.0008, -0.89346, 0.09139],
							"lerp_mode": "catmullrom"
						},
						"1.5": {
							"post": [0, -0.25, 0],
							"lerp_mode": "catmullrom"
						},
						"1.75": {
							"post": [0, -0.75, 0],
							"lerp_mode": "catmullrom"
						},
						"2.0": {
							"post": [0, 0, 0],
							"lerp_mode": "catmullrom"
						}
					}
				},
				"waist": {
					"rotation": [-8, 0, 0],
					"position": [0, 0, "-1-(math.sin((query.anim_time- 0.45) * 90 * 4-90)*0.1)"]
				},
				"tail_base": {
					"rotation": ["32.5-(math.sin((query.anim_time- 0.15) * 90 * 4-120)*3)", "-(math.sin((query.anim_time) * 90 * 2-120)*6)", 0]
				},
				"tail_1": {
					"rotation": ["-95-(math.sin((query.anim_time- 0.15) * 90 * 4-150)*4)", "-(math.sin((query.anim_time) * 90 * 2-150)*7)", 0]
				},
				"tail_2": {
					"rotation": ["137.5-(math.sin((query.anim_time- 0.15) * 90 * 4-180)*5)", "-(math.sin((query.anim_time) * 90 * 2-180)*8)", 0]
				},
				"tail_end": {
					"rotation": ["-135-(math.sin((query.anim_time- 0.15) * 90 * 4-210)*6)", "-(math.sin((query.anim_time) * 90 * 2-210)*9)", 0]
				},
				"hip": {
					"rotation": ["-7.5-(math.sin((query.anim_time- 0.15) * 90 * 4-90)*2)", "-(math.sin((query.anim_time) * 90 * 2-90)*2)", 0],
					"position": [-0.08716, 1.23432, "-1.0156-(math.sin((query.anim_time- 0.5) * 90 * 4-90)*0.2)"]
				},
				"chest": {
					"rotation": [
						"5-(math.sin((query.anim_time) * 90 * 4-90)*1)",
						"-(math.sin((query.anim_time) * 90 * 2-90)*1)",
						"(math.sin((query.anim_time) * 90 * 2-90)*5) "
					],
					"position": [0, 0, "-(math.sin((query.anim_time- 0.5) * 90 * 4-90)*0.2)"]
				},
				"neck": {
					"rotation": [
						"-(math.sin((query.anim_time) * 90 * 4-90)*1)",
						"(math.sin((query.anim_time- 1.1) * 90 * 2-90)*1)",
						"-(math.sin((query.anim_time- 0.1) * 90 * 2-90)*7)"
					]
				},
				"head": {
					"rotation": [0, 0, 0]
				},
				"fur": {
					"rotation": [-20, 0, 0]
				},
				"left_eye": {
					"position": [0, 0.5, 0]
				},
				"right_eye": {
					"position": [0, 0.5, 0]
				},
				"middle_fur": {
					"rotation": [
						"-(math.sin((query.anim_time) * 90 * 4-150)*3)",
						"(math.sin((query.anim_time- 1.1) * 90 * 2-90)*3)",
						"-(math.sin((query.anim_time- 0.1) * 90 * 2-120)*1)"
					],
					"position": [0, "-0.8312-(math.sin((query.anim_time) * 90 * 4-120)*0.5)", 0]
				},
				"middle_fur1": {
					"rotation": [
						"22.5-(math.sin((query.anim_time) * 90 * 4-240)*7)",
						"0+(math.sin((query.anim_time- 1.1) * 90 * 2-120)*4)",
						"0-(math.sin((query.anim_time- 0.1) * 90 * 2-150)*2)"
					]
				},
				"middle_fur2": {
					"rotation": [
						"-(math.sin((query.anim_time) * 90 * 4-330)*10)",
						"(math.sin((query.anim_time- 1.1) * 90 * 2-150)*5)",
						"-(math.sin((query.anim_time- 0.1) * 90 * 2-180)*3)"
					]
				},
				"left_fur": {
					"rotation": [
						"0.0713-(math.sin((query.anim_time) * 90 * 4-120)*3)",
						"9.9895+(math.sin((query.anim_time- 1.1) * 90 * 2-90)*4)",
						"0.4644-(math.sin((query.anim_time- 0.1) * 90 * 2-90)*2)"
					],
					"position": [0.02367, "-1.0812-(math.sin((query.anim_time) * 90 * 4-90)*0.5)", 0.91131]
				},
				"left_fur1": {
					"rotation": [
						"22.4609-(math.sin((query.anim_time) * 90 * 4-210)*7)",
						"-9.2006+(math.sin((query.anim_time- 1.1) * 90 * 2-120)*6)",
						"1.0725-(math.sin((query.anim_time- 0.1) * 90 * 2-120)*3)"
					]
				},
				"left_fur2": {
					"rotation": [
						"17.5-(math.sin((query.anim_time) * 90 * 4-300)*9)",
						"0+(math.sin((query.anim_time- 1.1) * 90 * 2-150)*7)",
						"0-(math.sin((query.anim_time- 0.1) * 90 * 2-150)*4)"
					]
				},
				"left_fur_end": {
					"rotation": [
						"-(math.sin((query.anim_time) * 90 * 4-390)*10)",
						"(math.sin((query.anim_time- 1.1) * 90 * 2-180)*8)",
						"-(math.sin((query.anim_time- 0.1) * 90 * 2-180)*5)"
					]
				},
				"right_fur": {
					"rotation": [
						"-0.0051-(math.sin((query.anim_time) * 90 * 4-120)*3)",
						"-2.4974+(math.sin((query.anim_time- 1.1) * 90 * 2-90)*4)",
						"-0.1133-(math.sin((query.anim_time- 0.1) * 90 * 2-90)*2)"
					],
					"position": [0.02367, "-1.0812-(math.sin((query.anim_time) * 90 * 4-90)*0.5)", 0.91131]
				},
				"right_fur1": {
					"rotation": [
						"22.4609-(math.sin((query.anim_time) * 90 * 4-210)*7)",
						"-9.2006+(math.sin((query.anim_time- 1.1) * 90 * 2-120)*6)",
						"1.0725-(math.sin((query.anim_time- 0.1) * 90 * 2-120)*3)"
					]
				},
				"outer_left_fur": {
					"rotation": [
						"-7.5941-(math.sin((query.anim_time) * 90 * 4-90)*3)",
						"12.4617+(math.sin((query.anim_time- 1.1) * 90 * 2-60)*4)",
						"-0.693-(math.sin((query.anim_time- 0.1) * 90 * 2-60)*2)"
					],
					"position": [-0.48074, -0.13978, 0.98395]
				},
				"outer_left_fur1": {
					"rotation": [
						"22.4609-(math.sin((query.anim_time) * 90 * 4-180)*5)",
						"-9.2006+(math.sin((query.anim_time- 1.1) * 90 * 2-90)*5)",
						"1.0725-(math.sin((query.anim_time- 0.1) * 90 * 2-90)*3)"
					]
				},
				"outer_right_fur": {
					"rotation": [
						"-7.4159-(math.sin((query.anim_time) * 90 * 4-90)*3)",
						"-7.4778+(math.sin((query.anim_time- 1.1) * 90 * 2-60)*4)",
						"0.8798-(math.sin((query.anim_time- 0.1) * 90 * 2-60)*2)"
					],
					"position": [0.48074, -0.02988, 1.00858]
				},
				"outer_right_fur1": {
					"rotation": [
						"22.4609-(math.sin((query.anim_time) * 90 * 4-180)*5)",
						"-9.2006+(math.sin((query.anim_time- 1.1) * 90 * 2-90)*5)",
						"1.0725-(math.sin((query.anim_time- 0.1) * 90 * 2-90)*3)"
					]
				},
				"middle_fur_end": {
					"rotation": [
						"-(math.sin((query.anim_time) * 90 * 4-420)*11)",
						"(math.sin((query.anim_time- 1.1) * 90 * 2-180)*6)",
						"-(math.sin((query.anim_time- 0.1) * 90 * 2-210)*4)"
					]
				},
				"right_fur_end": {
					"rotation": [
						"-(math.sin((query.anim_time) * 90 * 4-390)*10)",
						"(math.sin((query.anim_time- 1.1) * 90 * 2-180)*8)",
						"-(math.sin((query.anim_time- 0.1) * 90 * 2-180)*5)"
					]
				},
				"outer_left_fur_end": {
					"rotation": [
						"-math.sin((query.anim_time) * 90 * 4-360)*9",
						"math.sin((query.anim_time- 1.1) * 90 * 2-150)*7",
						"-math.sin((query.anim_time- 0.1) * 90 * 2-150)*5"
					]
				},
				"outer_right_fur_end": {
					"rotation": [
						"-math.sin((query.anim_time) * 90 * 4-360)*9",
						"math.sin((query.anim_time- 1.1) * 90 * 2-150)*7",
						"-math.sin((query.anim_time- 0.1) * 90 * 2-150)*5"
					]
				},
				"back_left_knee": {
					"rotation": {
						"0.0": {
							"post": [-7.5, 0, -5],
							"lerp_mode": "catmullrom"
						},
						"0.25": {
							"post": [-9.98107, -0.43523, -4.98107],
							"lerp_mode": "catmullrom"
						},
						"0.5": {
							"post": [-12.5, 0, -5],
							"lerp_mode": "catmullrom"
						},
						"0.75": {
							"post": [25, 0, 0],
							"lerp_mode": "catmullrom"
						},
						"1.0": {
							"post": [27.5, -0.00003, -0.00003],
							"lerp_mode": "catmullrom"
						},
						"1.25": {
							"post": [12.5, 0, 0],
							"lerp_mode": "catmullrom"
						},
						"1.5": {
							"post": [9.92287, 1.9113, -4.6211],
							"lerp_mode": "catmullrom"
						},
						"1.75": {
							"post": [-0.04608, 1.0809, -4.8821],
							"lerp_mode": "catmullrom"
						},
						"2.0": {
							"post": [-7.5, 0, -5],
							"lerp_mode": "catmullrom"
						}
					}
				},
				"back_right_knee": {
					"rotation": {
						"0.0": {
							"post": [27.5, -0.00003, -0.00003],
							"lerp_mode": "catmullrom"
						},
						"0.25": {
							"post": [12.5, 0, 0],
							"lerp_mode": "catmullrom"
						},
						"0.5": {
							"post": [9.92287, -1.9113, 4.6211],
							"lerp_mode": "catmullrom"
						},
						"0.75": {
							"post": [-0.04608, -1.0809, 4.8821],
							"lerp_mode": "catmullrom"
						},
						"1.0": {
							"post": [-7.5, 0, 5],
							"lerp_mode": "catmullrom"
						},
						"1.25": {
							"post": [-9.98107, 0.4352, 4.9811],
							"lerp_mode": "catmullrom"
						},
						"1.5": {
							"post": [-12.5, 0, 5],
							"lerp_mode": "catmullrom"
						},
						"1.75": {
							"post": [25, 0, 0],
							"lerp_mode": "catmullrom"
						},
						"2.0": {
							"post": [27.5, -0.00003, -0.00003],
							"lerp_mode": "catmullrom"
						}
					}
				},
				"right_fur2": {
					"rotation": [
						"17.5-(math.sin((query.anim_time) * 90 * 4-300)*9)",
						"0+(math.sin((query.anim_time- 1.1) * 90 * 2-150)*7)",
						"0-(math.sin((query.anim_time- 0.1) * 90 * 2-150)*4)"
					]
				},
				"outer_left_fur2": {
					"rotation": [
						"-(math.sin((query.anim_time) * 90 * 4-270)*8)",
						"(math.sin((query.anim_time- 1.1) * 90 * 2-90)*5)",
						"-(math.sin((query.anim_time- 0.1) * 90 * 2-120)*4)"
					]
				},
				"outer_right_fur2": {
					"rotation": [
						"-(math.sin((query.anim_time) * 90 * 4-270)*8)",
						"(math.sin((query.anim_time- 1.1) * 90 * 2-90)*5)",
						"-(math.sin((query.anim_time- 0.1) * 90 * 2-120)*4)"
					]
				},
				"torso": {
					"rotation": ["5- (math.sin((query.anim_time) * 90 * 4-90)*1)", 0, "(math.sin((query.anim_time) * 90 * 2+90)*1)"],
					"position": [
						"(math.sin((query.anim_time) * 90 * 2-90)*0.5)",
						"(math.sin((query.anim_time) * 90 * 4-90)*0.2)",
						"(math.sin((query.anim_time) * 90 * 4-90)*0.5)"
					]
				},
				"face": {
					"rotation": [
						"(math.sin((query.anim_time- 0.2) * 90 * 4)*5)",
						"-(math.sin((query.anim_time- 1.1) * 90 * 2-90)*3)",
						"-(math.sin((query.anim_time) * 90 * 2+90)*5)"
					],
					"position": [-0.04056, -0.27125, 0.03069]
				},
				"left_whiskers": {
					"rotation": [0, "-(math.sin((query.anim_time- 0.2) * 90 * 4-180)*5)", "-(math.sin((query.anim_time- 0.1) * 90 * 4-120)*5)"]
				},
				"right_whiskers": {
					"rotation": [0, "(math.sin((query.anim_time- 0.2) * 90 * 4-180)*5)", "(math.sin((query.anim_time- 0.1) * 90 * 4-120)*5)"]
				},
				"left_ear": {
					"rotation": [
						"-(math.sin((query.anim_time- 0.2) * 90 * 4-120)*5)",
						"-(math.sin((query.anim_time- 0.2) * 90 * 4-120)*5)",
						"-(math.sin((query.anim_time- 0.2) * 90 * 4-180)*5)"
					]
				},
				"left_tuff": {
					"rotation": ["-(math.sin((query.anim_time- 0.15) * 90 * 4-120)*5)", 0, "-(math.sin((query.anim_time) * 90 * 2+90)*10)"]
				},
				"right_tuff": {
					"rotation": ["-(math.sin((query.anim_time- 0.15) * 90 * 4-120)*5)", 0, "-(math.sin((query.anim_time) * 90 * 2+90)*10)"]
				},
				"body2": {
					"position": {
						"0.0": [0, -0.25, 0],
						"0.0417": [0, 0, 0],
						"0.9583": [0, 0, 0],
						"1.0": [0, -0.25, 0],
						"1.0417": [0, 0, 0]
					}
				},
				"right_ear": {
					"rotation": [
						"-(math.sin((query.anim_time- 0.2) * 90 * 4-120)*5)",
						"(math.sin((query.anim_time- 0.2) * 90 * 4-120)*5)",
						"(math.sin((query.anim_time- 0.2) * 90 * 4-180)*5)"
					]
				}
			}
		},
		"animation.raikou.battle_idle": {
			"loop": true,
			"bones": {
				"outer_left_fur": {
					"rotation": ["-37.6436-(math.sin((query.anim_time) * 90 * 2+30)* 5)", 19.76635, 0.6433],
					"position": [-0.5, 0, 0]
				},
				"outer_left_fur1": {
					"rotation": ["20-(math.sin((query.anim_time) * 90 * 2+90)* 5)", -15, 0]
				},
				"left_fur": {
					"rotation": ["-40.0851-(math.sin((query.anim_time) * 90* 2+30)* 6)", 9.88082, -0.2235]
				},
				"middle_fur": {
					"rotation": ["-35-(math.sin((query.anim_time) * 90* 2+30)* 6)", 0, 0]
				},
				"outer_left_fur2": {
					"rotation": [10, 0, 0]
				},
				"outer_left_fur_end": {
					"rotation": ["-(math.sin((query.anim_time) * 90 * 2-60)* 7)", 0, 0]
				},
				"left_fur1": {
					"rotation": ["15-(math.sin((query.anim_time) * 90 * 2+90)* 7)", -5, 0]
				},
				"left_fur2": {
					"rotation": [32.5, 0, 0]
				},
				"left_fur_end": {
					"rotation": ["-(math.sin((query.anim_time) * 90 * 2-60)* 9)", 0, 0]
				},
				"middle_fur1": {
					"rotation": ["12.5-(math.sin((query.anim_time) * 90 * 2+120)* 7)", 0, 0]
				},
				"middle_fur2": {
					"rotation": [7.5, 0, 0]
				},
				"middle_fur_end": {
					"rotation": ["-(math.sin((query.anim_time) * 90 * 2-60)* 10)", 0, 0]
				},
				"tail_end": {
					"rotation": ["-142.5-(math.sin((query.anim_time) * 90 * 2+210)* 8)", 0, 0]
				},
				"tail_2": {
					"rotation": ["137.5+(math.sin((query.anim_time) * 90 * 2+180)* 7)", 0, 0]
				},
				"tail_1": {
					"rotation": ["-82.5-(math.sin((query.anim_time) * 90 * 2+120)* 5)", 0, 0]
				},
				"tail_base": {
					"rotation": [
						"20-(math.sin((query.anim_time) * 90 * 2+60)* 3)",
						"-(math.sin((query.anim_time) * 90 * 1-30)* 3)",
						"-(math.sin((query.anim_time) * 90 * 1-30)* 5)"
					]
				},
				"neck": {
					"rotation": ["(math.sin((query.anim_time) * 90 * 2-90)* 2)", 0, 0]
				},
				"head": {
					"rotation": ["-(math.sin((query.anim_time) * 90 * 1-60)* 2)", 0, 0]
				},
				"right_fur": {
					"rotation": ["-40.0851-(math.sin((query.anim_time) * 90* 2+30)* 6)", -9.88082, 0.2235]
				},
				"right_fur1": {
					"rotation": ["15-(math.sin((query.anim_time) * 90 * 2+90)* 7)", 5, 0]
				},
				"right_fur2": {
					"rotation": [32.5, 0, 0]
				},
				"right_fur_end": {
					"rotation": ["-(math.sin((query.anim_time) * 90 * 2+120)* 9)", 0, 0]
				},
				"outer_right_fur": {
					"rotation": ["-37.6436-(math.sin((query.anim_time) * 90 * 2+30)* 5)", -19.76635, -0.6433],
					"position": [0.5, 0, 0]
				},
				"outer_right_fur1": {
					"rotation": ["20-(math.sin((query.anim_time) * 90 * 2+90)* 5)", 15, 0]
				},
				"outer_right_fur2": {
					"rotation": [10, 0, 0]
				},
				"outer_right_fur_end": {
					"rotation": ["-(math.sin((query.anim_time) * 90 * 2-60)* 7)", 0, 0]
				},
				"left_leg": {
					"rotation": ["-22.5- (math.sin((query.anim_time) * 90 * 2)* 5)", -20, 0],
					"position": [0, "-1+(math.sin((query.anim_time) * 90 * 2)* 0.4)", "1+(math.sin((query.anim_time) * 90 * 2)* 0.3)"]
				},
				"left_knee": {
					"rotation": ["10+(math.sin((query.anim_time) * 90 * 2)* 10)", 0, 0]
				},
				"left_foot": {
					"rotation": ["12.5- (math.sin((query.anim_time) * 90 * 2)* 6)", 0, 0],
					"position": ["-(math.sin((query.anim_time) * 90 * 2)* 0.1)", 0.90306, -0.28262]
				},
				"right_leg": {
					"rotation": ["-22.5- (math.sin((query.anim_time) * 90 * 2)* 5)", 20, 0],
					"position": [0, "-1+(math.sin((query.anim_time) * 90 * 2)* 0.4)", "1+(math.sin((query.anim_time) * 90 * 2)* 0.3)"]
				},
				"right_knee": {
					"rotation": ["10+(math.sin((query.anim_time) * 90 * 2)* 10)", 0, 0]
				},
				"right_foot": {
					"rotation": ["12.5- (math.sin((query.anim_time) * 90 * 2)* 6)", 0, 0],
					"position": ["(math.sin((query.anim_time) * 90 * 2)* 0.1)", 0.90306, -0.28262]
				},
				"back_left_leg": {
					"rotation": ["4.1296- (math.sin((query.anim_time) * 90 * 2)* 2)", 4.92385, -10.03742],
					"position": [0, "(math.sin((query.anim_time) * 90 * 2)* 0.11)", "(math.sin((query.anim_time) * 90 * 2)* 0.3)"]
				},
				"back_left_foot": {
					"rotation": ["(math.sin((query.anim_time) * 90 * 2)* 2.5)", 0, 0],
					"position": [-0.00004, -0.09991, -0.00425]
				},
				"back_right_leg": {
					"rotation": ["4.1296- (math.sin((query.anim_time) * 90 * 2)* 2)", -4.92385, 10.03742],
					"position": [0, "(math.sin((query.anim_time) * 90 * 2)* 0.11)", "(math.sin((query.anim_time) * 90 * 2)* 0.3)"]
				},
				"back_right_foot": {
					"rotation": ["(math.sin((query.anim_time) * 90 * 2)* 2.5)", 0, 0],
					"position": [0.00004, -0.09991, -0.00425]
				},
				"waist": {
					"position": [0, 0, 0]
				},
				"fur": {
					"rotation": ["22.5-(math.sin((query.anim_time) * 90 * 2-90)* 2) ", "0+(math.sin((query.anim_time) * 90 * 1-30)* 3)", 0],
					"position": [0, -1, 0]
				},
				"back_left_knee": {
					"rotation": ["-2.4905+(math.sin((query.anim_time) * 90 * 2)* 2)", 0.21782, 9.99527]
				},
				"back_right_knee": {
					"rotation": ["-2.4905+(math.sin((query.anim_time) * 90 * 2)* 2)", -0.21782, -9.99527]
				},
				"torso": {
					"rotation": ["10-(math.sin((query.anim_time) * 90 * 2)* 3)", 0, 0],
					"position": [0, "-2+(math.sin((query.anim_time) * 90 * 2)* 0.5)", "(math.sin((query.anim_time) * 90 * 2-30)* 0.3)"]
				},
				"face": {
					"rotation": ["10+(math.sin((query.anim_time) * 90 * 2)* 5)", 0, 0]
				},
				"left_whiskers": {
					"rotation": [0, "(math.sin((query.anim_time) * 90 * 2+60)* 3)", "(math.sin((query.anim_time) * 90 * 2+30)* 1)"]
				},
				"right_whiskers": {
					"rotation": [0, "-(math.sin((query.anim_time) * 90 * 2+60)* 3)", "-(math.sin((query.anim_time) * 90 * 2+30)* 1)"]
				},
				"left_ear": {
					"rotation": ["(math.sin((query.anim_time) * 90 * 2-30)* 5)", 0, "(math.sin((query.anim_time) * 90 * 2+60)* 3)"]
				},
				"left_tuff": {
					"rotation": ["-(math.sin((query.anim_time) * 90 * 2-60)* 5)", 0, 0]
				},
				"right_tuff": {
					"rotation": ["-(math.sin((query.anim_time) * 90 * 2-60)* 5)", 0, 0]
				},
				"jaw": {
					"rotation": ["20+(math.sin((query.anim_time) * 90 * 2-120)* 10)", 0, 0]
				},
				"right_ear": {
					"rotation": ["(math.sin((query.anim_time) * 90 * 2-30)* 5)", 0, "-(math.sin((query.anim_time) * 90 * 2+60)* 3)"]
				}
			}
		},
		"animation.raikou.recoil": {
			"animation_length": 1.5,
			"bones": {
				"torso2": {
					"rotation": {
						"0.0": [0, 0, 0],
						"0.0833": [4.98, 0, 0],
						"0.4167": {
							"pre": [0, 0, 0],
							"post": [0, 0, 0],
							"lerp_mode": "catmullrom"
						},
						"0.7083": {
							"post": [1.5, 0, 0],
							"lerp_mode": "catmullrom"
						},
						"1.4167": [0, 0, 0]
					}
				},
				"neck2": {
					"rotation": {
						"0.0": [0, 0, 0],
						"0.125": {
							"pre": [5, 0, 0],
							"post": [5, 0, 0],
							"lerp_mode": "catmullrom"
						},
						"0.5": {
							"post": [14.85, 0, 0],
							"lerp_mode": "catmullrom"
						},
						"1.1667": [0, 0, 0]
					}
				},
				"arm_right": {
					"rotation": {
						"0.0": [0, 0, 0],
						"0.125": {
							"pre": [0, -30, 0],
							"post": [0, -30, 0],
							"lerp_mode": "catmullrom"
						},
						"0.9167": {
							"post": [0, 0, 0],
							"lerp_mode": "catmullrom"
						},
						"1.2917": [0, 0, 0]
					}
				},
				"forearm_right": {
					"rotation": {
						"0.0": [0, 0, 0],
						"0.375": [0, -17.5, 0],
						"1.125": [0, 0, 0]
					}
				},
				"arm_left": {
					"rotation": {
						"0.0": [0, 0, 0],
						"0.125": {
							"pre": [0, 30, 0],
							"post": [0, 30, 0],
							"lerp_mode": "catmullrom"
						},
						"0.9167": {
							"post": [0, 0, 0],
							"lerp_mode": "catmullrom"
						},
						"1.2917": [0, 0, 0]
					}
				},
				"forearm_left": {
					"rotation": {
						"0.0": [0, 0, 0],
						"0.375": [0, 17.5, 0],
						"1.125": [0, 0, 0]
					}
				},
				"eyelid_left": {
					"position": {
						"0.0": [0.02, 0, -0.035],
						"0.125": [0.02, 0, -0.035],
						"0.1667": {"pre": [0.02, 0, -0.035], "post": [0, 0, 0]}
					}
				},
				"tail": {
					"rotation": {
						"0.0": [0, 0, 0],
						"0.1667": {
							"pre": [17.5, 0, 0],
							"post": [17.5, 0, 0],
							"lerp_mode": "catmullrom"
						},
						"0.625": {
							"post": [15.38, 0, 0],
							"lerp_mode": "catmullrom"
						},
						"1.3333": [0, 0, 0]
					}
				},
				"eyelid_right": {
					"position": {
						"0.0": [-0.02, 0, -0.035],
						"0.125": [-0.02, 0, -0.035],
						"0.1667": {"pre": [-0.02, 0, -0.035], "post": [0, 0, 0]}
					}
				},
				"torso": {
					"rotation": {
						"0.0": [0, 0, 0],
						"0.125": [-12, 0, 0],
						"0.4583": {
							"pre": [2.24067, 0, 0],
							"post": [2.24067, 0, 0],
							"lerp_mode": "catmullrom"
						},
						"0.8333": {
							"post": [2.24067, 0, 0],
							"lerp_mode": "catmullrom"
						},
						"1.2917": [0, 0, 0]
					}
				},
				"neck": {
					"rotation": {
						"0.0": [0, 0, 0],
						"0.0833": {
							"pre": [-25, 0, 0],
							"post": [-25, 0, 0],
							"lerp_mode": "catmullrom"
						},
						"0.625": {
							"post": [-12.5, 0, 0],
							"lerp_mode": "catmullrom"
						},
						"1.125": {
							"post": [0, 0, 0],
							"lerp_mode": "catmullrom"
						},
						"1.5": [0, 0, 0]
					},
					"position": {
						"0.0": [0, 0, 0],
						"0.0833": [0, -2.2505, -0.49774],
						"1.125": [0, 0, 0]
					}
				},
				"head": {
					"rotation": {
						"0.0": [0, 0, 0],
						"0.125": {
							"pre": [10, 0, 0],
							"post": [10, 0, 0],
							"lerp_mode": "catmullrom"
						},
						"0.25": {
							"post": [-10, 0, 0],
							"lerp_mode": "catmullrom"
						},
						"0.5833": {
							"post": [-10, 0, 0],
							"lerp_mode": "catmullrom"
						},
						"0.9583": {
							"post": [0, 0, 0],
							"lerp_mode": "catmullrom"
						},
						"1.3333": [0, 0, 0]
					}
				},
				"fur": {
					"rotation": {
						"0.0": [0, 0, 0],
						"0.25": [45, 0, 0],
						"1.5": [0, 0, 0]
					}
				}
			}
		},
		"animation.raikou.sleep": {
			"loop": true,
			"bones": {
				"body": {
					"position": [0, -13, 0]
				},
				"left_leg": {
					"rotation": ["-75+(math.sin((query.anim_time) * 90 * 1)* 1) ", 0, 0],
					"position": [0, "(math.sin((query.anim_time) * 90 * 1-30)* 0.3) ", 0]
				},
				"left_knee": {
					"rotation": ["2.5+(math.sin((query.anim_time) * 90 * 1 -90)* 1) ", 0, 0]
				},
				"left_foot": {
					"rotation": ["75+(math.sin((query.anim_time) * 90 * 1-60)* 1) ", 0, 0],
					"position": [0, 0, -2.75]
				},
				"right_leg": {
					"rotation": ["-74.4959+(math.sin((query.anim_time) * 90 * 1)* 1) ", -14.47751, -3.96713],
					"position": [0, "(math.sin((query.anim_time) * 90 * 1-30)* 0.3) ", 0]
				},
				"right_knee": {
					"rotation": ["1.9838-(math.sin((query.anim_time) * 90 * 1-60)* 1) ", 1.5216, -37.47365]
				},
				"right_foot": {
					"rotation": ["77.5+(math.sin((query.anim_time) * 90 * 1-120)* 1.5) ", 0, 0],
					"position": [0, 0, -4]
				},
				"back_left_leg": {
					"rotation": [-76.93319, -11.06861, -5.84485],
					"position": [0, -1.75, 0]
				},
				"back_left_hock": {
					"rotation": [-51.58155, -4.03129, 3.75611]
				},
				"back_left_foot": {
					"rotation": [85, 0, 0],
					"position": [0, -2.05776, -2.42717]
				},
				"back_right_leg": {
					"rotation": [-76.93319, 11.06861, 5.84485],
					"position": [0, -1.75, 0]
				},
				"back_right_hock": {
					"rotation": [-51.58155, 4.03129, -3.75611]
				},
				"back_right_foot": {
					"rotation": [85, 0, 0],
					"position": [0, -2.05776, -2.42717]
				},
				"waist": {
					"rotation": [-2.5, 0, 0]
				},
				"tail_base": {
					"rotation": [
						"22.5-(math.sin((query.anim_time) * 90 * 1-60)* 2) ",
						"-(math.sin((query.anim_time) * 90 * 0.5)* 2) ",
						"-(math.sin((query.anim_time) * 90 * 0.5)* 5) "
					]
				},
				"tail_1": {
					"rotation": ["-87.5-(math.sin((query.anim_time) * 90 * 1-90)* 3)  ", "-(math.sin((query.anim_time) * 90 * 0.5-60)* 3) ", 0]
				},
				"tail_2": {
					"rotation": ["137.5+(math.sin((query.anim_time) * 90 * 1-120)* 4)  ", "-(math.sin((query.anim_time) * 90 * 0.5-120)* 4) ", 0]
				},
				"tail_end": {
					"rotation": ["-130-(math.sin((query.anim_time) * 90 * 1-180)* 5)  ", "-(math.sin((query.anim_time) * 90 * 0.5-150)* 5) ", 0]
				},
				"chest": {
					"rotation": ["10-(math.sin((query.anim_time) * 90 * 1)* 0.5) ", 0, 0]
				},
				"neck": {
					"rotation": [15.50409, -14.47751, -3.96713]
				},
				"head": {
					"rotation": [20, -25, 0]
				},
				"left_eyelid": {
					"position": [1, 0, 0]
				},
				"right_eyelid": {
					"position": [-1, 0, 0]
				},
				"fur": {
					"rotation": [-54.3832, 27.6874, -10.7919]
				},
				"middle_fur": {
					"rotation": ["15.1694-(math.sin((query.anim_time) * 90 * 1-30)* 2) ", 9.82792, 1.31182],
					"position": [0.08716, -1, 0.99619]
				},
				"middle_fur1": {
					"rotation": ["-17.5-(math.sin((query.anim_time) * 90 * 1-120)* 6) ", 0, 0]
				},
				"middle_fur2": {
					"rotation": ["-15-(math.sin((query.anim_time) * 90 * 1-210)* 5) ", 0, 0]
				},
				"left_fur": {
					"rotation": ["-(math.sin((query.anim_time) * 90 * 1-60)* 1) ", 15, 0],
					"position": [0.51764, 0, 1.93185]
				},
				"left_fur1": {
					"rotation": ["-10.0374-(math.sin((query.anim_time) * 90 * 1-120)* 4) ", -4.92385, 0.87038]
				},
				"right_fur": {
					"rotation": ["7.4713-(math.sin((query.anim_time) * 90 * 1-60)* 1) ", 2.4981, 0.26066],
					"position": [0, -1, 2]
				},
				"right_fur1": {
					"rotation": ["-15.0374-(math.sin((query.anim_time) * 90 * 1-120)* 4) ", 4.92385, -0.87038]
				},
				"outer_left_fur": {
					"rotation": ["-(math.sin((query.anim_time) * 90 * 1-30)* 1) ", 20, 0],
					"position": [0.68404, 0, 1.87939]
				},
				"outer_left_fur1": {
					"rotation": ["-7.6144-(math.sin((query.anim_time) * 90 * 1-90)* 2) ", -9.91358, 1.31845]
				},
				"outer_right_fur": {
					"rotation": ["2.4498-(math.sin((query.anim_time) * 90 * 1-30)* 1) ", -2.50062, 0.15047],
					"position": [0, 0, 2]
				},
				"outer_right_fur1": {
					"rotation": ["-7.6144-(math.sin((query.anim_time) * 90 * 1-90)* 2) ", 9.91358, -1.31845]
				},
				"left_eye": {
					"position": [-1, 0, 0]
				},
				"right_eye": {
					"position": [1, 0, 0]
				},
				"hip": {
					"rotation": [0, 0, -7.5]
				},
				"left_fur2": {
					"rotation": [27.5, 0, 0]
				},
				"right_fur2": {
					"rotation": [27.5, 0, 0]
				},
				"torso": {
					"rotation": ["-(math.sin((query.anim_time) * 90 * 1)* 1) ", 0, 0]
				},
				"face": {
					"rotation": ["-(math.sin((query.anim_time) * 90 * 1-60)* 2) ", 0, 0]
				},
				"left_whiskers": {
					"rotation": [0, "-(math.sin((query.anim_time) * 90 * 1-120)* 3) ", "-(math.sin((query.anim_time) * 90 * 1-180)* 2) "]
				},
				"right_whiskers": {
					"rotation": [0, "(math.sin((query.anim_time) * 90 * 1-120)* 3) ", "(math.sin((query.anim_time) * 90 * 1-180)* 2) "]
				},
				"left_ear": {
					"rotation": ["-(math.sin((query.anim_time) * 90 * 1-90)* 5) ", 0, "-(math.sin((query.anim_time)*90*1-90)*3)"]
				},
				"back_left_knee": {
					"rotation": [45, 0, 0]
				},
				"back_right_knee": {
					"rotation": [45, 0, 0]
				},
				"middle_fur_end": {
					"rotation": ["-(math.sin((query.anim_time) * 90 * 1-210)* 7) ", 0, 0]
				},
				"left_fur_end": {
					"rotation": ["-(math.sin((query.anim_time) * 90 * 1-210)* 7)", 0, 0]
				},
				"outer_left_fur_end": {
					"rotation": ["-(math.sin((query.anim_time) * 90 * 1-180)* 4)", 0, 0]
				},
				"right_fur_end": {
					"rotation": ["(math.sin((query.anim_time) * 90 * 1-210)* 7)", 0, 0]
				},
				"outer_right_fur_end": {
					"rotation": ["(math.sin((query.anim_time) * 90 * 1-180)* 4)", 0, 0]
				},
				"right_ear": {
					"rotation": ["-(math.sin((query.anim_time) * 90 * 1-90)* 5) ", 0, "(math.sin((query.anim_time)*90*1-90)*3)"]
				}
			}
		},
		"animation.raikou.blink": {
			"loop": false,
			"animation_length": 0.1667,
			"bones": {
				"left_eyelid": {
					"position": {
						"0.0": [1, 0, 0],
						"0.1667": {"pre": [1, 0, 0], "post": [0, 0, 0]}
					}
				},
				"left_eye": {
					"position": {
						"0.0": [-1, 0, 0],
						"0.1667": {"pre": [-1, 0, 0], "post": [0, 0, 0]}
					}
				},
				"right_eye": {
					"position": {
						"0.0": [1, 0, 0],
						"0.1667": {"pre": [1, 0, 0], "post": [0, 0, 0]}
					}
				},
				"right_eyelid": {
					"position": {
						"0.0": [-1, 0, 0],
						"0.1667": {"pre": [-1, 0, 0], "post": [0, 0, 0]}
					}
				}
			}
		},
		"animation.raikou.cry": {
			"loop": false,
			"animation_length": 2.4167,
			"bones": {
				"torso": {
					"rotation": {
						"0.0": [0, 0, 0],
						"0.25": [5, 0, 0],
						"0.5": [-5, 0, 0],
						"1.25": [0, 0, 0]
					},
					"position": {
						"0.0": [0, 0, 0],
						"0.25": [0, -1, 0],
						"0.5": [0, 0, -1],
						"1.25": [0, 0, 0]
					}
				},
				"chest": {
					"rotation": {
						"0.0": {
							"post": [0, 0, 0],
							"lerp_mode": "catmullrom"
						},
						"0.25": {
							"post": [7.5, 0, 0],
							"lerp_mode": "catmullrom"
						},
						"0.5": {
							"post": [-7.5, 0, 0],
							"lerp_mode": "catmullrom"
						},
						"1.25": {
							"post": [0, 0, 0],
							"lerp_mode": "catmullrom"
						}
					},
					"position": {
						"0.0": {
							"post": [0, 0, 0],
							"lerp_mode": "catmullrom"
						},
						"0.25": {
							"post": [0, -1, 0],
							"lerp_mode": "catmullrom"
						},
						"0.5": {
							"post": [0, 0, 0],
							"lerp_mode": "catmullrom"
						},
						"0.75": {
							"post": [0, 0.5, 0],
							"lerp_mode": "catmullrom"
						},
						"1.25": {
							"post": [0, 0, 0],
							"lerp_mode": "catmullrom"
						}
					}
				},
				"neck": {
					"rotation": {
						"0.0": {
							"post": [0, 0, 0],
							"lerp_mode": "catmullrom"
						},
						"0.25": {
							"post": [-2.5, 0, 0],
							"lerp_mode": "catmullrom"
						},
						"0.5": {
							"post": [-10, 0, 0],
							"lerp_mode": "catmullrom"
						},
						"1.25": {
							"post": [0, 0, 0],
							"lerp_mode": "catmullrom"
						}
					},
					"position": {
						"0.0": {
							"post": [0, 0, 0],
							"lerp_mode": "catmullrom"
						},
						"0.25": {
							"post": [0, 0, 0],
							"lerp_mode": "catmullrom"
						},
						"0.5": {
							"post": [0, 0.13053, 0.99144],
							"lerp_mode": "catmullrom"
						},
						"1.25": {
							"post": [0, 0, 0],
							"lerp_mode": "catmullrom"
						}
					}
				},
				"face": {
					"rotation": {
						"0.0": {
							"post": [0, 0, 0],
							"lerp_mode": "catmullrom"
						},
						"0.25": {
							"post": [21.25, 0, 0],
							"lerp_mode": "catmullrom"
						},
						"0.5": {
							"post": [-17.5, 0, 0],
							"lerp_mode": "catmullrom"
						},
						"0.625": {
							"post": [-27.54431, 8.88574, -4.60586],
							"lerp_mode": "catmullrom"
						},
						"0.75": {
							"post": [-28.47, 0, 0],
							"lerp_mode": "catmullrom"
						},
						"0.875": {
							"post": [-23.61399, -9.80383, 4.31273],
							"lerp_mode": "catmullrom"
						},
						"1.25": {
							"post": [0, 0, 0],
							"lerp_mode": "catmullrom"
						}
					}
				},
				"jaw": {
					"rotation": {
						"0.25": {
							"pre": [0, 0, 0],
							"post": [0, 0, 0],
							"lerp_mode": "catmullrom"
						},
						"0.5": {
							"post": [75, 0, 0],
							"lerp_mode": "catmullrom"
						},
						"0.5833": {
							"post": [70.19, 0, 0],
							"lerp_mode": "catmullrom"
						},
						"0.6667": {
							"post": [75, 0, 0],
							"lerp_mode": "catmullrom"
						},
						"0.75": {
							"post": [80.56, 0, 0],
							"lerp_mode": "catmullrom"
						},
						"1.25": {
							"post": [0, 0, 0],
							"lerp_mode": "catmullrom"
						}
					}
				},
				"waist": {
					"position": {
						"0.5": {
							"pre": [0, 0, 0],
							"post": [0, 0, 0],
							"lerp_mode": "catmullrom"
						},
						"0.75": {
							"post": [0, 0.49915, -0.02907],
							"lerp_mode": "catmullrom"
						},
						"1.25": {
							"post": [0, 0, 0],
							"lerp_mode": "catmullrom"
						}
					}
				},
				"hip": {
					"position": {
						"0.25": [0, 0, 0],
						"0.5417": [0, 0, 1],
						"1.25": [0, 0, 0]
					}
				},
				"tail_base": {
					"rotation": {
						"0.4583": [0, 0, 0],
						"0.5": [10, 0, 0],
						"0.5417": [0, 0, 0],
						"0.5833": [10, 0, 0],
						"0.6667": [0, 0, 0],
						"0.75": [10, 0, 0],
						"0.8333": [0, 0, 0],
						"0.9167": [10, 0, 0],
						"1.0": [0, 0, 0]
					}
				},
				"tail_1": {
					"rotation": {
						"0.4583": [0, 0, 0],
						"0.5": [10, 0, 0],
						"0.5417": [0, 0, 0],
						"0.5833": [10, 0, 0],
						"0.6667": [0, 0, 0],
						"0.75": [10, 0, 0],
						"0.8333": [0, 0, 0],
						"0.9167": [10, 0, 0],
						"1.0": [0, 0, 0]
					}
				},
				"tail_2": {
					"rotation": {
						"0.4583": [0, 0, 0],
						"0.5": [10, 0, 0],
						"0.5417": [0, 0, 0],
						"0.5833": [10, 0, 0],
						"0.6667": [0, 0, 0],
						"0.75": [10, 0, 0],
						"0.8333": [0, 0, 0],
						"0.9167": [10, 0, 0],
						"1.0": [0, 0, 0]
					}
				},
				"tail_end": {
					"rotation": {
						"0.4583": [0, 0, 0],
						"0.5": [-10, 0, 0],
						"0.5417": [10, 0, 0],
						"0.5833": [10, 0, 0],
						"0.6667": [0, 0, 0],
						"0.75": [10, 0, 0],
						"0.8333": [0, 0, 0],
						"0.9167": [10, 0, 0],
						"1.0": [0, 0, 0]
					}
				},
				"fur": {
					"rotation": {
						"0.25": [0, 0, 0],
						"0.5": [15, 0, 0],
						"1.25": [0, 0, 0]
					}
				},
				"middle_fur1": {
					"rotation": {
						"0.5": [0, 0, 0],
						"0.75": [20, 0, 0],
						"1.0": [0, 0, 0]
					}
				},
				"left_fur1": {
					"rotation": {
						"0.5": [0, 0, 0],
						"0.75": [20, 0, 0],
						"1.0": [0, 0, 0]
					}
				},
				"outer_left_fur1": {
					"rotation": {
						"0.5": [0, 0, 0],
						"0.75": [20, 0, 0],
						"1.0": [0, 0, 0]
					}
				},
				"right_fur1": {
					"rotation": {
						"0.5": [0, 0, 0],
						"0.75": [20, 0, 0],
						"1.0": [0, 0, 0]
					}
				},
				"outer_right_fur1": {
					"rotation": {
						"0.5": [0, 0, 0],
						"0.75": [20, 0, 0],
						"1.0": [0, 0, 0]
					}
				},
				"right_eye": {
					"position": {
						"0.0": [0, 0, 0],
						"0.1667": {"pre": [0, 0, 0], "post": [1, 0, 0]},
						"0.3333": {"pre": [1, 0, 0], "post": [0, 0, 0]}
					}
				},
				"left_eye": {
					"position": {
						"0.0": [0, 0, 0],
						"0.1667": {"pre": [0, 0, 0], "post": [-1, 0, 0]},
						"0.3333": {"pre": [-1, 0, 0], "post": [0, 0, 0]}
					}
				},
				"right_eyelid": {
					"position": {
						"0.0": [0, 0, 0],
						"0.1667": {"pre": [0, 0, 0], "post": [-1, 0, 0]},
						"0.3333": {"pre": [-1, 0, 0], "post": [0, 0, 0]}
					}
				},
				"left_eyelid": {
					"position": {
						"0.0": [0, 0, 0],
						"0.1667": {"pre": [0, 0, 0], "post": [1, 0, 0]},
						"0.3333": {"pre": [1, 0, 0], "post": [0, 0, 0]}
					}
				},
				"left_whiskers": {
					"rotation": {
						"0.0": {
							"post": [0, 0, 0],
							"lerp_mode": "catmullrom"
						},
						"0.25": {
							"post": [-0.77287, 10.34476, -10.31909],
							"lerp_mode": "catmullrom"
						},
						"0.5": {
							"post": [0, 0, 12.5],
							"lerp_mode": "catmullrom"
						},
						"0.75": {
							"post": [0, 0, 0],
							"lerp_mode": "catmullrom"
						},
						"1.0": {
							"post": [0, 0, -5],
							"lerp_mode": "catmullrom"
						},
						"1.25": {
							"post": [0, 0, 0],
							"lerp_mode": "catmullrom"
						}
					}
				},
				"right_whiskers": {
					"rotation": {
						"0.0": {
							"post": [0, 0, 0],
							"lerp_mode": "catmullrom"
						},
						"0.25": {
							"post": [-0.77287, -10.34476, 10.31909],
							"lerp_mode": "catmullrom"
						},
						"0.5": {
							"post": [0, 0, -12.5],
							"lerp_mode": "catmullrom"
						},
						"0.75": {
							"post": [0, 0, 0],
							"lerp_mode": "catmullrom"
						},
						"1.0": {
							"post": [0, 0, 5],
							"lerp_mode": "catmullrom"
						},
						"1.25": {
							"post": [0, 0, 0],
							"lerp_mode": "catmullrom"
						}
					}
				},
				"left_ear": {
					"rotation": {
						"0.0": {
							"post": [0, 0, 0],
							"lerp_mode": "catmullrom"
						},
						"0.25": {
							"post": [-42.5, 0, 0],
							"lerp_mode": "catmullrom"
						},
						"0.5": {
							"post": [47.5, 0, 0],
							"lerp_mode": "catmullrom"
						},
						"0.75": {
							"post": [0, 0, 0],
							"lerp_mode": "catmullrom"
						},
						"1.0": {
							"post": [-15, 0, 0],
							"lerp_mode": "catmullrom"
						},
						"1.25": {
							"post": [0, 0, 0],
							"lerp_mode": "catmullrom"
						}
					}
				},
				"right_ear": {
					"rotation": {
						"0.0": {
							"post": [0, 0, 0],
							"lerp_mode": "catmullrom"
						},
						"0.25": {
							"post": [-42.5, 0, 0],
							"lerp_mode": "catmullrom"
						},
						"0.5": {
							"post": [47.5, 0, 0],
							"lerp_mode": "catmullrom"
						},
						"0.75": {
							"post": [0, 0, 0],
							"lerp_mode": "catmullrom"
						},
						"1.0": {
							"post": [-15, 0, 0],
							"lerp_mode": "catmullrom"
						},
						"1.25": {
							"post": [0, 0, 0],
							"lerp_mode": "catmullrom"
						}
					}
				}
			},
			"sound_effects": {
				"0.5": {
					"effect": "raikou_cry"
				}
			}
		},
		"animation.raikou.sleep_quirk": {
			"animation_length": 2.1667,
			"bones": {
				"tail_base": {
					"rotation": {
						"0.375": {
							"pre": [0, 0, 0],
							"post": [0, 0, 0],
							"lerp_mode": "catmullrom"
						},
						"0.5": {
							"post": [22.5, 0, 0],
							"lerp_mode": "catmullrom"
						},
						"0.625": {
							"post": [0, 0, 0],
							"lerp_mode": "catmullrom"
						}
					}
				},
				"tail_1": {
					"rotation": {
						"0.375": {
							"pre": [0, 0, 0],
							"post": [0, 0, 0],
							"lerp_mode": "catmullrom"
						},
						"0.5": {
							"post": [-20, 0, 0],
							"lerp_mode": "catmullrom"
						},
						"0.625": {
							"post": [0, 0, 0],
							"lerp_mode": "catmullrom"
						}
					}
				},
				"left_ear": {
					"rotation": {
						"0.0": {
							"post": [0, 0, 0],
							"lerp_mode": "catmullrom"
						},
						"0.0833": {
							"post": [-14.95207, 2.56164, 15.95439],
							"lerp_mode": "catmullrom"
						},
						"0.1667": {
							"post": [0, 0, 0],
							"lerp_mode": "catmullrom"
						}
					}
				},
				"right_ear": {
					"rotation": {
						"2.0": {
							"pre": [0, 0, 0],
							"post": [0, 0, 0],
							"lerp_mode": "catmullrom"
						},
						"2.0833": {
							"post": [-14.95207, -2.56164, -15.95439],
							"lerp_mode": "catmullrom"
						},
						"2.1667": {
							"post": [0, 0, 0],
							"lerp_mode": "catmullrom"
						}
					}
				}
			}
		},
		"animation.raikou.sleep_quirk2": {
			"animation_length": 0.25,
			"bones": {
				"left_whiskers": {
					"rotation": {
						"0.0": {
							"post": [0, 0, 0],
							"lerp_mode": "catmullrom"
						},
						"0.0417": {
							"post": [0, 0, -10],
							"lerp_mode": "catmullrom"
						},
						"0.125": {
							"post": [0, 0, 0],
							"lerp_mode": "catmullrom"
						},
						"0.1667": {
							"post": [0, 0, 10],
							"lerp_mode": "catmullrom"
						},
						"0.25": {
							"post": [0, 0, 0],
							"lerp_mode": "catmullrom"
						}
					}
				},
				"right_whiskers": {
					"rotation": {
						"0.0": {
							"post": [0, 0, 0],
							"lerp_mode": "catmullrom"
						},
						"0.0417": {
							"post": [0, 0, -10],
							"lerp_mode": "catmullrom"
						},
						"0.125": {
							"post": [0, 0, 0],
							"lerp_mode": "catmullrom"
						},
						"0.1667": {
							"post": [0, 0, 10],
							"lerp_mode": "catmullrom"
						},
						"0.25": {
							"post": [0, 0, 0],
							"lerp_mode": "catmullrom"
						}
					}
				}
			}
		},
		"animation.raikou.faint": {
			"loop": true,
			"animation_length": 3,
			"bones": {
				"body2": {
					"rotation": {
						"1.0": {
							"pre": [0, 0, 0],
							"post": [0, 0, 0],
							"lerp_mode": "catmullrom"
						},
						"1.5": {
							"post": [0, 0, 85],
							"lerp_mode": "catmullrom"
						},
						"1.625": {
							"post": [0, 0, 77.11],
							"lerp_mode": "catmullrom"
						},
						"2.0": [0, 0, 90]
					},
					"position": {
						"0.0": [0, 0, 0],
						"0.5": [0, -3, 0],
						"1.0": [0, -3, 0],
						"1.0417": {
							"pre": [0, -3, 0],
							"post": [0, -3, 0],
							"lerp_mode": "catmullrom"
						},
						"1.25": {
							"post": [13.99, -8.5, 0],
							"lerp_mode": "catmullrom"
						},
						"1.5": [18, -15, 0],
						"1.5417": [18.05, -13.23, 0],
						"1.5833": [18, -15, 0],
						"1.625": [18.05, -13.23, 0],
						"2.0": [17, -14, 0]
					}
				},
				"left_leg": {
					"rotation": {
						"0.0": {
							"post": [0, 0, 0],
							"lerp_mode": "catmullrom"
						},
						"0.25": {
							"post": [17.5, 0, 0],
							"lerp_mode": "catmullrom"
						},
						"0.5": [-10, 0, 0],
						"1.0": [4.95744, -0.65182, 7.47178],
						"1.1667": {
							"pre": [-29.24703, 4.55987, 13.78498],
							"post": [-29.24703, 4.55987, 13.78498],
							"lerp_mode": "catmullrom"
						},
						"1.25": {
							"post": [-18.67031, 6.27267, 19.34272],
							"lerp_mode": "catmullrom"
						},
						"1.5": {
							"post": [-43.70339, 4.30484, 17.00125],
							"lerp_mode": "catmullrom"
						},
						"1.5833": {
							"post": [-44.35296, 25.8364, 36.8873],
							"lerp_mode": "catmullrom"
						},
						"1.75": {
							"post": [-49.76758, 2.15393, 12.31594],
							"lerp_mode": "catmullrom"
						},
						"2.5": [-49.78138, -1.66462, 9.08751]
					},
					"position": {
						"0.0": {
							"post": [0, 0, 0],
							"lerp_mode": "catmullrom"
						},
						"0.5": {
							"post": [1, 0, 0],
							"lerp_mode": "catmullrom"
						},
						"1.0": {
							"post": [3, 0, 0],
							"lerp_mode": "catmullrom"
						},
						"2.0": [0.0237, 0.21315, 0.03758]
					}
				},
				"left_knee": {
					"rotation": {
						"0.0": {
							"post": [0, 0, 0],
							"lerp_mode": "catmullrom"
						},
						"0.25": {
							"post": [-38.75, 0, 0],
							"lerp_mode": "catmullrom"
						},
						"0.5": {
							"post": [-12.5, 0, 0],
							"lerp_mode": "catmullrom"
						},
						"1.0": {
							"post": [-20, 0, 0],
							"lerp_mode": "catmullrom"
						},
						"1.1667": {
							"post": [-5.0508, 3.32969, 21.66517],
							"lerp_mode": "catmullrom"
						},
						"1.5": {
							"post": [19.89812, 2.95422, 13.05661],
							"lerp_mode": "catmullrom"
						},
						"1.75": {
							"post": [17.43745, 1.50179, -4.76968],
							"lerp_mode": "catmullrom"
						},
						"2.5": [29.93745, 1.50179, -4.76968]
					}
				},
				"left_foot": {
					"rotation": {
						"0.0": {
							"post": [0, 0, 0],
							"lerp_mode": "catmullrom"
						},
						"0.25": {
							"post": [16.25, 0, 0],
							"lerp_mode": "catmullrom"
						},
						"0.5": [22.5, 0, 0],
						"1.0": [17.5, 0, 0],
						"2.0": [30, 0, 0],
						"2.5": [30.38126, -8.64917, -5.03837]
					},
					"position": {
						"0.0": {
							"post": [0, 0, 0],
							"lerp_mode": "catmullrom"
						},
						"0.5": {
							"post": [0, 1.66291, -0.54701],
							"lerp_mode": "catmullrom"
						},
						"1.0": [0, 1.66291, -0.54701]
					}
				},
				"right_leg": {
					"rotation": {
						"0.0": [0, 0, 0],
						"0.25": [7.5, 0, 0],
						"0.5": [5, 0, 0],
						"0.75": [-11.19714, 10.54794, 14.04397],
						"0.875": [-23.69157, 11.14494, 14.80504],
						"1.0": [-33.69714, 10.54794, 14.04397],
						"1.0417": [-41.81679, 12.5889, 21.16131],
						"1.25": [-7.41502, 22.7937, 56.748],
						"1.5": [-9.77373, 15.8452, 35.0639],
						"1.5833": [0.93281, 17.37237, 69.29908],
						"1.75": {
							"pre": [-17.15959, 5.76271, -6.64428],
							"post": [-17.15959, 5.76271, -6.64428],
							"lerp_mode": "catmullrom"
						},
						"2.0": {
							"post": [-14.38954, 6.43785, -2.53879],
							"lerp_mode": "catmullrom"
						},
						"2.5": [-14.88175, 5.17373, -7.40141]
					},
					"position": {
						"0.0": {
							"post": [0, 0, 0],
							"lerp_mode": "catmullrom"
						},
						"0.25": {
							"post": [0.4, 0.19, -0.02],
							"lerp_mode": "catmullrom"
						},
						"0.5": {
							"post": [1, 1, 0],
							"lerp_mode": "catmullrom"
						},
						"0.75": [1.27253, 0.94302, 0.1909],
						"1.0": [2.22372, 0.70143, 0.00694]
					}
				},
				"right_knee": {
					"rotation": {
						"0.0": {
							"post": [0, 0, 0],
							"lerp_mode": "catmullrom"
						},
						"0.25": {
							"post": [-13.75, 0, 0],
							"lerp_mode": "catmullrom"
						},
						"0.5": {
							"post": [-17.5, 0, 0],
							"lerp_mode": "catmullrom"
						},
						"0.75": {
							"post": [-25, 0, 0],
							"lerp_mode": "catmullrom"
						},
						"1.0": {
							"post": [-22.5, 0, 0],
							"lerp_mode": "catmullrom"
						},
						"1.25": {
							"post": [-22.65935, 0.97507, 0.14255],
							"lerp_mode": "catmullrom"
						},
						"2.0": {
							"post": [10, 0, 0],
							"lerp_mode": "catmullrom"
						},
						"2.5": [9.76758, 2.15393, -12.31594]
					}
				},
				"right_foot": {
					"rotation": {
						"0.0": [0, 0, 0],
						"0.5": [10, 0, 0],
						"0.75": [2.5, 0, 0],
						"1.0": [20, 0, 0],
						"2.0": [15, 0, 0],
						"2.5": [15.01365, -2.41476, -0.64743]
					},
					"position": {
						"0.0": {
							"post": [0, 0, 0],
							"lerp_mode": "catmullrom"
						},
						"0.5": {
							"post": [0, 0.96593, -0.25882],
							"lerp_mode": "catmullrom"
						},
						"1.0": [0, 0.96593, -0.25882]
					}
				},
				"back_left_leg": {
					"rotation": {
						"0.0": [0, 0, 0],
						"0.25": [-8.67557, 0.04159, -0.00658],
						"0.5": [-17.5, 0, 0],
						"1.0": [-30, 0, 0],
						"1.1667": {
							"pre": [-26.61089, 8.32735, 24.75333],
							"post": [-26.61089, 8.32735, 24.75333],
							"lerp_mode": "catmullrom"
						},
						"1.25": {
							"post": [-18.03923, 8.21675, 23.69353],
							"lerp_mode": "catmullrom"
						},
						"1.5": {
							"post": [-22.8761, 3.61065, 12.1735],
							"lerp_mode": "catmullrom"
						},
						"1.5833": {
							"post": [-20.89698, 10.17909, 28.52236],
							"lerp_mode": "catmullrom"
						},
						"1.75": {
							"post": [-25.46608, -2.65238, -3.38391],
							"lerp_mode": "catmullrom"
						},
						"2.0": {
							"post": [-27.5, 0, 0],
							"lerp_mode": "catmullrom"
						},
						"2.5": [-27.41063, 2.30644, 4.43745]
					},
					"position": {
						"0.0": [0, 0, 0],
						"0.25": [0.25, 0.19, 0],
						"1.0": [2.01, -0.11, 0],
						"1.25": [1.26879, -1.54602, 0],
						"1.75": [-1.91518, -0.09802, 0],
						"2.0": [-1, 0, 0]
					}
				},
				"back_left_knee": {
					"rotation": {
						"0.0": {
							"post": [0, 0, 0],
							"lerp_mode": "catmullrom"
						},
						"0.25": {
							"post": [20.31, 0, 0],
							"lerp_mode": "catmullrom"
						},
						"0.5": {
							"post": [35, 0, 0],
							"lerp_mode": "catmullrom"
						},
						"1.0": {
							"post": [40, 0, 0],
							"lerp_mode": "catmullrom"
						},
						"1.1667": {
							"post": [55.48093, -14.11773, 22.44545],
							"lerp_mode": "catmullrom"
						},
						"1.5": {
							"post": [44.13, -12.25, 19.11],
							"lerp_mode": "catmullrom"
						},
						"1.5833": {
							"post": [37.4465, -20.92735, 29.80201],
							"lerp_mode": "catmullrom"
						},
						"2.0": [22.08897, -5.71617, 8.21888]
					}
				},
				"back_left_hock": {
					"rotation": {
						"0.0": {
							"post": [0, 0, 0],
							"lerp_mode": "catmullrom"
						},
						"0.5": {
							"post": [7.5, 0, 0],
							"lerp_mode": "catmullrom"
						},
						"1.0": {
							"post": [7.5, 0, 0],
							"lerp_mode": "catmullrom"
						},
						"2.0": {
							"post": [7.47178, 0.65182, -4.95744],
							"lerp_mode": "catmullrom"
						},
						"2.5": [7.38733, 1.29876, -9.91615]
					}
				},
				"back_left_foot": {
					"rotation": {
						"0.0": {
							"post": [0, 0, 0],
							"lerp_mode": "catmullrom"
						},
						"0.25": {
							"post": [-13.44, 0, 0],
							"lerp_mode": "catmullrom"
						},
						"0.5": {
							"post": [-25, 0, 0],
							"lerp_mode": "catmullrom"
						},
						"1.0": {
							"post": [-17.5, 0, 0],
							"lerp_mode": "catmullrom"
						},
						"2.0": {
							"post": [25, 0, 0],
							"lerp_mode": "catmullrom"
						},
						"2.5": [26.05573, -15.81499, -7.59001]
					},
					"position": {
						"0.5": [0, -0.10565, 0.22658],
						"1.0": [0, -0.10565, 0.22658],
						"2.0": [0, -0.53262, -0.67631]
					}
				},
				"back_right_leg": {
					"rotation": {
						"0.0": [0, 0, 0],
						"0.25": [-8.67557, -0.04159, 0.00658],
						"0.5": [-17.5, 0, 0],
						"1.0": [-17.5, 0, 0],
						"1.1667": {
							"pre": [-14.14041, 2.33771, 12.98472],
							"post": [-14.14041, 2.33771, 12.98472],
							"lerp_mode": "catmullrom"
						},
						"1.25": {
							"post": [-9.6982, 9.42969, 44.45536],
							"lerp_mode": "catmullrom"
						},
						"1.5": {
							"post": [-2.60504, 4.55405, 27.95975],
							"lerp_mode": "catmullrom"
						},
						"1.5833": {
							"post": [-0.43191, 5.22736, 53.04363],
							"lerp_mode": "catmullrom"
						},
						"1.75": {
							"post": [-1.1909, 0.66546, -0.10526],
							"lerp_mode": "catmullrom"
						},
						"2.0": {
							"post": [0.24998, -2.99318, -9.54589],
							"lerp_mode": "catmullrom"
						},
						"2.5": [0.38042, -2.97942, -12.04925]
					},
					"position": {
						"0.0": [0, 0, 0],
						"0.75": [0, -0.5, 0],
						"1.0": [1, -0.25, 0],
						"1.5": [0, 0, 0],
						"1.75": [-0.09518, 0.05198, 0.05],
						"2.0": [0.98481, 0.16561, 0.05222]
					}
				},
				"back_right_knee": {
					"rotation": {
						"0.0": {
							"post": [0, 0, 0],
							"lerp_mode": "catmullrom"
						},
						"0.25": {
							"post": [20.31, 0, 0],
							"lerp_mode": "catmullrom"
						},
						"0.5": {
							"post": [35, 0, 0],
							"lerp_mode": "catmullrom"
						},
						"1.0": {
							"post": [35, 0, 0],
							"lerp_mode": "catmullrom"
						},
						"1.5": {
							"post": [21.22, 0.47, -3.56],
							"lerp_mode": "catmullrom"
						},
						"1.5833": {
							"post": [16.27852, -9.47777, 26.84591],
							"lerp_mode": "catmullrom"
						},
						"2.0": {
							"post": [7.43656, 0.9762, -7.43656],
							"lerp_mode": "catmullrom"
						},
						"2.5": [7.38733, 1.29876, -9.91615]
					},
					"position": {
						"0.0": [0, 0, 0],
						"2.0": [-0.12941, 0.47883, -0.06304]
					}
				},
				"back_right_hock": {
					"rotation": {
						"0.0": [0, 0, 0],
						"0.5": [7.5, 0, 0],
						"1.0417": [7.5, 0, 0],
						"2.0": [7.49294, 0.32621, -2.47864],
						"2.5": [7.47178, 0.65182, -4.95744]
					},
					"position": {
						"2.0": [0, 0, 0],
						"2.5": [0.23178, -0.09159, -0.01974]
					}
				},
				"back_right_foot": {
					"rotation": {
						"0.0": {
							"post": [0, 0, 0],
							"lerp_mode": "catmullrom"
						},
						"0.25": {
							"post": [-13.44, 0, 0],
							"lerp_mode": "catmullrom"
						},
						"0.5": {
							"post": [-25, 0, 0],
							"lerp_mode": "catmullrom"
						},
						"1.0": {
							"post": [-25, 0, 0],
							"lerp_mode": "catmullrom"
						},
						"2.0": {
							"post": [10, 0, 0],
							"lerp_mode": "catmullrom"
						},
						"2.5": [10.34527, -14.76689, -2.66399]
					},
					"position": {
						"0.0": {
							"post": [0, 0, 0],
							"lerp_mode": "catmullrom"
						},
						"0.5": {
							"post": [0, -0.10565, 0.22658],
							"lerp_mode": "catmullrom"
						},
						"1.0": [0, -0.10565, 0.22658]
					}
				},
				"torso": {
					"rotation": {
						"0.75": [0, 0, 0],
						"1.0": [0, 0, 7.5]
					}
				},
				"waist": {
					"rotation": {
						"0.0": [0, 0, 0],
						"0.25": [0, 0, -1.3],
						"0.75": [0, 0, 12.5],
						"2.0": [0, 7.5, 10]
					},
					"position": {
						"0.0": [0, 0, 0],
						"2.0": [-0.12854, 0.02267, -0.99144]
					}
				},
				"tail_base": {
					"rotation": {
						"0.0": [0, 0, 0],
						"0.25": {
							"pre": [5, 0, 0],
							"post": [5, 0, 0],
							"lerp_mode": "catmullrom"
						},
						"0.5": {
							"post": [39.71126, 1.03794, 0.41371],
							"lerp_mode": "catmullrom"
						},
						"1.0": {
							"post": [20, 0, 0],
							"lerp_mode": "catmullrom"
						},
						"1.25": {
							"post": [22.79588, -28.02432, -11.17023],
							"lerp_mode": "catmullrom"
						},
						"1.5": {
							"post": [20.78784, -4.67821, -1.92077],
							"lerp_mode": "catmullrom"
						},
						"1.5833": {
							"post": [33.39957, -50.01523, -26.95107],
							"lerp_mode": "catmullrom"
						},
						"2.0": [20, 0, 0]
					}
				},
				"tail_1": {
					"rotation": {
						"1.0": {
							"pre": [-82.5, 0, 0],
							"post": [-82.5, 0, 0],
							"lerp_mode": "catmullrom"
						},
						"1.25": {
							"post": [-82.32005, -12.39135, -1.6575],
							"lerp_mode": "catmullrom"
						},
						"1.5833": {
							"post": [-82.3358, 10.1232, 1.35051],
							"lerp_mode": "catmullrom"
						},
						"2.0": [-82.5, 0, 0]
					}
				},
				"tail_2": {
					"rotation": {
						"0.25": {
							"pre": [137.5, 0, 0],
							"post": [137.5, 0, 0],
							"lerp_mode": "catmullrom"
						},
						"0.5": {
							"post": [122.45992, 0.17624, 0.19607],
							"lerp_mode": "catmullrom"
						},
						"1.0": {
							"post": [137.5, 0, 0],
							"lerp_mode": "catmullrom"
						},
						"1.25": {
							"post": [138.18385, -8.40819, -9.28293],
							"lerp_mode": "catmullrom"
						},
						"1.5833": {
							"post": [137.6992, 1.82482, 1.99449],
							"lerp_mode": "catmullrom"
						},
						"2.0": [137.5, 0, 0]
					}
				},
				"tail_end": {
					"rotation": {
						"1.0": {
							"pre": [-142.5, 0, 0],
							"post": [-142.5, 0, 0],
							"lerp_mode": "catmullrom"
						},
						"1.25": {
							"post": [-143.16171, -7.57131, 9.97528],
							"lerp_mode": "catmullrom"
						},
						"1.5833": {
							"post": [-142.77609, 3.15718, -4.13858],
							"lerp_mode": "catmullrom"
						},
						"2.0": [-142.5, 0, 0]
					}
				},
				"chest": {
					"rotation": {
						"0.0": [0, 0, 0],
						"0.5": [7.5, 0, 7.5],
						"0.75": [7.43656, -0.9762, 14.93656],
						"1.0": {
							"pre": [7.32417, -1.61888, 19.89638],
							"post": [7.32417, -1.61888, 19.89638],
							"lerp_mode": "catmullrom"
						},
						"1.5": {
							"post": [7.05239, -2.55868, 27.3423],
							"lerp_mode": "catmullrom"
						},
						"1.5833": {
							"post": [7.22794, 7.94274, 24.09351],
							"lerp_mode": "catmullrom"
						},
						"1.75": [7.49294, -0.32621, 9.97864]
					}
				},
				"neck": {
					"rotation": {
						"0.75": {
							"pre": [0, 0, 0],
							"post": [0, 0, 0],
							"lerp_mode": "catmullrom"
						},
						"1.0": {
							"post": [17.5, 0, 0],
							"lerp_mode": "catmullrom"
						},
						"1.25": {
							"post": [-25, 15, 0],
							"lerp_mode": "catmullrom"
						},
						"1.5": {
							"post": [0, 10, 0],
							"lerp_mode": "catmullrom"
						},
						"2.0": [0, 0, 0]
					}
				},
				"fur": {
					"rotation": {
						"0.0": [-27.5, 0, 0],
						"0.75": [-27.5, 0, 0],
						"1.0": [-37.5, 0, 0],
						"1.25": {
							"pre": [9.16991, -50.21321, -14.34216],
							"post": [9.16991, -50.21321, -14.34216],
							"lerp_mode": "catmullrom"
						},
						"1.5": {
							"post": [-27.5, -25.5144, 0],
							"lerp_mode": "catmullrom"
						},
						"1.5833": {
							"post": [-30.28524, -34.27744, 5.56845],
							"lerp_mode": "catmullrom"
						},
						"1.75": {
							"post": [-33.14325, -33.84347, 11.90388],
							"lerp_mode": "catmullrom"
						},
						"2.0": {
							"post": [-27.5, 0, 0],
							"lerp_mode": "catmullrom"
						},
						"2.5": [-27.52235, -2.21738, 1.15495]
					}
				},
				"middle_fur": {
					"rotation": {
						"0.0": [17.5, 0, 0],
						"1.0": [17.5, 0, 0],
						"1.25": [2.26491, 20.63434, -31.22574],
						"2.0": [17.5, 0, 0]
					}
				},
				"middle_fur1": {
					"rotation": {
						"0.0": [10, 0, 0],
						"1.0": [10, 0, 0],
						"1.25": [10.23772, -12.3071, -2.20462]
					}
				},
				"middle_fur2": {
					"rotation": {
						"1.0": [0, 0, 0],
						"1.25": [-25, 0, 0]
					}
				},
				"middle_fur_end": {
					"rotation": {
						"1.0": [0, 0, 0],
						"1.25": [-12.5, 0, 0]
					}
				},
				"left_fur": {
					"rotation": {
						"0.0": [0, 7.5, 0],
						"1.0": [0, 7.5, 0],
						"1.25": [-4.30963, 29.7174, -8.64388],
						"2.0": [0, 7.5, 0]
					}
				},
				"left_fur1": {
					"rotation": {
						"0.0": [20, -10, 0],
						"1.0": [20, -10, 0],
						"1.25": [20.62682, -17.03487, -2.67617]
					}
				},
				"left_fur2": {
					"rotation": [37.5, 0, 0]
				},
				"outer_left_fur": {
					"rotation": {
						"0.0": [0, 7.5, 0],
						"1.0": [0, 7.5, 0],
						"1.25": [-3.82607, 37.33289, -6.29298],
						"2.0": [0, 7.5, 0]
					}
				},
				"outer_left_fur1": {
					"rotation": {
						"0.0": [17.75313, -9.53274, -3.03513],
						"1.0": [17.75, -9.53, -3.04],
						"1.25": [17.89488, -11.91006, -3.81871]
					}
				},
				"right_fur": {
					"rotation": {
						"0.0": [0, -7.5, 0],
						"1.0": [0, -7.5, 0],
						"1.25": [-5.77509, 8.17773, -35.41318],
						"2.0": [0, -7.5, 0]
					}
				},
				"right_fur1": {
					"rotation": {
						"0.0": [20, 10, 0],
						"1.0": [20, 10, 0],
						"1.25": [19.73652, -4.11647, -5.09172]
					}
				},
				"right_fur2": {
					"rotation": {
						"0.0": [37.5, 0, 0],
						"1.0": [37.5, 0, 0],
						"1.25": [12.5, 0, 0]
					}
				},
				"right_fur_end": {
					"rotation": {
						"1.0": [0, 0, 0],
						"1.25": [0, 0, 0]
					}
				},
				"outer_right_fur": {
					"rotation": {
						"0.0": [0, -7.5, 0],
						"1.0": [0, -7.5, 0],
						"1.25": [0, 0, -22.5],
						"2.0": [0, -7.5, 0]
					}
				},
				"outer_right_fur1": {
					"rotation": {
						"0.0": [17.75313, 9.53274, 3.03513],
						"1.0": [17.75, 9.53, 3.04],
						"1.25": [17.89528, -11.91585, -3.808]
					}
				},
				"outer_right_fur2": {
					"rotation": {
						"1.0": [0, 0, 0],
						"1.25": [-25, 0, 0]
					}
				},
				"outer_right_fur_end": {
					"rotation": {
						"1.0": [0, 0, 0],
						"1.25": [-15, 0, 0]
					}
				},
				"face": {
					"rotation": {
						"0.0": {
							"post": [0, 0, 0],
							"lerp_mode": "catmullrom"
						},
						"0.25": {
							"post": [17.5, 0, 0],
							"lerp_mode": "catmullrom"
						},
						"0.5": {
							"post": [2.5, 0, 0],
							"lerp_mode": "catmullrom"
						},
						"0.75": {
							"post": [7.5, 0, 0],
							"lerp_mode": "catmullrom"
						},
						"1.0": {
							"post": [-10, 0, 0],
							"lerp_mode": "catmullrom"
						},
						"1.1667": {
							"post": [18.54703, 16.15411, 16.9254],
							"lerp_mode": "catmullrom"
						},
						"1.25": {
							"post": [12.92825, -15.01811, 12.33503],
							"lerp_mode": "catmullrom"
						},
						"1.5": {
							"post": [53.16171, -7.57131, -9.97528],
							"lerp_mode": "catmullrom"
						},
						"1.5833": {
							"post": [55.19125, 21.59227, 27.18867],
							"lerp_mode": "catmullrom"
						},
						"2.0": {
							"post": [27.5, 0, 0],
							"lerp_mode": "catmullrom"
						},
						"2.5": [28.9854, -17.66046, -9.54013]
					}
				},
				"right_eye": {
					"position": {
						"0.0": [0, 0, 0],
						"0.25": {"pre": [0, 0, 0], "post": [1, 0, 0]},
						"0.6667": {"pre": [1, 0, 0], "post": [0, 0, 0]},
						"1.0": {"pre": [0, 0, 0], "post": [1, 0, 0]}
					}
				},
				"left_eye": {
					"position": {
						"0.0": [0, 0, 0],
						"0.25": {"pre": [0, 0, 0], "post": [-1, 0, 0]},
						"0.6667": {"pre": [-1, 0, 0], "post": [0, 0, 0]},
						"1.0": {"pre": [0, 0, 0], "post": [-1, 0, 0]}
					}
				},
				"jaw": {
					"rotation": {
						"0.5": {
							"pre": [0, 0, 0],
							"post": [0, 0, 0],
							"lerp_mode": "catmullrom"
						},
						"0.75": {
							"post": [37.5, 0, 0],
							"lerp_mode": "catmullrom"
						},
						"1.0": {
							"post": [40, 0, 0],
							"lerp_mode": "catmullrom"
						},
						"1.25": {
							"post": [40, 0, 0],
							"lerp_mode": "catmullrom"
						},
						"1.5": [0, 0, 0]
					}
				},
				"right_eyelid": {
					"position": {
						"0.0": [0, 0, 0],
						"0.25": {"pre": [0, 0, 0], "post": [-1, 0, 0]},
						"0.6667": {"pre": [-1, 0, 0], "post": [0, 0, 0]},
						"1.0": {"pre": [0, 0, 0], "post": [-1, 0, 0]}
					}
				},
				"left_eyelid": {
					"position": {
						"0.0": [0, 0, 0],
						"0.25": {"pre": [0, 0, 0], "post": [1, 0, 0]},
						"0.6667": {"pre": [1, 0, 0], "post": [0, 0, 0]},
						"1.0": {"pre": [0, 0, 0], "post": [1, 0, 0]}
					}
				}
			}
		}
	}
}