{
	"format_version": "1.8.0",
	"animations": {
		"animation.abomasnow.pose": {
			"loop": true,
			"bones": {
				"head": {
					"rotation": [-10, 0, 0],
					"position": [0, -0.6, -0.5]
				},
				"tail": {
					"rotation": [0, 22.5, 0]
				},
				"tail_segment_1": {
					"rotation": [0, 22.5, 0],
					"position": [-0.2, 0, -1.4]
				},
				"left_arm": {
					"rotation": [0, -10, -22.5],
					"position": [0, 0, 0]
				},
				"left_arm_hand": {
					"rotation": [0, 0, -45],
					"position": [-3.3, -1, 0]
				},
				"right_arm": {
					"rotation": [0, 10, 22.5],
					"position": [0, 0, 0]
				},
				"right_arm_hand": {
					"rotation": [0, 0, 45],
					"position": [3.3, -1, 0]
				}
			}
		},
		"animation.abomasnow.blank": {
			"loop": true,
			"animation_length": 2,
			"bones": {
				"left_arm": {
					"rotation": [0, 0, 37.5],
					"position": [-2.5, 4, 0]
				},
				"left_arm_hand": {
					"rotation": [0, 0, 22.5],
					"position": [-1.5, 0, 0]
				},
				"right_arm": {
					"rotation": [0, 0, -37.5],
					"position": [2.5, 4, 0]
				},
				"right_arm_hand": {
					"rotation": [0, 0, -22.5],
					"position": [1.5, 0, 0]
				}
			}
		},
		"animation.abomasnow.sleep": {
			"loop": true,
			"animation_length": 2,
			"bones": {
				"left_arm": {
					"rotation": [0, 0, "37.5+math.sin(query.anim_time*90*2)*4"],
					"position": [-2.5, 4, 0]
				},
				"left_arm_hand": {
					"rotation": [0, 0, 22.5],
					"position": [-1.5, 0, 0]
				},
				"right_arm": {
					"rotation": [0, 0, "-37.5-math.sin(query.anim_time*90*2)*4"],
					"position": [2.5, 4, 0]
				},
				"right_arm_hand": {
					"rotation": [0, 0, -22.5],
					"position": [1.5, 0, 0]
				},
				"abomasnow": {
					"position": [0, -6, 0]
				},
				"tail": {
					"rotation": [-22.5, 0, 0],
					"position": [0, 0, -1]
				},
				"tail_segment_1": {
					"rotation": [22.5, 0, 0],
					"position": [0, -0.2, -1.4]
				},
				"head": {
					"rotation": [22.5, 0, 0],
					"position": [0, -2.5, -2.4]
				},
				"left_leg": {
					"rotation": [-67.5, 0, 0],
					"position": [0, -3, 0]
				},
				"right_leg": {
					"rotation": [-67.5, 0, 0],
					"position": [0, -3, 0]
				},
				"eyelids": {
					"position": [0, 0, -1]
				}
			}
		},
		"animation.abomasnow.ground_idle": {
			"loop": true,
			"animation_length": 2,
			"bones": {
				"left_arm": {
					"rotation": [0, 0, "37.5+math.sin(query.anim_time*90*2+60)*6"],
					"position": [-2.5, 4, 0]
				},
				"left_arm_hand": {
					"rotation": [0, 0, "22.5+math.sin(query.anim_time*90*2-40)*6"],
					"position": [-1.5, 0, 0]
				},
				"right_arm": {
					"rotation": [0, 0, "-37.5-math.sin(query.anim_time*90*2+60)*6"],
					"position": [2.5, 4, 0]
				},
				"right_arm_hand": {
					"rotation": [0, 0, "-22.5-math.sin(query.anim_time*90*2-40)*6"],
					"position": [1.5, 0, 0]
				},
				"torso": {
					"rotation": [0, 0, "math.sin(query.anim_time*90*2+60)*2"],
					"position": [0, "math.sin(query.anim_time*90*2)*0.1", 0]
				}
			}
		},
		"animation.abomasnow.ground_walk": {
			"loop": true,
			"animation_length": 2,
			"bones": {
				"left_arm": {
					"rotation": [0, "math.sin(query.anim_time*90*4)*8", 37.5],
					"position": [-2.5, 4, 0]
				},
				"left_arm_hand": {
					"rotation": [0, "math.sin(query.anim_time*90*4-40)*8", 22.5],
					"position": [-1.5, 0, 0]
				},
				"right_arm": {
					"rotation": [0, "math.sin(query.anim_time*90*4)*8", -37.5],
					"position": [2.5, 4, 0]
				},
				"right_arm_hand": {
					"rotation": [0, "math.sin(query.anim_time*90*4-40)*8", -22.5],
					"position": [1.5, 0, 0]
				},
				"abomasnow": {
					"position": {
						"0.0": {
							"post": [0, 0, 0],
							"lerp_mode": "catmullrom"
						},
						"0.25": {
							"post": [0, 0, 0],
							"lerp_mode": "catmullrom"
						},
						"0.2917": {
							"post": [0, 0.2, 0],
							"lerp_mode": "catmullrom"
						},
						"0.3333": {
							"post": [0, 0, 0],
							"lerp_mode": "catmullrom"
						},
						"0.375": {
							"post": [0, 0.2, 0],
							"lerp_mode": "catmullrom"
						},
						"0.5": {
							"post": [0, 0, 0],
							"lerp_mode": "catmullrom"
						},
						"0.75": {
							"post": [0, 0, 0],
							"lerp_mode": "catmullrom"
						},
						"0.7917": {
							"post": [0, 0.2, 0],
							"lerp_mode": "catmullrom"
						},
						"0.8333": {
							"post": [0, 0, 0],
							"lerp_mode": "catmullrom"
						},
						"0.875": {
							"post": [0, 0.2, 0],
							"lerp_mode": "catmullrom"
						},
						"1.0": {
							"post": [0, 0, 0],
							"lerp_mode": "catmullrom"
						},
						"1.25": {
							"post": [0, 0, 0],
							"lerp_mode": "catmullrom"
						},
						"1.2917": {
							"post": [0, 0.2, 0],
							"lerp_mode": "catmullrom"
						},
						"1.3333": {
							"post": [0, 0, 0],
							"lerp_mode": "catmullrom"
						},
						"1.375": {
							"post": [0, 0.2, 0],
							"lerp_mode": "catmullrom"
						},
						"1.5": {
							"post": [0, 0, 0],
							"lerp_mode": "catmullrom"
						},
						"1.75": {
							"post": [0, 0, 0],
							"lerp_mode": "catmullrom"
						},
						"1.7917": {
							"post": [0, 0.2, 0],
							"lerp_mode": "catmullrom"
						},
						"1.8333": {
							"post": [0, 0, 0],
							"lerp_mode": "catmullrom"
						},
						"1.875": {
							"post": [0, 0.2, 0],
							"lerp_mode": "catmullrom"
						},
						"2.0": {
							"post": [0, 0, 0],
							"lerp_mode": "catmullrom"
						}
					}
				},
				"torso": {
					"rotation": [0, 0, "math.sin(query.anim_time*90*4+60)*4"]
				},
				"tail": {
					"rotation": [0, "math.sin(query.anim_time*90*4)*8", 0]
				},
				"tail_segment_1": {
					"rotation": [0, "math.sin(query.anim_time*90*4-60)*6", 0]
				},
				"head": {
					"rotation": ["math.sin(query.anim_time*90*4-60)*4", 0, 0]
				},
				"left_leg": {
					"rotation": {
						"0.0": {
							"post": [-22.5, 0, 0],
							"lerp_mode": "catmullrom"
						},
						"0.25": {
							"post": [0, 0, 0],
							"lerp_mode": "catmullrom"
						},
						"0.5": {
							"post": [-9.84, 0, 0],
							"lerp_mode": "catmullrom"
						},
						"0.75": {
							"post": [-22.5, 0, 0],
							"lerp_mode": "catmullrom"
						},
						"1.0": {
							"post": [-22.5, 0, 0],
							"lerp_mode": "catmullrom"
						},
						"1.25": {
							"post": [0, 0, 0],
							"lerp_mode": "catmullrom"
						},
						"1.5": {
							"post": [-9.84, 0, 0],
							"lerp_mode": "catmullrom"
						},
						"1.75": {
							"post": [-22.5, 0, 0],
							"lerp_mode": "catmullrom"
						},
						"2.0": {
							"post": [-22.5, 0, 0],
							"lerp_mode": "catmullrom"
						}
					},
					"position": {
						"0.0": {
							"post": [0, 0, -1],
							"lerp_mode": "catmullrom"
						},
						"0.25": {
							"post": [0, 0, -2],
							"lerp_mode": "catmullrom"
						},
						"0.5": {
							"post": [0, 0, -0.2],
							"lerp_mode": "catmullrom"
						},
						"0.5417": {
							"post": [0, 0.12, 0.32],
							"lerp_mode": "catmullrom"
						},
						"0.5833": {
							"post": [0, 0.33, 0.76],
							"lerp_mode": "catmullrom"
						},
						"0.75": {
							"post": [0, 1, 0],
							"lerp_mode": "catmullrom"
						},
						"1.0": {
							"post": [0, 0, -1],
							"lerp_mode": "catmullrom"
						},
						"1.25": {
							"post": [0, 0, -2],
							"lerp_mode": "catmullrom"
						},
						"1.5": {
							"post": [0, 0, -0.2],
							"lerp_mode": "catmullrom"
						},
						"1.5417": {
							"post": [0, 0.12, 0.32],
							"lerp_mode": "catmullrom"
						},
						"1.5833": {
							"post": [0, 0.33, 0.76],
							"lerp_mode": "catmullrom"
						},
						"1.75": {
							"post": [0, 1, 0],
							"lerp_mode": "catmullrom"
						},
						"2.0": {
							"post": [0, 0, -1],
							"lerp_mode": "catmullrom"
						}
					}
				},
				"left_foot": {
					"rotation": {
						"0.0": {
							"post": [12.5, 0, 0],
							"lerp_mode": "catmullrom"
						},
						"0.25": {
							"post": [0, 0, 0],
							"lerp_mode": "catmullrom"
						},
						"0.5": {
							"post": [11, 0, 0],
							"lerp_mode": "catmullrom"
						},
						"0.75": {
							"post": [22.5, 0, 0],
							"lerp_mode": "catmullrom"
						},
						"1.0": {
							"post": [12.5, 0, 0],
							"lerp_mode": "catmullrom"
						},
						"1.25": {
							"post": [0, 0, 0],
							"lerp_mode": "catmullrom"
						},
						"1.5": {
							"post": [11, 0, 0],
							"lerp_mode": "catmullrom"
						},
						"1.75": {
							"post": [22.5, 0, 0],
							"lerp_mode": "catmullrom"
						},
						"2.0": {
							"post": [12.5, 0, 0],
							"lerp_mode": "catmullrom"
						}
					},
					"position": {
						"0.0": {
							"post": [0, 0, 0],
							"lerp_mode": "catmullrom"
						},
						"0.25": {
							"post": [0, -0.19, -0.12],
							"lerp_mode": "catmullrom"
						},
						"0.4583": {
							"post": [0, -0.39, -0.2],
							"lerp_mode": "catmullrom"
						},
						"0.5": {
							"post": [0, -0.4, 0],
							"lerp_mode": "catmullrom"
						},
						"0.75": {
							"post": [0, -0.18, 0.03],
							"lerp_mode": "catmullrom"
						},
						"1.0": {
							"post": [0, 0, 0],
							"lerp_mode": "catmullrom"
						},
						"1.25": {
							"post": [0, -0.21, -0.13],
							"lerp_mode": "catmullrom"
						},
						"1.4583": {
							"post": [0, -0.39, -0.2],
							"lerp_mode": "catmullrom"
						},
						"1.5": {
							"post": [0, -0.4, 0],
							"lerp_mode": "catmullrom"
						},
						"1.75": {
							"post": [0, -0.19, 0.02],
							"lerp_mode": "catmullrom"
						},
						"2.0": {
							"post": [0, 0, 0],
							"lerp_mode": "catmullrom"
						}
					}
				},
				"right_leg": {
					"rotation": {
						"0.0": {
							"post": [-9.84, 0, 0],
							"lerp_mode": "catmullrom"
						},
						"0.25": {
							"post": [-22.5, 0, 0],
							"lerp_mode": "catmullrom"
						},
						"0.5": {
							"post": [-22.5, 0, 0],
							"lerp_mode": "catmullrom"
						},
						"0.75": {
							"post": [0, 0, 0],
							"lerp_mode": "catmullrom"
						},
						"1.0": {
							"post": [-9.84, 0, 0],
							"lerp_mode": "catmullrom"
						},
						"1.25": {
							"post": [-22.5, 0, 0],
							"lerp_mode": "catmullrom"
						},
						"1.5": {
							"post": [-22.5, 0, 0],
							"lerp_mode": "catmullrom"
						},
						"1.75": {
							"post": [0, 0, 0],
							"lerp_mode": "catmullrom"
						},
						"2.0": {
							"post": [-9.84, 0, 0],
							"lerp_mode": "catmullrom"
						}
					},
					"position": {
						"0.0": {
							"post": [0, 0, -0.2],
							"lerp_mode": "catmullrom"
						},
						"0.0417": {
							"post": [0, 0.12, 0.32],
							"lerp_mode": "catmullrom"
						},
						"0.0833": {
							"post": [0, 0.33, 0.76],
							"lerp_mode": "catmullrom"
						},
						"0.25": {
							"post": [0, 1, 0],
							"lerp_mode": "catmullrom"
						},
						"0.5": {
							"post": [0, 0, -1],
							"lerp_mode": "catmullrom"
						},
						"0.75": {
							"post": [0, 0, -2],
							"lerp_mode": "catmullrom"
						},
						"1.0": {
							"post": [0, 0, -0.2],
							"lerp_mode": "catmullrom"
						},
						"1.0417": {
							"post": [0, 0.12, 0.32],
							"lerp_mode": "catmullrom"
						},
						"1.0833": {
							"post": [0, 0.33, 0.76],
							"lerp_mode": "catmullrom"
						},
						"1.25": {
							"post": [0, 1, 0],
							"lerp_mode": "catmullrom"
						},
						"1.5": {
							"post": [0, 0, -1],
							"lerp_mode": "catmullrom"
						},
						"1.75": {
							"post": [0, 0, -2],
							"lerp_mode": "catmullrom"
						},
						"2.0": {
							"post": [0, 0, -0.2],
							"lerp_mode": "catmullrom"
						}
					}
				},
				"right_foot": {
					"rotation": {
						"0.0": {
							"post": [11, 0, 0],
							"lerp_mode": "catmullrom"
						},
						"0.25": {
							"post": [22.5, 0, 0],
							"lerp_mode": "catmullrom"
						},
						"0.5": {
							"post": [12.5, 0, 0],
							"lerp_mode": "catmullrom"
						},
						"0.75": {
							"post": [0, 0, 0],
							"lerp_mode": "catmullrom"
						},
						"1.0": {
							"post": [11, 0, 0],
							"lerp_mode": "catmullrom"
						},
						"1.25": {
							"post": [22.5, 0, 0],
							"lerp_mode": "catmullrom"
						},
						"1.5": {
							"post": [12.5, 0, 0],
							"lerp_mode": "catmullrom"
						},
						"1.75": {
							"post": [0, 0, 0],
							"lerp_mode": "catmullrom"
						},
						"2.0": {
							"post": [12.5, 0, 0],
							"lerp_mode": "catmullrom"
						}
					},
					"position": {
						"0.0": {
							"post": [0, -0.4, 0],
							"lerp_mode": "catmullrom"
						},
						"0.25": {
							"post": [0, -0.18, 0.03],
							"lerp_mode": "catmullrom"
						},
						"0.5": {
							"post": [0, 0, 0],
							"lerp_mode": "catmullrom"
						},
						"0.75": {
							"post": [0, -0.19, -0.12],
							"lerp_mode": "catmullrom"
						},
						"1.0": {
							"post": [0, -0.4, 0],
							"lerp_mode": "catmullrom"
						},
						"1.25": {
							"post": [0, -0.18, 0.03],
							"lerp_mode": "catmullrom"
						},
						"1.5": {
							"post": [0, 0, 0],
							"lerp_mode": "catmullrom"
						},
						"1.75": {
							"post": [0, -0.19, -0.12],
							"lerp_mode": "catmullrom"
						},
						"2.0": {
							"post": [0, 0, 0],
							"lerp_mode": "catmullrom"
						}
					}
				}
			}
		},
		"animation.abomasnow.faint": {
			"animation_length": 4,
			"bones": {
				"abomasnow": {
					"rotation": {
						"0.0": {
							"post": [0, 0, 0],
							"lerp_mode": "catmullrom"
						},
						"0.25": {
							"post": [0, -22.5, 0],
							"lerp_mode": "catmullrom"
						},
						"0.5": {
							"post": [0, -22.5, 0],
							"lerp_mode": "catmullrom"
						},
						"0.75": {
							"post": [0, 0, 0],
							"lerp_mode": "catmullrom"
						}
					},
					"position": {
						"0.0": {
							"post": [0, 0, 0],
							"lerp_mode": "catmullrom"
						},
						"1.0": {
							"post": [0, 0, 0],
							"lerp_mode": "catmullrom"
						},
						"1.25": {
							"post": [0, 0, 0],
							"lerp_mode": "catmullrom"
						},
						"1.5": {
							"post": [0, -6, 0],
							"lerp_mode": "catmullrom"
						},
						"1.5417": {
							"post": [0, -5.8, 0],
							"lerp_mode": "catmullrom"
						},
						"1.5833": {
							"post": [0, -6, 0],
							"lerp_mode": "catmullrom"
						},
						"1.625": {
							"post": [0, -5.8, 0],
							"lerp_mode": "catmullrom"
						},
						"1.6667": {
							"post": [0, -6, 0],
							"lerp_mode": "catmullrom"
						},
						"1.7083": {
							"post": [0, -5.8, 0],
							"lerp_mode": "catmullrom"
						},
						"1.75": {
							"post": [0, -6, 0],
							"lerp_mode": "catmullrom"
						}
					}
				},
				"torso": {
					"rotation": {
						"0.0": {
							"post": [0, 0, 0],
							"lerp_mode": "catmullrom"
						},
						"0.25": {
							"post": [0, 0, 0],
							"lerp_mode": "catmullrom"
						},
						"0.5": {
							"post": [0, 0, 0],
							"lerp_mode": "catmullrom"
						},
						"0.75": {
							"post": [12.5, 0, 0],
							"lerp_mode": "catmullrom"
						},
						"1.0": {
							"post": [50, 0, 0],
							"lerp_mode": "catmullrom"
						},
						"1.25": {
							"post": [50, 0, 0],
							"lerp_mode": "catmullrom"
						},
						"1.5": {
							"post": [95, 0, 0],
							"lerp_mode": "catmullrom"
						}
					}
				},
				"left_arm": {
					"rotation": {
						"0.0": {
							"post": [0, 0, 0],
							"lerp_mode": "catmullrom"
						},
						"0.25": {
							"post": [-137.26579, 58.60029, -132.73421],
							"lerp_mode": "catmullrom"
						},
						"0.5": {
							"post": [-137.26579, 58.60029, -132.73421],
							"lerp_mode": "catmullrom"
						},
						"0.75": {
							"post": [27.46465, 39.95112, 27.46465],
							"lerp_mode": "catmullrom"
						},
						"1.5": {
							"post": [45.98762, 11.77432, 67.32345],
							"lerp_mode": "catmullrom"
						}
					}
				},
				"left_arm_hand": {
					"rotation": {
						"0.0": {
							"post": [0, 0, 0],
							"lerp_mode": "catmullrom"
						},
						"0.25": {
							"post": [0, 45, 0],
							"lerp_mode": "catmullrom"
						},
						"0.5": {
							"post": [0, 45, 0],
							"lerp_mode": "catmullrom"
						},
						"0.75": {
							"post": [0, 22.5, 0],
							"lerp_mode": "catmullrom"
						}
					},
					"position": {
						"0.0": {
							"post": [0, 0, 0],
							"lerp_mode": "catmullrom"
						},
						"0.75": {
							"post": [-2, 0, 0],
							"lerp_mode": "catmullrom"
						}
					}
				},
				"right_arm": {
					"rotation": {
						"0.0": {
							"post": [0, 0, 0],
							"lerp_mode": "catmullrom"
						},
						"0.25": {
							"post": [0, -67.5, 0],
							"lerp_mode": "catmullrom"
						},
						"0.5": {
							"post": [0, -67.5, 0],
							"lerp_mode": "catmullrom"
						},
						"0.75": {
							"post": [27.46465, -39.95112, -27.46465],
							"lerp_mode": "catmullrom"
						},
						"1.5": {
							"post": [45.98762, -11.77432, -67.32345],
							"lerp_mode": "catmullrom"
						}
					},
					"position": {
						"0.0": {
							"post": [0, 0, 0],
							"lerp_mode": "catmullrom"
						},
						"0.25": {
							"post": [0, 0, 1],
							"lerp_mode": "catmullrom"
						},
						"0.5": {
							"post": [0, 0, 1],
							"lerp_mode": "catmullrom"
						},
						"0.75": {
							"post": [0, 0, 0],
							"lerp_mode": "catmullrom"
						}
					}
				},
				"right_arm_hand": {
					"rotation": {
						"0.0": {
							"post": [0, 0, 0],
							"lerp_mode": "catmullrom"
						},
						"0.25": {
							"post": [0, -45, 0],
							"lerp_mode": "catmullrom"
						},
						"0.5": {
							"post": [0, -45, 0],
							"lerp_mode": "catmullrom"
						},
						"0.75": {
							"post": [0, -22.5, 0],
							"lerp_mode": "catmullrom"
						}
					},
					"position": {
						"0.0": {
							"post": [0, 0, 0],
							"lerp_mode": "catmullrom"
						},
						"0.25": {
							"post": [3, 0, 1],
							"lerp_mode": "catmullrom"
						},
						"0.5": {
							"post": [3, 0, 1],
							"lerp_mode": "catmullrom"
						},
						"0.75": {
							"post": [2, 0, 0],
							"lerp_mode": "catmullrom"
						}
					}
				},
				"tail": {
					"rotation": {
						"0.0": {
							"post": [0, 0, 0],
							"lerp_mode": "catmullrom"
						},
						"0.5": {
							"post": [0, 0, 0],
							"lerp_mode": "catmullrom"
						},
						"0.75": {
							"post": [-45, 0, 0],
							"lerp_mode": "catmullrom"
						},
						"1.5": {
							"post": [-90, 0, 0],
							"lerp_mode": "catmullrom"
						}
					},
					"position": {
						"0.0": {
							"post": [0, 0, 0],
							"lerp_mode": "catmullrom"
						},
						"1.5": {
							"post": [0, 0, -3],
							"lerp_mode": "catmullrom"
						}
					}
				},
				"head": {
					"rotation": {
						"0.0": {
							"post": [0, 0, 0],
							"lerp_mode": "catmullrom"
						},
						"0.25": {
							"post": [15, -15, 0],
							"lerp_mode": "catmullrom"
						},
						"0.5": {
							"post": [15, -15, 0],
							"lerp_mode": "catmullrom"
						},
						"0.75": {
							"post": [10, 0, 0],
							"lerp_mode": "catmullrom"
						},
						"1.0": {
							"post": [32.5, 0, 0],
							"lerp_mode": "catmullrom"
						},
						"1.25": {
							"post": [32.5, 0, 0],
							"lerp_mode": "catmullrom"
						},
						"1.5": {
							"post": [10, 0, 0],
							"lerp_mode": "catmullrom"
						}
					},
					"position": {
						"0.0": {
							"post": [0, 0, 0],
							"lerp_mode": "catmullrom"
						},
						"0.25": {
							"post": [0, -1.2, -1],
							"lerp_mode": "catmullrom"
						},
						"0.5": {
							"post": [0, -2, 0],
							"lerp_mode": "catmullrom"
						},
						"0.75": {
							"post": [0, 0, 0],
							"lerp_mode": "catmullrom"
						},
						"1.0": {
							"post": [0, -3, -2],
							"lerp_mode": "catmullrom"
						},
						"1.25": {
							"post": [0, -3, -2],
							"lerp_mode": "catmullrom"
						},
						"1.5": {
							"post": [0, -1, -0.5],
							"lerp_mode": "catmullrom"
						}
					}
				},
				"left_leg": {
					"rotation": {
						"0.0": {
							"post": [0, 0, 0],
							"lerp_mode": "catmullrom"
						},
						"1.0": {
							"post": [0, 0, 0],
							"lerp_mode": "catmullrom"
						},
						"1.25": {
							"post": [0, 0, 0],
							"lerp_mode": "catmullrom"
						},
						"1.5": {
							"post": [90, 0, 0],
							"lerp_mode": "catmullrom"
						}
					},
					"position": {
						"0.0": {
							"post": [0, 0, 0],
							"lerp_mode": "catmullrom"
						},
						"0.75": {
							"post": [0, 0, -3],
							"lerp_mode": "catmullrom"
						},
						"1.0": {
							"post": [0, 0, 0],
							"lerp_mode": "catmullrom"
						},
						"1.25": {
							"post": [0, 0, 0],
							"lerp_mode": "catmullrom"
						},
						"1.5": {
							"post": [0, -1, 0],
							"lerp_mode": "catmullrom"
						}
					}
				},
				"right_leg": {
					"rotation": {
						"0.0": {
							"post": [0, 0, 0],
							"lerp_mode": "catmullrom"
						},
						"1.0": {
							"post": [0, 0, 0],
							"lerp_mode": "catmullrom"
						},
						"1.25": {
							"post": [0, 0, 0],
							"lerp_mode": "catmullrom"
						},
						"1.5": {
							"post": [90, 0, 0],
							"lerp_mode": "catmullrom"
						}
					},
					"position": {
						"0.0": {
							"post": [0, 0, 0],
							"lerp_mode": "catmullrom"
						},
						"1.0": {
							"post": [0, 0, 0],
							"lerp_mode": "catmullrom"
						},
						"1.25": {
							"post": [0, 0, 0],
							"lerp_mode": "catmullrom"
						},
						"1.5": {
							"post": [0, -1, 0],
							"lerp_mode": "catmullrom"
						}
					}
				}
			}
		},
		"animation.abomasnow.cry": {
			"animation_length": 2,
			"bones": {
				"left_arm": {
					"rotation": {
						"0.0": {
							"post": [0, 0, 0],
							"lerp_mode": "catmullrom"
						},
						"0.25": {
							"post": [0, 0, 12.5],
							"lerp_mode": "catmullrom"
						},
						"0.5": {
							"post": [0, 0, -10],
							"lerp_mode": "catmullrom"
						},
						"1.0": {
							"post": [0, 0, 0],
							"lerp_mode": "catmullrom"
						}
					}
				},
				"right_arm": {
					"rotation": {
						"0.0": {
							"post": [0, 0, 0],
							"lerp_mode": "catmullrom"
						},
						"0.25": {
							"post": [0, 0, -12.5],
							"lerp_mode": "catmullrom"
						},
						"0.5": {
							"post": [0, 0, 10],
							"lerp_mode": "catmullrom"
						},
						"1.0": {
							"post": [0, 0, 0],
							"lerp_mode": "catmullrom"
						}
					}
				},
				"head": {
					"rotation": {
						"0.0": {
							"post": [0, 0, 0],
							"lerp_mode": "catmullrom"
						},
						"0.25": {
							"post": [5, 0, 0],
							"lerp_mode": "catmullrom"
						},
						"0.5": {
							"post": [-17.5, 0, 0],
							"lerp_mode": "catmullrom"
						},
						"0.5833": {
							"post": [-15, 0, 0],
							"lerp_mode": "catmullrom"
						},
						"0.625": {
							"post": [-17.5, 0, 0],
							"lerp_mode": "catmullrom"
						},
						"0.6667": {
							"post": [-15, 0, 0],
							"lerp_mode": "catmullrom"
						},
						"0.7083": {
							"post": [-17.5, 0, 0],
							"lerp_mode": "catmullrom"
						},
						"0.75": {
							"post": [-17.5, 0, 0],
							"lerp_mode": "catmullrom"
						},
						"1.0": {
							"post": [0, 0, 0],
							"lerp_mode": "catmullrom"
						}
					},
					"position": {
						"0.0": {
							"post": [0, 0, 0],
							"lerp_mode": "catmullrom"
						},
						"0.5": {
							"post": [0, -0.5, -0.3],
							"lerp_mode": "catmullrom"
						},
						"0.75": {
							"post": [0, -0.5, -0.3],
							"lerp_mode": "catmullrom"
						},
						"1.0": {
							"post": [0, 0, 0],
							"lerp_mode": "catmullrom"
						}
					}
				},
				"head_fur": {
					"rotation": {
						"0.0": {
							"post": [0, 0, 0],
							"lerp_mode": "catmullrom"
						},
						"0.5": {
							"post": [0, 0, 0],
							"lerp_mode": "catmullrom"
						},
						"0.625": {
							"post": [-67.5, 0, 0],
							"lerp_mode": "catmullrom"
						},
						"0.6667": {
							"post": [-55.56, 0, 0],
							"lerp_mode": "catmullrom"
						},
						"0.7083": {
							"post": [-67.5, 0, 0],
							"lerp_mode": "catmullrom"
						},
						"1.0": {
							"post": [0, 0, 0],
							"lerp_mode": "catmullrom"
						}
					},
					"position": {
						"0.0": {
							"post": [0, 0, 0],
							"lerp_mode": "catmullrom"
						},
						"0.5": {
							"post": [0, 0, 0],
							"lerp_mode": "catmullrom"
						},
						"0.625": {
							"post": [0, 0.5, 0],
							"lerp_mode": "catmullrom"
						},
						"1.0": {
							"post": [0, 0, 0],
							"lerp_mode": "catmullrom"
						}
					}
				}
			}
		},
		"animation.abomasnow.battle_idle": {
			"loop": true,
			"animation_length": 2,
			"bones": {
				"left_arm": {
					"rotation": [-47.80613, 13.42759, "5.947+math.sin(query.anim_time*90*2+60)*6"],
					"position": [-2.5, 3, 2]
				},
				"left_arm_hand": {
					"rotation": [0, 0, "22.5+math.sin(query.anim_time*90*2-40)*6"],
					"position": [-1.5, 0, 0]
				},
				"right_arm": {
					"rotation": [-65.85133, -20.70481, "-24.0072-math.sin(query.anim_time*90*2+60)*6"],
					"position": [1.5, 4, 0]
				},
				"right_arm_hand": {
					"rotation": [0, 0, "-22.5-math.sin(query.anim_time*90*2-40)*6"],
					"position": [1.5, 0, 0]
				},
				"torso": {
					"rotation": [10, 0, "math.sin(query.anim_time*90*2+60)*2"],
					"position": [0, "math.sin(query.anim_time*90*2)*0.1", 0]
				},
				"tail": {
					"rotation": [-10, 0, 0]
				}
			}
		},
		"animation.abomasnow.physical_attack": {
			"animation_length": 1.5,
			"bones": {
				"abomasnow": {
					"rotation": {
						"0.0": {
							"post": [0, 0, 0],
							"lerp_mode": "catmullrom"
						},
						"0.25": {
							"post": [0, 22.5, 0],
							"lerp_mode": "catmullrom"
						},
						"0.5": {
							"post": [0, 22.5, 0],
							"lerp_mode": "catmullrom"
						},
						"0.75": {
							"post": [0, -22.5, 0],
							"lerp_mode": "catmullrom"
						},
						"1.0": {
							"post": [0, -22.5, 0],
							"lerp_mode": "catmullrom"
						},
						"1.5": {
							"post": [0, 0, 0],
							"lerp_mode": "catmullrom"
						}
					},
					"position": {
						"0.0": {
							"post": [0, 0, 0],
							"lerp_mode": "catmullrom"
						},
						"0.75": {
							"post": [0, 0, 0],
							"lerp_mode": "catmullrom"
						},
						"0.7917": {
							"post": [0, 0.2, 0],
							"lerp_mode": "catmullrom"
						},
						"0.8333": {
							"post": [0, 0, 0],
							"lerp_mode": "catmullrom"
						},
						"0.875": {
							"post": [0, 0.2, 0],
							"lerp_mode": "catmullrom"
						},
						"1.0": {
							"post": [0, 0, 0],
							"lerp_mode": "catmullrom"
						},
						"1.5": {
							"post": [0, 0, 0],
							"lerp_mode": "catmullrom"
						}
					}
				},
				"torso": {
					"rotation": {
						"0.0": {
							"post": [0, 0, 0],
							"lerp_mode": "catmullrom"
						},
						"0.5": {
							"post": [0, 0, 0],
							"lerp_mode": "catmullrom"
						},
						"0.75": {
							"post": [10, 0, 0],
							"lerp_mode": "catmullrom"
						},
						"1.0": {
							"post": [10, 0, 0],
							"lerp_mode": "catmullrom"
						},
						"1.5": {
							"post": [0, 0, 0],
							"lerp_mode": "catmullrom"
						}
					}
				},
				"left_arm": {
					"rotation": {
						"0.0": {
							"post": [0, 0, 0],
							"lerp_mode": "catmullrom"
						},
						"0.25": {
							"post": [0, 22.5, 0],
							"lerp_mode": "catmullrom"
						},
						"0.5": {
							"post": [0, 22.5, 0],
							"lerp_mode": "catmullrom"
						},
						"0.75": {
							"post": [0, -22.5, 0],
							"lerp_mode": "catmullrom"
						},
						"1.0": {
							"post": [0, -22.5, 0],
							"lerp_mode": "catmullrom"
						},
						"1.5": {
							"post": [0, 0, 0],
							"lerp_mode": "catmullrom"
						}
					}
				},
				"left_arm_hand": {
					"rotation": {
						"0.0": {
							"post": [0, 0, 0],
							"lerp_mode": "catmullrom"
						},
						"0.25": {
							"post": [0, 22.5, 0],
							"lerp_mode": "catmullrom"
						},
						"0.5": {
							"post": [0, 22.5, 0],
							"lerp_mode": "catmullrom"
						},
						"1.5": {
							"post": [0, 0, 0],
							"lerp_mode": "catmullrom"
						}
					},
					"position": {
						"0.0": {
							"post": [0, 0, 0],
							"lerp_mode": "catmullrom"
						},
						"0.75": {
							"post": [-2, 0, 0],
							"lerp_mode": "catmullrom"
						},
						"1.0": {
							"post": [-2, 0, 0],
							"lerp_mode": "catmullrom"
						},
						"1.5": {
							"post": [0, 0, 0],
							"lerp_mode": "catmullrom"
						}
					}
				},
				"right_arm": {
					"rotation": {
						"0.0": {
							"post": [0, 0, 0],
							"lerp_mode": "catmullrom"
						},
						"0.25": {
							"post": [0, 22.5, 22.5],
							"lerp_mode": "catmullrom"
						},
						"0.5": {
							"post": [0, 22.5, 22.5],
							"lerp_mode": "catmullrom"
						},
						"0.75": {
							"post": [71.01552, -42.68932, -48.51552],
							"lerp_mode": "catmullrom"
						},
						"1.0": {
							"post": [71.01552, -42.68932, -48.51552],
							"lerp_mode": "catmullrom"
						},
						"1.5": {
							"post": [0, 0, 0],
							"lerp_mode": "catmullrom"
						}
					},
					"position": {
						"0.0": {
							"post": [0, 0, 0],
							"lerp_mode": "catmullrom"
						},
						"0.75": {
							"post": [2, 3, 0],
							"lerp_mode": "catmullrom"
						},
						"1.0": {
							"post": [2, 3, 0],
							"lerp_mode": "catmullrom"
						},
						"1.5": {
							"post": [0, 0, 0],
							"lerp_mode": "catmullrom"
						}
					}
				},
				"right_arm_hand": {
					"rotation": {
						"0.0": {
							"post": [0, 0, 0],
							"lerp_mode": "catmullrom"
						},
						"0.25": {
							"post": [0, -22.5, 0],
							"lerp_mode": "catmullrom"
						},
						"0.5": {
							"post": [0, -22.5, 0],
							"lerp_mode": "catmullrom"
						},
						"1.5": {
							"post": [0, 0, 0],
							"lerp_mode": "catmullrom"
						}
					},
					"position": {
						"0.0": {
							"post": [0, 0, 0],
							"lerp_mode": "catmullrom"
						},
						"0.75": {
							"post": [2, 0, 0],
							"lerp_mode": "catmullrom"
						},
						"1.0": {
							"post": [2, 0, 0],
							"lerp_mode": "catmullrom"
						},
						"1.5": {
							"post": [0, 0, 0],
							"lerp_mode": "catmullrom"
						}
					}
				}
			}
		},
		"animation.abomasnow.special_attack": {
			"animation_length": 1.25,
			"bones": {
				"torso": {
					"rotation": {
						"0.0": {
							"post": [0, 0, 0],
							"lerp_mode": "catmullrom"
						},
						"0.25": {
							"post": [-10, 0, 0],
							"lerp_mode": "catmullrom"
						},
						"0.5": {
							"post": [35, 0, 0],
							"lerp_mode": "catmullrom"
						},
						"1.0": {
							"post": [35, 0, 0],
							"lerp_mode": "catmullrom"
						},
						"1.25": {
							"post": [0, 0, 0],
							"lerp_mode": "catmullrom"
						}
					}
				},
				"left_arm": {
					"rotation": {
						"0.0": {
							"post": [0, 0, 0],
							"lerp_mode": "catmullrom"
						},
						"0.25": {
							"post": [0, 67.5, 0],
							"lerp_mode": "catmullrom"
						},
						"0.5": {
							"post": [0, -22.5, 0],
							"lerp_mode": "catmullrom"
						},
						"1.0": {
							"post": [0, -22.5, 0],
							"lerp_mode": "catmullrom"
						},
						"1.25": {
							"post": [0, 0, 0],
							"lerp_mode": "catmullrom"
						}
					}
				},
				"right_arm": {
					"rotation": {
						"0.0": {
							"post": [0, 0, 0],
							"lerp_mode": "catmullrom"
						},
						"0.25": {
							"post": [0, -67.5, 0],
							"lerp_mode": "catmullrom"
						},
						"0.5": {
							"post": [0, 22.5, 0],
							"lerp_mode": "catmullrom"
						},
						"1.0": {
							"post": [0, 22.5, 0],
							"lerp_mode": "catmullrom"
						},
						"1.25": {
							"post": [0, 0, 0],
							"lerp_mode": "catmullrom"
						}
					}
				},
				"head": {
					"rotation": {
						"0.0": {
							"post": [0, 0, 0],
							"lerp_mode": "catmullrom"
						},
						"0.25": {
							"post": [-15, 0, 0],
							"lerp_mode": "catmullrom"
						},
						"0.5": {
							"post": [-25, 0, 0],
							"lerp_mode": "catmullrom"
						},
						"1.0": {
							"post": [-25, 0, 0],
							"lerp_mode": "catmullrom"
						},
						"1.25": {
							"post": [0, 0, 0],
							"lerp_mode": "catmullrom"
						}
					},
					"position": {
						"0.0": {
							"post": [0, 0, 0],
							"lerp_mode": "catmullrom"
						},
						"0.5": {
							"post": [0, -1, -2],
							"lerp_mode": "catmullrom"
						},
						"1.0": {
							"post": [0, -1, -2],
							"lerp_mode": "catmullrom"
						},
						"1.25": {
							"post": [0, 0, 0],
							"lerp_mode": "catmullrom"
						}
					}
				},
				"head_fur": {
					"rotation": {
						"0.0": {
							"post": [0, 0, 0],
							"lerp_mode": "catmullrom"
						},
						"0.5": {
							"post": [0, 0, 0],
							"lerp_mode": "catmullrom"
						},
						"0.625": {
							"post": [-67.5, 0, 0],
							"lerp_mode": "catmullrom"
						},
						"0.6667": {
							"post": [-57.5, 0, 0],
							"lerp_mode": "catmullrom"
						},
						"0.7083": {
							"post": [-67.5, 0, 0],
							"lerp_mode": "catmullrom"
						},
						"0.75": {
							"post": [-57.5, 0, 0],
							"lerp_mode": "catmullrom"
						},
						"0.7917": {
							"post": [-67.5, 0, 0],
							"lerp_mode": "catmullrom"
						},
						"0.8333": {
							"post": [-57.5, 0, 0],
							"lerp_mode": "catmullrom"
						},
						"0.875": {
							"post": [-67.5, 0, 0],
							"lerp_mode": "catmullrom"
						},
						"1.0": {
							"post": [0, 0, 0],
							"lerp_mode": "catmullrom"
						},
						"1.25": {
							"post": [0, 0, 0],
							"lerp_mode": "catmullrom"
						}
					}
				}
			}
		}
	}
}