{
	"format_version": "1.8.0",
	"animations": {
		"animation.altaria_mega.ground_idle": {
			"loop": true,
			"bones": {
				"altaria_mega": {
					"position": [0, 6, 0]
				},
				"body": {
					"rotation": ["0+math.sin(q.anim_time*90*1.75)*1", "0+math.sin(q.anim_time*90*0.875-90)*0.5", "0+math.sin(q.anim_time*90*0.875-90)*1"],
					"position": ["0+math.sin(q.anim_time*90*0.875-60)*0.5", "0+math.sin(q.anim_time*90*1.75-60)*1.5", 0]
				},
				"neck": {
					"rotation": ["0+math.sin(q.anim_time*90*1.75-30)*1", 0, 0]
				},
				"head": {
					"rotation": [0, 0, 0]
				},
				"hair_left": {
					"rotation": [52.14231, "4.9182+math.sin(q.anim_time*90*1.75+120)*7.5", -51.31448]
				},
				"hair_left2": {
					"rotation": [0, "0+math.sin(q.anim_time*90*1.75+60)*5", 0]
				},
				"hair_left3": {
					"rotation": [0, "0+math.sin(q.anim_time*90*1.75+120)*5", 0]
				},
				"hair_left4": {
					"rotation": [0, "0+math.sin(q.anim_time*90*1.75+150)*5", 0]
				},
				"hair_left5": {
					"rotation": [0, "0+math.sin(q.anim_time*90*1.75+180)*7.5", 0]
				},
				"hair_left6": {
					"rotation": [0, "0+math.sin(q.anim_time*90*1.75+120)*7.5", 0]
				},
				"hair_right": {
					"rotation": [52.14231, "-4.9182-math.sin(q.anim_time*90*1.75+60)*7.5", 51.31448]
				},
				"hair_right8": {
					"rotation": [0, "0-math.sin(q.anim_time*90*1.75)*5", 0]
				},
				"hair_right9": {
					"rotation": [0, "0-math.sin(q.anim_time*90*1.75+60)*5", 0]
				},
				"hair_right10": {
					"rotation": [0, "0-math.sin(q.anim_time*90*1.75+90)*5", 0]
				},
				"hair_right11": {
					"rotation": [0, "0-math.sin(q.anim_time*90*1.75+120)*7.5", 0]
				},
				"hair_right1": {
					"rotation": [0, "0-math.sin(q.anim_time*90*1.75+60)*7.5", 0]
				},
				"wing_left": {
					"rotation": [0, 0, "0-math.sin(q.anim_time*90*1.75)*25"],
					"position": [1, 0, 0]
				},
				"wing_left2": {
					"rotation": [0, 0, "0-math.sin(q.anim_time*90*1.75-15)*10"],
					"position": [0.25, 0, 0]
				},
				"wing_left3": {
					"rotation": [0, 0, "0-math.sin(q.anim_time*90*1.75-30)*15"]
				},
				"wing_right": {
					"rotation": [0, 0, "0+math.sin(q.anim_time*90*1.75)*25"],
					"position": [-1, 0, 0]
				},
				"wing_right2": {
					"rotation": [0, 0, "0+math.sin(q.anim_time*90*1.75-15)*10"]
				},
				"wing_right3": {
					"rotation": [0, 0, "0+math.sin(q.anim_time*90*1.75-30)*15"]
				},
				"tail": {
					"rotation": ["0-math.sin(q.anim_time*90*1.75-30)*7.5", 0, 0]
				},
				"leg_right": {
					"rotation": ["0-math.sin(q.anim_time*90*1.75-30)*7.5", 0, "0+math.sin(q.anim_time*90*0.875-30)*7.5"]
				},
				"leg_left": {
					"rotation": ["0-math.sin(q.anim_time*90*1.75-30)*7.5", 0, "0+math.sin(q.anim_time*90*0.875-30)*7.5"]
				},
				"wing_right4": {
					"rotation": [7.5, "22.5+math.sin(q.anim_time*90*1.75*1.5)*5", 0]
				},
				"wing_right5": {
					"rotation": [0, "-17.5-math.sin(q.anim_time*90*1.75*1.5-15)*10", 0]
				},
				"wing_right6": {
					"rotation": [0, "-15+math.sin(q.anim_time*90*1.75*1.5-30)*5", 0]
				},
				"wing_right10": {
					"rotation": [0, "-60+math.sin(q.anim_time*90*1.75*1.5)*15", 0]
				},
				"wing_right11": {
					"rotation": [0, 0, "0+math.sin(q.anim_time*90*1.75*1.5-15)*10"]
				},
				"wing_right12": {
					"rotation": [0, 0, "5+math.sin(q.anim_time*90*1.75*1.5-30)*5"]
				},
				"wing_right7": {
					"rotation": [93.75451, "14.9324+math.sin(q.anim_time*90*1.75*1.5)*10", -31.88473]
				},
				"wing_right8": {
					"rotation": [0, "-17.5-math.sin(q.anim_time*90*1.75*1.5-15)*10", 0]
				},
				"wing_right9": {
					"rotation": [0, "0+math.sin(q.anim_time*90*1.75*1.5-30)*5", 0]
				},
				"wing_left7": {
					"rotation": [93.75451, "-14.9324-math.sin(q.anim_time*90*1.75*1.5)*10", 31.88473]
				},
				"wing_left8": {
					"rotation": [0, "17.5+math.sin(q.anim_time*90*1.75*1.5-15)*10", 0]
				},
				"wing_left9": {
					"rotation": [0, "0-math.sin(q.anim_time*90*1.75*1.5-30)*5", 0]
				},
				"wing_left4": {
					"rotation": [7.5, "-22.5-math.sin(q.anim_time*90*1.75*1.5)*5", 0]
				},
				"wing_left5": {
					"rotation": [0, "17.5+math.sin(q.anim_time*90*1.75*1.5-15)*10", 0]
				},
				"wing_left6": {
					"rotation": [0, "15-math.sin(q.anim_time*90*1.75*1.5-30)*5", 0]
				}
			}
		},
		"animation.altaria_mega.ground_walk": {
			"loop": true,
			"bones": {
				"altaria_mega": {
					"rotation": [5, 0, 0],
					"position": [0, 6, 0]
				},
				"body": {
					"rotation": ["0+math.sin(q.anim_time*90*1.75*1.5)*1", "0+math.sin(q.anim_time*90*0.875*1.5-90)*0.5", "0+math.sin(q.anim_time*90*0.875*1.5-90)*1"],
					"position": ["0+math.sin(q.anim_time*90*0.875*1.5-60)*0.5", "0+math.sin(q.anim_time*90*1.75*1.5-60)*1.5", 0]
				},
				"neck": {
					"rotation": ["30+math.sin(q.anim_time*90*1.75*1.5-30)*3", 0, 0]
				},
				"head": {
					"rotation": ["-25+math.sin(q.anim_time*90*1.75*1.5-30)*2", 0, 0]
				},
				"hair_left": {
					"rotation": [43.21225, "12.0747+math.sin(q.anim_time*90*1.75*1.5+120)*7.5", -42.59923]
				},
				"hair_left2": {
					"rotation": [0, "0+math.sin(q.anim_time*90*1.75*1.5+60)*5", 0]
				},
				"hair_left3": {
					"rotation": [0, "0+math.sin(q.anim_time*90*1.75*1.5+120)*5", 0]
				},
				"hair_left4": {
					"rotation": [0, "0+math.sin(q.anim_time*90*1.75*1.5+150)*5", 0]
				},
				"hair_left5": {
					"rotation": [0, "0+math.sin(q.anim_time*90*1.75*1.5+180)*7.5", 0]
				},
				"hair_left6": {
					"rotation": [0, "0+math.sin(q.anim_time*90*1.75*1.5+120)*7.5", 0]
				},
				"hair_right": {
					"rotation": [43.96314, "-12.1301-math.sin(q.anim_time*90*1.75*1.5+60)*7.5", 43.46939]
				},
				"hair_right8": {
					"rotation": [0, "0-math.sin(q.anim_time*90*1.75*1.5)*5", 0]
				},
				"hair_right9": {
					"rotation": [0, "0-math.sin(q.anim_time*90*1.75*1.5+60)*5", 0]
				},
				"hair_right10": {
					"rotation": [0, "0-math.sin(q.anim_time*90*1.75*1.5+90)*5", 0]
				},
				"hair_right11": {
					"rotation": [0, "0-math.sin(q.anim_time*90*1.75*1.5+120)*7.5", 0]
				},
				"hair_right1": {
					"rotation": [0, "0-math.sin(q.anim_time*90*1.75*1.5+60)*7.5", 0]
				},
				"wing_left": {
					"rotation": [0, 0, "0-math.sin(q.anim_time*90*1.75*1.5)*25"],
					"position": [1, 0, 0]
				},
				"wing_left2": {
					"rotation": [0, 0, "0-math.sin(q.anim_time*90*1.75*1.5-15)*10"],
					"position": [0.25, 0, 0]
				},
				"wing_left3": {
					"rotation": [0, 0, "0-math.sin(q.anim_time*90*1.75*1.5-30)*15"]
				},
				"wing_right": {
					"rotation": [0, 0, "0+math.sin(q.anim_time*90*1.75*1.5)*25"],
					"position": [-1, 0, 0]
				},
				"wing_right2": {
					"rotation": [0, 0, "0+math.sin(q.anim_time*90*1.75*1.5-15)*10"]
				},
				"wing_right3": {
					"rotation": [0, 0, "0+math.sin(q.anim_time*90*1.75*1.5-30)*15"]
				},
				"tail": {
					"rotation": ["0-math.sin(q.anim_time*90*1.75*1.5-30)*7.5", 0, 0]
				},
				"leg_right": {
					"rotation": ["14.9488-math.sin(q.anim_time*90*1.75*1.5-30)*7.5", 1.24502, "0.0318+math.sin(q.anim_time*90*0.875*1.75-30)*7.5"]
				},
				"leg_left": {
					"rotation": ["14.9488-math.sin(q.anim_time*90*1.75*1.5-30)*7.5", 1.24502, "0.0318+math.sin(q.anim_time*90*0.875*1.75-30)*7.5"]
				},
				"hair": {
					"rotation": [25, 0, 0]
				},
				"hair2": {
					"rotation": [-37.5, 0, 0]
				},
				"wing_right4": {
					"rotation": [7.5, "22.5+math.sin(q.anim_time*90*1.75*1.5)*5", 0]
				},
				"wing_right5": {
					"rotation": [0, "-17.5-math.sin(q.anim_time*90*1.75*1.5-15)*10", 0]
				},
				"wing_right6": {
					"rotation": [0, "-15+math.sin(q.anim_time*90*1.75*1.5-30)*5", 0]
				},
				"wing_left4": {
					"rotation": [7.5, "-22.5-math.sin(q.anim_time*90*1.75*1.5)*5", 0]
				},
				"wing_left5": {
					"rotation": [0, "17.5+math.sin(q.anim_time*90*1.75*1.5-15)*10", 0]
				},
				"wing_left6": {
					"rotation": [0, "15-math.sin(q.anim_time*90*1.75*1.5-30)*5", 0]
				},
				"wing_right7": {
					"rotation": [93.75451, "14.9324+math.sin(q.anim_time*90*1.75*1.5)*10", -31.88473]
				},
				"wing_right8": {
					"rotation": [0, "-17.5-math.sin(q.anim_time*90*1.75*1.5-15)*10", 0]
				},
				"wing_right9": {
					"rotation": [0, "0+math.sin(q.anim_time*90*1.75*1.5-30)*5", 0]
				},
				"wing_left7": {
					"rotation": [93.75451, "-14.9324-math.sin(q.anim_time*90*1.75*1.5)*10", 31.88473]
				},
				"wing_left8": {
					"rotation": [0, "17.5+math.sin(q.anim_time*90*1.75*1.5-15)*10", 0]
				},
				"wing_left9": {
					"rotation": [0, "0-math.sin(q.anim_time*90*1.75*1.5-30)*5", 0]
				},
				"wing_right10": {
					"rotation": [0, "-60+math.sin(q.anim_time*90*1.75*1.5)*15", 0]
				},
				"wing_right11": {
					"rotation": [0, 0, "0+math.sin(q.anim_time*90*1.75*1.5-15)*10"]
				},
				"wing_right12": {
					"rotation": [0, 0, "5+math.sin(q.anim_time*90*1.75*1.5-30)*5"]
				}
			}
		},
		"animation.altaria_mega.sleep": {
			"loop": true,
			"bones": {
				"body": {
					"position": ["0+math.sin(q.anim_time*90*0.875-60)*0.08", "1+math.sin(q.anim_time*90*1.75-60)*0.25", 0]
				},
				"neck": {
					"rotation": ["-5+math.sin(q.anim_time*90*1.75-30)*0.16", 0, 0],
					"position": [0, 0, 1]
				},
				"head": {
					"rotation": [5, 0, 0]
				},
				"hair_left": {
					"rotation": [52.14231, "4.9182+math.sin(q.anim_time*90*1.75+120)*1.25", -51.31448]
				},
				"hair_left2": {
					"rotation": [0, "0+math.sin(q.anim_time*90*1.75+60)*0.8", 0]
				},
				"hair_left3": {
					"rotation": [0, "0+math.sin(q.anim_time*90*1.75+120)*0.8", 0]
				},
				"hair_left4": {
					"rotation": [0, "0+math.sin(q.anim_time*90*1.75+150)*0.8", 0]
				},
				"hair_left5": {
					"rotation": [0, "0+math.sin(q.anim_time*90*1.75+180)*1.25", 0]
				},
				"hair_left6": {
					"rotation": [0, "0+math.sin(q.anim_time*90*1.75+120)*1.25", 0]
				},
				"hair_right": {
					"rotation": [52.14231, "-4.9182-math.sin(q.anim_time*90*1.75+60)*1.25", 51.31448]
				},
				"hair_right8": {
					"rotation": [0, "0-math.sin(q.anim_time*90*1.75)*0.8", 0]
				},
				"hair_right9": {
					"rotation": [0, "0-math.sin(q.anim_time*90*1.75+60)*0.8", 0]
				},
				"hair_right10": {
					"rotation": [0, "0-math.sin(q.anim_time*90*1.75+90)*0.8", 0]
				},
				"hair_right11": {
					"rotation": [0, "0-math.sin(q.anim_time*90*1.75+120)*1.25", 0]
				},
				"hair_right1": {
					"rotation": [0, "0-math.sin(q.anim_time*90*1.75+60)*1.25", 0]
				},
				"eyelid_right": {
					"position": [0, 0, -0.1]
				},
				"eyelid_left": {
					"position": [0, 0, -0.1]
				},
				"wing_left": {
					"rotation": [6.48887, 39.79981, "4.601-math.sin(q.anim_time*90*1.75)*1"],
					"position": [3, 0, -3]
				},
				"wing_left2": {
					"rotation": [7.46389, 44.73798, "4.9491-math.sin(q.anim_time*90*1.75-15)*1.5"],
					"position": [2.8204, 0.2615, -1.4061]
				},
				"wing_left3": {
					"rotation": [3.71649, 24.67881, "0.8862-math.sin(q.anim_time*90*1.75-30)*2"],
					"position": [1.9255, 0.3347, -0.656]
				},
				"wing_right": {
					"rotation": [6.48887, -39.79981, "-4.601+math.sin(q.anim_time*90*1.75)*1"],
					"position": [-3, 0, -3]
				},
				"wing_right2": {
					"rotation": [7.46385, -44.73798, "-4.949+math.sin(q.anim_time*90*1.75-15)*1.5"],
					"position": [-2.82035, 0.26147, -1.40614]
				},
				"wing_right3": {
					"rotation": [3.54683, -24.70228, "0.9711+math.sin(q.anim_time*90*1.75-30)*2"],
					"position": [-1.92552, 0.33468, -0.65603]
				},
				"tail": {
					"rotation": ["0-math.sin(q.anim_time*90*1.75-30)*1.25", 0, 0]
				},
				"leg_right": {
					"rotation": ["-30-math.sin(q.anim_time*90*1.75-30)*1.25", -10, "0+math.sin(q.anim_time*90*0.875-30)*1.25"]
				},
				"leg_left": {
					"rotation": ["-30-math.sin(q.anim_time*90*1.75-30)*1.25", 10, "0+math.sin(q.anim_time*90*0.875-30)*1.25"]
				}
			}
		},
		"animation.altaria_mega.blink": {
			"animation_length": 0.16667,
			"bones": {
				"eyelid_right": {
					"position": {
						"0.0": [0, 0, -0.1],
						"0.125": [0, 0, -0.1],
						"0.1667": [0, 0, 0]
					}
				},
				"eyelid_left": {
					"position": {
						"0.0": [0, 0, -0.1],
						"0.125": [0, 0, -0.1],
						"0.1667": [0, 0, 0]
					}
				}
			}
		}
	},
	"geckolib_format_version": 2
}