{
  "implemented": true,
  "nationalPokedexNumber": 901,
  "name": "Ursaluna",
  "primaryType": "ground",
  "secondaryType": "normal",
  "maleRatio": 0.5,
  "height": 24,
  "weight": 2900,
  "pokedex": [
    "cobblemon.species.ursaluna.desc"
  ],
  "labels": [
    "gen8a"
  ],
  "aspects": [],
  "abilities": [
    "guts",
    "bulletproof",
    "h:unnerve"
  ],
  "eggGroups": [
    "field"
  ],
  "baseStats": {
    "hp": 130,
    "attack": 140,
    "defence": 105,
    "special_attack": 45,
    "special_defence": 80,
    "speed": 50
  },
  "evYield": {
    "hp": 0,
    "attack": 3,
    "defence": 0,
    "special_attack": 0,
    "special_defence": 0,
    "speed": 0
  },
  "baseExperienceYield": 275,
  "experienceGroup": "medium_fast",
  "catchRate": 20,
  "eggCycles": 20,
  "baseFriendship": 50,
  "baseScale": 1,
  "hitbox": {
    "width": 2.5,
    "height": 2.25,
    "fixed": false
  },
  "drops": {
    "amount": 8,
    "entries": [
      {
        "item": "minecraft:sweet_berries",
        "quantityRange": "3-5"
      },
      {
        "item": "minecraft:honey_bottle",
        "percentage": 10.0
      },
      {
        "item": "cobblemon:peat_block",
        "percentage": 10.0
      },
      {
        "item": "cobblemon:oran_berry",
        "percentage": 10.0
      }
    ]
  },
  "moves": [
    "1:headlongrush",
    "1:faketears",
    "1:covet",
    "1:scratch",
    "1:leer",
    "1:lick",
    "1:feintattack",
    "8:furyswipes",
    "13:payback",
    "17:sweetscent",
    "22:slash",
    "25:playnice",
    "29:playrough",
    "35:scaryface",
    "41:rest",
    "41:snore",
    "48:highhorsepower",
    "56:thrash",
    "64:hammerarm",
    "egg:bellydrum",
    "egg:chipaway",
    "egg:closecombat",
    "egg:counter",
    "egg:crosschop",
    "egg:crunch",
    "egg:doubleedge",
    "egg:faketears",
    "egg:feintattack",
    "egg:furycutter",
    "egg:metalclaw",
    "egg:nightslash",
    "egg:seismictoss",
    "egg:yawn",
    "tm:aerialace",
    "tm:avalanche",
    "tm:babydolleyes",
    "tm:bodypress",
    "tm:bodyslam",
    "tm:brickbreak",
    "tm:bulkup",
    "tm:bulldoze",
    "tm:charm",
    "tm:closecombat",
    "tm:covet",
    "tm:crunch",
    "tm:curse",
    "tm:dig",
    "tm:doubleedge",
    "tm:drainpunch",
    "tm:earthpower",
    "tm:earthquake",
    "tm:endure",
    "tm:facade",
    "tm:faketears",
    "tm:firepunch",
    "tm:fling",
    "tm:focusenergy",
    "tm:focuspunch",
    "tm:furycutter",
    "tm:gigaimpact",
    "tm:gunkshot",
    "tm:hardpress",
    "tm:heavyslam",
    "tm:helpinghand",
    "tm:highhorsepower",
    "tm:hyperbeam",
    "tm:hypervoice",
    "tm:icepunch",
    "tm:lowkick",
    "tm:metalclaw",
    "tm:metronome",
    "tm:payback",
    "tm:playrough",
    "tm:protect",
    "tm:raindance",
    "tm:rest",
    "tm:roar",
    "tm:rockslide",
    "tm:rocksmash",
    "tm:rocktomb",
    "tm:scaryface",
    "tm:seedbomb",
    "tm:shadowclaw",
    "tm:sleeptalk",
    "tm:smackdown",
    "tm:snore",
    "tm:stompingtantrum",
    "tm:stoneedge",
    "tm:substitute",
    "tm:sunnyday",
    "tm:supercellslam",
    "tm:swift",
    "tm:swordsdance",
    "tm:takedown",
    "tm:taunt",
    "tm:terablast",
    "tm:thief",
    "tm:throatchop",
    "tm:thunderpunch",
    "tm:trailblaze",
    "tm:uproar",
    "tutor:aerialace",
    "tutor:babydolleyes",
    "tutor:bulkup",
    "tutor:bulldoze",
    "tutor:covet",
    "tutor:drainpunch",
    "tutor:earthpower",
    "tutor:firepunch",
    "tutor:focusenergy",
    "tutor:focuspunch",
    "tutor:furycutter",
    "tutor:gigaimpact",
    "tutor:gunkshot",
    "tutor:helpinghand",
    "tutor:highhorsepower",
    "tutor:hyperbeam",
    "tutor:hypervoice",
    "tutor:icepunch",
    "tutor:lowkick",
    "tutor:playrough",
    "tutor:rest",
    "tutor:rockslide",
    "tutor:rocksmash",
    "tutor:seedbomb",
    "tutor:shadowclaw",
    "tutor:sleeptalk",
    "tutor:snore",
    "tutor:stompingtantrum",
    "tutor:stoneedge",
    "tutor:swift",
    "tutor:throatchop",
    "tutor:thunderpunch",
    "tutor:uproar"
  ],
  "preEvolution": "ursaring",
  "evolutions": [],
  "forms": [
    {
      "name": "Bloodmoon",
      "primaryType": "ground",
      "secondaryType": "normal",
      "maleRatio": 1,
      "height": 27,
      "weight": 3330,
      "hitbox": {
        "width": 2,
        "height": 3.5,
        "fixed": false
      },
      "behaviour": {
        "resting": {
          "canSleep": true,
          "times": "night,day,dusk,dawn",
          "depth": "normal",
          "light": "0-7"
        }
      },
      "pokedex": [
        "cobblemon.species.ursaluna-bloodmoon.desc"
      ],
      "labels": [
        "gen9"
      ],
      "aspects": [
        "bloodmoon"
      ],
      "abilities": [
        "mindseye",
        "h:mindseye"
      ],
      "baseStats": {
        "hp": 113,
        "attack": 70,
        "defence": 120,
        "special_attack": 135,
        "special_defence": 65,
        "speed": 52
      },
      "evYield": {
        "hp": 0,
        "attack": 0,
        "defence": 0,
        "special_attack": 3,
        "special_defence": 0,
        "speed": 0
      },
      "baseExperienceYield": 278,
      "catchRate": 5,
      "moves": [
        "1:scratch",
        "1:leer",
        "1:lick",
        "1:headlongrush",
        "1:moonlight",
        "8:furyswipes",
        "13:payback",
        "17:harden",
        "22:slash",
        "25:playnice",
        "35:scaryface",
        "41:rest",
        "41:snore",
        "48:earthpower",
        "56:moonblast",
        "64:hammerarm",
        "70:bloodmoon",
        "tm:avalanche",
        "tm:bellydrum",
        "tm:bodypress",
        "tm:bodyslam",
        "tm:brickbreak",
        "tm:bulldoze",
        "tm:calmmind",
        "tm:closecombat",
        "tm:counter",
        "tm:crosschop",
        "tm:crunch",
        "tm:dig",
        "tm:doubleedge",
        "tm:earthpower",
        "tm:earthquake",
        "tm:endure",
        "tm:facade",
        "tm:faketears",
        "tm:firepunch",
        "tm:fling",
        "tm:focusblast",
        "tm:focuspunch",
        "tm:furycutter",
        "tm:gigaimpact",
        "tm:gunkshot",
        "tm:hardpress",
        "tm:heavyslam",
        "tm:helpinghand",
        "tm:highhorsepower",
        "tm:hyperbeam",
        "tm:hypervoice",
        "tm:icepunch",
        "tm:lowkick",
        "tm:metalclaw",
        "tm:mudshot",
        "tm:nightslash",
        "tm:payback",
        "tm:protect",
        "tm:raindance",
        "tm:rest",
        "tm:roar",
        "tm:rockslide",
        "tm:rocktomb",
        "tm:scaryface",
        "tm:seedbomb",
        "tm:seismictoss",
        "tm:shadowclaw",
        "tm:sleeptalk",
        "tm:smackdown",
        "tm:snarl",
        "tm:snore",
        "tm:stompingtantrum",
        "tm:stoneedge",
        "tm:substitute",
        "tm:sunnyday",
        "tm:swift",
        "tm:swordsdance",
        "tm:takedown",
        "tm:taunt",
        "tm:terablast",
        "tm:thief",
        "tm:thunderpunch",
        "tm:trailblaze",
        "tm:uproar",
        "tm:vacuumwave",
        "tm:yawn",
        "tutor:bulldoze",
        "tutor:calmmind",
        "tutor:earthpower",
        "tutor:firepunch",
        "tutor:focuspunch",
        "tutor:furycutter",
        "tutor:gigaimpact",
        "tutor:gunkshot",
        "tutor:helpinghand",
        "tutor:highhorsepower",
        "tutor:hyperbeam",
        "tutor:hypervoice",
        "tutor:icepunch",
        "tutor:lowkick",
        "tutor:rest",
        "tutor:rockslide",
        "tutor:seedbomb",
        "tutor:shadowclaw",
        "tutor:sleeptalk",
        "tutor:snarl",
        "tutor:snore",
        "tutor:stompingtantrum",
        "tutor:stoneedge",
        "tutor:swift",
        "tutor:thunderpunch",
        "tutor:uproar",
        "tutor:vacuumwave"
      ],
      "evolutions": [],
      "battleOnly": false
    }
  ]
}
