{
  "target": "cobblemon:dialga",
  "implemented": true,
  "baseScale": 1.1,
  "hitbox": {
    "width": 2.5,
    "height": 6.5,
    "fixed": false
  },
  "behaviour": {
    "moving": {
    "walk": {
      "walkSpeed": 0.4
      }
    }
  },
  "drops": {
    "amount": 5,
    "entries": [
      {
        "item": "cobblemon:rare_candy",
        "quantityRange": "3-6"
      },
      {
        "item": "cobblemon:dragon_fang",
        "percentage": 50.0
      },
      {
        "item": "cobblemon:metal_coat",
        "percentage": 50.0
      },
      {
        "item": "cobblemon:ability_capsule",
        "percentage": 25.0
      },
      {
        "item": "cobblemon:ability_patch",
        "percentage": 5.0
      }
    ]
  }
}
