{
  "target": "cobblemon:heatran",
  "implemented": true,
  "baseScale": 1.5,
  "hitbox": {
    "width": 1.5,
    "height": 1.3,
    "fixed": false
  },
  "drops": {
    "amount": 5,
    "entries": [
      {
        "item": "cobblemon:rare_candy",
        "quantityRange": "3-6"
      },
      {
        "item": "cobblemon:charcoal_stick",
        "percentage": 50.0
      },
      {
        "item": "cobblemon:metal_coat",
        "percentage": 50.0
      },
      {
        "item": "cobblemon:ability_capsule",
        "percentage": 25.0
      },
      {
        "item": "cobblemon:ability_patch",
        "percentage": 5.0
      }
    ]
  }
}
