{
  "target": "cobblemon:manaphy",
  "implemented": true,
  "baseScale": 0.6,
  "drops": {
    "amount": 5,
    "entries": [
      {
        "item": "cobblemon:rare_candy",
        "quantityRange": "3-6"
      },
      {
        "item": "cobblemon:mystic_water",
        "percentage": 50.0
      },
      {
        "item": "minecraft:heart_of_the_sea",
        "percentage": 50.0
      },
      {
        "item": "cobblemon:ability_capsule",
        "percentage": 25.0
      },
      {
        "item": "cobblemon:ability_patch",
        "percentage": 5.0
      }
    ]
  }
}
