{
  "target": "cobblemon:regigigas",
  "baseScale": 0.7,
  "drops": {
    "amount": 5,
    "entries": [
      {
        "item": "cobblemon:rare_candy",
        "quantityRange": "3-6"
      },
      {
        "item": "minecraft:netherite_ingot",
        "quantityRange": "2-4"
      },
      {
        "item": "cobblemon:silk_scarf",
        "percentage": 50.0
      },
      {
        "item": "cobblemon:ability_capsule",
        "percentage": 25.0
      },
      {
        "item": "cobblemon:ability_patch",
        "percentage": 5.0
      }
    ]
  }
}
