{
  "target": "cobblemon:skuntank",
  "implemented": true,
  "shoulderMountable": true,
  "baseScale": 1.3,
  "hitbox": {
    "width": 0.8,
    "height": 1.0,
    "fixed": false
  },
  "drops": {
  "amount": "3",
    "entries": [
      {
        "item": "cobblemon:pecha_berry",
        "percentage": 2.5
      },
      {
        "item": "minecraft:ink_sac",
        "quantityRange": "0-2",
        "percentage": 33.0
      },
      {
        "item": "minecraft:slime_ball",
        "quantityRange": "0-2",
        "percentage": 33.0
      }
    ]
  },
  "behaviour": {
    "resting": {
      "canSleep": true,
      "willSleepOnBed": false,
      "depth": "normal",
      "light": "0-4"
    }
  }
}
