{
	"format_version": "1.12.0",
	"minecraft:geometry": [
		{
			"description": {
				"identifier": "geometry.unknown",
				"texture_width": 128,
				"texture_height": 128,
				"visible_bounds_width": 4,
				"visible_bounds_height": 3.5,
				"visible_bounds_offset": [0, 1.25, 0]
			},
			"bones": [
				{
					"name": "victini",
					"pivot": [0, 0, 0]
				},
				{
					"name": "body",
					"parent": "victini",
					"pivot": [0, 0, 0]
				},
				{
					"name": "torso",
					"parent": "body",
					"pivot": [0, 0, 0],
					"cubes": [
						{"origin": [-3.5, 1.5, -2], "size": [7, 6, 5], "uv": [0, 18]},
						{"origin": [-2.5, 7.5, -1.5], "size": [5, 4, 4], "uv": [24, 18]}
					]
				},
				{
					"name": "head",
					"parent": "torso",
					"pivot": [0, 12, 0],
					"cubes": [
						{"origin": [-5.5, 11, -4], "size": [11, 9, 9], "uv": [0, 0]}
					]
				},
				{
					"name": "v",
					"parent": "head",
					"pivot": [0, 0, 0],
					"cubes": [
						{"origin": [-12.5, 26.5, -1], "size": [2, 5, 3], "pivot": [0, 0, 0], "rotation": [0, 0, 45], "uv": [118, 0], "mirror": true},
						{"origin": [10.5, 14.5, -4.5], "size": [5, 7, 10], "pivot": [0, 0, 0], "rotation": [0, 0, -45], "uv": [98, 19]},
						{"origin": [10.5, 21.5, -2.5], "size": [4, 5, 6], "pivot": [0, 0, 0], "rotation": [0, 0, -45], "uv": [108, 8]},
						{"origin": [10.5, 26.5, -1], "size": [2, 5, 3], "pivot": [0, 0, 0], "rotation": [0, 0, -45], "uv": [118, 0]},
						{"origin": [10.5, 10.5, -4.5], "size": [4, 4, 10], "pivot": [0, 0, 0], "rotation": [0, 0, -45], "uv": [100, 36]},
						{"origin": [-15.5, 14.5, -4.5], "size": [5, 7, 10], "pivot": [0, 0, 0], "rotation": [0, 0, 45], "uv": [98, 19], "mirror": true},
						{"origin": [-14.5, 21.5, -2.5], "size": [4, 5, 6], "pivot": [0, 0, 0], "rotation": [0, 0, 45], "uv": [108, 8], "mirror": true}
					]
				},
				{
					"name": "mouth",
					"parent": "head",
					"pivot": [4, 9, 0]
				},
				{
					"name": "open",
					"parent": "mouth",
					"pivot": [4, 9, 0],
					"cubes": [
						{"origin": [-1.75, 13.75, -4.03], "size": [3.5, 1, 0], "uv": [0, 3]},
						{"origin": [-1.5, 11.75, -4.01], "size": [3, 2, 0], "uv": [0, 4]},
						{"origin": [-3.25, 8.5, -4.02], "size": [0.75, 0.75, 0], "pivot": [4, 9, 0], "rotation": [0, 0, 45], "uv": [4, 0]},
						{"origin": [2.5, 8.5, -4.02], "size": [0.75, 0.75, 0], "pivot": [-4, 9, 0], "rotation": [0, 0, -45], "uv": [4, 0], "mirror": true}
					]
				},
				{
					"name": "closed",
					"parent": "mouth",
					"pivot": [4, 10, 0],
					"cubes": [
						{"origin": [-1.5, 12, -4.02], "size": [3, 2, 0], "uv": [0, 7]}
					]
				},
				{
					"name": "eyes",
					"parent": "head",
					"pivot": [0, 12, 0]
				},
				{
					"name": "left_eye",
					"parent": "eyes",
					"pivot": [0, 12, 0],
					"cubes": [
						{"origin": [-5, 12.75, -4.01], "size": [3, 3, 0], "pivot": [0, 12, 0], "rotation": [0, 0, 5], "uv": [31, 0]},
						{"origin": [-4, 14, -4.02], "size": [1.5, 1.5, 0], "pivot": [0, 12, 0], "rotation": [0, 0, 5], "uv": [3, 0]},
						{"origin": [-1, 12, -1], "size": [2, 2, 2], "uv": [0, 0]}
					]
				},
				{
					"name": "left_eyelid",
					"parent": "eyes",
					"pivot": [0, 12, 0],
					"cubes": [
						{"origin": [-5, 12.75, -4.01], "size": [3, 3, 0], "pivot": [0, 12, 0], "rotation": [0, 0, 5], "uv": [50, 0]}
					]
				},
				{
					"name": "right_eye",
					"parent": "eyes",
					"pivot": [0, 12, 0],
					"cubes": [
						{"origin": [2, 12.75, -4.01], "size": [3, 3, 0], "pivot": [0, 12, 0], "rotation": [0, 0, -5], "uv": [31, 0]},
						{"origin": [2.5, 14, -4.02], "size": [1.5, 1.5, 0], "pivot": [0, 12, 0], "rotation": [0, 0, -5], "uv": [3, 0], "mirror": true}
					]
				},
				{
					"name": "right_eyelid",
					"parent": "eyes",
					"pivot": [0, 12, 0],
					"cubes": [
						{"origin": [2, 12.75, -4.01], "size": [3, 3, 0], "pivot": [0, 12, 0], "rotation": [0, 0, -5], "uv": [50, 0]}
					]
				},
				{
					"name": "left_arm",
					"parent": "torso",
					"pivot": [-2, 10, 0],
					"cubes": [
						{"origin": [-5, 9, -0.5], "size": [3, 2, 2], "uv": [45, 5]}
					]
				},
				{
					"name": "left_arm2",
					"parent": "left_arm",
					"pivot": [0, 1, 0],
					"cubes": [
						{"origin": [-9, 8.5, -1], "size": [4, 3, 3], "uv": [31, 3]}
					]
				},
				{
					"name": "left_hand",
					"parent": "left_arm2",
					"pivot": [0, 1, 0],
					"cubes": [
						{"origin": [-9.5, 9.5, 0], "size": [1, 1, 1], "uv": [37, 1]}
					]
				},
				{
					"name": "left_fingers",
					"parent": "left_hand",
					"pivot": [0, 0, 0],
					"cubes": [
						{"origin": [-9.49, 7.5, -7.25], "size": [0, 2, 1], "pivot": [0, 0, 0], "rotation": [-45, 0, 0], "uv": [6, 4]},
						{"origin": [-9.49, 7, 7], "size": [0, 2, 1], "pivot": [0, 0, 0], "rotation": [45, 0, 0], "uv": [6, 6]}
					]
				},
				{
					"name": "left_thumb",
					"parent": "left_hand",
					"pivot": [-9.5, 9.5, 0],
					"cubes": [
						{"origin": [-9.49, 9, -0.5], "size": [0, 1, 1], "pivot": [-9.5, 9.5, 0], "rotation": [-45, 0, 0], "uv": [6, -1]}
					]
				},
				{
					"name": "right_arm",
					"parent": "torso",
					"pivot": [2, 10, 0],
					"cubes": [
						{"origin": [2, 9, -0.5], "size": [3, 2, 2], "uv": [45, 5]}
					]
				},
				{
					"name": "right_arm2",
					"parent": "right_arm",
					"pivot": [0, 1, 0],
					"cubes": [
						{"origin": [5, 8.5, -1], "size": [4, 3, 3], "uv": [31, 3], "mirror": true}
					]
				},
				{
					"name": "right_hand",
					"parent": "right_arm2",
					"pivot": [0, 1, 0],
					"cubes": [
						{"origin": [8.5, 9.5, 0], "size": [1, 1, 1], "uv": [37, 1]}
					]
				},
				{
					"name": "right_fingers",
					"parent": "right_hand",
					"pivot": [0, 1, 0],
					"cubes": [
						{"origin": [9.49, 7, 7], "size": [0, 2, 1], "pivot": [0, 0, 0], "rotation": [45, 0, 0], "uv": [6, 0]},
						{"origin": [9.49, 7.5, -7.25], "size": [0, 2, 1], "pivot": [0, 0, 0], "rotation": [-45, 0, 0], "uv": [6, 2]}
					]
				},
				{
					"name": "right_thumb",
					"parent": "right_hand",
					"pivot": [9.5, 9.5, 0],
					"cubes": [
						{"origin": [9.49, 9, -0.5], "size": [0, 1, 1], "pivot": [9.5, 9.5, 0], "rotation": [-45, 0, 0], "uv": [6, -1]}
					]
				},
				{
					"name": "left_leg",
					"parent": "body",
					"pivot": [-3, 4, 0],
					"cubes": [
						{"origin": [-6.5, 1, -2.5], "size": [5, 5, 6], "uv": [40, 9]}
					]
				},
				{
					"name": "left_wing",
					"parent": "left_leg",
					"pivot": [-2.5, 4.5, 3.5],
					"rotation": [0, -45, 0],
					"cubes": [
						{"origin": [-2.5, 0, 3.5], "size": [0, 7, 10], "uv": [0, 19]}
					]
				},
				{
					"name": "left_foot",
					"parent": "left_leg",
					"pivot": [-4, 1, 0],
					"cubes": [
						{"origin": [-5, 0, -3.5], "size": [2, 1, 4], "uv": [42, 0]}
					]
				},
				{
					"name": "right_leg",
					"parent": "body",
					"pivot": [3, 4, 0],
					"cubes": [
						{"origin": [1.5, 1, -2.5], "size": [5, 5, 6], "uv": [40, 9], "mirror": true}
					]
				},
				{
					"name": "right_wing",
					"parent": "right_leg",
					"pivot": [2.5, 4.5, 3.5],
					"rotation": [0, 45, 0],
					"cubes": [
						{"origin": [2.5, 0, 3.5], "size": [0, 7, 10], "uv": [0, 19]}
					]
				},
				{
					"name": "right_foot",
					"parent": "right_leg",
					"pivot": [4, 1, 0],
					"cubes": [
						{"origin": [3, 0, -3.5], "size": [2, 1, 4], "uv": [42, 0]}
					]
				}
			]
		}
	]
}