{
	"format_version": "1.8.0",
	"animations": {
		"animation.kingambit.ground_walk": {
			"loop": true,
			"animation_length": 20.9583,
			"bones": {
				"kingambit": {
					"rotation": [-3, 0, 0],
					"position": [0, "1.9+math.sin(q.anim_time*250*1)*1.5", 0]
				},
				"waist": {
					"rotation": ["-4+math.sin(q.anim_time*120*1-180)*2", 0, 0],
					"position": [0, 0, -0.4]
				},
				"chest": {
					"rotation": ["-9.0435+math.sin(q.anim_time*120*1-90)*2", 0, 0]
				},
				"neck": {
					"rotation": [-22.5, 0, 0]
				},
				"head": {
					"rotation": [-13.75788, 0, 0]
				},
				"helmet": {
					"rotation": [0, 0, 0]
				},
				"hair": {
					"rotation": ["21.7364-math.sin(q.anim_time*120*1-120)*3", -0.6158, 2.93618]
				},
				"hair2": {
					"rotation": [-13.9872, 0, -2.42583]
				},
				"hair3": {
					"rotation": ["-43.5+math.sin(q.anim_time*120*1-120)*1", 0, 0]
				},
				"hair4": {
					"rotation": ["-54.5-math.sin(q.anim_time*120*1-120)*2", 0, 0]
				},
				"hair5": {
					"rotation": ["-28+math.sin(q.anim_time*120*1-120)*1", 0, 0]
				},
				"hair6": {
					"rotation": [-9.9574, 0.83421, -0.47691],
					"position": [0, 0, 0]
				},
				"hair7": {
					"rotation": [180, 0, 0],
					"position": [0, 5.91251, -11.4625]
				},
				"arm_left3": {
					"rotation": [-7.93465, -11.53236, 45.09861],
					"position": [0.4, -0.54793, 0.33131]
				},
				"arm_left4": {
					"rotation": ["144.1593+math.sin(q.anim_time*120*1-120)*2", 34.77816, "88.9463+math.sin(q.anim_time*120*1-120)*2"],
					"position": [1.40562, 1.46505, 0.19456]
				},
				"lowerbody": {
					"position": [0, 0, -1.6]
				},
				"leg_left1": {
					"rotation": ["-61.5234-math.sin(q.anim_time*90*1)*1", -36.9279, -10.5566],
					"position": [0, -2.4, -3.6]
				},
				"leg_left2": {
					"rotation": {
						"0.0": ["85.7123+math.sin(q.anim_time*90*1)*2", 2.7088, 28.7129],
						"20.9583": ["81.42+math.sin(q.anim_time*90*2)*2", 1.27, 26.83]
					},
					"position": [0, 1, 3]
				},
				"foot_left": {
					"rotation": ["15.3472+math.sin(q.anim_time*90*1)*4", -12.06754, -3.28396]
				},
				"leg_right1": {
					"rotation": ["-61.5234-math.sin(q.anim_time*90*1)*1", 36.92791, 10.55655],
					"position": [0, -2.4, -3.6]
				},
				"leg_right2": {
					"rotation": ["85.7123+math.sin(q.anim_time*90*1)*2", -2.70876, -28.7129],
					"position": [0, 1, 3]
				},
				"foot_right": {
					"rotation": ["20.1587+math.sin(q.anim_time*90*1)*4", 7.04533, 2.57816]
				},
				"arm_right3": {
					"rotation": [-5.46237, 9.11037, -42.425],
					"position": [0.4, -0.54793, 0.33131]
				},
				"hand_left": {
					"rotation": [11.31072, 24.27862, -2.82594],
					"position": [-0.25545, -0.26553, -0.33799]
				},
				"arm_right4": {
					"rotation": ["142.8191+math.sin(q.anim_time*120*1-120)*2", -33.24746, "-86.5616-math.sin(q.anim_time*120*1-120)*2"],
					"position": [0.90183, 1.07657, -0.1968]
				},
				"hand_right": {
					"rotation": [9.04341, -25.16279, 8.24404],
					"position": [-0.25545, -0.26553, -0.33799]
				},
				"haircorrection": {
					"rotation": [0, 0, 0]
				},
				"arm_right2": {
					"rotation": [0, 0, 0],
					"position": [0, 0, 0]
				},
				"blade": {
					"rotation": [0, 0, "0-math.sin(q.anim_time*600*2)*2"]
				},
				"blade2": {
					"rotation": [0, 0, "0+math.sin(q.anim_time*600*2)*2"]
				}
			}
		},
		"animation.kingambit.battle_idle": {
			"loop": true,
			"animation_length": 20.9583,
			"bones": {
				"kingambit": {
					"position": [0, -3.8, 0]
				},
				"waist": {
					"rotation": ["6+math.sin(q.anim_time*120*1-180)*2", 0, 0],
					"position": [0, 0, -1.2]
				},
				"chest": {
					"rotation": ["18.5+math.sin(q.anim_time*120*1-90)*2", -10, 0]
				},
				"neck": {
					"rotation": ["6.7583+math.sin(q.anim_time*120*1-90)*2", 13.08015, -0.3358]
				},
				"head": {
					"rotation": [-6.51534, -5.80445, -5.73293]
				},
				"helmet": {
					"rotation": [0, 0, 0]
				},
				"hair": {
					"rotation": ["-38.3157-math.sin(q.anim_time*120*1-120)*3", 0.43349, 4]
				},
				"hair2": {
					"rotation": [-14, 0, 0]
				},
				"hair3": {
					"rotation": ["-37.5+math.sin(q.anim_time*120*1-120)*1", 0, 0]
				},
				"hair4": {
					"rotation": ["-30-math.sin(q.anim_time*120*1-120)*2", 0, 0]
				},
				"hair5": {
					"rotation": ["-45.5+math.sin(q.anim_time*120*1-120)*4", 0, 0]
				},
				"hair6": {
					"rotation": ["-38.4574-math.sin(q.anim_time*120*1-120)*4", 0.83421, -0.47691],
					"position": [0, 0, 0]
				},
				"hair7": {
					"rotation": [180, 0, 0],
					"position": [0, 5.91251, "-11.46250+math.sin(q.anim_time*120*1-90)*0.5"]
				},
				"arm_left3": {
					"rotation": [-10.10917, 2.75498, 55.44598],
					"position": [0.4, -0.54793, 0.33131]
				},
				"arm_left4": {
					"rotation": ["161.1715+math.sin(q.anim_time*120*1-120)*2", 45.87992, "114.84+math.sin(q.anim_time*120*1-120)*2"],
					"position": [1.40562, 1.46505, 0.19456]
				},
				"lowerbody": {
					"position": [0, 0, -1.6]
				},
				"leg_left1": {
					"rotation": ["-59.9727-math.sin(q.anim_time*90*10)*2", -35.52872, -11.46254],
					"position": [0, -2, -3.6]
				},
				"leg_left2": {
					"rotation": {
						"0.0": ["81.4154+math.sin(q.anim_time*90*10)*2", 1.26962, 26.8333],
						"20.9583": ["81.42+math.sin(q.anim_time*90*2)*2", 1.27, 26.83]
					},
					"position": [0, 1, 3]
				},
				"foot_left": {
					"rotation": ["-10+math.sin(q.anim_time*90*10 )*2", 0, 0]
				},
				"leg_right1": {
					"rotation": ["-61.5234-math.sin(q.anim_time*90*1)*1", 36.92791, 10.55655],
					"position": [0, -2.4, -3.6]
				},
				"leg_right2": {
					"rotation": ["85.7123+math.sin(q.anim_time*90*1)*2", -2.70876, -28.7129],
					"position": [0, 1, 3]
				},
				"foot_right": {
					"rotation": ["-10+math.sin(q.anim_time*90*1)*4", 0, 0]
				},
				"arm_right3": {
					"rotation": [2.91783, -5.94383, -52.26198]
				},
				"hand_left": {
					"rotation": [25.37391, 8.39359, 44.12635],
					"position": [-0.25545, -0.26553, -0.33799]
				},
				"arm_right4": {
					"rotation": ["111.6158+math.sin(q.anim_time*120*1-120)*2", "-55.3719-math.sin(q.anim_time*120*1-120)*2", -79.7584]
				},
				"hand_right": {
					"rotation": [0, 0, "-33+math.sin(q.anim_time*120*1-120)*10"]
				},
				"haircorrection": {
					"rotation": [0, 0, 0],
					"position": [0, 0, "0+math.sin(q.anim_time*120*1-90)*0.4  "]
				},
				"arm_right2": {
					"rotation": [0, 0, 0],
					"position": [0, 0, 0]
				}
			}
		},
		"animation.kingambit.physical": {
			"animation_length": 2.2917,
			"bones": {
				"kingambit": {
					"rotation": {
						"0.0": [0, 0, 0],
						"0.375": [-5.08222, 0, 0],
						"1.0833": [-5.08222, 0, 0],
						"1.4583": [-5.08222, 0, 0],
						"2.2083": [0, 0, 0]
					},
					"position": {
						"0.0": [0, -3.8, 0],
						"0.0417": [0, -3.85359, -0.67086],
						"0.0833": [0, -4.26641, -5.83914],
						"0.125": [0, -4.32, -6.51],
						"0.1667": [0, -4.47154, -7.11079],
						"0.2083": [0, -4.92324, -8.90151],
						"0.2917": [0, -6.24676, -14.14849],
						"0.3333": [0, -6.69846, -15.93921],
						"0.375": [0, -6.85, -16.54],
						"0.5833": [0, -6.85, -16.54],
						"1.0833": [0, -6.85, -16.54],
						"1.4583": [0, -6.85, -16.54],
						"2.2083": [0, -3.8, 0]
					}
				},
				"waist": {
					"rotation": {
						"0.0": ["6+math.sin(q.anim_time*120*1-180)*2", 0, 0],
						"0.0417": [6, 0, 0],
						"0.125": {
							"pre": [31.66, 0, 0],
							"post": [31.66, 0, 0],
							"lerp_mode": "catmullrom"
						},
						"0.2917": {
							"post": [24, 0, 0],
							"lerp_mode": "catmullrom"
						},
						"0.5417": {
							"post": [38, 0, 0],
							"lerp_mode": "catmullrom"
						},
						"0.6667": {
							"post": [33, 0, 0],
							"lerp_mode": "catmullrom"
						},
						"1.0": [6.77, 0, 0],
						"1.0417": [29.47, 0, 0],
						"1.0833": [74, 0, 0],
						"1.125": [74, 0, 0],
						"1.3333": [74, 0, 0],
						"1.4583": [74, 0, 0],
						"1.5417": [76.49894, -0.00793, -0.07242],
						"1.75": [44.01447, 0.33067, 0.79859],
						"2.0833": [9.13323, 0.09303, 0.22467],
						"2.2083": ["6+math.sin(q.anim_time*120*1-180)*2", 0, 0]
					},
					"position": {
						"0.0": [0, 0, -1.2],
						"0.0417": [0, 0, -1.2],
						"1.0": [0.02584, -1.2258, -0.41963],
						"1.0833": [0, -1.9, 0],
						"1.125": [0, -1.9, 0],
						"1.1667": [-0.00263, -0.9009, 0.04222],
						"1.3333": [0, -1.9, 0],
						"1.4583": [0, -1.9, 0],
						"2.2083": [0, 0, -1.2]
					}
				},
				"chest": {
					"rotation": {
						"0.0": ["18.5+math.sin(q.anim_time*120*1-90)*2", -10, 0],
						"0.0417": [6, -10, 0],
						"0.125": {
							"pre": [16.47721, -17.86723, -2.85272],
							"post": [16.47721, -17.86723, -2.85272],
							"lerp_mode": "catmullrom"
						},
						"0.2917": {
							"post": [16.47721, -17.86723, -2.85272],
							"lerp_mode": "catmullrom"
						},
						"0.6667": {
							"post": [8.19067, 0, 1.36479],
							"lerp_mode": "catmullrom"
						},
						"0.8333": {
							"post": [1, 0, 0],
							"lerp_mode": "catmullrom"
						},
						"1.0": [-6.57706, 0, -0.07162],
						"1.0417": [-22.71804, 0, -0.04775],
						"1.125": [10, 0, 0],
						"1.4583": [10, 0, 0],
						"1.8333": [21.79101, -16.53646, -4.62538],
						"2.2083": ["18.5+math.sin(q.anim_time*120*1-90)*2", -10, 0]
					}
				},
				"neck": {
					"rotation": {
						"0.0": ["6.7583+math.sin(q.anim_time*120*1-90)*2", 13.08015, -0.3358],
						"0.0417": [16.86567, 0, 0.2113],
						"0.6667": [4.36567, 0, 0.2113],
						"0.9583": [5.64893, 0, 0.0735],
						"1.0": [5.64893, 0, 0.0735],
						"1.0417": [-29.67554, 0, 0.03675],
						"1.0833": [-27.33777, 0, 0.01837],
						"1.125": [20, 0, 0],
						"1.4583": [20, 0, 0],
						"2.2083": ["6.7583+math.sin(q.anim_time*120*1-90)*2", 13.08015, -0.3358]
					}
				},
				"head": {
					"rotation": {
						"0.0": [-6.51534, -5.80445, -5.73293],
						"0.0417": {
							"pre": [0.9841, -6.48466, -5.34771],
							"post": [0.9841, -6.48466, -5.34771],
							"lerp_mode": "catmullrom"
						},
						"0.125": {
							"post": [-2.31817, 0, -4.65019],
							"lerp_mode": "catmullrom"
						},
						"0.9583": [-20.87227, 0, 0],
						"1.0": [-20.87227, 0, 0],
						"1.0417": [-24.93613, 0, 0],
						"1.0833": [-18.71807, 0, 0],
						"1.125": [2.5, 0, 0],
						"1.4583": [2.5, 0, 0],
						"1.9167": [15.79156, -3.19245, -3.15311],
						"2.2083": [-6.51534, -5.80445, -5.73293]
					}
				},
				"helmet": {
					"rotation": {
						"0.0": [0, 0, 0],
						"1.1667": [3, 0, 0],
						"1.2083": [-0.15, 0, 0],
						"1.25": [0.86, 0, 0],
						"1.2917": [-0.19, 0, 0],
						"2.2083": [0, 0, 0]
					}
				},
				"hair": {
					"rotation": {
						"0.0": [-38.3157, 0.43349, 4],
						"0.0417": [-40.7868, 1.60074, 6.39542],
						"0.125": {
							"pre": [-33.07548, 1.39194, 5.56123],
							"post": [-33.07548, 1.39194, 5.56123],
							"lerp_mode": "catmullrom"
						},
						"0.6667": {
							"post": [-26.71982, 1.28755, 5.14414],
							"lerp_mode": "catmullrom"
						},
						"0.9583": {
							"post": [20.78018, 1.28755, 5.14414],
							"lerp_mode": "catmullrom"
						},
						"1.0417": {
							"post": [21.70611, 1.28755, 5.14414],
							"lerp_mode": "catmullrom"
						},
						"1.0833": {
							"post": [-11.71982, 1.28755, 5.14414],
							"lerp_mode": "catmullrom"
						},
						"1.125": {
							"post": [-57.77298, 1.28583, 5.13728],
							"lerp_mode": "catmullrom"
						},
						"1.4583": [-51.71982, 1.28755, 5.14414],
						"2.2083": [-38.3157, 0.43349, 4]
					}
				},
				"hair2": {
					"rotation": {
						"0.0": [-14, 0, 0],
						"0.0417": [-14, 0, 0],
						"2.2083": [-14, 0, 0]
					}
				},
				"hair3": {
					"rotation": {
						"0.0": [-37.5, 0, 0],
						"0.0417": [-40, 0, 0],
						"0.6667": {
							"pre": [-5.39134, 0.03923, -0.38643],
							"post": [-5.39134, 0.03923, -0.38643],
							"lerp_mode": "catmullrom"
						},
						"1.0417": {
							"post": [-3.44979, 0.04013, -0.39151],
							"lerp_mode": "catmullrom"
						},
						"1.0833": {
							"post": [-22.18, 0.04, -0.39],
							"lerp_mode": "catmullrom"
						},
						"1.4583": [-22.18, 0.04, -0.39],
						"2.2083": [-37.5, 0, 0]
					}
				},
				"hair4": {
					"rotation": {
						"0.0": [-30, 0, 0],
						"0.0417": [-40, 0, 0],
						"0.6667": {
							"pre": [-5.9793, 0.48117, -0.27785],
							"post": [-5.9793, 0.48117, -0.27785],
							"lerp_mode": "catmullrom"
						},
						"0.9583": {
							"post": [14.0207, 0.48117, -0.27785],
							"lerp_mode": "catmullrom"
						},
						"1.0417": {
							"post": [-7.55387, 0.48035, -0.27936],
							"lerp_mode": "catmullrom"
						},
						"1.0833": {
							"post": [-3.48, 0.48, -0.28],
							"lerp_mode": "catmullrom"
						},
						"1.4583": [-3.48, 0.48, -0.28],
						"2.2083": [-30, 0, 0]
					}
				},
				"hair5": {
					"rotation": {
						"0.0": [-45.5, 0, 0],
						"0.0417": [-35.31, 0, 0],
						"0.6667": {
							"pre": [-0.31, 0, 0],
							"post": [-0.31, 0, 0],
							"lerp_mode": "catmullrom"
						},
						"0.9583": {
							"post": [14.46, 0, 0],
							"lerp_mode": "catmullrom"
						},
						"1.0833": {
							"post": [-15.5, 0, 0],
							"lerp_mode": "catmullrom"
						},
						"1.2083": {
							"post": [5.78, 0, 0],
							"lerp_mode": "catmullrom"
						},
						"1.4583": [-15.5, 0, 0],
						"2.2083": [-45.5, 0, 0]
					}
				},
				"hair6": {
					"rotation": {
						"0.0": [-38.4574, 0.83421, -0.47691],
						"0.0417": [-36.00153, 0.0578, 0.05387],
						"0.6667": {
							"pre": [-5.25297, 0.51131, 0.4163],
							"post": [-5.25297, 0.51131, 0.4163],
							"lerp_mode": "catmullrom"
						},
						"0.9583": {
							"post": [2.49061, 0.5256, 0.42771],
							"lerp_mode": "catmullrom"
						},
						"1.0417": {
							"post": [7.53768, 0.51591, 0.41997],
							"lerp_mode": "catmullrom"
						},
						"1.0833": {
							"post": [-10.25297, 0.51131, 0.4163],
							"lerp_mode": "catmullrom"
						},
						"1.125": {
							"post": [-19.3307, 0.51349, 0.41808],
							"lerp_mode": "catmullrom"
						},
						"1.2083": {
							"post": [12.76019, 0.52519, 0.4276],
							"lerp_mode": "catmullrom"
						},
						"1.4583": [7.24703, 0.51131, 0.4163],
						"2.2083": [-38.4574, 0.83421, -0.47691]
					},
					"position": {
						"0.0": [0, 0, 0],
						"0.0417": [0, 0, 0],
						"1.0833": {
							"pre": [0, 0, 0],
							"post": [0, 0, 0],
							"lerp_mode": "catmullrom"
						},
						"1.4583": {
							"post": [0, 0, 0],
							"lerp_mode": "catmullrom"
						},
						"2.2083": [0, 0, 0]
					}
				},
				"hair7": {
					"rotation": {
						"0.0": [180, 0, 0],
						"0.0417": [180, 0, 0],
						"0.6667": {
							"pre": [-32.05341, -2.59382, 5.31791],
							"post": [-32.05341, -2.59382, 5.31791],
							"lerp_mode": "catmullrom"
						},
						"0.9583": {
							"post": [17.83808, -1.80923, 1.79565],
							"lerp_mode": "catmullrom"
						},
						"1.0417": {
							"post": [10.99559, -1.53928, 0.71745],
							"lerp_mode": "catmullrom"
						},
						"1.0833": {
							"post": [10.62, -1.47, 0.44],
							"lerp_mode": "catmullrom"
						},
						"1.125": {
							"post": [-20.47345, -1.47464, 0.39141],
							"lerp_mode": "catmullrom"
						},
						"1.2083": {
							"post": [14.36755, -1.49932, 0.35588],
							"lerp_mode": "catmullrom"
						},
						"1.4583": [5.62, -1.47, 0.44],
						"2.2083": [180, 0, 0]
					},
					"position": {
						"0.0": [0, 5.91251, -11.4625],
						"0.0417": [0, 5.91251, -11.4625],
						"0.6667": {
							"pre": [0, 0.91, -2.46],
							"post": [0, 0.91, -2.46],
							"lerp_mode": "catmullrom"
						},
						"1.0833": {
							"post": [0, 0.91, -2.46],
							"lerp_mode": "catmullrom"
						},
						"1.4583": [0, 0.91, -2.46],
						"2.2083": [0, 5.91251, -11.4625]
					}
				},
				"arm_left3": {
					"rotation": {
						"0.0": [-10.10917, 2.75498, 55.44598],
						"0.125": {
							"pre": [-10.46157, 0.51447, 43.1426],
							"post": [-10.46157, 0.51447, 43.1426],
							"lerp_mode": "catmullrom"
						},
						"0.6667": {
							"post": [-1.9637, 36.28478, 31.70204],
							"lerp_mode": "catmullrom"
						},
						"0.7917": {
							"post": [5.23797, 19.96411, 43.53614],
							"lerp_mode": "catmullrom"
						},
						"0.9583": {
							"post": [12.24878, 16.64968, 65.6577],
							"lerp_mode": "catmullrom"
						},
						"1.0": {
							"post": [12.24878, 16.64968, 65.6577],
							"lerp_mode": "catmullrom"
						},
						"1.0833": [24.86833, 2.58086, 69.25666],
						"1.1667": [17.75941, 9.43278, 60.79511],
						"1.3333": [21.82, 5.52, 65.63],
						"1.4583": [21.82, 5.52, 65.63],
						"1.5": {
							"pre": [-10.46157, 0.51447, 43.1426],
							"post": [-10.46157, 0.51447, 43.1426],
							"lerp_mode": "catmullrom"
						},
						"1.6667": {
							"post": [-1.9637, 36.28478, 31.70204],
							"lerp_mode": "catmullrom"
						},
						"2.0": [-10.46157, 0.51447, 43.1426],
						"2.2083": [-10.10917, 2.75498, 55.44598]
					},
					"position": {
						"0.0": [0.4, -0.54793, 0.33131],
						"0.125": {
							"pre": [0.4, -0.54793, 0.33131],
							"post": [0.4, -0.54793, 0.33131],
							"lerp_mode": "catmullrom"
						},
						"0.6667": {
							"post": [0.51849, -1.01966, 0.04731],
							"lerp_mode": "catmullrom"
						},
						"0.7917": {
							"post": [0.04048, -0.47634, 0.73555],
							"lerp_mode": "catmullrom"
						},
						"1.0833": [0.04048, -0.47634, 0.73555],
						"1.3333": [0.04, -0.48, 0.74],
						"1.4583": {
							"pre": [0.04, -0.48, 0.74],
							"post": [0.04, -0.48, 0.74],
							"lerp_mode": "catmullrom"
						},
						"1.6667": {
							"post": [0.51849, -1.01966, 0.04731],
							"lerp_mode": "catmullrom"
						},
						"2.0": [0.4, -0.54793, 0.33131],
						"2.2083": [0.4, -0.54793, 0.33131]
					}
				},
				"arm_left4": {
					"rotation": {
						"0.0": ["161.1715+math.sin(q.anim_time*120*1-120)*2", 45.87992, "114.84+math.sin(q.anim_time*120*1-120)*2"],
						"0.2083": [156.5749, 43.93499, 108.3334],
						"0.5": {
							"pre": [14.99737, 48.12565, -29.53667],
							"post": [14.99737, 48.12565, -29.53667],
							"lerp_mode": "catmullrom"
						},
						"0.6667": {
							"post": [-2.09821, 12.30639, -4.19229],
							"lerp_mode": "catmullrom"
						},
						"0.7917": {
							"post": [-11.92494, 22.14348, -41.36647],
							"lerp_mode": "catmullrom"
						},
						"1.0": {
							"post": [0.88235, 33.58879, -27.9667],
							"lerp_mode": "catmullrom"
						},
						"1.0417": {
							"post": [7.61323, 34.17151, -17.80053],
							"lerp_mode": "catmullrom"
						},
						"1.0833": [-31.91655, 33.77399, -104.71577],
						"1.125": [-33.21792, 39.05973, -95.43373],
						"1.1667": [-30.71898, 42.83078, -87.59116],
						"1.3333": [-33.21792, 39.05973, -95.43373],
						"1.4583": [-33.21792, 39.05973, -95.43373],
						"1.5": [-64.92073, 75.4097, -122.40809],
						"1.6667": {
							"pre": [-2.4964, 34.78889, -5.16983],
							"post": [-2.4964, 34.78889, -5.16983],
							"lerp_mode": "catmullrom"
						},
						"1.7083": {
							"post": [15.55348, 36.08575, 2.06077],
							"lerp_mode": "catmullrom"
						},
						"1.75": {
							"post": [38.32851, 44.75943, 15.46562],
							"lerp_mode": "catmullrom"
						},
						"1.8333": [112.23988, 63.3787, 76.43519],
						"2.0": [156.5749, 43.93499, 108.3334],
						"2.2083": ["161.1715+math.sin(q.anim_time*120*1-120)*2", 45.87992, "114.84+math.sin(q.anim_time*120*1-120)*2"]
					},
					"position": {
						"0.0": [1.40562, 1.46505, 0.19456],
						"0.2083": {
							"pre": [1.40562, 1.46505, 0.19456],
							"post": [1.40562, 1.46505, 0.19456],
							"lerp_mode": "catmullrom"
						},
						"0.5": {
							"post": [1.68754, 1.01387, -0.05653],
							"lerp_mode": "catmullrom"
						},
						"0.6667": {
							"post": [-0.24337, 1.43538, 0.22482],
							"lerp_mode": "catmullrom"
						},
						"0.7917": {
							"post": [1.68754, 1.01387, -0.05653],
							"lerp_mode": "catmullrom"
						},
						"1.0833": [1.87436, 1.68025, -0.37438],
						"1.125": [1.08084, 1.79896, 0.09159],
						"1.3333": [1.08084, 1.79896, 0.09159],
						"1.4583": {
							"pre": [1.08084, 1.79896, 0.09159],
							"post": [1.08084, 1.79896, 0.09159],
							"lerp_mode": "catmullrom"
						},
						"1.6667": {
							"post": [-0.24337, 1.43538, 0.22482],
							"lerp_mode": "catmullrom"
						},
						"2.0": [1.40562, 1.46505, 0.19456],
						"2.2083": [1.40562, 1.46505, 0.19456]
					}
				},
				"lowerbody": {
					"rotation": {
						"0.0": [0, 0, 0],
						"0.25": {
							"pre": [0, -17.5, 0],
							"post": [0, -17.5, 0],
							"lerp_mode": "catmullrom"
						},
						"0.5833": {
							"post": [0, -1.67, 0],
							"lerp_mode": "catmullrom"
						},
						"1.0833": {
							"post": [0, -1.67, 0],
							"lerp_mode": "catmullrom"
						},
						"1.4583": {
							"post": [0, -1.67, 0],
							"lerp_mode": "catmullrom"
						},
						"2.2083": [0, 0, 0]
					},
					"position": {
						"0.0": [0, 0, -1.6],
						"2.2083": [0, 0, -1.6]
					}
				},
				"leg_left1": {
					"rotation": {
						"0.0": ["-59.9727-math.sin(q.anim_time*90*7)*2", -35.52872, -11.46254],
						"0.0417": [-59.9727, -35.52872, -11.46254],
						"0.5833": {
							"pre": [-15, 0, 0],
							"post": [-15, 0, 0],
							"lerp_mode": "catmullrom"
						},
						"1.0833": {
							"post": [-15, 0, 0],
							"lerp_mode": "catmullrom"
						},
						"1.4583": [-15, 0, 0],
						"1.6667": [5, 0, 0],
						"1.9167": [-49.89831, -23.8356, 16.99848],
						"2.2083": ["-59.9727-math.sin(q.anim_time*90*7)*2", -35.52872, -11.46254]
					},
					"position": {
						"0.0": [0, -2, -3.6],
						"0.0417": [0, -2, -3.6],
						"0.5833": {
							"pre": [0, -2.3, 0],
							"post": [0, -2.3, 0],
							"lerp_mode": "catmullrom"
						},
						"1.0833": {
							"post": [0, -2.3, 0],
							"lerp_mode": "catmullrom"
						},
						"1.4583": {
							"post": [0, -2.3, 0],
							"lerp_mode": "catmullrom"
						},
						"1.6667": {
							"post": [-0.0219, -2.23095, -3.64862],
							"lerp_mode": "catmullrom"
						},
						"1.9167": {
							"post": [0.00207, -0.39655, 1.07],
							"lerp_mode": "catmullrom"
						},
						"2.2083": [0, -2, -3.6]
					}
				},
				"leg_left2": {
					"rotation": {
						"0.0": ["81.4154+math.sin(q.anim_time*90*7)*2", 1.26962, 26.8333],
						"0.0417": [81.4154, 1.26962, 26.8333],
						"0.5833": {
							"pre": [145, 0, 0],
							"post": [145, 0, 0],
							"lerp_mode": "catmullrom"
						},
						"1.0833": {
							"post": [145, 0, 0],
							"lerp_mode": "catmullrom"
						},
						"1.4583": [145, 0, 0],
						"1.6667": [102.90666, 0.59249, 12.5222],
						"1.9167": [100.06525, -0.464, 1.07],
						"2.2083": ["81.4154+math.sin(q.anim_time*90*7)*2", 1.26962, 26.8333]
					},
					"position": {
						"0.0": [0, 1, 3],
						"0.0417": [0, 1, 3],
						"0.5833": {
							"pre": [0, 2.80887, 4.6982],
							"post": [0, 2.80887, 4.6982],
							"lerp_mode": "catmullrom"
						},
						"1.0833": {
							"post": [0, 2.80887, 4.6982],
							"lerp_mode": "catmullrom"
						},
						"1.4583": {
							"post": [0, 2.80887, 4.6982],
							"lerp_mode": "catmullrom"
						},
						"1.6667": {
							"post": [0, 2.81, 4.7],
							"lerp_mode": "catmullrom"
						},
						"2.2083": [0, 1, 3]
					}
				},
				"foot_left": {
					"rotation": {
						"0.0": [-10, 0, 0],
						"0.0417": [-10, 0, 0],
						"0.5833": [-17.5, 0, 0],
						"1.0833": [-17.5, 0, 0],
						"1.4583": [-17.5, 0, 0],
						"1.6667": [-17.5, 0, 0],
						"1.875": [-15.16235, -25.32264, 6.68651],
						"2.2083": [-10, 0, 0]
					},
					"position": {
						"0.0": {
							"post": [0, 0, -0.5],
							"lerp_mode": "catmullrom"
						},
						"0.5833": {
							"post": [0, 1, -0.5],
							"lerp_mode": "catmullrom"
						},
						"1.0833": {
							"post": [0, 1, -0.5],
							"lerp_mode": "catmullrom"
						},
						"1.4583": {
							"post": [0, 1, -0.5],
							"lerp_mode": "catmullrom"
						},
						"1.6667": {
							"post": [0, 1, -0.5],
							"lerp_mode": "catmullrom"
						},
						"2.2083": [0, 1, -0.5]
					}
				},
				"leg_right1": {
					"rotation": {
						"0.0": ["-61.5234-math.sin(q.anim_time*90*1)*1", 36.92791, 10.55655],
						"0.0417": [-61.5234, 36.92791, 10.55655],
						"0.375": {
							"pre": [-12.5, 0, 0],
							"post": [-12.5, 0, 0],
							"lerp_mode": "catmullrom"
						},
						"0.5833": {
							"post": [-16.40781, -2.70589, -0.77353],
							"lerp_mode": "catmullrom"
						},
						"1.0833": {
							"post": [-16.40781, -2.70589, -0.77353],
							"lerp_mode": "catmullrom"
						},
						"1.4583": [-16.40781, -2.70589, -0.77353],
						"1.6667": [5, 0, 0],
						"2.2083": ["-61.5234-math.sin(q.anim_time*90*1)*1", 36.92791, 10.55655]
					},
					"position": {
						"0.0": [0, -2.4, -3.6],
						"0.0417": [0, -2.4, -3.6],
						"0.375": {
							"pre": [0, -2.6, 0],
							"post": [0, -2.6, 0],
							"lerp_mode": "catmullrom"
						},
						"0.5833": {
							"post": [-0.02696, -3.49544, -0.66481],
							"lerp_mode": "catmullrom"
						},
						"1.0833": {
							"post": [-0.02696, -3.49544, -0.66481],
							"lerp_mode": "catmullrom"
						},
						"1.4583": {
							"post": [-0.02696, -3.49544, -0.66481],
							"lerp_mode": "catmullrom"
						},
						"1.6667": {
							"post": [-0.0219, -2.23095, -3.64862],
							"lerp_mode": "catmullrom"
						},
						"2.2083": [0, -2.4, -3.6]
					}
				},
				"leg_right2": {
					"rotation": {
						"0.0": [85.7123, -2.71, -28.71],
						"0.0417": [85.7123, -2.70876, -28.7129],
						"0.375": {
							"pre": [147.5, 0, 0],
							"post": [147.5, 0, 0],
							"lerp_mode": "catmullrom"
						},
						"1.0833": {
							"post": [147.5, 0, 0],
							"lerp_mode": "catmullrom"
						},
						"1.4583": [147.5, 0, 0],
						"1.6667": [102.90666, 0.59249, 12.5222],
						"2.2083": [85.7123, -2.70876, -28.7129]
					},
					"position": {
						"0.0": [0, 1, 3],
						"0.0417": [0, 1, 3],
						"0.375": {
							"pre": [0, 2.77805, 4.45195],
							"post": [0, 2.77805, 4.45195],
							"lerp_mode": "catmullrom"
						},
						"1.0833": {
							"post": [0, 2.77805, 4.45195],
							"lerp_mode": "catmullrom"
						},
						"1.4583": {
							"post": [0, 2.77805, 4.45195],
							"lerp_mode": "catmullrom"
						},
						"1.6667": {
							"post": [0, 2.81, 4.7],
							"lerp_mode": "catmullrom"
						},
						"2.2083": [0, 1, 3]
					}
				},
				"foot_right": {
					"rotation": {
						"0.0": [-10, 0, 0],
						"0.25": [-19.49542, 1.88298, -0.58532],
						"0.375": {
							"pre": [-44.24, 0, 0],
							"post": [-44.24, 0, 0],
							"lerp_mode": "catmullrom"
						},
						"0.5833": {
							"post": [-21.74, 0, 0],
							"lerp_mode": "catmullrom"
						},
						"1.0833": [-21.74, 0, 0],
						"1.4583": [-21.74, 0, 0],
						"1.6667": [-17.5, 0, 0],
						"2.2083": [-10, 0, 0]
					},
					"position": {
						"0.0": {
							"post": [0, 0, 0],
							"lerp_mode": "catmullrom"
						},
						"1.6667": {
							"post": [0, 1, -0.5],
							"lerp_mode": "catmullrom"
						},
						"2.2083": [0, 0, 0]
					}
				},
				"arm_right3": {
					"rotation": {
						"0.0": [2.91783, -5.94383, -52.26198],
						"0.0417": [2.91783, -5.94383, -52.26198],
						"0.25": {
							"pre": [-9.58013, -20.94514, -10.30886],
							"post": [-9.58013, -20.94514, -10.30886],
							"lerp_mode": "catmullrom"
						},
						"0.375": {
							"post": [-2.95277, -22.76159, -27.9892],
							"lerp_mode": "catmullrom"
						},
						"0.5": {
							"post": [-0.06713, -35.36488, -31.75592],
							"lerp_mode": "catmullrom"
						},
						"0.625": {
							"post": [2.26844, -46.39684, -38.10589],
							"lerp_mode": "catmullrom"
						},
						"0.6667": {
							"post": [2.26844, -46.39684, -38.10589],
							"lerp_mode": "catmullrom"
						},
						"0.9583": {
							"post": [13.34668, -15.85349, -69.48024],
							"lerp_mode": "catmullrom"
						},
						"1.0": {
							"post": [13.34668, -15.85349, -69.48024],
							"lerp_mode": "catmullrom"
						},
						"1.0833": {
							"post": [14.68567, -14.40443, -70.81131],
							"lerp_mode": "catmullrom"
						},
						"1.1667": [10.04147, -18.99502, -66.21941],
						"1.3333": [11.93, -17.2, -68.08],
						"1.4583": [11.93, -17.2, -68.08],
						"1.9167": [4.12155, -40.03269, -48.64387],
						"2.2083": [2.91783, -5.94383, -52.26198]
					},
					"position": {
						"0.0": [0, 0, 0],
						"0.25": {
							"pre": [-0.27249, -2.50379, -0.93616],
							"post": [-0.27249, -2.50379, -0.93616],
							"lerp_mode": "catmullrom"
						},
						"0.375": {
							"post": [-0.42736, -1.03014, 0.48591],
							"lerp_mode": "catmullrom"
						},
						"0.5": {
							"post": [-0.27785, -0.78344, 0.39717],
							"lerp_mode": "catmullrom"
						},
						"0.625": {
							"post": [-0.3546, -1.43927, -0.63766],
							"lerp_mode": "catmullrom"
						},
						"0.6667": {
							"post": [-0.3546, -1.43927, -0.63766],
							"lerp_mode": "catmullrom"
						},
						"1.0833": [0.41338, -0.47551, 0.74743],
						"1.125": [0.0079, -0.56753, -0.05077],
						"1.3333": [0.0079, -0.56753, -0.05077],
						"1.4583": [0.0079, -0.56753, -0.05077],
						"1.9167": [-1.17794, -2.01502, -1.37093],
						"2.2083": [-0.02897, -1.16378, -0.29117]
					}
				},
				"hand_left": {
					"rotation": {
						"0.0": [-7.42005, 14.52015, 30.14732],
						"0.0417": {
							"pre": [-7.42005, 14.52015, 30.14732],
							"post": [-7.42005, 14.52015, 30.14732],
							"lerp_mode": "catmullrom"
						},
						"0.125": {
							"post": [-7.42005, 14.52015, 30.14732],
							"lerp_mode": "catmullrom"
						},
						"0.625": {
							"post": [7.39708, 6.13795, -28.97598],
							"lerp_mode": "catmullrom"
						},
						"0.6667": {
							"post": [8.20048, -7.20592, -29.96073],
							"lerp_mode": "catmullrom"
						},
						"0.7917": {
							"post": [10.09297, 10.10424, 76.97342],
							"lerp_mode": "catmullrom"
						},
						"0.9583": {
							"post": [-16.20791, 9.53689, 70.10266],
							"lerp_mode": "catmullrom"
						},
						"1.0": {
							"post": [-16.20791, 9.53689, 70.10266],
							"lerp_mode": "catmullrom"
						},
						"1.0833": [16.78289, -13.28759, -58.67685],
						"1.125": [19.50135, -7.39708, -76.50668],
						"1.3333": [19.50135, -7.39708, -76.50668],
						"1.4583": {
							"pre": [19.50135, -7.39708, -76.50668],
							"post": [19.50135, -7.39708, -76.50668],
							"lerp_mode": "catmullrom"
						},
						"1.6667": {
							"post": [8.20048, -7.20592, -29.96073],
							"lerp_mode": "catmullrom"
						},
						"2.0": [-7.42005, 14.52015, 30.14732],
						"2.2083": [-7.42005, 14.52015, 30.14732]
					},
					"position": {
						"0.0": [-0.25545, -0.26553, -0.33799],
						"0.0417": {
							"pre": [-0.25545, -0.26553, -0.33799],
							"post": [-0.25545, -0.26553, -0.33799],
							"lerp_mode": "catmullrom"
						},
						"0.125": {
							"post": [-0.25545, -0.26553, -0.33799],
							"lerp_mode": "catmullrom"
						},
						"0.6667": {
							"post": [-0.23852, -0.10481, -0.11989],
							"lerp_mode": "catmullrom"
						},
						"1.0833": [-0.24, -0.1, -0.12],
						"1.125": [0.84957, 0.43065, 0.29382],
						"1.3333": [0.84957, 0.43065, 0.29382],
						"1.4583": {
							"pre": [0.84957, 0.43065, 0.29382],
							"post": [0.84957, 0.43065, 0.29382],
							"lerp_mode": "catmullrom"
						},
						"1.6667": {
							"post": [-0.23852, -0.10481, -0.11989],
							"lerp_mode": "catmullrom"
						},
						"2.0": [-0.25545, -0.26553, -0.33799],
						"2.2083": [-0.25545, -0.26553, -0.33799]
					}
				},
				"arm_right4": {
					"rotation": {
						"0.0": ["111.6158+math.sin(q.anim_time*120*1-120)*2", "-55.3719-math.sin(q.anim_time*120*1-120)*2", -79.7584],
						"0.0417": [111.6158, -55.3719, -79.7584],
						"0.25": {
							"pre": [-11.77832, -2.13833, 12.67252],
							"post": [-11.77832, -2.13833, 12.67252],
							"lerp_mode": "catmullrom"
						},
						"0.375": {
							"post": [-0.05685, -16.40737, 53.97284],
							"lerp_mode": "catmullrom"
						},
						"0.5": {
							"post": [4.28007, -21.83825, 42.04209],
							"lerp_mode": "catmullrom"
						},
						"0.625": {
							"post": [-8.06816, -14.79432, 16.93931],
							"lerp_mode": "catmullrom"
						},
						"0.6667": {
							"post": [-8.06816, -14.79432, 16.93931],
							"lerp_mode": "catmullrom"
						},
						"0.7917": {
							"post": [-9.63793, -18.87604, 50.05102],
							"lerp_mode": "catmullrom"
						},
						"1.0417": [16.39147, -44.8279, 23.13843],
						"1.0833": [-40.23342, -32.1377, 107.15152],
						"1.125": [-40.23342, -32.1377, 107.15152],
						"1.1667": [-35.50159, -37.83052, 96.94782],
						"1.3333": [-40.23342, -32.1377, 107.15152],
						"1.4583": [-40.23342, -32.1377, 107.15152],
						"1.5417": [-40.75798, -31.08542, 109.12525],
						"1.9167": [18.05655, -9.50683, 1.75903],
						"2.2083": ["111.6158+math.sin(q.anim_time*120*1-120)*2", "-55.3719-math.sin(q.anim_time*120*1-120)*2", -79.7584]
					},
					"position": {
						"0.0": {
							"post": [-0.07, -0.07, 0.26],
							"lerp_mode": "catmullrom"
						},
						"0.25": {
							"post": [0.32889, -0.26997, 0.26257],
							"lerp_mode": "catmullrom"
						},
						"0.375": {
							"post": [1.09735, -0.28978, 0.48411],
							"lerp_mode": "catmullrom"
						},
						"0.5": {
							"post": [0.11147, -0.34193, 0.41031],
							"lerp_mode": "catmullrom"
						},
						"0.625": {
							"post": [1.3604, -0.15933, 0.5218],
							"lerp_mode": "catmullrom"
						},
						"0.6667": {
							"post": [1.3604, -0.15933, 0.5218],
							"lerp_mode": "catmullrom"
						},
						"1.3333": [1.52, -0.27, 0.94],
						"1.4583": [1.52, -0.27, 0.94],
						"1.75": [0.5943, -0.05448, 0.62915]
					}
				},
				"hand_right": {
					"rotation": {
						"0.0": [0, 0, "-33+math.sin(q.anim_time*120*1-120)*10"],
						"0.0417": [0, 0, -33],
						"0.25": {
							"pre": [-3.18169, -7.94392, 31.46198],
							"post": [-3.18169, -7.94392, 31.46198],
							"lerp_mode": "catmullrom"
						},
						"0.375": {
							"post": [-6.10338, 1.41516, 33.7871],
							"lerp_mode": "catmullrom"
						},
						"0.5": {
							"post": [4.37635, -1.46448, 44.31581],
							"lerp_mode": "catmullrom"
						},
						"0.625": {
							"post": [15.07383, -0.73799, 24.46589],
							"lerp_mode": "catmullrom"
						},
						"0.6667": {
							"post": [15.07383, -0.73799, 24.46589],
							"lerp_mode": "catmullrom"
						},
						"0.7917": {
							"post": [2.52996, -5.09076, -72.5764],
							"lerp_mode": "catmullrom"
						},
						"0.9583": {
							"post": [-2.90416, -16.84809, -56.88],
							"lerp_mode": "catmullrom"
						},
						"1.0": {
							"post": [-2.90416, -16.84809, -56.88],
							"lerp_mode": "catmullrom"
						},
						"1.0833": [5.48358, 6.24144, 46.51091],
						"1.125": [5.48358, 6.24144, 46.51091],
						"1.1667": [5.67239, 4.95651, 56.44496],
						"1.3333": [5.48358, 6.24144, 46.51091],
						"1.4583": [5.48358, 6.24144, 46.51091],
						"1.5417": [4.83388, 6.94068, 39.50646],
						"1.75": [5.9757, 2.85337, 55.23207],
						"1.875": [-0.49485, 3.66666, -38.56455],
						"2.2083": [0, 0, "-33+math.sin(q.anim_time*120*1-120)*10"]
					},
					"position": {
						"0.0": [0, 0, 0],
						"1.0833": [-0.04182, 0.19056, -0.0068],
						"1.125": [-0.04182, 0.19056, -0.0068],
						"1.1667": [-0.46186, 0.65315, 0.00887],
						"1.3333": [-0.04182, 0.19056, -0.0068],
						"1.4583": [-0.04182, 0.19056, -0.0068],
						"2.2083": [0, 0, 0]
					}
				},
				"haircorrection": {
					"rotation": {
						"0.0": [0, 0, 0],
						"2.2083": [0, 0, 0]
					},
					"position": {
						"0.0": [0, 0, "0+math.sin(q.anim_time*120*1-90)*0.5"],
						"0.0417": [0, 0, -0.49],
						"2.2083": [0, 0, "0+math.sin(q.anim_time*120*1-90)*0.5"]
					}
				},
				"hair8": {
					"rotation": {
						"0.0": [0, 0, 0],
						"0.0417": [-1.47408, 0.47009, 1.03154],
						"0.6667": {
							"pre": [-23.12483, 0.49266, 1.08105],
							"post": [-23.12483, 0.49266, 1.08105],
							"lerp_mode": "catmullrom"
						},
						"0.9583": {
							"post": [30.77053, 0.47663, 1.04587],
							"lerp_mode": "catmullrom"
						},
						"1.0417": {
							"post": [12.60333, 0.47127, 1.03411],
							"lerp_mode": "catmullrom"
						},
						"1.0833": {
							"post": [1.02592, 0.47009, 1.03154],
							"lerp_mode": "catmullrom"
						},
						"1.125": {
							"post": [-23.09304, 0.47239, 1.03657],
							"lerp_mode": "catmullrom"
						},
						"1.2083": {
							"post": [9.66555, 0.4831, 1.06008],
							"lerp_mode": "catmullrom"
						},
						"1.4583": [16.02592, 0.47009, 1.03154],
						"2.2083": [0, 0, 0]
					}
				},
				"arm_left": {
					"rotation": {
						"0.0": [0, 0, 0],
						"0.125": {
							"pre": [0, 0, 0],
							"post": [0, 0, 0],
							"lerp_mode": "catmullrom"
						},
						"0.6667": {
							"post": [-3.16564, 30.44138, -25.40326],
							"lerp_mode": "catmullrom"
						},
						"1.0833": [-2.86877, 17.95853, -24.68335],
						"1.3333": [-2.87, 17.96, -24.68],
						"1.4583": {
							"pre": [-2.87, 17.96, -24.68],
							"post": [-2.87, 17.96, -24.68],
							"lerp_mode": "catmullrom"
						},
						"1.6667": {
							"post": [-3.16564, 30.44138, -25.40326],
							"lerp_mode": "catmullrom"
						},
						"2.0": [0, 0, 0],
						"2.2083": [0, 0, 0]
					},
					"position": {
						"0.0": [0, 0, 0],
						"0.125": {
							"pre": [0, 0, 0],
							"post": [0, 0, 0],
							"lerp_mode": "catmullrom"
						},
						"0.625": {
							"post": [-0.1525, -0.79641, -0.85391],
							"lerp_mode": "catmullrom"
						},
						"0.6667": {
							"post": [-0.1525, -0.79641, -0.85391],
							"lerp_mode": "catmullrom"
						},
						"1.0833": [0, 0, 0],
						"1.3333": [0, 0, 0],
						"1.4583": {
							"pre": [0, 0, 0],
							"post": [0, 0, 0],
							"lerp_mode": "catmullrom"
						},
						"1.6667": {
							"post": [-0.1525, -0.79641, -0.85391],
							"lerp_mode": "catmullrom"
						},
						"2.0": [0, 0, 0],
						"2.2083": [0, 0, 0]
					}
				},
				"arm_left2": {
					"rotation": {
						"0.0": [0, 0, 0],
						"0.125": {
							"pre": [0, 0, 0],
							"post": [0, 0, 0],
							"lerp_mode": "catmullrom"
						},
						"0.6667": {
							"post": [3.04321, 19.8007, 7.96662],
							"lerp_mode": "catmullrom"
						},
						"1.0833": [3.09472, 22.29711, 8.11003],
						"1.3333": [3.09, 22.3, 8.11],
						"1.4583": {
							"pre": [3.09, 22.3, 8.11],
							"post": [3.09, 22.3, 8.11],
							"lerp_mode": "catmullrom"
						},
						"1.6667": {
							"post": [3.04321, 19.8007, 7.96662],
							"lerp_mode": "catmullrom"
						},
						"2.0": [0, 0, 0],
						"2.2083": [0, 0, 0]
					},
					"position": {
						"0.0": [0, 0, 0],
						"0.125": {
							"pre": [0, 0, 0],
							"post": [0, 0, 0],
							"lerp_mode": "catmullrom"
						},
						"0.625": {
							"post": [0.3901, 0.37396, -1.92027],
							"lerp_mode": "catmullrom"
						},
						"0.6667": {
							"post": [0.3901, 0.37396, -1.92027],
							"lerp_mode": "catmullrom"
						},
						"1.0833": [0.51781, -0.24146, -2.71206],
						"1.3333": [0.52, -0.24, -2.71],
						"1.4583": {
							"pre": [0.52, -0.24, -2.71],
							"post": [0.52, -0.24, -2.71],
							"lerp_mode": "catmullrom"
						},
						"1.6667": {
							"post": [0.3901, 0.37396, -1.92027],
							"lerp_mode": "catmullrom"
						},
						"2.0": [0, 0, 0],
						"2.2083": [0, 0, 0]
					}
				},
				"arm_right": {
					"rotation": {
						"0.0": [0, 0, 0],
						"0.25": {
							"pre": [-14.85611, -20.3457, 42.69663],
							"post": [-14.85611, -20.3457, 42.69663],
							"lerp_mode": "catmullrom"
						},
						"0.375": {
							"post": [-3.25205, -32.93743, 25.56766],
							"lerp_mode": "catmullrom"
						},
						"0.625": {
							"post": [-2.21133, -32.35827, 20.43412],
							"lerp_mode": "catmullrom"
						},
						"0.6667": {
							"post": [-2.21133, -32.35827, 20.43412],
							"lerp_mode": "catmullrom"
						},
						"1.0833": [-3.06, -23.95, 25.07],
						"1.3333": [-3.06, -23.95, 25.07],
						"1.4583": [-3.06, -23.95, 25.07],
						"1.75": [-3.06, -23.95, 25.07],
						"1.9167": [-3.06, -23.95, 25.07],
						"2.2083": [0, 0, 0]
					},
					"position": {
						"0.0": [0, 0, 0],
						"0.25": {
							"pre": [-0.96778, -0.54485, -1.98539],
							"post": [-0.96778, -0.54485, -1.98539],
							"lerp_mode": "catmullrom"
						},
						"0.375": {
							"post": [-0.77721, -0.70404, -2.6017],
							"lerp_mode": "catmullrom"
						},
						"0.625": {
							"post": [-0.08428, -0.55098, -1.84241],
							"lerp_mode": "catmullrom"
						},
						"0.6667": {
							"post": [-0.08428, -0.55098, -1.84241],
							"lerp_mode": "catmullrom"
						},
						"1.0833": [-0.33, -0.47141, -1.09414],
						"1.3333": [-0.33, -0.47, -1.09],
						"1.4583": [-0.33, -0.47, -1.09],
						"1.75": [-0.33, -0.47, -1.09],
						"1.9167": [-0.33, -0.47, -1.09],
						"2.2083": [0, 0, 0]
					}
				},
				"arm_right2": {
					"rotation": {
						"0.0": [0, 0, 0],
						"0.25": {
							"pre": [6.79768, -7.66448, -32.6369],
							"post": [6.79768, -7.66448, -32.6369],
							"lerp_mode": "catmullrom"
						},
						"0.375": {
							"post": [6.79768, -7.66448, -32.6369],
							"lerp_mode": "catmullrom"
						},
						"0.6667": {
							"post": [2.94404, -5.81848, -7.24568],
							"lerp_mode": "catmullrom"
						},
						"1.0833": [2.94, -5.82, -7.25],
						"1.3333": [2.94, -5.82, -7.25],
						"1.4583": [2.94, -5.82, -7.25],
						"1.75": [2.94, -5.82, -7.25],
						"1.9167": [2.94, -5.82, -7.25],
						"2.2083": [0, 0, 0]
					},
					"position": {
						"0.0": [0, 0, 0],
						"0.25": {
							"pre": [-1.58236, -1.13901, -0.87259],
							"post": [-1.58236, -1.13901, -0.87259],
							"lerp_mode": "catmullrom"
						},
						"0.375": {
							"post": [-1.63832, -1.14108, -0.90536],
							"lerp_mode": "catmullrom"
						},
						"0.625": {
							"post": [-0.03111, 0.61725, -0.20448],
							"lerp_mode": "catmullrom"
						},
						"0.6667": {
							"post": [-0.03111, 0.61725, -0.20448],
							"lerp_mode": "catmullrom"
						},
						"1.0833": [-0.42, -0.26, -1.69],
						"1.3333": [-0.42, -0.26, -1.69],
						"1.4583": [-0.42, -0.26, -1.69],
						"1.75": [-0.42, -0.26, -1.69],
						"1.9167": [-0.42, -0.26, -1.69],
						"2.2083": [0.29, -0.33, -0.08]
					}
				},
				"upperbody": {
					"rotation": {
						"0.0": [0, 0, 0],
						"1.0": {
							"pre": [7.5, 0, 0],
							"post": [7.5, 0, 0],
							"lerp_mode": "catmullrom"
						},
						"1.0833": {
							"post": [7.5, 0, 0],
							"lerp_mode": "catmullrom"
						},
						"1.4583": [7.5, 0, 0],
						"2.2083": [0, 0, 0]
					}
				},
				"torso": {
					"position": {
						"0.0": [0, 0, 0],
						"2.2083": [0, 0, 0]
					}
				},
				"blade2": {
					"rotation": {
						"0.0": [0, 0, 0],
						"1.0417": {
							"pre": [0, 0, 0],
							"post": [0, 0, 0],
							"lerp_mode": "catmullrom"
						},
						"1.0833": {
							"post": [0, 0, -5],
							"lerp_mode": "catmullrom"
						},
						"1.125": {
							"post": [0, 0, -5],
							"lerp_mode": "catmullrom"
						},
						"1.1667": {
							"post": [0, 0, 2.5],
							"lerp_mode": "catmullrom"
						},
						"1.2083": {
							"post": [0, 0, 5],
							"lerp_mode": "catmullrom"
						},
						"1.25": {
							"post": [0, 0, 2.5],
							"lerp_mode": "catmullrom"
						},
						"1.2917": {
							"post": [0, 0, 0],
							"lerp_mode": "catmullrom"
						},
						"1.3333": {
							"post": [0, 0, 1],
							"lerp_mode": "catmullrom"
						},
						"1.375": {
							"post": [0, 0, 0],
							"lerp_mode": "catmullrom"
						},
						"2.2083": [0, 0, 0]
					}
				},
				"blade": {
					"rotation": {
						"0.0": [0, 0, 0],
						"1.0417": {
							"pre": [0, 0, 0],
							"post": [0, 0, 0],
							"lerp_mode": "catmullrom"
						},
						"1.0833": {
							"post": [0, 0, 5],
							"lerp_mode": "catmullrom"
						},
						"1.125": {
							"post": [0, 0, 5],
							"lerp_mode": "catmullrom"
						},
						"1.1667": {
							"post": [0, 0, 0],
							"lerp_mode": "catmullrom"
						},
						"1.2083": {
							"post": [0, 0, -5],
							"lerp_mode": "catmullrom"
						},
						"1.25": {
							"post": [0, 0, -2.5],
							"lerp_mode": "catmullrom"
						},
						"1.2917": {
							"post": [0, 0, 0],
							"lerp_mode": "catmullrom"
						},
						"1.3333": {
							"post": [0, 0, -1],
							"lerp_mode": "catmullrom"
						},
						"1.375": {
							"post": [0, 0, 0],
							"lerp_mode": "catmullrom"
						},
						"2.2083": [0, 0, 0]
					}
				},
				"turnk": {
					"rotation": {
						"0.0": [0, 0, 0],
						"0.25": [13.57, 0, 0],
						"0.2917": [17.5, 0, 0],
						"0.4583": [6, 0, 0],
						"0.5417": [4, 0, 0],
						"1.0": [-12.5, 0, 0],
						"1.0417": [21.67, 0, 0],
						"1.125": [0, 0, 0],
						"1.4583": [0, 0, 0],
						"2.2083": [0, 0, 0]
					},
					"position": {
						"0.0": [0, 0, 0],
						"0.2917": [0.01815, -0.89786, 0.05933],
						"0.4583": [0.03463, -2.09528, 0.16529],
						"1.0": [0, 0, 0],
						"1.125": [0, 0, 0],
						"1.4583": [0, 0, 0],
						"1.75": [-0.01387, 1.96556, -0.47579],
						"2.2083": [0, 0, 0]
					}
				}
			}
		},
		"animation.kingambit.recoil": {
			"animation_length": 0.875,
			"bones": {
				"waist": {
					"rotation": {
						"0.0833": {
							"pre": [0, 0, 0],
							"post": [0, 0, 0],
							"lerp_mode": "catmullrom"
						},
						"0.2083": {
							"post": [-7.5, 0, 0],
							"lerp_mode": "catmullrom"
						},
						"0.4167": {
							"post": [-5, 0, 0],
							"lerp_mode": "catmullrom"
						},
						"0.5833": {
							"post": [2.5, 0, 0],
							"lerp_mode": "catmullrom"
						},
						"0.6667": {
							"post": [0, 0, 0],
							"lerp_mode": "catmullrom"
						}
					}
				},
				"chest": {
					"rotation": {
						"0.0": [0, 0, 0],
						"0.0417": {
							"pre": [5, 0, 0],
							"post": [5, 0, 0],
							"lerp_mode": "catmullrom"
						},
						"0.0833": {
							"post": [0, 0, 0],
							"lerp_mode": "catmullrom"
						},
						"0.2083": {
							"post": [-25.53051, 11.31255, -5.35254],
							"lerp_mode": "catmullrom"
						},
						"0.4167": {
							"post": [-17.5, 0, 0],
							"lerp_mode": "catmullrom"
						},
						"0.5833": {
							"post": [2.5, 0, 0],
							"lerp_mode": "catmullrom"
						},
						"0.6667": {
							"post": [0, 0, 0],
							"lerp_mode": "catmullrom"
						}
					}
				},
				"neck": {
					"rotation": {
						"0.0": [0, 0, 0],
						"0.0417": [9.06, 0, 0],
						"0.0833": [0, 0, 0],
						"0.2083": [-32.5, 0, 0],
						"0.4167": [-37.5, 0, 0],
						"0.5": [-17.5, 0, 0],
						"0.5833": [0.83016, -0.07263, 4.99947],
						"0.625": [10, 0, 0],
						"0.7083": [0, 0, 0]
					}
				},
				"hair": {
					"rotation": {
						"0.0": [0, 0, 0],
						"0.0417": [-12.5, 0, 0],
						"0.0833": [0, 0, 0],
						"0.2083": [64.35582, -14.1619, -4.34049],
						"0.3333": [51.89304, -4.21997, -2.44009],
						"0.4167": [60, 0, 0],
						"0.5": [25, 0, 0],
						"0.5833": [-4.31359, -0.37703, -4.9858],
						"0.625": [-14.5, 0, 0],
						"0.7083": [0, 0, 0]
					}
				},
				"hair2": {
					"rotation": {
						"0.0": [0, 0, 0],
						"0.7083": [0, 0, 0]
					}
				},
				"hair3": {
					"rotation": {
						"0.0": [0, 0, 0],
						"0.2083": [-22.5, 0, 0],
						"0.7083": [0, 0, 0]
					}
				},
				"hair6": {
					"rotation": {
						"0.0": [0, 0, 0],
						"0.1667": [20.92702, 1.78986, -4.66942],
						"0.2083": [22.5, 0, 0],
						"0.25": [29, 0, 0],
						"0.2917": [28.36, 0, 0],
						"0.3333": [30.52, 0, 0],
						"0.375": [22.13, 0, 0],
						"0.4167": [11.86, 0, 0],
						"0.4583": [12.67, 0, 0],
						"0.7083": [0, 0, 0]
					},
					"position": {
						"0.0": [0, 0, 0],
						"0.0417": [0.11116, 1.63628, -2.50956],
						"0.0833": [0.15392, 1.74468, -3.59426],
						"0.125": [-1.49876, 0.95787, -1.82629],
						"0.1667": [-2.19624, 0.17098, -0.63072],
						"0.2083": [-0.40027, -0.47601, 0.70252],
						"0.25": [-0.52582, -0.4043, -0.98423],
						"0.2917": [-0.30826, -0.8838, -1.93817],
						"0.3333": [0.09876, -0.91569, -3.48994],
						"0.375": [0.0485, -0.55957, -1.07144],
						"0.4167": [0.52124, -1.61719, 1.84349],
						"0.4583": [0.07996, -0.07202, 1.04559],
						"0.625": [0.17162, 2.08167, -3.05043],
						"0.7083": [0, 0, 0]
					}
				},
				"arm_left4": {
					"rotation": {
						"0.0": [0, 0, 0],
						"0.25": [0, 0, 25],
						"0.5417": [0, 0, 20],
						"0.625": [0, 0, -5],
						"0.7083": [0, 0, 0]
					}
				},
				"hand_left": {
					"rotation": {
						"0.0": [0, 0, 0],
						"0.25": [0, 0, -22.5],
						"0.5417": [0, 0, 0]
					}
				},
				"arm_right4": {
					"rotation": {
						"0.0": [0, 0, 0],
						"0.25": [0, 0, -27.5],
						"0.375": [0, 0, -25],
						"0.4583": [0, 0, 0],
						"0.5": [0, 0, 10],
						"0.5833": [0, 0, 0]
					}
				},
				"hand_right": {
					"rotation": {
						"0.0": [0, 0, 0],
						"0.25": [0, 0, 35],
						"0.7083": [0, 0, 0]
					}
				}
			}
		},
		"animation.kingambit.pose": {
			"loop": true,
			"bones": {
				"kingambit": {
					"position": [0, -3, 0]
				},
				"waist": {
					"rotation": [4.5, 0, 0],
					"position": [0, 0, -0.2]
				},
				"chest": {
					"rotation": [0, -10, 0]
				},
				"neck": {
					"rotation": [11.75825, 13.08015, -0.3358]
				},
				"head": {
					"rotation": [7.94859, -5.01561, 1.08907]
				},
				"helmet": {
					"rotation": [0, 0, 0]
				},
				"hair": {
					"rotation": [-39.96679, -1.24738, 1.32085]
				},
				"hair2": {
					"rotation": [-27.5, 0, 0]
				},
				"hair3": {
					"rotation": [-34.5, 0, 0],
					"position": [0.05185, 0.5281, 0.60698]
				},
				"hair4": {
					"rotation": [-48, 0, 0]
				},
				"hair5": {
					"rotation": [-10, 0, 0]
				},
				"hair6": {
					"rotation": [-44, 0, 0]
				},
				"hair7": {
					"rotation": [180, 0, 0],
					"position": [0, 5.91251, -10.05198]
				},
				"arm_left3": {
					"rotation": [-10.46157, 0.51447, 43.1426],
					"position": [0.4, -0.54793, 0.33131]
				},
				"arm_left4": {
					"rotation": [154.00523, 42.68037, 104.58787],
					"position": [1.40562, 1.46505, 0.19456]
				},
				"lowerbody": {
					"position": [0, 0, -1.6]
				},
				"leg_left1": {
					"rotation": [-59.97271, -35.52872, -11.46254],
					"position": [0, -2, -3.6]
				},
				"leg_left2": {
					"rotation": [81.41544, 1.26962, 26.8333],
					"position": [0, 1, 3]
				},
				"foot_left": {
					"rotation": [-10, 0, 0]
				},
				"leg_right1": {
					"rotation": [-61.52344, 36.92791, 10.55655],
					"position": [0, -2.4, -3.6]
				},
				"leg_right2": {
					"rotation": [85.71227, -2.70876, -28.7129],
					"position": [0, 1, 3]
				},
				"foot_right": {
					"rotation": [-10, 0, 0]
				},
				"arm_right3": {
					"rotation": [-1.84032, -12.8713, -2.0444]
				},
				"hand_left": {
					"rotation": [-10.73307, 12.29989, 15.93405],
					"position": [-0.25545, -0.26553, -0.33799]
				},
				"arm_right4": {
					"rotation": [38.65226, -18.48927, 10.88631]
				},
				"hand_right": {
					"rotation": [0, 0, 7]
				},
				"arm_right2": {
					"rotation": [0, -28, 0]
				}
			}
		},
		"animation.kingambit.special": {
			"animation_length": 2,
			"bones": {
				"kingambit": {
					"rotation": {
						"0.0": [0, 0, 0],
						"2.0": [0, 0, 0]
					},
					"position": {
						"0.0": [0, -3.8, 0],
						"2.0": [0, -3.8, 0]
					}
				},
				"body": {
					"position": {
						"0.0": [0, 0.25, 0],
						"2.0": [0, 0.25, 0]
					}
				},
				"torso": {
					"position": [0, 0, 0]
				},
				"lowerbody": {
					"rotation": {
						"0.0": [0, 0, 0],
						"2.0": [0, 0, 0]
					},
					"position": {
						"0.0": [0, 0, -1.6],
						"2.0": [0, 0, -1.6]
					}
				},
				"turnk": {
					"rotation": [0, 0, 0],
					"position": [0, 0, 0]
				},
				"upperbody": {
					"rotation": [0, 0, 0]
				},
				"waist": {
					"rotation": {
						"0.0": ["6+math.sin(q.anim_time*120*1-180)*2", 0, 0],
						"2.0": ["6+math.sin(q.anim_time*120*1-180)*2", 0, 0]
					},
					"position": {
						"0.0": [0, 0, -1.2],
						"2.0": [0, 0, -1.2]
					}
				},
				"chest": {
					"rotation": {
						"0.0": ["18.5+math.sin(q.anim_time*120*1-90)*2", -10, 0],
						"0.25": ["28.5+math.sin(q.anim_time*120*1-90)*2", -10, 0],
						"0.7917": [15.57907, -10, 0],
						"2.0": ["18.5+math.sin(q.anim_time*120*1-90)*2", -10, 0]
					}
				},
				"neck": {
					"rotation": {
						"0.0": ["6.7583+math.sin(q.anim_time*120*1-90)*2", 13.08015, -0.3358],
						"2.0": ["6.7583+math.sin(q.anim_time*120*1-90)*2", 13.08015, -0.3358]
					}
				},
				"head": {
					"rotation": {
						"0.0": [-6.51534, -5.80445, -5.73293],
						"0.25": [8.48466, -5.80445, -5.73293],
						"0.7917": [-11.1582, -5.80445, -5.73293],
						"2.0": [-6.51534, -5.80445, -5.73293]
					},
					"position": {
						"0.0": [0, 0, "0+math.sin(q.anim_time*120*1-90)*0.4  "],
						"2.0": [0, 0, "0+math.sin(q.anim_time*120*1-90)*0.4  "]
					}
				},
				"blade2": {
					"rotation": {
						"0.0": [0, 0, 0],
						"2.0": [0, 0, 0]
					}
				},
				"blade": {
					"rotation": [0, 0, 0]
				},
				"helmet": {
					"rotation": {
						"0.0": [0, 0, 0],
						"2.0": [0, 0, 0]
					}
				},
				"hair": {
					"rotation": {
						"0.0": ["-38.3157-math.sin(q.anim_time*120*1-120)*3", 0.43349, 4],
						"0.25": ["-38.3189-math.sin(q.anim_time*120*1-120)*3", 0.39079, 4.03048],
						"0.7917": [-14.72642, 0.43349, 4],
						"1.5": [-22.2066, 0.72033, 3.84447],
						"2.0": ["-38.2764-math.sin(q.anim_time*120*1-120)*3", 0.9656, 3.57979]
					}
				},
				"hair2": {
					"rotation": {
						"0.0": [-14, 0, 0],
						"0.25": [-24, 0, 0],
						"0.7917": [-28.4, 0, 0],
						"1.5": [-28.4, 0, 0],
						"2.0": [-14, 0, 0]
					}
				},
				"hair3": {
					"rotation": {
						"0.0": ["-37.5+math.sin(q.anim_time*120*1-120)*1", 0, 0],
						"0.25": ["-47.5+math.sin(q.anim_time*120*1-120)*1", 0, 0],
						"0.7917": [-39.83, 0, 0],
						"1.5": [-39.83, 0, 0],
						"2.0": ["-37.5+math.sin(q.anim_time*120*1-120)*1", 0, 0]
					}
				},
				"hair4": {
					"rotation": {
						"0.0": ["-30-math.sin(q.anim_time*120*1-120)*2", 0, 0],
						"2.0": ["-30-math.sin(q.anim_time*120*1-120)*2", 0, 0]
					}
				},
				"hair5": {
					"rotation": {
						"0.0": ["-45.5+math.sin(q.anim_time*120*1-120)*4", 0, 0],
						"0.25": ["-40.5+math.sin(q.anim_time*120*1-120)*4", 0, 0],
						"2.0": ["-45.5+math.sin(q.anim_time*120*1-120)*4", 0, 0]
					}
				},
				"hair6": {
					"rotation": {
						"0.0": ["-38.4574-math.sin(q.anim_time*120*1-120)*4", 0.83421, -0.47691],
						"0.25": ["-40.9574-math.sin(q.anim_time*120*1-120)*4", 0.83421, -0.47691],
						"2.0": ["-38.4574-math.sin(q.anim_time*120*1-120)*4", 0.83421, -0.47691]
					},
					"position": {
						"0.0": [0, 0, 0],
						"2.0": [0, 0, 0]
					}
				},
				"haircorrection": {
					"rotation": {
						"0.0": [0, 0, 0],
						"2.0": [0, 0, 0]
					},
					"position": {
						"0.0": [0, 0, "0+math.sin(q.anim_time*120*1-90)*0.4  "],
						"2.0": [0, 0, "0+math.sin(q.anim_time*120*1-90)*0.4  "]
					}
				},
				"hair7": {
					"rotation": {
						"0.0": [180, 0, 0],
						"2.0": [180, 0, 0]
					},
					"position": {
						"0.0": [0, 5.91251, "-11.46250+math.sin(q.anim_time*120*1-90)*0.5"],
						"2.0": [0, 5.91251, "-11.46250+math.sin(q.anim_time*120*1-90)*0.5"]
					}
				},
				"hair8": {
					"rotation": [0, 0, 0]
				},
				"arm_left": {
					"rotation": {
						"0.0": [0, 0, 0],
						"0.7917": {
							"pre": [-2.81797, 27.47162, -1.30078],
							"post": [-2.81797, 27.47162, -1.30078],
							"lerp_mode": "catmullrom"
						},
						"1.5": {
							"post": [-2.81797, 27.47162, -1.30078],
							"lerp_mode": "catmullrom"
						},
						"2.0": [0, 0, 0]
					},
					"position": {
						"0.0": [0, 0, 0],
						"2.0": [0, 0, 0]
					}
				},
				"arm_left2": {
					"rotation": [0, 0, 0],
					"position": [0, 0, 0]
				},
				"arm_left3": {
					"rotation": {
						"0.0": [-10.10917, 2.75498, 55.44598],
						"0.25": [-13.54119, 19.94581, 11.08659],
						"0.7917": [-15.1294, 27.67127, 5.01794],
						"1.5": [-15.1294, 27.67127, 5.01794],
						"2.0": [-10.10917, 2.75498, 55.44598]
					},
					"position": {
						"0.0": [0.4, -0.54793, 0.33131],
						"2.0": [0.4, -0.54793, 0.33131]
					}
				},
				"arm_left4": {
					"rotation": {
						"0.0": ["161.1715+math.sin(q.anim_time*120*1-120)*2", 45.87992, "114.84+math.sin(q.anim_time*120*1-120)*2"],
						"0.25": ["177.3171+math.sin(q.anim_time*120*1-120)*2", 49.24325, "136.5888+math.sin(q.anim_time*120*1-120)*2"],
						"0.7917": [34.90311, 18.67471, -27.34996],
						"1.5": [34.90311, 18.67471, -27.34996],
						"2.0": ["161.1715+math.sin(q.anim_time*120*1-120)*2", 45.87992, "114.84+math.sin(q.anim_time*120*1-120)*2"]
					},
					"position": {
						"0.0": [1.40562, 1.46505, 0.19456],
						"0.2917": [1.57, 1.93, -0.34],
						"0.625": [-0.38, 2.47, 1.19],
						"0.7917": [0.41, 1.47, 0.19],
						"1.5": [0.41, 1.47, 0.19],
						"2.0": [1.40562, 1.46505, 0.19456]
					}
				},
				"hand_left": {
					"rotation": {
						"0.0": [25.37391, 8.39359, 44.12635],
						"0.7917": [-0.75229, 26.62873, -30.44447],
						"1.5": [-0.75229, 26.62873, -30.44447],
						"2.0": [25.37391, 8.39359, 44.12635]
					},
					"position": {
						"0.0": [-0.25545, -0.26553, -0.33799],
						"2.0": [-0.25545, -0.26553, -0.33799]
					}
				},
				"arm_right": {
					"rotation": {
						"0.0": [0, 0, 0],
						"0.7917": [0, -17.5, 0],
						"1.5": [0, -17.5, 0],
						"2.0": [0, 0, 0]
					},
					"position": {
						"0.0": [0, 0, 0],
						"2.0": [0, 0, 0]
					}
				},
				"arm_right2": {
					"rotation": {
						"0.0": [0, 0, 0],
						"2.0": [0, 0, 0]
					},
					"position": {
						"0.0": [0, 0, 0],
						"2.0": [0, 0, 0]
					}
				},
				"arm_right3": {
					"rotation": {
						"0.0": [2.91783, -5.94383, -52.26198],
						"0.25": [-0.45738, -6.60333, -22.08408],
						"0.5": [-6.61749, -30.97633, -10.17249],
						"1.5": [-6.61749, -30.97633, -10.17249],
						"2.0": [2.91783, -5.94383, -52.26198]
					},
					"position": {
						"0.0": [0, 0, 0],
						"2.0": [0, 0, 0]
					}
				},
				"arm_right4": {
					"rotation": {
						"0.0": ["111.6158+math.sin(q.anim_time*120*1-120)*2", "-55.3719-math.sin(q.anim_time*120*1-120)*2", -79.7584],
						"0.25": ["169.9423+math.sin(q.anim_time*120*1-120)*2", "-80.1815-math.sin(q.anim_time*120*1-120)*2", -141.486],
						"0.7917": ["4.2089+math.sin(q.anim_time*120*1-120)*2", "-20.529-math.sin(q.anim_time*120*1-120)*2", 26.158],
						"1.5": ["4.2089+math.sin(q.anim_time*120*1-120)*2", "-20.529-math.sin(q.anim_time*120*1-120)*2", 26.158],
						"2.0": ["111.6158+math.sin(q.anim_time*120*1-120)*2", "-55.3719-math.sin(q.anim_time*120*1-120)*2", -79.7584]
					},
					"position": {
						"0.0": {
							"post": [-0.07, -0.07, 0.26],
							"lerp_mode": "catmullrom"
						},
						"0.7917": {
							"post": [0.93, -0.07, 0.26],
							"lerp_mode": "catmullrom"
						},
						"1.5": {
							"post": [0.93, -0.07, 0.26],
							"lerp_mode": "catmullrom"
						},
						"2.0": {
							"post": [-0.07, -0.07, 0.26],
							"lerp_mode": "catmullrom"
						}
					}
				},
				"hand_right": {
					"rotation": {
						"0.0": [0, 0, "-33+math.sin(q.anim_time*120*1-120)*10"],
						"0.7917": [0, 0, "47+math.sin(q.anim_time*120*1-120)*10"],
						"1.5": [0, 0, "47+math.sin(q.anim_time*120*1-120)*10"],
						"2.0": [0, 0, "-33+math.sin(q.anim_time*120*1-120)*10"]
					},
					"position": {
						"0.0": [0, 0, 0],
						"2.0": [0, 0, 0]
					}
				},
				"leg_left1": {
					"rotation": {
						"0.0": ["-59.9727-math.sin(q.anim_time*90*10)*2", -35.52872, -11.46254],
						"2.0": ["-59.9727-math.sin(q.anim_time*90*10)*2", -35.52872, -11.46254]
					},
					"position": {
						"0.0": [0, -2, -3.6],
						"2.0": [0, -2, -3.6]
					}
				},
				"leg_left2": {
					"rotation": {
						"0.0": ["81.4154+math.sin(q.anim_time*90*10)*2", 1.26962, 26.8333],
						"2.0": ["81.4154+math.sin(q.anim_time*90*10)*2", 1.26962, 26.8333]
					},
					"position": {
						"0.0": [0, 1, 3],
						"2.0": [0, 1, 3]
					}
				},
				"foot_left": {
					"rotation": {
						"0.0": ["-10+math.sin(q.anim_time*90*10 )*2", 0, 0],
						"2.0": ["-10+math.sin(q.anim_time*90*10 )*2", 0, 0]
					},
					"position": {
						"0.0": {
							"post": [0, 0, -0.5],
							"lerp_mode": "catmullrom"
						},
						"2.0": {
							"post": [0, 0, -0.5],
							"lerp_mode": "catmullrom"
						}
					}
				},
				"leg_right1": {
					"rotation": {
						"0.0": ["-61.5234-math.sin(q.anim_time*90*1)*1", 36.92791, 10.55655],
						"2.0": ["-61.5234-math.sin(q.anim_time*90*1)*1", 36.92791, 10.55655]
					},
					"position": {
						"0.0": [0, -2.4, -3.6],
						"2.0": [0, -2.4, -3.6]
					}
				},
				"leg_right2": {
					"rotation": {
						"0.0": ["85.7123+math.sin(q.anim_time*90*1)*2", -2.70876, -28.7129],
						"2.0": ["85.7123+math.sin(q.anim_time*90*1)*2", -2.70876, -28.7129]
					},
					"position": {
						"0.0": [0, 1, 3],
						"2.0": [0, 1, 3]
					}
				},
				"foot_right": {
					"rotation": {
						"0.0": ["-10+math.sin(q.anim_time*90*1)*4", 0, 0],
						"2.0": ["-10+math.sin(q.anim_time*90*1)*4", 0, 0]
					},
					"position": {
						"0.0": [0, 0, "0+math.sin(q.anim_time*120*1-90)*0.4  "],
						"2.0": [0, 0, "0+math.sin(q.anim_time*120*1-90)*0.4  "]
					}
				}
			}
		},
		"animation.kingambit.idle": {
			"loop": true,
			"animation_length": 20.9583,
			"bones": {
				"kingambit": {
					"position": [0, -3.8, 0]
				},
				"waist": {
					"rotation": ["-4+math.sin(q.anim_time*120*1-180)*2", 0, 0],
					"position": [0, 0, -0.4]
				},
				"chest": {
					"rotation": ["8.4565+math.sin(q.anim_time*120*1-90)*2", 0, 0]
				},
				"neck": {
					"rotation": ["0+math.sin(q.anim_time*120*1-90)*2", 0, 0]
				},
				"head": {
					"rotation": [8.74212, 0, 0]
				},
				"helmet": {
					"rotation": [0, 0, 0]
				},
				"hair": {
					"rotation": ["-30.7661-math.sin(q.anim_time*120*1-120)*3", 1.18073, 2.20376]
				},
				"hair2": {
					"rotation": [-13.9872, 0, -2.42583]
				},
				"hair3": {
					"rotation": ["-45+math.sin(q.anim_time*120*1-120)*1", 0, 0]
				},
				"hair4": {
					"rotation": ["-32.5-math.sin(q.anim_time*120*1-120)*2", 0, 0]
				},
				"hair5": {
					"rotation": ["-38+math.sin(q.anim_time*120*1-120)*4", 0, 0]
				},
				"hair6": {
					"rotation": ["-33.4574-math.sin(q.anim_time*120*1-120)*4", 0.83421, -0.47691],
					"position": [0, 0, 0]
				},
				"hair7": {
					"rotation": [182, 0, 0],
					"position": [0, 5.91251, "-11.46250+math.sin(q.anim_time*120*1-90)*0.5"]
				},
				"arm_left3": {
					"rotation": [-7.93465, -11.53236, 45.09861],
					"position": [0.4, -0.54793, 0.33131]
				},
				"arm_left4": {
					"rotation": ["154.4221+math.sin(q.anim_time*120*1-120)*2", 42.88997, "105.2057+math.sin(q.anim_time*120*1-120)*2"],
					"position": [1.40562, 1.46505, 0.19456]
				},
				"lowerbody": {
					"position": [0, 0, -1.6]
				},
				"leg_left1": {
					"rotation": ["-61.5234-math.sin(q.anim_time*90*1)*1", -36.9279, -10.5566],
					"position": [0, -2.4, -3.6]
				},
				"leg_left2": {
					"rotation": {
						"0.0": ["85.7123+math.sin(q.anim_time*90*1)*2", 2.7088, 28.7129],
						"20.9583": ["81.42+math.sin(q.anim_time*90*2)*2", 1.27, 26.83]
					},
					"position": [0, 1, 3]
				},
				"foot_left": {
					"rotation": ["-10+math.sin(q.anim_time*90*1)*4", 0, 0]
				},
				"leg_right1": {
					"rotation": ["-61.5234-math.sin(q.anim_time*90*1)*1", 36.92791, 10.55655],
					"position": [0, -2.4, -3.6]
				},
				"leg_right2": {
					"rotation": ["85.7123+math.sin(q.anim_time*90*1)*2", -2.70876, -28.7129],
					"position": [0, 1, 3]
				},
				"foot_right": {
					"rotation": ["-10+math.sin(q.anim_time*90*1)*4", 0, 0]
				},
				"arm_right3": {
					"rotation": [-5.46237, 9.11037, -42.425],
					"position": [0.4, -0.54793, 0.33131]
				},
				"hand_left": {
					"rotation": [11.31072, 24.27862, -2.82594],
					"position": [-0.25545, -0.26553, -0.33799]
				},
				"arm_right4": {
					"rotation": ["152.409+math.sin(q.anim_time*120*1-120)*2", -41.72355, "-102.2154-  math.sin(q.anim_time*120*1-120)*2"],
					"position": [0.90183, 1.07657, -0.1968]
				},
				"hand_right": {
					"rotation": [9.04341, -25.16279, 8.24404],
					"position": [-0.25545, -0.26553, -0.33799]
				},
				"haircorrection": {
					"rotation": [0, 0, 0],
					"position": [0, 0, "0+math.sin(q.anim_time*120*1-90)*0.4  "]
				},
				"arm_right2": {
					"rotation": [0, 0, 0],
					"position": [0, 0, 0]
				}
			}
		}
	}
}