{
	"format_version": "1.8.0",
	"animations": {
		"animation.zweilous.ground_idle": {
			"loop": true,
			"animation_length": 16,
			"bones": {
				"neck_left": {
					"rotation": ["math.sin(q.anim_time*90*2-60)*-2+8.5", 0, "22.5+math.sin(q.anim_time*90*1-90)*1"]
				},
				"neck_left2": {
					"rotation": ["math.sin(q.anim_time*90*2+30)*-4+3.5", 0, "-10+math.sin(q.anim_time*90*1-30)*2"],
					"position": [0.1, -0.4, 0]
				},
				"neck_right": {
					"rotation": ["2.5+math.sin(q.anim_time*90*2-60)*2", 0, "-17.5+math.sin(q.anim_time*90*1-90)*-1"]
				},
				"neck_right2": {
					"rotation": ["5+math.sin(q.anim_time*90*2-120)*3", 0, "13.5+math.sin(q.anim_time*90*1-120)*2"]
				},
				"wing_right2": {
					"rotation": [0, 0, "-47.5+math.sin(q.anim_time*90*1.2-90)*-12"]
				},
				"tail": {
					"rotation": ["-7.5+math.sin(q.anim_time*90*2+60)*-3", "math.sin(q.anim_time*90*1-120)*9", 0]
				},
				"tail2": {
					"rotation": ["-5+math.sin(q.anim_time*90*2)*-3", "math.sin(q.anim_time*90*1-170)*11", 0]
				},
				"head_angle_left": {
					"rotation": [7.5, 0, 0]
				},
				"hair_down_left": {
					"rotation": ["math.sin(q.anim_time*90*2+10)*-3", 0, 0]
				},
				"head_angle_right": {
					"rotation": [-2.5, 0, 0]
				},
				"hair_down_right": {
					"rotation": ["math.sin(q.anim_time*90*2-50)*-2", 0, 0]
				},
				"body": {
					"position": [0, 1.7, 0]
				},
				"torso": {
					"rotation": ["math.sin(q.anim_time*90*2)*1", 0, "math.sin(q.anim_time*90*1-60)*3"],
					"position": [0, "math.cos(q.anim_time*90*2)*-0.1", 0]
				},
				"torso_fur_left": {
					"rotation": [0, 0, "math.sin(q.anim_time*90*2-90)*2"]
				},
				"torso_fur_left2": {
					"rotation": [0, 0, "math.sin(q.anim_time*90*2-150)*3"]
				},
				"torso_fur_right": {
					"rotation": [0, 0, "-(math.sin(q.anim_time*90*2-90)*2)"]
				},
				"torso_fur_front": {
					"rotation": ["math.sin(q.anim_time*90*2-90)*2", 0, 0]
				},
				"torso_fur_front2": {
					"rotation": ["math.sin(q.anim_time*90*2-150)*3", 0, 0]
				},
				"torso_fur_back": {
					"rotation": ["math.sin(q.anim_time*90*2-90)*-2", 0, 0]
				},
				"torso_fur_back2": {
					"rotation": ["math.sin(q.anim_time*90*2-150)*-3", 0, 0]
				},
				"neck_fur_left_left": {
					"rotation": ["math.sin(q.anim_time*90*2-60)*-7", 0, -2.5]
				},
				"neck_fur_left_right": {
					"rotation": ["math.sin(q.anim_time*90*2-60)*-7", 0, 0]
				},
				"hair_up_left": {
					"rotation": ["-1.5+math.sin(q.anim_time*90*2)*-3", 0, 0]
				},
				"hair_left_left": {
					"rotation": [0, "math.sin(q.anim_time*90*1+30)*2", 0]
				},
				"hair_right_left": {
					"rotation": [0, "math.sin(q.anim_time*90*1+30)*2", 0]
				},
				"head_points_left": {
					"rotation": ["-30+math.sin(q.anim_time*90*2+30)*-8", 0, 0]
				},
				"head_point_left_left": {
					"rotation": ["math.sin(q.anim_time*90*2+50)*-2", 0, "math.sin(q.anim_time*90*1+40)*-10"]
				},
				"head_point_left_left2": {
					"rotation": ["math.sin(q.anim_time*90*2)*-5", 0, 0]
				},
				"head_point_right_left": {
					"rotation": ["math.sin(q.anim_time*90*2+10)*-2", 0, "math.sin(q.anim_time*90*1+20)*-10"]
				},
				"head_point_right_left2": {
					"rotation": ["math.sin(q.anim_time*90*2-40)*-5", 0, 0]
				},
				"neck_fur_right_right": {
					"rotation": ["math.sin(q.anim_time*90*2-160)*5", 0, 0]
				},
				"neck_fur_right_left": {
					"rotation": ["math.sin(q.anim_time*90*2-160)*5", 0, 0]
				},
				"hair_up_right": {
					"rotation": ["math.sin(q.anim_time*90*2-60)*-2", 0, 0]
				},
				"hair_left_right": {
					"rotation": [0, "math.sin(q.anim_time*90*1+30)*2", 0]
				},
				"hair_right_right": {
					"rotation": [0, "math.sin(q.anim_time*90*1+30)*2", 0]
				},
				"head_points_right": {
					"rotation": ["20+math.sin(q.anim_time*90*2-190)*5", 0, 0]
				},
				"head_point_right_right": {
					"rotation": ["math.sin(q.anim_time*90*2-210)*2", 0, "math.sin(q.anim_time*90*1+20)*-8"]
				},
				"head_point_right_right2": {
					"rotation": ["math.sin(q.anim_time*90*2-260)*5", 0, 0]
				},
				"head_point_left_right": {
					"rotation": ["math.sin(q.anim_time*90*2-170)*2", 0, "math.sin(q.anim_time*90*1+40)*-8"]
				},
				"head_point_left_right2": {
					"rotation": ["math.sin(q.anim_time*90*2-220)*5", 0, 0]
				},
				"wing_left": {
					"rotation": [-10, -10, "32.5+math.sin(q.anim_time*90*1.2)*9"]
				},
				"wing_left2": {
					"rotation": [0, 0, "47.5+math.sin(q.anim_time*90*1.2-90)*12"]
				},
				"wing_right": {
					"rotation": [-10, 10, "-32.5+math.sin(q.anim_time*90*1.2)*-9"]
				},
				"leg_front_left": {
					"relative_to": {
						"rotation": "entity"
					},
					"rotation": [0, 37.5, 0]
				},
				"leg_front_left2": {
					"rotation": [0, 0, "-15+math.sin(q.anim_time*90*1)*3+math.sin(q.anim_time*90*2+90)*3"]
				},
				"leg_front_right": {
					"rotation": [0, -37.5, 0]
				},
				"leg_front_right2": {
					"rotation": [0, 0, "17.5+math.sin(q.anim_time*90*1)*3+math.sin(q.anim_time*90*2+90)*3"]
				},
				"leg_back_left": {
					"rotation": [0, -22.5, 0]
				},
				"leg_back_left2": {
					"rotation": [0, 0, "-20-(math.sin(q.anim_time*90*1)*-3+math.sin(q.anim_time*90*2+90)*-3)"]
				},
				"leg_back_right": {
					"rotation": [0, 22.5, 0]
				},
				"leg_back_right2": {
					"rotation": [0, 0, "20+math.sin(q.anim_time*90*1)*3+math.sin(q.anim_time*90*2+90)*3"]
				},
				"head_left": {
					"rotation": ["math.sin(q.anim_time*90*2)*4+math.sin(q.anim_time*90*2+90)*-4", "math.sin(q.anim_time*90*1+120)*-2", "math.sin(q.anim_time*90*1+90)*4"]
				},
				"head_correction_left": {
					"rotation": [-15, -7.5, -5]
				},
				"head_right": {
					"rotation": ["math.sin(q.anim_time*90*2-100)*-5+math.sin(q.anim_time*90*2-160)*3", "math.sin(q.anim_time*90*1-90)*2", "math.sin(q.anim_time*90*1)*-1"]
				},
				"head_correction_right": {
					"rotation": [-6.5, 5, 5]
				},
				"wing_right3": {
					"rotation": [0, 0, "-7.5+math.sin(q.anim_time*90*1.2-130)*-14"]
				},
				"wing_left3": {
					"rotation": [0, 0, "7.5+math.sin(q.anim_time*90*1.2-130)*14"]
				},
				"leg_back_right_correction": {
					"rotation": [0, 0, "-20+math.sin(q.anim_time*90*1)*-3+math.sin(q.anim_time*90*2+90)*-3"],
					"position": [
						"math.sin(q.anim_time*90*1)*-0.1+math.sin(q.anim_time*90*2+90)*-0.1",
						"0+math.sin(q.anim_time*90*1)*0.35+math.sin(q.anim_time*90*2+90)*0.35",
						0
					]
				},
				"leg_front_right_correction": {
					"rotation": [0, 0, "-17.5+math.sin(q.anim_time*90*1)*-3+math.sin(q.anim_time*90*2+90)*-3"],
					"position": [
						"math.sin(q.anim_time*90*1)*-0.1+math.sin(q.anim_time*90*2+90)*-0.1",
						"0.3+math.sin(q.anim_time*90*1)*0.35+math.sin(q.anim_time*90*2+90)*0.35",
						0
					]
				},
				"leg_front_left_correction": {
					"rotation": [0, 0, "15+math.sin(q.anim_time*90*1)*-3+math.sin(q.anim_time*90*2+90)*-3"],
					"position": [
						"math.sin(q.anim_time*90*1)*-0.1+math.sin(q.anim_time*90*2+90)*-0.1",
						"math.sin(q.anim_time*90*1)*-0.35+math.sin(q.anim_time*90*2+90)*-0.35",
						0
					]
				},
				"leg_back_left_correction": {
					"rotation": [0, 0, "20-(math.sin(q.anim_time*90*1)*3+math.sin(q.anim_time*90*2+90)*3)"],
					"position": [
						"-(math.sin(q.anim_time*90*1)*0.1+math.sin(q.anim_time*90*2+90)*0.1)",
						"math.sin(q.anim_time*90*1)*-0.35+math.sin(q.anim_time*90*2+90)*-0.35",
						0
					]
				}
			}
		},
		"animation.zweilous.battle_idle": {
			"loop": true,
			"animation_length": 16,
			"bones": {
				"neck_left": {
					"rotation": ["math.sin(q.anim_time*90*2-60)*-2+32", -24, "27+math.sin(q.anim_time*90*1-90)*1"]
				},
				"neck_left2": {
					"rotation": ["math.sin(q.anim_time*90*2+30)*-4+11", 7.5, "-25+math.sin(q.anim_time*90*1-30)*2"],
					"position": [0.1, -0.8, 0]
				},
				"neck_right": {
					"rotation": ["-12.5+math.sin(q.anim_time*90*2-60)*2", 0, "-5+math.sin(q.anim_time*90*1-90)*-1"]
				},
				"neck_right2": {
					"rotation": ["6.9207+math.sin(q.anim_time*90*2-120)*3", -0.01862, "6.0682+math.sin(q.anim_time*90*1-120)*2"]
				},
				"wing_right2": {
					"rotation": [0, 0, "-47.5+math.sin(q.anim_time*90*1.2-90)*-12"]
				},
				"tail": {
					"rotation": ["-7.5+math.sin(q.anim_time*90*2+60)*-3", "math.sin(q.anim_time*90*1-120)*9", 0]
				},
				"tail2": {
					"rotation": ["-5+math.sin(q.anim_time*90*2)*-3", "math.sin(q.anim_time*90*1-170)*11", 0]
				},
				"head_angle_left": {
					"rotation": [7.5, 0, 0]
				},
				"hair_down_left": {
					"rotation": ["38+math.sin(q.anim_time*90*2+10)*-3", 0, 0]
				},
				"head_angle_right": {
					"rotation": [5, 0, 0]
				},
				"hair_down_right": {
					"rotation": ["22.5+math.sin(q.anim_time*90*2-50)*-2", 0, 0]
				},
				"body": {
					"position": [0, 1.7, 0]
				},
				"torso": {
					"rotation": ["5+math.sin(q.anim_time*90*2)*1", 0, "math.sin(q.anim_time*90*1-60)*3"],
					"position": [0, "math.cos(q.anim_time*90*2)*-0.1", 0]
				},
				"torso_fur_left": {
					"rotation": [0, 0, "math.sin(q.anim_time*90*2-90)*2"]
				},
				"torso_fur_left2": {
					"rotation": [0, 0, "math.sin(q.anim_time*90*2-150)*3"]
				},
				"torso_fur_right": {
					"rotation": [0, 0, "-(math.sin(q.anim_time*90*2-90)*2)"]
				},
				"torso_fur_front": {
					"rotation": ["math.sin(q.anim_time*90*2-90)*2", 0, 0]
				},
				"torso_fur_front2": {
					"rotation": ["math.sin(q.anim_time*90*2-150)*3", 0, 0]
				},
				"torso_fur_back": {
					"rotation": ["math.sin(q.anim_time*90*2-90)*-2", 0, 0]
				},
				"torso_fur_back2": {
					"rotation": ["math.sin(q.anim_time*90*2-150)*-3", 0, 0]
				},
				"neck_fur_left_left": {
					"rotation": ["math.sin(q.anim_time*90*2-60)*-7", 0, -2.5]
				},
				"neck_fur_left_right": {
					"rotation": ["math.sin(q.anim_time*90*2-60)*-7", 0, 0]
				},
				"hair_up_left": {
					"rotation": ["-1.5+math.sin(q.anim_time*90*2)*-3", 0, 0]
				},
				"hair_left_left": {
					"rotation": [0, "math.sin(q.anim_time*90*1+30)*2", 0]
				},
				"hair_right_left": {
					"rotation": [0, "math.sin(q.anim_time*90*1+30)*2", 0]
				},
				"head_points_left": {
					"rotation": ["-30+math.sin(q.anim_time*90*2+30)*-8", 0, 0]
				},
				"head_point_left_left": {
					"rotation": ["math.sin(q.anim_time*90*2+50)*-2", 0, "math.sin(q.anim_time*90*1+40)*-10"]
				},
				"head_point_left_left2": {
					"rotation": ["math.sin(q.anim_time*90*2)*-5", 0, 0]
				},
				"head_point_right_left": {
					"rotation": ["math.sin(q.anim_time*90*2+10)*-2", 0, "math.sin(q.anim_time*90*1+20)*-10"]
				},
				"head_point_right_left2": {
					"rotation": ["math.sin(q.anim_time*90*2-40)*-5", 0, 0]
				},
				"neck_fur_right_right": {
					"rotation": ["math.sin(q.anim_time*90*2-160)*5", 0, 0]
				},
				"neck_fur_right_left": {
					"rotation": ["math.sin(q.anim_time*90*2-160)*5", 0, 0]
				},
				"hair_up_right": {
					"rotation": ["math.sin(q.anim_time*90*2-60)*-2", 0, 0]
				},
				"hair_left_right": {
					"rotation": [0, "math.sin(q.anim_time*90*1+30)*2", 0]
				},
				"hair_right_right": {
					"rotation": [0, "math.sin(q.anim_time*90*1+30)*2", 0]
				},
				"head_points_right": {
					"rotation": ["20+math.sin(q.anim_time*90*2-190)*5", 0, 0]
				},
				"head_point_right_right": {
					"rotation": ["math.sin(q.anim_time*90*2-210)*2", 0, "math.sin(q.anim_time*90*1+20)*-8"]
				},
				"head_point_right_right2": {
					"rotation": ["math.sin(q.anim_time*90*2-260)*5", 0, 0]
				},
				"head_point_left_right": {
					"rotation": ["math.sin(q.anim_time*90*2-170)*2", 0, "math.sin(q.anim_time*90*1+40)*-8"]
				},
				"head_point_left_right2": {
					"rotation": ["math.sin(q.anim_time*90*2-220)*5", 0, 0]
				},
				"wing_left": {
					"rotation": [-10, -10, "32.5+math.sin(q.anim_time*90*1.2)*9"]
				},
				"wing_left2": {
					"rotation": [0, 0, "47.5+math.sin(q.anim_time*90*1.2-90)*12"]
				},
				"wing_right": {
					"rotation": [-10, 10, "-32.5+math.sin(q.anim_time*90*1.2)*-9"]
				},
				"leg_front_left": {
					"relative_to": {
						"rotation": "entity"
					},
					"rotation": [0, 37.5, 0]
				},
				"leg_front_left2": {
					"rotation": [0, 0, "-10+math.sin(q.anim_time*90*1)*3+math.sin(q.anim_time*90*2+90)*3"]
				},
				"leg_front_right": {
					"rotation": [0, -37.5, 0]
				},
				"leg_front_right2": {
					"rotation": [0, 0, "10+math.sin(q.anim_time*90*1)*3+math.sin(q.anim_time*90*2+90)*3"]
				},
				"leg_back_left": {
					"rotation": [0, -22.5, 0]
				},
				"leg_back_left2": {
					"rotation": [0, 0, "-30+math.sin(q.anim_time*90*1)*3+math.sin(q.anim_time*90*2+90)*3"]
				},
				"leg_back_right": {
					"rotation": [0, 22.5, 0]
				},
				"leg_back_right2": {
					"rotation": [0, 0, "30+math.sin(q.anim_time*90*1)*3+math.sin(q.anim_time*90*2+90)*3"]
				},
				"head_left": {
					"rotation": ["math.sin(q.anim_time*90*2)*4+math.sin(q.anim_time*90*2+90)*-4", "math.sin(q.anim_time*90*1+120)*-2", "math.sin(q.anim_time*90*1+90)*4"]
				},
				"head_correction_left": {
					"rotation": [-52.5, 5, -10],
					"position": [0, -0.3, -0.7]
				},
				"head_right": {
					"rotation": ["math.sin(q.anim_time*90*2-100)*-5+math.sin(q.anim_time*90*2-160)*3", "math.sin(q.anim_time*90*1-90)*2", "math.sin(q.anim_time*90*1)*-1"]
				},
				"head_correction_right": {
					"rotation": [1, 5, 2.5]
				},
				"wing_right3": {
					"rotation": [0, 0, "-7.5+math.sin(q.anim_time*90*1.2-130)*-14"]
				},
				"wing_left3": {
					"rotation": [0, 0, "7.5+math.sin(q.anim_time*90*1.2-130)*14"]
				},
				"leg_back_right_correction": {
					"rotation": [0, 0, "-30+math.sin(q.anim_time*90*1)*-3+math.sin(q.anim_time*90*2+90)*-3"],
					"position": [
						"math.sin(q.anim_time*90*1)*-0.2+math.sin(q.anim_time*90*2+90)*-0.2",
						"1+math.sin(q.anim_time*90*1)*0.31+math.sin(q.anim_time*90*2+90)*0.31",
						0
					]
				},
				"leg_front_right_correction": {
					"rotation": [0, 0, "-10+math.sin(q.anim_time*90*1)*-3+math.sin(q.anim_time*90*2+90)*-3"],
					"position": [
						"math.sin(q.anim_time*90*1)*-0.1+math.sin(q.anim_time*90*2+90)*-0.1",
						"-0.5+math.sin(q.anim_time*90*1)*0.35+math.sin(q.anim_time*90*2+90)*0.35",
						0
					]
				},
				"leg_front_left_correction": {
					"rotation": [0, 0, "10+math.sin(q.anim_time*90*1)*-3+math.sin(q.anim_time*90*2+90)*-3"],
					"position": [
						"math.sin(q.anim_time*90*1)*-0.1+math.sin(q.anim_time*90*2+90)*-0.1",
						"-0.5+math.sin(q.anim_time*90*1)*-0.35+math.sin(q.anim_time*90*2+90)*-0.35",
						0
					]
				},
				"leg_back_left_correction": {
					"rotation": [0, 0, "30+math.sin(q.anim_time*90*1)*-3+math.sin(q.anim_time*90*2+90)*-3"],
					"position": [
						"math.sin(q.anim_time*90*1)*-0.2+math.sin(q.anim_time*90*2+90)*-0.2",
						"1+math.sin(q.anim_time*90*1)*-0.31+math.sin(q.anim_time*90*2+90)*-0.31",
						0
					]
				},
				"jaw_left": {
					"rotation": ["32.5+math.sin(q.anim_time*90*2)*-5", 0, 0]
				},
				"jaw_right": {
					"rotation": ["20+math.sin(q.anim_time*90*2-160)*3", 0, 0]
				}
			}
		},
		"animation.zweilous.sleep": {
			"loop": true,
			"bones": {
				"body": {
					"position": [0, -1.5, 0]
				},
				"leg_front_left": {
					"rotation": [0, 127.5, 0],
					"position": [-0.75, 0, 0]
				},
				"leg_front_left_correction": {
					"rotation": [-93.00486, -37.47758, 1.07717]
				},
				"leg_front_left2": {
					"rotation": [5, 0, -10]
				},
				"claw_front_left": {
					"rotation": [0, 0, 55]
				},
				"claw_front_left2": {
					"rotation": [55, 0, 0]
				},
				"leg_front_right": {
					"rotation": [0, -117.5, 0],
					"position": [0.75, 0, 0]
				},
				"leg_front_right_correction": {
					"rotation": [-92.5, 17.5, 0]
				},
				"leg_front_right2": {
					"rotation": [5, 0, 20]
				},
				"claw_front_right": {
					"rotation": [0, 0, -55]
				},
				"claw_front_right2": {
					"rotation": [55, 0, 0]
				},
				"leg_back_left": {
					"rotation": [0, 27.5, 0],
					"position": [2, -2, -1.6]
				},
				"leg_back_left_correction": {
					"rotation": [-17.5, 42.5, -30]
				},
				"leg_back_left2": {
					"rotation": [0, 0, -17.5]
				},
				"leg_back_left3": {
					"rotation": [2.5, 0, 27.5],
					"position": [0.25, 0.925, 0]
				},
				"leg_back_right": {
					"rotation": [0, -27.5, 0],
					"position": [-2, -2, -1.6]
				},
				"leg_back_right_correction": {
					"rotation": [-17.5, -42.5, 30]
				},
				"leg_back_right2": {
					"rotation": [0, 0, 17.5]
				},
				"leg_back_right3": {
					"rotation": [2.5, 0, -27.5],
					"position": [-0.25, 0.925, 0]
				},
				"neck_left": {
					"rotation": [23.9568, -32.61461, 14.03217]
				},
				"neck_left2": {
					"rotation": [22.5, 0, 0]
				},
				"head_angle_left": {
					"rotation": [15, 0, 0]
				},
				"neck_right": {
					"rotation": [17.5, 0, -32.5]
				},
				"neck_right2": {
					"rotation": [20.44582, 11.73507, 4.3361]
				},
				"head_angle_right": {
					"rotation": [20, 0, 0]
				},
				"wing_left": {
					"rotation": [-12.22474, -7.09244, "47.3833+math.sin(q.anim_time*90*1.2)*9"]
				},
				"wing_left2": {
					"rotation": [0, 0, "37.5+math.sin(q.anim_time*90*1.2-90)*12"]
				},
				"wing_left3": {
					"rotation": [0, 0, "15+math.sin(q.anim_time*90*1.2-130)*14"]
				},
				"wing_right": {
					"rotation": [-12.22474, 7.09244, "-47.3833+math.sin(q.anim_time*90*1.2)*-9"]
				},
				"wing_right2": {
					"rotation": [0, 0, "-47.5+math.sin(q.anim_time*90*1.2-90)*-12"]
				},
				"wing_right3": {
					"rotation": [0, 0, "-7.5+math.sin(q.anim_time*90*1.2-130)*-14"]
				},
				"tail": {
					"rotation": [-17.5, 0, 0]
				},
				"jaw_left": {
					"rotation": ["5+math.sin(q.anim_time*90*0.5-152)*5", 0, 0]
				},
				"jaw_right": {
					"rotation": ["5+math.sin(q.anim_time*120*0.5-452)*5", 0, 0]
				}
			}
		},
		"animation.zweilous.ground_walk": {
			"loop": true,
			"animation_length": 1.5833,
			"bones": {
				"body": {
					"position": [0, 1.7, 0]
				},
				"torso": {
					"rotation": ["0+math.cos(query.anim_time*90*5/2*2)*3/2", "0-math.cos(query.anim_time*90*5/2-90)*1", "0+math.cos(query.anim_time*90*5/2)*3"],
					"position": {
						"0.0": [0, "0+math.sin(query.anim_time*90*5/2*2)*0.4", 0],
						"0.4167": [0, "0+math.sin(query.anim_time*90*5/2*2)*0.4", 0],
						"0.4583": [0, "0+math.sin(query.anim_time*90*5/2*5)*0.1", 0],
						"0.75": [0, "0+math.sin(query.anim_time*90*5/2*2)*0.4", 0],
						"1.2083": [0, "0+math.sin(query.anim_time*90*5/2*2)*0.4", 0],
						"1.25": [0, "0+math.sin(query.anim_time*90*5/2*5)*0.1", 0],
						"1.5417": [0, "0+math.sin(query.anim_time*90*5/2*2)*0.4", 0]
					}
				},
				"torso_fur_left2": {
					"rotation": [0, 0, "math.cos(query.anim_time*90*5/2*2-160)*6"]
				},
				"torso_fur_right2": {
					"rotation": [0, 0, "math.cos(query.anim_time*90*5/2*2-160)*6"]
				},
				"torso_fur_front2": {
					"rotation": ["0+math.cos(query.anim_time*90*5/2*2-120)*8", 0, 0]
				},
				"torso_fur_back": {
					"rotation": ["-0.0224+math.sin(q.anim_time*90*5-110)*7", 1.15818, -2.21569]
				},
				"torso_fur_back2": {
					"rotation": ["math.sin(q.anim_time*90*5-160)*1", 0, 0]
				},
				"neck_left": {
					"rotation": ["5.0837+math.sin(q.anim_time*90*5)*5", -2.102, 22.40668]
				},
				"neck_left2": {
					"rotation": ["9-math.sin(q.anim_time*90*5-25)*5", 0, -11]
				},
				"head_angle_left": {
					"rotation": ["math.sin(q.anim_time*90*5-4)*5", 0, 0]
				},
				"head_point_left_left": {
					"rotation": ["math.sin(q.anim_time*90*5-15)*5", 0, 0]
				},
				"head_point_left_left2": {
					"rotation": ["-5+math.sin(q.anim_time*90*5-15)*5", 0, 0]
				},
				"head_point_right_left": {
					"rotation": ["5+math.sin(q.anim_time*90*5-15)*5", 0, 0]
				},
				"head_point_right_left2": {
					"rotation": ["-2.5+math.sin(q.anim_time*90*5-15)*5", 0, 0]
				},
				"neck_right": {
					"rotation": ["5.0837+math.sin(q.anim_time*90*5)*3/2", 2.102, -22.40668]
				},
				"neck_right2": {
					"rotation": ["1.5-math.sin(q.anim_time*90*5-35)*5", 0, 11],
					"position": [-0.1, -0.4, 0]
				},
				"head_angle_right": {
					"rotation": ["12.5+math.sin(q.anim_time*90*5-15)*5", 0, 0]
				},
				"head_point_right_right": {
					"rotation": ["12.5+math.sin(q.anim_time*90*5-15)*5", 0, 0]
				},
				"head_point_right_right2": {
					"rotation": ["-12.5+math.sin(q.anim_time*90*5-15)*5", 0, 0]
				},
				"head_point_left_right": {
					"rotation": ["12.5+math.sin(q.anim_time*90*5-15)*5", 0, 0]
				},
				"head_point_left_right2": {
					"rotation": ["-12.5+math.sin(q.anim_time*90*5-15)*5", 0, 0]
				},
				"wing_left": {
					"rotation": [-10, -10, "32.5+math.sin(q.anim_time*90*5-5)*9"]
				},
				"wing_left2": {
					"rotation": [0, 0, "47.5+math.sin(q.anim_time*90*5-90)*12"]
				},
				"wing_left3": {
					"rotation": [0, 0, "7.5+math.sin(q.anim_time*90*5-130)*14"]
				},
				"wing_right": {
					"rotation": [-10, 10, "-32.5-math.sin(q.anim_time*90*5-5)*9"]
				},
				"wing_right2": {
					"rotation": [0, 0, "-47.5-math.sin(q.anim_time*90*5-90)*12"]
				},
				"wing_right3": {
					"rotation": [0, 0, "-7.5-math.sin(q.anim_time*90*5-130)*14"]
				},
				"tail": {
					"rotation": ["-12.5+math.sin(q.anim_time*90*5-25)*6", "math.cos(q.anim_time*90*5-80)*3", "-math.sin(q.anim_time*90*5)*2"]
				},
				"leg_front_left": {
					"rotation": [0, 37.5, 0]
				},
				"leg_front_left_correction": {
					"rotation": ["-0.592+math.sin(q.anim_time*90*5/2+30)*20", -3.40485, 19.71975],
					"position": {
						"0.0": [0, "0+math.clamp(math.cos(q.anim_time*90*5/2+3/4-180)*1,0,1)", "0+math.sin(q.anim_time*90*5/2+3/4)*1"],
						"1.0833": [0, "0+math.clamp(math.cos(q.anim_time*90*5/2+3/4-180)*1,0,1)", "0+math.sin(q.anim_time*90*5/2+3/4)*1"],
						"1.125": [0, -0.06, "0+math.sin(q.anim_time*90*5/2+3/4)*1"],
						"1.2083": [0, "-1+math.clamp(math.cos(q.anim_time*90*5/2+3/4-180)*1,0,1)", "0+math.sin(q.anim_time*90*5/2+3/4)*1"],
						"1.5": [0, "0+math.clamp(math.cos(q.anim_time*90*5/2+3/4-180)*1,0,1)", "0+math.sin(q.anim_time*90*5/2+3/4)*1"]
					}
				},
				"leg_front_left2": {
					"rotation": {
						"0.0": [0, 0, -12.5],
						"0.2917": {
							"pre": [0, 0, -12.5],
							"post": [0, 0, -12.5],
							"lerp_mode": "catmullrom"
						},
						"0.6667": {
							"post": [0, 0, -38.5],
							"lerp_mode": "catmullrom"
						},
						"1.0833": {
							"post": [0, 0, -40.5],
							"lerp_mode": "catmullrom"
						},
						"1.2083": [0, 0, -25.5],
						"1.4583": {
							"pre": [0, 0, -14.94025],
							"post": [0, 0, -14.94025],
							"lerp_mode": "catmullrom"
						},
						"1.5833": [0, 0, -12.5]
					}
				},
				"leg_front_right": {
					"rotation": [0, -22.5, -20]
				},
				"leg_front_right_correction": {
					"rotation": ["0-math.sin(q.anim_time*90*5/2+30)*20", 0, 0],
					"position": {
						"0.0": [0, "0+math.clamp(math.cos(q.anim_time*90*5/2+3/4)*1,0,1)", "0-math.sin(q.anim_time*90*5/2+30/4)*1"],
						"0.2917": [0, "0+math.clamp(math.cos(q.anim_time*90*5/2+3/4)*1,0,1)", "0-math.sin(q.anim_time*90*5/2+30/4)*1"],
						"0.4167": [0, "-0.75+math.clamp(math.cos(q.anim_time*90*5/2+3/4)*1,0,1)", "0-math.sin(q.anim_time*90*5/2+30/4)*1"],
						"0.5833": [0, "0+math.clamp(math.cos(q.anim_time*90*5/2+3/4)*1,0,1)", "0-math.sin(q.anim_time*90*5/2+30/4)*1"]
					}
				},
				"leg_front_right2": {
					"rotation": {
						"0.0": [0, 0, 37.5],
						"0.2917": {
							"pre": [0, 0, 40.5],
							"post": [0, 0, 40.5],
							"lerp_mode": "catmullrom"
						},
						"0.4167": [0, 0, 17.5],
						"0.5833": [0, 0, 5],
						"0.875": [0, 0, 7.5],
						"1.2917": {
							"pre": [0, 0, 37.5],
							"post": [0, 0, 37.5],
							"lerp_mode": "catmullrom"
						},
						"1.5833": [0, 0, 37.5]
					},
					"position": [0, 0, 0]
				},
				"leg_back_left": {
					"rotation": [0, -22.5, 20]
				},
				"leg_back_left_correction": {
					"rotation": ["0-math.sin(q.anim_time*90*5/2)*20", 0, 0],
					"position": {
						"0.0": [0, "0+math.clamp(math.cos(q.anim_time*90*5/2)*1,0,1)", "0-math.sin(q.anim_time*90*5/2)*1"],
						"0.2917": [0, "0+math.clamp(math.cos(q.anim_time*90*5/2)*1,0,1)", "0-math.sin(q.anim_time*90*5/2)*1"],
						"0.4167": [0, "-1+math.clamp(math.cos(q.anim_time*90*5/2)*1,0,1)", "0-math.sin(q.anim_time*90*5/2)*1"],
						"0.75": [0, "0+math.clamp(math.cos(q.anim_time*90*5/2)*1,0,1)", "0-math.sin(q.anim_time*90*5/2)*1"]
					}
				},
				"leg_back_left2": {
					"rotation": {
						"0.0": {
							"post": [0, 0, -20],
							"lerp_mode": "catmullrom"
						},
						"0.2083": {
							"post": [0, 0, -30],
							"lerp_mode": "catmullrom"
						},
						"0.375": {
							"post": [0, 0, -20],
							"lerp_mode": "catmullrom"
						},
						"0.5417": [0, 0, -17.5],
						"0.8333": {
							"pre": [0, 0, -2.5],
							"post": [0, 0, -2.5],
							"lerp_mode": "catmullrom"
						},
						"1.25": {
							"post": [0, 0, -7.5],
							"lerp_mode": "catmullrom"
						},
						"1.5833": {
							"post": [0, 0, -20],
							"lerp_mode": "catmullrom"
						}
					},
					"position": [0, 0, 0]
				},
				"leg_back_right": {
					"rotation": [0, 22.5, -20]
				},
				"leg_back_right_correction": {
					"rotation": ["0+math.sin(q.anim_time*90*5/2)*20", 0, 0],
					"position": {
						"0.0": [0, "0+math.clamp(math.cos(q.anim_time*90*5/2-180)*1,0,1)", "0+math.sin(q.anim_time*90*5/2)*1"],
						"1.0833": [0, "0+math.clamp(math.cos(q.anim_time*90*5/2-180)*1,0,1)", "0+math.sin(q.anim_time*90*5/2)*1"],
						"1.2083": [0, "-1+math.clamp(math.cos(q.anim_time*90*5/2-180)*1,0,1)", "0+math.sin(q.anim_time*90*5/2)*1"],
						"1.5833": [0, "0+math.clamp(math.cos(q.anim_time*90*5/2-180)*1,0,1)", "0+math.sin(q.anim_time*90*5/2)*1"]
					}
				},
				"leg_back_right2": {
					"rotation": {
						"0.0": [0, 0, 17.5],
						"0.0417": [0, 0, 17.5],
						"0.4583": [0, 0, 7.5],
						"0.7917": {
							"pre": [0, 0, 20],
							"post": [0, 0, 20],
							"lerp_mode": "catmullrom"
						},
						"1.0": {
							"post": [0, 0, 31.5],
							"lerp_mode": "catmullrom"
						},
						"1.1667": [0, 0, 20],
						"1.3333": [0, 0, 17.5],
						"1.5833": [0, 0, 17.5]
					},
					"position": [0, 0, 0]
				}
			}
		}
	}
}