{
	"format_version": "1.12.0",
	"minecraft:geometry": [
		{
			"description": {
				"identifier": "geometry.heracross_male",
				"texture_width": 128,
				"texture_height": 64,
				"visible_bounds_width": 5,
				"visible_bounds_height": 4.5,
				"visible_bounds_offset": [0, 1.75, 0]
			},
			"bones": [
				{
					"name": "heracross",
					"pivot": [0, 0, 0]
				},
				{
					"name": "body",
					"parent": "heracross",
					"pivot": [0, 6.5, 0]
				},
				{
					"name": "torso",
					"parent": "body",
					"pivot": [0, 6.5, 0],
					"cubes": [
						{"origin": [-5, 21.5, -1.5], "size": [10, 2, 7], "uv": [33, 0]},
						{"origin": [-6, 6.5, -2.5], "size": [12, 15, 9], "uv": [0, 0]},
						{"origin": [-3, 11.5, -2.5], "size": [6, 0, 2], "pivot": [0, 11.5, -0.5], "rotation": [45, 0, 0], "uv": [28, 9]},
						{"origin": [-3, 9.5, -2.5], "size": [6, 0, 2], "pivot": [0, 9.5, -0.5], "rotation": [45, 0, 0], "uv": [28, 9]},
						{"origin": [-3, 7, -2.5], "size": [0, 6, 2], "uv": [30, 35]},
						{"origin": [-3, 7.5, -2.5], "size": [6, 0, 2], "uv": [28, 9]},
						{"origin": [-3, 11.5, -2.5], "size": [6, 0, 2], "uv": [28, 9]},
						{"origin": [3, 7, -2.5], "size": [0, 6, 2], "uv": [30, 35], "mirror": true},
						{"origin": [-3, 7, -0.5], "size": [6, 6, 0], "uv": [51, 9]},
						{"origin": [-5, 4.5, -1.5], "size": [10, 2, 7], "uv": [42, 9]}
					]
				},
				{
					"name": "horn4",
					"parent": "torso",
					"pivot": [0, 23.25, 0.5],
					"rotation": [-100, 0, 0],
					"cubes": [
						{"origin": [-2, 23, -4.5], "size": [4, 4, 6], "pivot": [0, 24.25, 0.5], "rotation": [0, 0, -180], "uv": [24, 33]},
						{"origin": [0, 20.5, -4], "size": [0, 2, 2], "pivot": [0, 21.5, -3], "rotation": [-45, 0, -180], "uv": [32, 37]}
					]
				},
				{
					"name": "horn5",
					"parent": "horn4",
					"pivot": [0, 23.25, -4],
					"rotation": [7.5, 0, 0],
					"cubes": [
						{"origin": [-1.5, 22.25, -9], "size": [3, 3, 5], "inflate": 0.01, "uv": [55, 20]},
						{"origin": [0, 21.25, -7], "size": [0, 2, 2], "pivot": [0, 22.25, -6], "rotation": [-45, 0, -180], "uv": [26, 38]}
					]
				},
				{
					"name": "horn6",
					"parent": "horn5",
					"pivot": [0, 24.75, -9],
					"rotation": [15, 0, 0],
					"cubes": [
						{"origin": [-1, 22.75, -14], "size": [2, 2, 5], "uv": [37, 20]},
						{"origin": [-0.5, 23.25, -17], "size": [1, 1, 3], "pivot": [0, 24.25, -14], "rotation": [12.5, 0, 0], "uv": [40, 22]}
					]
				},
				{
					"name": "eyes",
					"parent": "torso",
					"pivot": [0, 18.75, -2.5]
				},
				{
					"name": "eye_left",
					"parent": "eyes",
					"pivot": [3.25, 18.75, -2.51],
					"rotation": [0, 0, 10],
					"cubes": [
						{"origin": [2.25, 17.75, -2.51], "size": [2, 3, 0], "uv": [0, 0]}
					]
				},
				{
					"name": "pupil_left",
					"parent": "eye_left",
					"pivot": [3.25, 19.25, -2.52],
					"cubes": [
						{"origin": [2.75, 18.25, -2.52], "size": [1, 2, 0], "uv": [0, 3]}
					]
				},
				{
					"name": "eye_shine_left",
					"parent": "pupil_left",
					"pivot": [3, 20, -2.53],
					"cubes": [
						{"origin": [2.5, 19.5, -2.53], "size": [1, 1, 0], "uv": [0, 5]}
					]
				},
				{
					"name": "eyelid_left",
					"parent": "eye_left",
					"pivot": [3.25, 19.25, -2.42],
					"cubes": [
						{"origin": [2.25, 18.75, -2.42], "size": [2, 1, 0], "uv": [0, 6]}
					]
				},
				{
					"name": "eye_right",
					"parent": "eyes",
					"pivot": [-3.25, 18.75, -2.51],
					"rotation": [0, 0, -10],
					"cubes": [
						{"origin": [-4.25, 17.75, -2.51], "size": [2, 3, 0], "uv": [4, 0], "mirror": true}
					]
				},
				{
					"name": "pupil_right",
					"parent": "eye_right",
					"pivot": [-3.25, 19.25, -2.52],
					"cubes": [
						{"origin": [-3.75, 18.25, -2.52], "size": [1, 2, 0], "uv": [2, 3], "mirror": true}
					]
				},
				{
					"name": "eye_shine_right",
					"parent": "pupil_right",
					"pivot": [-3, 20, -2.53],
					"cubes": [
						{"origin": [-3.5, 19.5, -2.53], "size": [1, 1, 0], "uv": [2, 5], "mirror": true}
					]
				},
				{
					"name": "eyelid_right",
					"parent": "eye_right",
					"pivot": [-3.25, 19.25, -2.42],
					"cubes": [
						{"origin": [-4.25, 18.75, -2.42], "size": [2, 1, 0], "uv": [0, 7], "mirror": true}
					]
				},
				{
					"name": "mouth",
					"parent": "torso",
					"pivot": [0, 7, 0]
				},
				{
					"name": "mouth_closed",
					"parent": "mouth",
					"pivot": [0, 7, 0],
					"cubes": [
						{"origin": [-3, 16.5, -2.52], "size": [6, 1, 0], "uv": [55, 18]},
						{"origin": [-1.5, 17, -2.52], "size": [3, 1, 0], "inflate": 0.01, "uv": [55, 19]}
					]
				},
				{
					"name": "mouth_open",
					"parent": "mouth",
					"pivot": [0, 17, -2.41],
					"cubes": [
						{"origin": [-2.5, 16, -2.41], "size": [5, 2, 0], "uv": [62, 28]}
					]
				},
				{
					"name": "horn",
					"parent": "torso",
					"pivot": [0, 18.75, -2.5],
					"rotation": [-10, 0, 0],
					"cubes": [
						{"origin": [-1.5, 18, -6.5], "size": [3, 3, 5], "uv": [55, 20]}
					]
				},
				{
					"name": "horn2",
					"parent": "horn",
					"pivot": [0, 18.75, -6],
					"rotation": [-15, 0, 0],
					"cubes": [
						{"origin": [-1, 18.25, -11], "size": [2, 2, 5], "inflate": 0.01, "uv": [46, 18]},
						{"origin": [-0.5, 19.25, -12], "size": [1, 1, 3], "pivot": [0, 20.25, -9], "rotation": [-30, 0, 0], "uv": [40, 22]}
					]
				},
				{
					"name": "horn3",
					"parent": "horn2",
					"pivot": [0, 18.25, -11],
					"rotation": [-15, 0, 0],
					"cubes": [
						{"origin": [-0.5, 18.75, -14], "size": [1, 1, 3], "uv": [40, 22]}
					]
				},
				{
					"name": "antenna_left",
					"parent": "torso",
					"pivot": [2, 21, -2.5],
					"rotation": [-55, -22.5, 0],
					"cubes": [
						{"origin": [2, 21, -5.5], "size": [1, 0, 3], "uv": [57, 4]}
					]
				},
				{
					"name": "antenna_left2",
					"parent": "antenna_left",
					"pivot": [2.5, 21, -5.5],
					"rotation": [-20, 0, 0],
					"cubes": [
						{"origin": [2, 21, -7.5], "size": [1, 0, 2], "uv": [62, 5]}
					]
				},
				{
					"name": "antenna_left3",
					"parent": "antenna_left2",
					"pivot": [2.5, 21, -7.5],
					"cubes": [
						{"origin": [1.5, 20, -11.5], "size": [2, 2, 2], "uv": [60, 0]},
						{"origin": [2, 21, -9.5], "size": [1, 0, 2], "uv": [62, 5]}
					]
				},
				{
					"name": "antenna_right",
					"parent": "torso",
					"pivot": [-3, 21, -2.5],
					"rotation": [-55, 22.5, 0],
					"cubes": [
						{"origin": [-4, 21, -5.5], "size": [1, 0, 3], "uv": [59, 4]}
					]
				},
				{
					"name": "antenna_right2",
					"parent": "antenna_right",
					"pivot": [-3.5, 21, -5.5],
					"rotation": [-20, 0, 0],
					"cubes": [
						{"origin": [-4, 21, -7.5], "size": [1, 0, 2], "uv": [64, 5]}
					]
				},
				{
					"name": "antenna_right3",
					"parent": "antenna_right2",
					"pivot": [-3.5, 20.75, -7],
					"cubes": [
						{"origin": [-4.5, 20, -11.5], "size": [2, 2, 2], "uv": [68, 0]},
						{"origin": [-4, 21, -9.5], "size": [1, 0, 2], "uv": [64, 5]}
					]
				},
				{
					"name": "arms",
					"parent": "torso",
					"pivot": [0, 15, 1]
				},
				{
					"name": "arm_left",
					"parent": "arms",
					"pivot": [6.5, 15, 1.25],
					"cubes": [
						{"origin": [5.5, 14.5, -1.25], "size": [3, 3, 3], "uv": [0, 24]},
						{"origin": [5.5, 12.5, 0.75], "size": [3, 3, 3], "inflate": 0.01, "uv": [0, 24]},
						{"origin": [5.5, 15.5, 1.75], "size": [3, 2, 2], "uv": [20, 26]},
						{"origin": [5.5, 12.5, -1.25], "size": [3, 2, 2], "uv": [20, 26]},
						{"origin": [8, 14, 0.25], "size": [3, 2, 2], "uv": [12, 24]}
					]
				},
				{
					"name": "arm_left2",
					"parent": "arm_left",
					"pivot": [11, 15, 1.25],
					"cubes": [
						{"origin": [10.5, 14.5, 0.75], "size": [3, 1, 1], "uv": [20, 24]}
					]
				},
				{
					"name": "arm_left3",
					"parent": "arm_left2",
					"pivot": [13, 15, 1.25],
					"cubes": [
						{"origin": [13, 13, -0.75], "size": [2, 4, 4], "uv": [28, 35]},
						{"origin": [14.5, 11.5, -2.25], "size": [7, 7, 7], "uv": [100, 50]}
					]
				},
				{
					"name": "shell_arm_left",
					"parent": "arm_left3",
					"pivot": [21.5, 18.5, 1.25],
					"cubes": [
						{"origin": [21.5, 14.5, -2.25], "size": [0, 4, 4], "inflate": 0.01, "uv": [99, 45]},
						{"origin": [14.5, 18.5, -2.25], "size": [7, 0, 4], "inflate": 0.01, "uv": [82, 60]},
						{"origin": [14.5, 14.5, -2.25], "size": [7, 4, 0], "inflate": 0.01, "uv": [93, 53]},
						{"origin": [14.5, 14.5, -2.25], "size": [0, 4, 4], "inflate": 0.01, "uv": [120, 42]}
					]
				},
				{
					"name": "shell_arm_left2",
					"parent": "arm_left3",
					"pivot": [21.5, 18.5, 1.25],
					"cubes": [
						{"origin": [21.5, 14.5, 0.75], "size": [0, 4, 4], "inflate": 0.02, "pivot": [21.5, 16.5, 2.75], "rotation": [0, 180, 0], "uv": [99, 45]},
						{"origin": [14.5, 18.5, 0.75], "size": [7, 0, 4], "inflate": 0.02, "uv": [82, 60]},
						{"origin": [14.5, 14.5, 4.75], "size": [7, 4, 0], "inflate": 0.02, "uv": [93, 53]},
						{"origin": [14.5, 14.5, 0.75], "size": [0, 4, 4], "inflate": 0.02, "pivot": [14.5, 16.5, 2.75], "rotation": [0, 180, 0], "uv": [120, 42]}
					]
				},
				{
					"name": "hand_left",
					"parent": "arm_left3",
					"pivot": [20, 15, 1.25],
					"cubes": [
						{"origin": [21, 12.5, -1.25], "size": [2, 5, 5], "uv": [16, 51]}
					]
				},
				{
					"name": "claw_left1",
					"parent": "hand_left",
					"pivot": [23, 16.5, 1.25],
					"cubes": [
						{"origin": [23, 15.5, 1.25], "size": [2, 1, 0], "uv": [2, 36]}
					]
				},
				{
					"name": "claw_left2",
					"parent": "hand_left",
					"pivot": [23, 15, 2.25],
					"cubes": [
						{"origin": [23, 14, 2.25], "size": [2, 1, 0], "uv": [2, 37]}
					]
				},
				{
					"name": "claw_left3",
					"parent": "hand_left",
					"pivot": [23, 15, 0.25],
					"cubes": [
						{"origin": [23, 14, 0.25], "size": [2, 1, 0], "uv": [2, 37]}
					]
				},
				{
					"name": "arm_right",
					"parent": "arms",
					"pivot": [-6.5, 15, 1.25],
					"cubes": [
						{"origin": [-8.5, 14.5, -1.25], "size": [3, 3, 3], "uv": [0, 30], "mirror": true},
						{"origin": [-8.5, 12.5, 0.75], "size": [3, 3, 3], "inflate": 0.01, "uv": [0, 30], "mirror": true},
						{"origin": [-8.5, 12.5, -1.25], "size": [3, 2, 2], "uv": [18, 30], "mirror": true},
						{"origin": [-8.5, 15.5, 1.75], "size": [3, 2, 2], "uv": [18, 30], "mirror": true},
						{"origin": [-11, 14, 0.25], "size": [3, 2, 2], "uv": [10, 28], "mirror": true}
					]
				},
				{
					"name": "arm_right2",
					"parent": "arm_right",
					"pivot": [-11, 15, 1.25],
					"cubes": [
						{"origin": [-13.5, 14.5, 0.75], "size": [3, 1, 1], "uv": [28, 24], "mirror": true}
					]
				},
				{
					"name": "arm_right3",
					"parent": "arm_right2",
					"pivot": [-13, 15, 1.25],
					"cubes": [
						{"origin": [-15, 13, -0.75], "size": [2, 4, 4], "uv": [28, 35], "mirror": true},
						{"origin": [-21.5, 11.5, -2.25], "size": [7, 7, 7], "uv": [100, 50], "mirror": true}
					]
				},
				{
					"name": "shell_arm_right",
					"parent": "arm_right3",
					"pivot": [-21.5, 18.5, 1.25],
					"cubes": [
						{"origin": [-21.5, 14.5, -2.25], "size": [0, 4, 4], "inflate": 0.01, "uv": [99, 45], "mirror": true},
						{"origin": [-21.5, 18.5, -2.25], "size": [7, 0, 4], "inflate": 0.01, "uv": [82, 60], "mirror": true},
						{"origin": [-21.5, 14.5, -2.25], "size": [7, 4, 0], "inflate": 0.01, "uv": [93, 53], "mirror": true},
						{"origin": [-14.5, 14.5, -2.25], "size": [0, 4, 4], "inflate": 0.01, "uv": [120, 42], "mirror": true}
					]
				},
				{
					"name": "shell_arm_right2",
					"parent": "arm_right3",
					"pivot": [-21.5, 18.5, 1.25],
					"cubes": [
						{"origin": [-21.5, 14.5, 0.75], "size": [0, 4, 4], "inflate": 0.02, "pivot": [-21.5, 16.5, 2.75], "rotation": [0, 180, 0], "uv": [99, 45], "mirror": true},
						{"origin": [-21.5, 18.5, 0.75], "size": [7, 0, 4], "inflate": 0.02, "uv": [82, 60], "mirror": true},
						{"origin": [-21.5, 14.5, 4.75], "size": [7, 4, 0], "inflate": 0.02, "uv": [93, 53], "mirror": true},
						{"origin": [-14.5, 14.5, 0.75], "size": [0, 4, 4], "inflate": 0.02, "pivot": [-14.5, 16.5, 2.75], "rotation": [0, 180, 0], "uv": [120, 42], "mirror": true}
					]
				},
				{
					"name": "hand_right",
					"parent": "arm_right3",
					"pivot": [-20, 15, 1.25],
					"cubes": [
						{"origin": [-23, 12.5, -1.25], "size": [2, 5, 5], "uv": [16, 51], "mirror": true}
					]
				},
				{
					"name": "claw_right1",
					"parent": "hand_right",
					"pivot": [-23, 16.5, 1.25],
					"cubes": [
						{"origin": [-25, 15.5, 1.25], "size": [2, 1, 0], "uv": [6, 36], "mirror": true}
					]
				},
				{
					"name": "claw_right2",
					"parent": "hand_right",
					"pivot": [-23, 15, 2.25],
					"cubes": [
						{"origin": [-25, 14, 2.25], "size": [2, 1, 0], "uv": [6, 37], "mirror": true}
					]
				},
				{
					"name": "claw_right3",
					"parent": "hand_right",
					"pivot": [-23, 15, 0.25],
					"cubes": [
						{"origin": [-25, 14, 0.25], "size": [2, 1, 0], "uv": [6, 37], "mirror": true}
					]
				},
				{
					"name": "shell",
					"parent": "torso",
					"pivot": [0, 15.5, 6.5]
				},
				{
					"name": "shell_left",
					"parent": "shell",
					"pivot": [3, 14.5, 6.5],
					"cubes": [
						{"origin": [0.01, 6.49, 6.53], "size": [6, 8, 0], "inflate": 0.01, "uv": [79, 14]},
						{"origin": [6.01, 6.49, 1.53], "size": [0, 8, 5], "inflate": 0.01, "uv": [104, -5]},
						{"origin": [0.01, 6.49, 1.53], "size": [6, 0, 5], "inflate": 0.01, "uv": [72, 4]},
						{"origin": [0.01, 4.49, 5.53], "size": [5, 2, 0], "inflate": 0.01, "uv": [74, 0]},
						{"origin": [5.01, 4.49, 1.53], "size": [0, 2, 4], "inflate": 0.01, "uv": [84, -4]},
						{"origin": [0.01, 4.49, 1.53], "size": [5, 0, 4], "inflate": 0.01, "uv": [90, 0]}
					]
				},
				{
					"name": "wing_left",
					"parent": "shell",
					"pivot": [2.5, 14.5, 6.5],
					"rotation": [0, -5, 0],
					"cubes": [
						{"origin": [2.5, 9.5, 6.51], "size": [21, 9, 0], "uv": [44, 34]},
						{"origin": [2.5, 9.5, 6.52], "size": [21, 9, 0], "uv": [44, 43]}
					]
				},
				{
					"name": "shell_right",
					"parent": "shell",
					"pivot": [-3, 14.5, 6.5],
					"cubes": [
						{"origin": [-6.01, 6.49, 6.53], "size": [6, 8, 0], "inflate": 0.01, "uv": [91, 8], "mirror": true},
						{"origin": [-6.01, 6.49, 1.53], "size": [0, 8, 5], "inflate": 0.01, "uv": [103, 3], "mirror": true},
						{"origin": [-6.01, 6.49, 1.53], "size": [6, 0, 5], "inflate": 0.01, "uv": [72, 9], "mirror": true},
						{"origin": [-5.01, 4.49, 5.53], "size": [5, 2, 0], "inflate": 0.01, "uv": [76, 2], "mirror": true},
						{"origin": [-5.01, 4.49, 1.53], "size": [0, 2, 4], "inflate": 0.01, "uv": [86, -2], "mirror": true},
						{"origin": [-5.01, 4.49, 1.53], "size": [5, 0, 4], "inflate": 0.01, "uv": [85, 4], "mirror": true}
					]
				},
				{
					"name": "wing_right",
					"parent": "shell",
					"pivot": [-2.5, 14.5, 6.5],
					"rotation": [0, 5, 0],
					"cubes": [
						{"origin": [-23.5, 9.5, 6.51], "size": [21, 9, 0], "uv": [79, 22], "mirror": true},
						{"origin": [-23.5, 9.5, 6.52], "size": [21, 9, 0], "uv": [79, 31], "mirror": true}
					]
				},
				{
					"name": "legs",
					"parent": "body",
					"pivot": [0, 6.5, 0]
				},
				{
					"name": "leg_left",
					"parent": "legs",
					"pivot": [5.5, 6.5, 0],
					"cubes": [
						{"origin": [4, 4.5, -5], "size": [4, 4, 6], "uv": [24, 33]},
						{"origin": [6, 8.5, -4.5], "size": [3, 0, 3], "pivot": [6, 8.5, -4.5], "rotation": [-22.5, -15, -90], "uv": [-2, 50]}
					]
				},
				{
					"name": "leg_left2",
					"parent": "leg_left",
					"pivot": [6, 4.5, -3.75],
					"cubes": [
						{"origin": [5, 2.5, -4.75], "size": [2, 3, 2], "uv": [0, 38]}
					]
				},
				{
					"name": "foot_left",
					"parent": "leg_left2",
					"pivot": [6, 3.25, -3.75],
					"cubes": [
						{"origin": [4.5, 1.5, -6.25], "size": [3, 2, 4], "uv": [0, 44]}
					]
				},
				{
					"name": "foot_left2",
					"parent": "foot_left",
					"pivot": [6, 2, -6.25],
					"cubes": [
						{"origin": [5, 1.61, -8.75], "size": [2, 1, 3], "uv": [4, 50]}
					]
				},
				{
					"name": "leg_right",
					"parent": "legs",
					"pivot": [-5.5, 6.5, 0],
					"cubes": [
						{"origin": [-8, 4.5, -5], "size": [4, 4, 6], "uv": [10, 38], "mirror": true},
						{"origin": [-9, 8.5, -4.5], "size": [3, 0, 3], "pivot": [-6, 8.5, -4.5], "rotation": [-22.5, 15, 90], "uv": [15, 48], "mirror": true}
					]
				},
				{
					"name": "leg_right2",
					"parent": "leg_right",
					"pivot": [-6, 4.5, -3.75],
					"cubes": [
						{"origin": [-7, 2.5, -4.75], "size": [2, 3, 2], "uv": [8, 38], "mirror": true}
					]
				},
				{
					"name": "foot_right",
					"parent": "leg_right2",
					"pivot": [-6, 3.25, -3.75],
					"cubes": [
						{"origin": [-7.5, 1.5, -6.25], "size": [3, 2, 4], "uv": [26, 44], "mirror": true}
					]
				},
				{
					"name": "foot_right2",
					"parent": "foot_right",
					"pivot": [-6, 2, -6.25],
					"cubes": [
						{"origin": [-7, 1.61, -8.75], "size": [2, 1, 3], "uv": [11, 48], "mirror": true}
					]
				}
			]
		}
	]
}