{    
  "target": "cobblemon:chienpao",
  "implemented": true,
  "shoulderMountable": true,
  "baseScale": 1.25,
    "hitbox": {
      "width": 1.2,
      "height": 1.3,
      "fixed": false
  },
  "drops": {
    "amount": 5,
    "entries": [
      {
        "item": "cobblemon:rare_candy",
        "quantityRange": "3-6"
      },
      {
        "item": "cobblemon:never_melt_ice",
        "percentage": 50.0
      },
      {
        "item": "cobblemon:black_glasses",
        "percentage": 50.0
      },
      {
        "item": "cobblemon:ability_capsule",
        "percentage": 25.0
      },
      {
        "item": "cobblemon:ability_patch",
        "percentage": 5.0
      }
    ]
  }
}
