{
  "target": "cobblemon:cyclizar",
  "implemented": true,
  "experienceGroup": "slow",
  "evolutions": [
    {
      "id": "cyclizar_koraidon",
      "variant": "level_up",
      "result": "koraidon",
      "consumeHeldItem": false,
      "learnableMoves": ["collisioncourse"],
      "requirements": [
        {
          "variant": "level",
          "minLevel": "68"
        },
        {
          "variant": "friendship",
          "amount": 180
        }
      ]
    },
    {
      "id": "cyclizar_miraidon",
      "variant": "level_up",
      "result": "miraidon",
      "consumeHeldItem": false,
      "learnableMoves": ["electrodrift"],
      "requirements": [
        {
          "variant": "level",
          "minLevel": "68"
        },
        {
          "variant": "friendship",
          "amount": 180
        }
      ]
    }
  ]
}
