{
  "target": "cobblemon:dipplin",
  "implemented": true,
  "baseScale": 0.7,
  "hitbox": {
    "width": 0.6,
    "height": 0.6,
    "fixed": false
  },
  "behaviour": {
    "resting": {
      "canSleep": true,
      "depth": "normal",
      "light": "0-4"
    },
    "moving": {
      "canLook": false,
      "walk": {
	    "walkSpeed": 0.175,
        "canWalk": true,
        "avoidsLand": false
      },
      "swim": {
        "swimSpeed": 0.1,
        "canSwimInWater": false,
        "canBreatheUnderwater": false
      }
    }
  },
  "evolutions": [
    {
      "id": "dipplin_hydrapple2",
      "variant": "item_interact",
      "result": "hydrapple",
      "consumeHeldItem": false,
      "learnableMoves": [
        "doublehit"
      ],
      "requirements": [],
      "requiredContext": "minecraft:dragon_breath"
    }
  ]
}
