{
  "target": "cobblemon:fluttermane",
  "implemented": true,
  "baseScale": 0.9,
  "hitbox": {
    "width": 0.6,
    "height": 1.6,
    "fixed": false
  },
  "behaviour": {
    "resting": {
      "canSleep": true,
      "depth": "normal",
      "light": "4-15"
    },
    "moving": {
      "canLook": false,
      "walk": {
        "canWalk": false,
        "avoidsLand": false
      },
      "swim": {
        "swimSpeed": 0.1,
        "canSwimInWater": false,
        "canBreatheUnderwater": false
      },
	  "fly": {
		"canFly": true
	  }
    }
  }
}
