{
  "target": "cobblemon:hydrapple",
  "implemented": true,
  "baseScale": 0.9,
  "hitbox": {
    "width": 1,
    "height": 1.3,
    "fixed": false
  },
  "behaviour": {
    "resting": {
      "canSleep": true,
      "depth": "normal",
      "light": "0-4"
    },
    "moving": {
      "canLook": false,
      "walk": {
	    "walkSpeed": 0.165,
        "canWalk": true,
        "avoidsLand": false
      },
      "swim": {
        "swimSpeed": 0.1,
        "canSwimInWater": true,
        "canBreatheUnderwater": false
      }
    }
  }
}
