{
  "target": "cobblemon:ironmoth",
  "implemented": true,
  "baseScale": 0.375,
  "hitbox": {
    "width": 1.2,
    "height": 2.6,
    "fixed": false
  },
  "behaviour": {
    "resting": {
      "canSleep": false,
      "depth": "normal",
      "light": "0-4",
      "willSleepOnBed": false
    },
    "moving": {
      "canLook": true,
      "walk": {
        "canWalk": true,
        "avoidsLand": false
      },
      "swim": {
        "swimSpeed": 0.3,
        "canSwimInWater": true,
        "canBreatheUnderwater": false
      },
      "fly": {
        "canFly": true,
        "flySpeedHorizontal": 0.3
      },
        "wanderChance": 1
    }
  }
}
