{
  "target": "cobblemon:lokix",
  "implemented": true,
  "behaviour": {
    "resting": {
      "canSleep": false
    },
    "moving": {
      "canLook": false,
      "walk": {
        "canWalk": true,
        "avoidsLand": false
      },
      "swim": {
        "swimSpeed": 0.1,
        "canSwimInWater": true,
        "canBreatheUnderwater": false
      },
      "wanderChance": 1
    }
  },
  "baseScale": 0.42,
    "hitbox": {
    "width": 0.7,
    "height": 2.7,
    "fixed": false
  }
}
