{
  "target": "cobblemon:nymble",
  "implemented": true,
  "behaviour": {
    "resting": {
      "canSleep": true,
      "depth": "normal",
      "times": "night",
      "light": "0-7"
    },
    "moving": {
      "canLook": true,
      "walk": {
        "canWalk": true,
        "avoidsLand": false
      },
      "swim": {
        "swimSpeed": 0.1,
        "canSwimInWater": true,
        "canBreatheUnderwater": false
      },
      "wanderChance": 1
    }
  },
  "baseScale": 0.6,
  "hitbox": {
    "width": 0.4,
    "height": 0.5,
    "fixed": false
  }
}
