{
  "target": "cobblemon:pecharunt",
  "implemented": true,
  "baseScale": 0.5,
  "hitbox": {
    "width": 1.0,
    "height": 1.0,
    "fixed": false
  },
    "behaviour": {
      "resting": {
        "canSleep": true,
        "depth": "normal",
        "light": "0-4"
      },
     "moving": {
       "canLook": false,
       "walk": {
         "canWalk": true,
         "avoidsLand": false
       },
       "swim": {
         "swimSpeed": 0.1,
         "canSwimInWater": true,
         "canBreatheUnderwater": false
       }
     }
  },
  "drops": {
    "amount": 5,
    "entries": [
      {
        "item": "cobblemon:rare_candy",
        "quantityRange": "3-6"
      },
      {
        "item": "cobblemon:poison_barb",
        "percentage": 50.0
      },
      {
        "item": "cobblemon:spell_tag",
        "percentage": 50.0
      },
      {
        "item": "cobblemon:ability_capsule",
        "percentage": 25.0
      },
      {
        "item": "cobblemon:ability_patch",
        "percentage": 5.0
      }
    ]
  }
}
