{
  "target": "cobblemon:screamtail",
  "implemented": true,
  "baseScale": 2.0,
  "hitbox": {
    "width": 0.6,
    "height": 1,
    "fixed": false
  },
  "behaviour": {
    "resting": {
      "canSleep": true,
      "depth": "normal",
      "light": "0-4"
    },
    "moving": {
      "canLook": false,
      "walk": {
         "canWalk": true,
         "avoidsLand": false
       },
       "swim": {
         "swimSpeed": 0.1,
         "canSwimInWater": false,
         "canBreatheUnderwater": false
       }
     }
   }
}
