{
  "target": "cobblemon:tarountula",
  "implemented": true,
  "baseScale": 0.5,
  "hitbox": {
    "width": 1.5,
    "height": 1.7,
    "fixed": false
  },
  "behaviour": {
    "moving": {
      "walk": {
        "walkSpeed": 0.42
      }
    },
    "resting": {
      "canSleep": true,
      "willSleepOnBed": true,
      "depth": "normal",
      "light": "0-4"
    }
  },
  "shoulderEffects": [
    {
      "type": "potion_effect",
      "effect": "minecraft:slow_falling",
      "amplifier": 1,
      "ambient": true,
      "showParticles": false,
      "showIcon": false
    }
  ]
}
