{
  "target": "cobblemon:terapagos",
  "implemented": true,
  "abilities": [
    "terashell",
    "h:terashell"
  ],
  "baseStats": {
    "hp": 95,
    "attack": 95,
    "defence": 110,
    "special_attack": 105,
    "special_defence": 110,
    "speed": 85
  },
  "evYield": {
    "hp": 0,
    "attack": 0,
    "defence": 2,
    "special_attack": 0,
    "special_defence": 2,
    "speed": 0
  },
  "baseExperienceYield": 180,
  "catchRate": 3,
  "baseScale": 0.5,
  "hitbox": {
    "width": 1.4,
    "height": 0.7,
    "fixed": false
  },
  "drops": {
    "amount": 5,
    "entries": [
      {
        "item": "cobblemon:rare_candy",
        "quantityRange": "6-8"
      },
      {
        "item": "minecraft:nether_star",
        "quantityRange": "2-4"
      },
      {
        "item": "cobblemon:silk_scarf",
        "percentage": 100.0
      },
      {
        "item": "cobblemon:ability_capsule",
        "percentage": 25.0
      },
      {
        "item": "cobblemon:ability_patch",
        "percentage": 5.0
      }
    ]
  }
}
