{
  "target": "cobblemon:tinglu",
  "implemented": true,
  "baseScale": 1.2,
  "hitbox": {
    "width": 2,
    "height": 2,
    "fixed": false
  },
  "drops": {
    "amount": 5,
	"entries": [
	  {
		"item": "cobblemon:rare_candy",
		"quantityRange": "3-6"
      },
	  {
		"item": "cobblemon:soft_sand",
		"percentage": 50.0
	  },
	  {
		"item": "cobblemon:black_glasses",
		"percentage": 50.0
	  },
	  {
	    "item": "cobblemon:ability_capsule",
		"percentage": 25.0
	  },
	  {
	    "item": "cobblemon:ability_patch",
		"percentage": 5.0
	  }
    ]
  }
}
