{
	"format_version": "1.8.0",
	"animations": {
		"animation.vanillite.ground_idle": {
			"loop": true,
			"animation_length": 2,
			"bones": {
				"vanillite": {
					"position": {
						"0.0": [0, 0, 0],
						"1.0": [0, 0.75, 0],
						"2.0": [0, 0, 0]
					}
				},
				"cone": {
					"rotation": {
						"0.0": [0, 0, 0],
						"0.5": [0, 0, 2],
						"1.0": [0, 0, 0],
						"1.5": [0, 0, -2],
						"2.0": [0, 0, 0]
					}
				},
				"hat": {
					"position": [0, 0, 0]
				}
			}
		},
		"animation.vanillite.ground_walk": {
			"loop": true,
			"animation_length": 2,
			"bones": {
				"vanillite": {
					"position": {
						"0.0": [0, 0, 0],
						"0.5": [0, 0.4, 0],
						"1.0": [0, 0, 0],
						"1.5": [0, -0.4, 0],
						"2.0": [0, 0, 0]
					}
				},
				"hat": {
					"rotation": {
						"0.0": [0, 0, 0],
						"1.0": [-2.5, 0, 0],
						"2.0": [0, 0, 0]
					},
					"position": [0, 0, 0]
				},
				"tophat": {
					"rotation": {
						"0.0": [-2.5, 0, 0],
						"1.0": [-7.5, 0, 0],
						"2.0": [-3, 0, 0]
					}
				},
				"cone": {
					"rotation": {
						"0.0": [2.5, 0, 0],
						"0.5417": [5.5, 0, 0],
						"1.0": [10, 0, 0],
						"2.0": [2.5, 0, 0]
					}
				},
				"left_spike": {
					"rotation": {
						"0.0": [0, 0, 0],
						"0.5": [0, 7.5, 0],
						"2.0": [0, 0.5, 0]
					}
				},
				"right_spike": {
					"rotation": {
						"0.0": [0, 0, 0],
						"0.5": [0, -7.5, 0],
						"2.0": [0, -2.5, 0]
					}
				}
			}
		},
		"animation.vanillite.battle_idle": {
			"loop": true,
			"animation_length": 2.9412,
			"bones": {
				"vanillite": {
					"rotation": {
						"0.0": [0, 0, 0],
						"0.7353": [0, 0, 0]
					},
					"position": {
						"0.0": [0, 0, 0],
						"0.7353": [-1, -0.5, -0.5],
						"1.4706": [0, 0, 0.5],
						"2.2059": [1, -0.5, 0],
						"2.9412": [0, 0, 0]
					}
				},
				"angry_eyes": {
					"position": {
						"0.0": [0, 0.1, -1],
						"1.4706": [0, 0, -1],
						"2.9412": [0, 0.1, -1]
					}
				},
				"cone": {
					"rotation": {
						"0.0": [0, 0, 0],
						"1.4706": [7.5, 0, 0],
						"2.9412": [0, 0, 0]
					}
				},
				"left_spike": {
					"rotation": {
						"0.0": [0, 0, 0],
						"0.7353": [0, 0, -7.5],
						"1.4706": [0, 0, 1.5],
						"2.2059": [0, 5, 0.75],
						"2.9412": [0, 0, 0]
					},
					"position": [0, 0, 0]
				},
				"right_spike": {
					"rotation": {
						"0.0": [0, 0, 0],
						"0.7353": [0, 0, 7.5],
						"1.4706": [0, 0, -2.5],
						"2.2059": [0, -5, -1.25],
						"2.9412": [0, 0, 0]
					}
				},
				"hat": {
					"position": [0, 0, 0]
				}
			}
		},
		"animation.vanillite.air_idle": {
			"loop": true,
			"animation_length": 2,
			"bones": {
				"vanillite": {
					"position": {
						"0.0": [0, 0, 0],
						"1.0": [0, 0.75, 0],
						"2.0": [0, 0, 0]
					}
				},
				"cone": {
					"rotation": {
						"0.0": [0, 0, 0],
						"0.5": [0, 0, 2],
						"1.0": [0, 0, 0],
						"1.5": [0, 0, -2],
						"2.0": [0, 0, 0]
					}
				},
				"hat": {
					"position": [0, 0, 0]
				}
			}
		},
		"animation.vanillite.air_fly": {
			"loop": true,
			"animation_length": 2,
			"bones": {
				"vanillite": {
					"position": {
						"0.0": [0, 0, 0],
						"0.5": [0, 0.4, 0],
						"1.0": [0, 0, 0],
						"1.5": [0, -0.4, 0],
						"2.0": [0, 0, 0]
					}
				},
				"hat": {
					"rotation": {
						"0.0": [0, 0, 0],
						"1.0": [-2.5, 0, 0],
						"2.0": [0, 0, 0]
					},
					"position": [0, 0, 0]
				},
				"tophat": {
					"rotation": {
						"0.0": [-2.5, 0, 0],
						"1.0": [-7.5, 0, 0],
						"2.0": [-3, 0, 0]
					}
				},
				"cone": {
					"rotation": {
						"0.0": [2.5, 0, 0],
						"0.5417": [5.5, 0, 0],
						"1.0": [10, 0, 0],
						"2.0": [2.5, 0, 0]
					}
				},
				"left_spike": {
					"rotation": {
						"0.0": [0, 0, 0],
						"0.5": [0, 7.5, 0],
						"2.0": [0, 0.5, 0]
					}
				},
				"right_spike": {
					"rotation": {
						"0.0": [0, 0, 0],
						"0.5": [0, -7.5, 0],
						"2.0": [0, -2.5, 0]
					}
				}
			}
		},
		"animation.vanillite.cry": {
			"animation_length": 1,
			"bones": {
				"heed": {
					"rotation": {
						"0.0": [0, 0, 0],
						"1.0": [-1.5, 0, 0]
					}
				},
				"angry_eyes": {
					"position": [0, 0, 0]
				},
				"open_mouth": {
					"position": {
						"0.0": [0, 0, 1],
						"0.75": [0, 0, 1]
					}
				},
				"closed_mouth": {
					"position": [0, 0, -1]
				},
				"left_spike": {
					"rotation": {
						"0.0": [0, 0, 0],
						"0.875": [0, 5, 0],
						"1.0": [0, 0, 0]
					}
				},
				"right_spike": {
					"rotation": {
						"0.0": [0, -10, 0],
						"0.9167": [0, -0.42, 0],
						"1.0": [0, 0, 0]
					}
				}
			}
		},
		"animation.vanillite.sleep": {
			"loop": true,
			"animation_length": 2,
			"bones": {
				"vanillite": {
					"position": {
						"0.0": [0, 0, 0],
						"1.0": [0, -0.5, 0],
						"2.0": [0, -0.1, 0]
					}
				},
				"heed": {
					"rotation": {
						"0.0": [5, 0, 0],
						"0.75": [7, 0, 0],
						"2.0": [5, 0, 0]
					}
				},
				"open_mouth": {
					"position": [0, 0, 1]
				},
				"closed_mouth": {
					"position": [0, 0, -1]
				},
				"tophat": {
					"rotation": {
						"0.0": [7.5, 0, 0],
						"0.75": [12.5, 0, 0],
						"2.0": [7.5, 0, 0]
					}
				},
				"left_spike": {
					"rotation": {
						"0.0": [0, 0, 0],
						"1.0": [0, 0, -20],
						"2.0": [0, 0, 0]
					}
				},
				"right_spike": {
					"rotation": {
						"0.0": [0, 0, 0],
						"1.0": [0, 0, 20],
						"2.0": [0, 0, 0]
					}
				},
				"closed_eyes": {
					"position": [0, 0, -1]
				}
			}
		},
		"animation.vanillite.blink": {
			"animation_length": 0.25,
			"bones": {
				"closed_eyes": {
					"position": {
						"0.0": [0, 0, -1],
						"0.1667": [0, 0, -1],
						"0.2083": [0, 0, 0]
					}
				}
			}
		},
		"animation.vanillite.faint": {
			"loop": "hold_on_last_frame",
			"animation_length": 3,
			"bones": {
				"vanillite": {
					"rotation": {
						"0.0": {
							"post": [0, 0, 0],
							"lerp_mode": "catmullrom"
						},
						"0.25": {
							"post": [-6.3035, 7.45517, -0.82114],
							"lerp_mode": "catmullrom"
						},
						"0.5": {
							"post": [-12.77679, -12.11106, 3.28009],
							"lerp_mode": "catmullrom"
						},
						"0.75": {
							"post": [-18.78424, -1.32299, 0.02282],
							"lerp_mode": "catmullrom"
						},
						"0.9583": {
							"post": [-28.96404, -0.2205, 0.0038],
							"lerp_mode": "catmullrom"
						},
						"1.125": {
							"post": [-48, 2, 0],
							"lerp_mode": "catmullrom"
						},
						"1.5": {
							"post": [-116.5, 0, 0],
							"lerp_mode": "catmullrom"
						}
					},
					"position": {
						"0.0": [0, 0, 0],
						"0.25": [-3, 2, 0],
						"0.75": [1, 4, 0],
						"0.7917": [0.9, 5.15, 0.4],
						"1.0": [0.7, 7.01, 1.2],
						"1.0417": [0.62, 7.06, 2.28],
						"1.125": [0.52, 7.13, 3.4],
						"1.5": [0, 8.5, 5]
					}
				},
				"sad_eyes": {
					"position": {
						"0.0": [0, 0, 0],
						"0.0417": [0, 0, -1]
					}
				},
				"open_mouth": {
					"position": [0, 0, 1]
				},
				"sad_mouth": {
					"position": [0, 0, -1]
				},
				"hat": {
					"rotation": {
						"0.0": [0, 0, 0],
						"1.3333": [-7.5, 0, 0]
					}
				},
				"tophat": {
					"rotation": {
						"0.0": [0, 0, 0],
						"0.2917": [0, 0, -7.5],
						"0.5417": [0, 0, 7.5],
						"0.75": [7.5, 0, 0],
						"1.3333": [-7.5, 0, 0]
					},
					"position": [0, 0, 0]
				},
				"cone": {
					"rotation": {
						"0.0": [0, 0, 0],
						"0.75": [0.19, 0, 0],
						"1.5": [7.5, 0, 0]
					}
				},
				"left_spike": {
					"rotation": {
						"0.0": [0, 0, 0],
						"0.5": [0, 5, 0],
						"0.75": [-0.65426, 4.95712, -7.52832]
					}
				},
				"right_spike": {
					"rotation": {
						"0.0": [0, 0, 0],
						"0.5": [-0.32902, -7.49282, 2.52154],
						"0.75": [-1.30962, -7.38542, 10.08453]
					}
				},
				"cone2": {
					"rotation": {
						"0.0": [0, 0, 0],
						"0.7917": [0, 0, 0],
						"0.875": [-5, 0, 0],
						"1.0417": [-7.46867, -0.53254, 0.19477],
						"1.125": [2.53133, -0.53254, 0.19477],
						"1.375": [-2.46867, -0.53254, 0.19477]
					}
				},
				"body": {
					"rotation": {
						"0.0": [5, 0, 0],
						"0.5": [10.83, 0, 0],
						"1.2917": [10.69, 0, 0],
						"1.5": [7.5, 0, 0]
					}
				},
				"heed": {
					"position": {
						"0.0": [0, 0, 0],
						"1.5": [0, 0, 0]
					}
				}
			}
		}
	}
}