{
	"format_version": "1.12.0",
	"minecraft:geometry": [
		{
			"description": {
				"identifier": "geometry.mawile",
				"texture_width": 64,
				"texture_height": 64,
				"visible_bounds_width": 4,
				"visible_bounds_height": 4.5,
				"visible_bounds_offset": [0, 1.75, 0]
			},
			"bones": [
				{
					"name": "mawile",
					"pivot": [0, 2, 0]
				},
				{
					"name": "body",
					"parent": "mawile",
					"pivot": [0, 10, 0]
				},
				{
					"name": "torso",
					"parent": "body",
					"pivot": [0, 7.5, 0],
					"cubes": [
						{"origin": [-1.5, 7, -1], "size": [3, 2, 2], "inflate": 0.01, "uv": [28, 8]}
					]
				},
				{
					"name": "chest",
					"parent": "torso",
					"pivot": [0, 9, 1],
					"cubes": [
						{"origin": [-1.5, 9, -1], "size": [3, 3, 2], "uv": [24, 3]}
					]
				},
				{
					"name": "arms",
					"parent": "chest",
					"pivot": [0, 11.5, 0]
				},
				{
					"name": "arm_left",
					"parent": "arms",
					"pivot": [1.5, 12, 0],
					"cubes": [
						{"origin": [1.5, 11, -0.5], "size": [3, 1, 1], "uv": [10, 10]}
					]
				},
				{
					"name": "arm_left2",
					"parent": "arm_left",
					"pivot": [4.5, 12, 0.5],
					"cubes": [
						{"origin": [4.5, 11, -1], "size": [3, 1, 2], "inflate": 0.01, "uv": [45, 1]},
						{"origin": [4.5, 11, -0.5], "size": [1, 1, 1], "inflate": 0.02, "uv": [59, 8]}
					]
				},
				{
					"name": "hand_left",
					"parent": "arm_left2",
					"pivot": [7.5, 12, 0],
					"cubes": [
						{"origin": [6.5, 10.5, -1.5], "size": [3, 2, 3], "inflate": 0.02, "uv": [27, 59]}
					]
				},
				{
					"name": "fingers_left",
					"parent": "hand_left",
					"pivot": [9.5, 12, 0]
				},
				{
					"name": "finger_left1",
					"parent": "fingers_left",
					"pivot": [9.5, 12, -1],
					"cubes": [
						{"origin": [9.5, 11, -1], "size": [1, 1, 0], "uv": [49, 4]}
					]
				},
				{
					"name": "finger_left2",
					"parent": "fingers_left",
					"pivot": [9.5, 12, 0],
					"cubes": [
						{"origin": [9.5, 11, 0], "size": [1, 1, 0], "uv": [51, 4]}
					]
				},
				{
					"name": "finger_left3",
					"parent": "fingers_left",
					"pivot": [9.5, 12, 1],
					"cubes": [
						{"origin": [9.5, 11, 1], "size": [1, 1, 0], "uv": [53, 4]}
					]
				},
				{
					"name": "arm_right",
					"parent": "arms",
					"pivot": [-1.5, 12, 0],
					"cubes": [
						{"origin": [-4.5, 11, -0.5], "size": [3, 1, 1], "uv": [10, 12], "mirror": true}
					]
				},
				{
					"name": "arm_right2",
					"parent": "arm_right",
					"pivot": [-4.5, 12, 0.5],
					"cubes": [
						{"origin": [-7.5, 11, -1], "size": [3, 1, 2], "inflate": 0.01, "uv": [53, 0], "mirror": true},
						{"origin": [-5.5, 11, -0.5], "size": [1, 1, 1], "inflate": 0.02, "uv": [43, 14], "mirror": true}
					]
				},
				{
					"name": "hand_right",
					"parent": "arm_right2",
					"pivot": [-7.5, 12, 0],
					"cubes": [
						{"origin": [-9.5, 10.5, -1.5], "size": [3, 2, 3], "inflate": 0.02, "uv": [27, 59], "mirror": true}
					]
				},
				{
					"name": "fingers_right",
					"parent": "hand_right",
					"pivot": [-9.5, 12, 0]
				},
				{
					"name": "finger_right1",
					"parent": "fingers_right",
					"pivot": [-9.5, 12, -1],
					"cubes": [
						{"origin": [-10.5, 11, -1], "size": [1, 1, 0], "uv": [49, 5], "mirror": true}
					]
				},
				{
					"name": "finger_right2",
					"parent": "fingers_right",
					"pivot": [-9.5, 12, 0],
					"cubes": [
						{"origin": [-10.5, 11, 0], "size": [1, 1, 0], "uv": [51, 5], "mirror": true}
					]
				},
				{
					"name": "finger_right3",
					"parent": "fingers_right",
					"pivot": [-9.5, 12, 1],
					"cubes": [
						{"origin": [-10.5, 11, 1], "size": [1, 1, 0], "uv": [53, 5], "mirror": true}
					]
				},
				{
					"name": "neck",
					"parent": "chest",
					"pivot": [0, 11.5, 0],
					"cubes": [
						{"origin": [-0.5, 11, -0.5], "size": [1, 3, 1], "uv": [20, 5]}
					]
				},
				{
					"name": "head",
					"parent": "neck",
					"pivot": [0, 13, 0],
					"cubes": [
						{"origin": [-2.5, 12.5, -2.5], "size": [5, 5, 5], "pivot": [0, 15, 0], "rotation": [0, 45, 0], "uv": [0, 0]}
					]
				},
				{
					"name": "eyes",
					"parent": "head",
					"pivot": [0, 15, 0]
				},
				{
					"name": "eye_left",
					"parent": "eyes",
					"pivot": [0, 15, 0],
					"rotation": [0, 45, 0]
				},
				{
					"name": "eye_left_rotation",
					"parent": "eye_left",
					"pivot": [2.51, 15, 0.25],
					"rotation": [5, 0, 0],
					"cubes": [
						{"origin": [2.51, 14, -1.25], "size": [0, 2, 3], "uv": [35, 15]}
					]
				},
				{
					"name": "pupil_left",
					"parent": "eye_left_rotation",
					"pivot": [2.52, 15, -0.25],
					"cubes": [
						{"origin": [2.52, 14, -1.25], "size": [0, 2, 2], "uv": [37, 18]}
					]
				},
				{
					"name": "eye_shine_left",
					"parent": "pupil_left",
					"pivot": [2.52, 15, -0.25],
					"cubes": [
						{"origin": [2.53, 14, -0.75], "size": [0, 2, 1], "uv": [36, 21]}
					]
				},
				{
					"name": "eyelid_left",
					"parent": "eye_left_rotation",
					"pivot": [1.93, 15, 0.25],
					"cubes": [
						{"origin": [1.43, 14, -1.25], "size": [1, 2, 3], "inflate": 0.01, "uv": [52, 28]}
					]
				},
				{
					"name": "eye_right",
					"parent": "eyes",
					"pivot": [0, 15, 0],
					"rotation": [0, -45, 0]
				},
				{
					"name": "eye_right_rotation",
					"parent": "eye_right",
					"pivot": [-2.51, 15, 0.25],
					"rotation": [5, 0, 0],
					"cubes": [
						{"origin": [-2.51, 14, -1.25], "size": [0, 2, 3], "uv": [38, 19], "mirror": true}
					]
				},
				{
					"name": "pupil_right",
					"parent": "eye_right_rotation",
					"pivot": [-2.52, 15, -0.25],
					"cubes": [
						{"origin": [-2.52, 14, -1.25], "size": [0, 2, 2], "uv": [38, 12], "mirror": true}
					]
				},
				{
					"name": "eye_shine_right",
					"parent": "pupil_right",
					"pivot": [-2.52, 15, -0.25],
					"cubes": [
						{"origin": [-2.53, 14, -0.75], "size": [0, 2, 1], "uv": [41, 19], "mirror": true}
					]
				},
				{
					"name": "eyelid_right",
					"parent": "eye_right_rotation",
					"pivot": [-1.93, 15, 0.25],
					"cubes": [
						{"origin": [-2.43, 14, -1.25], "size": [1, 2, 3], "inflate": 0.01, "uv": [52, 33], "mirror": true}
					]
				},
				{
					"name": "mouth",
					"parent": "head",
					"pivot": [0, 13, 0],
					"rotation": [0, 45, 0]
				},
				{
					"name": "mouth_closed",
					"parent": "mouth",
					"pivot": [1.5, 13, -1.5],
					"cubes": [
						{"origin": [0.5, 12.5, -2.5], "size": [2, 1, 2], "inflate": 0.01, "uv": [52, 38]}
					]
				},
				{
					"name": "mouth_open",
					"parent": "mouth",
					"pivot": [1.4, 12.85, -1.4],
					"cubes": [
						{"origin": [0.4, 12.6, -2.4], "size": [2, 1, 2], "inflate": 0.01, "uv": [52, 41]},
						{"origin": [1.4, 13.1, -2.4], "size": [1, 1, 1], "inflate": 0.02, "uv": [58, 41]}
					]
				},
				{
					"name": "head_mouth_neck_right",
					"parent": "head",
					"pivot": [-1.5, 17.5, 1],
					"rotation": [0, 0, -12.5],
					"cubes": [
						{"origin": [-2, 16.5, 0], "size": [1, 4, 2], "uv": [47, 6]}
					]
				},
				{
					"name": "head_mouth_neck_right2",
					"parent": "head_mouth_neck_right",
					"pivot": [-1.5, 20.5, 0],
					"cubes": [
						{"origin": [-2, 20.5, 0], "size": [1, 3, 2], "inflate": 0.01, "uv": [58, 3]}
					]
				},
				{
					"name": "head_mouth_neck_right3",
					"parent": "head_mouth_neck_right2",
					"pivot": [-1.5, 23.5, 0],
					"cubes": [
						{"origin": [-2.5, 23.5, 0], "size": [2, 3, 2], "inflate": 0.02, "uv": [53, 9]}
					]
				},
				{
					"name": "head_mouth_right",
					"parent": "head_mouth_neck_right3",
					"pivot": [-1.5, 25.5, 1],
					"cubes": [
						{"origin": [-6.5, 25.5, -2], "size": [10, 11, 4], "inflate": 0.02, "uv": [0, 24]},
						{"origin": [-1.5, 25.5, -2], "size": [0, 10, 2], "pivot": [-1.5, 25.5, -2], "rotation": [67.5, 0, 0], "uv": [46, 45]},
						{"origin": [-1.5, 25.5, -2], "size": [0, 12, 3], "inflate": 0.02, "pivot": [-1.5, 25.5, -2], "rotation": [45, 0, 0], "uv": [50, 44]},
						{"origin": [-6.5, 25.5, 2], "size": [10, 3, 3], "inflate": 0.02, "uv": [26, 37]},
						{"origin": [3.5, 30, 1.5], "size": [0, 2, 3], "inflate": 0.01, "pivot": [3.5, 33, 2], "rotation": [0, 7.5, 0], "uv": [24, 51]},
						{"origin": [-6.5, 30, 1.5], "size": [0, 2, 3], "inflate": 0.01, "pivot": [-6.5, 33, 2], "rotation": [0, -7.5, 0], "uv": [24, 53], "mirror": true}
					]
				},
				{
					"name": "head_mouth_right2",
					"parent": "head_mouth_right",
					"pivot": [-1.5, 36.5, 2],
					"cubes": [
						{"origin": [-6, 36.5, -1], "size": [9, 10, 3], "inflate": 0.02, "uv": [28, 24]},
						{"origin": [3, 38.5, 1.5], "size": [0, 2, 3], "inflate": 0.01, "pivot": [3, 40, 2], "rotation": [0, 7.5, 0], "uv": [24, 55]},
						{"origin": [-6, 38.5, 1.5], "size": [0, 2, 3], "inflate": 0.01, "pivot": [-6, 40, 2], "rotation": [0, -7.5, 0], "uv": [24, 57], "mirror": true}
					]
				},
				{
					"name": "head_mouth_right3",
					"parent": "head_mouth_right2",
					"pivot": [-1.5, 46.5, 2],
					"cubes": [
						{"origin": [-5, 46.5, -1], "size": [7, 7, 3], "inflate": 0.01, "uv": [44, 14]},
						{"origin": [2, 47, 1.5], "size": [0, 2, 3], "inflate": 0.01, "pivot": [2, 48, 2], "rotation": [0, 7.5, 0], "uv": [30, 51]},
						{"origin": [-5, 47, 1.5], "size": [0, 2, 3], "inflate": 0.01, "pivot": [-5, 48, 2], "rotation": [0, -7.5, 0], "uv": [30, 53], "mirror": true}
					]
				},
				{
					"name": "head_jaw_right",
					"parent": "head_mouth_right",
					"pivot": [-1.5, 28, 2],
					"cubes": [
						{"origin": [-6.5, 28.5, 2], "size": [10, 8, 3], "inflate": 0.01, "uv": [0, 39]},
						{"origin": [3.5, 33.99, -0.5], "size": [0, 2, 3], "inflate": 0.01, "pivot": [3.5, 36, 2], "rotation": [0, -7.5, 0], "uv": [52, 21]},
						{"origin": [-6.5, 33.99, -0.5], "size": [0, 2, 3], "inflate": 0.01, "pivot": [-6.5, 36, 2], "rotation": [0, 7.5, 0], "uv": [52, 23], "mirror": true}
					]
				},
				{
					"name": "head_jaw_right2",
					"parent": "head_jaw_right",
					"pivot": [-1.5, 36.5, 5],
					"cubes": [
						{"origin": [-6, 36.5, 2], "size": [9, 10, 3], "inflate": 0.01, "uv": [0, 50]},
						{"origin": [3, 43, -0.5], "size": [0, 2, 3], "inflate": 0.01, "pivot": [3, 44.5, 2], "rotation": [0, -7.5, 0], "uv": [58, 21]},
						{"origin": [-6, 43, -0.5], "size": [0, 2, 3], "inflate": 0.01, "pivot": [-6, 44.5, 2], "rotation": [0, 7.5, 0], "uv": [58, 23], "mirror": true}
					]
				},
				{
					"name": "head_jaw_right3",
					"parent": "head_jaw_right2",
					"pivot": [-1.5, 46.5, 5],
					"cubes": [
						{"origin": [-5, 46.5, 2], "size": [7, 8, 3], "uv": [26, 43]}
					]
				},
				{
					"name": "head_mouth_neck_left",
					"parent": "head",
					"pivot": [1.5, 17.5, 1],
					"rotation": [0, 0, 12.5],
					"cubes": [
						{"origin": [1, 16.5, 0], "size": [1, 4, 2], "uv": [47, 6], "mirror": true}
					]
				},
				{
					"name": "head_mouth_neck_left2",
					"parent": "head_mouth_neck_left",
					"pivot": [1.5, 20.5, 0],
					"cubes": [
						{"origin": [1, 20.5, 0], "size": [1, 3, 2], "inflate": 0.01, "uv": [58, 3], "mirror": true}
					]
				},
				{
					"name": "head_mouth_neck_left3",
					"parent": "head_mouth_neck_left2",
					"pivot": [1.5, 23.5, 0],
					"cubes": [
						{"origin": [0.5, 23.5, 0], "size": [2, 3, 2], "inflate": 0.02, "uv": [53, 9], "mirror": true}
					]
				},
				{
					"name": "head_mouth_left",
					"parent": "head_mouth_neck_left3",
					"pivot": [1.5, 25.5, 1],
					"cubes": [
						{"origin": [-3.5, 25.5, -2], "size": [10, 11, 4], "inflate": 0.02, "uv": [0, 24], "mirror": true},
						{"origin": [1.5, 25.5, -2], "size": [0, 10, 2], "pivot": [1.5, 25.5, -2], "rotation": [67.5, 0, 0], "uv": [46, 45], "mirror": true},
						{"origin": [1.5, 25.5, -2], "size": [0, 12, 3], "inflate": 0.02, "pivot": [1.5, 25.5, -2], "rotation": [45, 0, 0], "uv": [50, 44], "mirror": true},
						{"origin": [-3.5, 25.5, 2], "size": [10, 3, 3], "inflate": 0.02, "uv": [26, 37], "mirror": true},
						{"origin": [-3.5, 30, 1.5], "size": [0, 2, 3], "inflate": 0.01, "pivot": [-3.5, 33, 2], "rotation": [0, -7.5, 0], "uv": [24, 51], "mirror": true},
						{"origin": [6.5, 30, 1.5], "size": [0, 2, 3], "inflate": 0.01, "pivot": [6.5, 33, 2], "rotation": [0, 7.5, 0], "uv": [24, 53]}
					]
				},
				{
					"name": "head_mouth_left2",
					"parent": "head_mouth_left",
					"pivot": [1.5, 36.5, 2],
					"cubes": [
						{"origin": [-3, 36.5, -1], "size": [9, 10, 3], "inflate": 0.02, "uv": [28, 24], "mirror": true},
						{"origin": [-3, 38.5, 1.5], "size": [0, 2, 3], "inflate": 0.01, "pivot": [-3, 40, 2], "rotation": [0, -7.5, 0], "uv": [24, 55], "mirror": true},
						{"origin": [6, 38.5, 1.5], "size": [0, 2, 3], "inflate": 0.01, "pivot": [6, 40, 2], "rotation": [0, 7.5, 0], "uv": [24, 57]}
					]
				},
				{
					"name": "head_mouth_left3",
					"parent": "head_mouth_left2",
					"pivot": [1.5, 46.5, 2],
					"cubes": [
						{"origin": [-2, 46.5, -1], "size": [7, 7, 3], "inflate": 0.01, "uv": [44, 14], "mirror": true},
						{"origin": [-2, 47, 1.5], "size": [0, 2, 3], "inflate": 0.01, "pivot": [-2, 48, 2], "rotation": [0, -7.5, 0], "uv": [30, 51], "mirror": true},
						{"origin": [5, 47, 1.5], "size": [0, 2, 3], "inflate": 0.01, "pivot": [5, 48, 2], "rotation": [0, 7.5, 0], "uv": [30, 53]}
					]
				},
				{
					"name": "head_jaw_left",
					"parent": "head_mouth_left",
					"pivot": [1.5, 28, 2],
					"cubes": [
						{"origin": [-3.5, 28.5, 2], "size": [10, 8, 3], "inflate": 0.01, "uv": [0, 39], "mirror": true},
						{"origin": [-3.5, 33.99, -0.5], "size": [0, 2, 3], "inflate": 0.01, "pivot": [-3.5, 36, 2], "rotation": [0, 7.5, 0], "uv": [52, 21], "mirror": true},
						{"origin": [6.5, 33.99, -0.5], "size": [0, 2, 3], "inflate": 0.01, "pivot": [6.5, 36, 2], "rotation": [0, -7.5, 0], "uv": [52, 23]}
					]
				},
				{
					"name": "head_jaw_left2",
					"parent": "head_jaw_left",
					"pivot": [1.5, 36.5, 5],
					"cubes": [
						{"origin": [-3, 36.5, 2], "size": [9, 10, 3], "inflate": 0.01, "uv": [0, 50], "mirror": true},
						{"origin": [-3, 43, -0.5], "size": [0, 2, 3], "inflate": 0.01, "pivot": [-3, 44.5, 2], "rotation": [0, 7.5, 0], "uv": [58, 21], "mirror": true},
						{"origin": [6, 43, -0.5], "size": [0, 2, 3], "inflate": 0.01, "pivot": [6, 44.5, 2], "rotation": [0, -7.5, 0], "uv": [58, 23]}
					]
				},
				{
					"name": "head_jaw_left3",
					"parent": "head_jaw_left2",
					"pivot": [1.5, 46.5, 5],
					"cubes": [
						{"origin": [-2, 46.5, 2], "size": [7, 8, 3], "uv": [26, 43], "mirror": true}
					]
				},
				{
					"name": "hair",
					"parent": "head",
					"pivot": [0, 17.5, -0.25]
				},
				{
					"name": "hair_left",
					"parent": "hair",
					"pivot": [1.6, 17.5, -0.25],
					"cubes": [
						{"origin": [1.6, 17.5, -1.25], "size": [2, 0, 2], "uv": [13, 1]}
					]
				},
				{
					"name": "hair_left2",
					"parent": "hair_left",
					"pivot": [3.6, 17.5, -0.25],
					"cubes": [
						{"origin": [3.6, 17.5, -1.25], "size": [2, 0, 2], "uv": [17, 1]}
					]
				},
				{
					"name": "hair_left3",
					"parent": "hair_left2",
					"pivot": [5.6, 17.5, -0.25],
					"cubes": [
						{"origin": [5.6, 17.5, -1.75], "size": [4, 0, 3], "uv": [20, 0]}
					]
				},
				{
					"name": "hair_left4",
					"parent": "hair_left3",
					"pivot": [9.6, 17.5, -0.25],
					"cubes": [
						{"origin": [9.6, 17.5, -1.75], "size": [9, 0, 3], "uv": [43, 44]}
					]
				},
				{
					"name": "hair_right",
					"parent": "hair",
					"pivot": [-1.6, 17.5, -0.25],
					"cubes": [
						{"origin": [-3.6, 17.5, -1.25], "size": [2, 0, 2], "uv": [13, 3], "mirror": true}
					]
				},
				{
					"name": "hair_right2",
					"parent": "hair_right",
					"pivot": [-3.6, 17.5, -0.25],
					"cubes": [
						{"origin": [-5.6, 17.5, -1.25], "size": [2, 0, 2], "uv": [17, 3], "mirror": true}
					]
				},
				{
					"name": "hair_right3",
					"parent": "hair_right2",
					"pivot": [-5.6, 17.5, -0.25],
					"cubes": [
						{"origin": [-9.6, 17.5, -1.75], "size": [4, 0, 3], "uv": [28, 0], "mirror": true}
					]
				},
				{
					"name": "hair_right4",
					"parent": "hair_right3",
					"pivot": [-9.6, 17.5, -0.25],
					"cubes": [
						{"origin": [-18.6, 17.5, -1.75], "size": [9, 0, 3], "uv": [43, 44], "mirror": true}
					]
				},
				{
					"name": "legs",
					"parent": "body",
					"pivot": [0.9, 7.4, 0]
				},
				{
					"name": "leg_left",
					"parent": "legs",
					"pivot": [0.9, 7.4, 0],
					"rotation": [0, 0, -5],
					"cubes": [
						{"origin": [-0.1, 5.4, -1.75], "size": [3, 3, 4], "inflate": 0.01, "uv": [0, 10]}
					]
				},
				{
					"name": "leg_left2",
					"parent": "leg_left",
					"pivot": [1.4, 6.4, -1.75],
					"cubes": [
						{"origin": [-0.1, 4.4, -2], "size": [4, 2, 5], "inflate": 0.01, "uv": [15, 9]}
					]
				},
				{
					"name": "leg_left3",
					"parent": "leg_left2",
					"pivot": [3.9, 4.4, -2],
					"rotation": [0, 0, 2.5],
					"cubes": [
						{"origin": [-0.1, 2.4, -2], "size": [4, 2, 5], "uv": [0, 17]},
						{"origin": [-0.1, 0.4, -2], "size": [4, 2, 5], "uv": [0, 17]}
					]
				},
				{
					"name": "foot_left",
					"parent": "leg_left3",
					"pivot": [1.15, 0.4, 0.5],
					"rotation": [0, 0, 2.5],
					"cubes": [
						{"origin": [0.15, -0.1, -1.5], "size": [2, 1, 3], "uv": [13, 16]}
					]
				},
				{
					"name": "leg_right",
					"parent": "legs",
					"pivot": [-0.9, 7.4, 0],
					"rotation": [0, 0, 5],
					"cubes": [
						{"origin": [-2.9, 5.4, -1.75], "size": [3, 3, 4], "uv": [35, 0], "mirror": true}
					]
				},
				{
					"name": "leg_right2",
					"parent": "leg_right",
					"pivot": [-1.4, 6.4, -1.75],
					"cubes": [
						{"origin": [-3.9, 4.4, -2], "size": [4, 2, 5], "inflate": 0.01, "uv": [33, 7], "mirror": true}
					]
				},
				{
					"name": "leg_right3",
					"parent": "leg_right2",
					"pivot": [-3.9, 4.4, -2],
					"rotation": [0, 0, -2.5],
					"cubes": [
						{"origin": [-3.9, 2.4, -2], "size": [4, 2, 5], "uv": [18, 16], "mirror": true},
						{"origin": [-3.9, 0.4, -2], "size": [4, 2, 5], "uv": [18, 16], "mirror": true}
					]
				},
				{
					"name": "foot_right",
					"parent": "leg_right3",
					"pivot": [-1.15, 0.4, 0.5],
					"rotation": [0, 0, -2.5],
					"cubes": [
						{"origin": [-2.15, -0.1, -1.5], "size": [2, 1, 3], "uv": [31, 14], "mirror": true}
					]
				}
			]
		}
	]
}