{
	"format_version": "1.8.0",
	"animations": {
		"animation.houndour.new": {
			"loop": true,
			"bones": {
				"houndour": {
					"rotation": [5, 0, 0],
					"position": [0, -2, -1]
				},
				"Torso": {
					"rotation": [15, 0, 0]
				},
				"leg_left": {
					"rotation": [-22.90109, -18.75448, -5.36451]
				},
				"leg_left2": {
					"rotation": [-42.5, 0, 0]
				},
				"feet_left2": {
					"rotation": [47.06283, -7.35559, 6.79333]
				},
				"tail": {
					"rotation": [31.5667, 17.2294, 10.3141]
				},
				"neck": {
					"rotation": [20, 0, 0]
				},
				"head": {
					"rotation": [-32.72348, -6.3202, 4.04618]
				},
				"ear_left": {
					"rotation": [-65, 0, 0]
				},
				"ear_right": {
					"rotation": [-62.5, 0, 0]
				},
				"mouth": {
					"rotation": [12.5, 0, 0]
				},
				"leg_right": {
					"rotation": [-41.14293, 12.27659, 12.56853]
				},
				"leg_right2": {
					"rotation": [-30, 0, 0]
				},
				"feet_left": {
					"rotation": [54.09341, 12.60837, -8.19252]
				},
				"backleg_left": {
					"rotation": [-12.77078, -16.92654, -6.10609]
				},
				"backleg_left2": {
					"rotation": [30, 0, 0]
				},
				"backfeet_left": {
					"rotation": [-14.87739, 1.93597, 7.24721]
				},
				"backleg_right": {
					"rotation": [-6.24926, 18.43795, 19.83264]
				},
				"backleg_right2": {
					"rotation": [22.5, 0, 0]
				},
				"backfeet_right": {
					"rotation": [-13.96687, -5.67999, -19.18941]
				}
			}
		},
		"animation.houndour.ground_idle": {
			"loop": true,
			"bones": {
				"body": {
					"position": [0, "-math.sin(query.anim_time * 160) *0.2", "-math.sin(query.anim_time * 160) *0.25"]
				},
				"leg_left": {
					"rotation": ["2.936+math.sin(query.anim_time * 160) *4", -4.75756, -5.23116],
					"position": [0, -0.4, "-math.sin(query.anim_time * 160) *0.05"]
				},
				"leg_left2": {
					"rotation": ["-5-math.sin(query.anim_time * 160) *4", 0, 0]
				},
				"feet_left2": {
					"rotation": [2.4905, -0.21782, 4.99527]
				},
				"tail": {
					"rotation": ["10-math.sin((query.anim_time -0.4) * 160) *3", "-math.sin(query.anim_time * 400) *10", 0]
				},
				"neck": {
					"rotation": ["math.sin((query.anim_time -0.3) * 160) *2", 0, 0]
				},
				"head": {
					"rotation": ["-math.sin((query.anim_time -0.6) * 160) *3", 0, 0]
				},
				"leg_right": {
					"rotation": ["2.936+math.sin(query.anim_time * 160) *4", 4.75756, 5.23116],
					"position": [0, -0.4, "-math.sin(query.anim_time * 160) *0.05"]
				},
				"leg_right2": {
					"rotation": ["-5-math.sin(query.anim_time * 160) *4", 0, 0]
				},
				"feet_left": {
					"rotation": [0, 0, -5]
				},
				"backleg_left": {
					"rotation": ["math.sin(query.anim_time * 160) *3", 0, 0],
					"position": [0, "math.sin(query.anim_time * 160) *0.3", "math.sin(query.anim_time * 160) *0.1"]
				},
				"backleg_left2": {
					"rotation": ["-math.sin(query.anim_time * 160) *3", 0, 0]
				},
				"backleg_right": {
					"rotation": ["math.sin(query.anim_time * 160) *3", 0, 0],
					"position": [0, "math.sin(query.anim_time * 160) *0.3", "math.sin(query.anim_time * 160) *0.1"]
				},
				"backleg_right2": {
					"rotation": ["-math.sin(query.anim_time * 160) *3", 0, 0]
				}
			}
		},
		"animation.houndour.blink": {
			"animation_length": 0.16667,
			"bones": {
				"eye_left": {
					"position": {
						"0.0": [-1, 0, 1],
						"0.125": [-1, 0, 1],
						"0.1667": [0, 0, 0]
					}
				},
				"eye_right": {
					"position": {
						"0.0": [1, 0, 1],
						"0.125": [1, 0, 1],
						"0.1667": [0, 0, 0]
					}
				}
			}
		},
		"animation.houndour.sleep": {
			"loop": true,
			"bones": {
				"body": {
					"position": [0, -7, 0]
				},
				"Torso": {
					"rotation": ["math.sin(query.anim_time * 100) *1.5", 0, 0]
				},
				"leg_left": {
					"rotation": ["-61.5934-math.sin(query.anim_time * 100) *2", -12.60837, -8.19252]
				},
				"leg_left2": {
					"rotation": [-12.0012, 9.06524, 36.54514]
				},
				"feet_left2": {
					"rotation": [75, 0, 0]
				},
				"tail": {
					"rotation": ["-37.5-math.sin(query.anim_time * 100) *7", 0, 0]
				},
				"neck": {
					"rotation": ["62.5-math.sin(query.anim_time * 100) *1.5", 0, 0]
				},
				"head": {
					"rotation": ["-35-math.sin(query.anim_time * 100) *1.5", 0, 0]
				},
				"ear_left": {
					"rotation": [0, 0, 100]
				},
				"ear_right": {
					"rotation": [0, 0, -100]
				},
				"eye_left": {
					"position": [-1, 0, 1]
				},
				"eye_right": {
					"position": [1, 0, 1]
				},
				"leg_right": {
					"rotation": ["-67.6277-math.sin(query.anim_time * 100) *2", 22.01609, 12.15123]
				},
				"leg_right2": {
					"rotation": [0, 0, -57.5]
				},
				"feet_left": {
					"rotation": [70, 0, 0]
				},
				"backleg_left": {
					"rotation": [-94.46672, -36.68295, 7.59616]
				},
				"backleg_left2": {
					"rotation": [12.5, 0, 0]
				},
				"backfeet_left": {
					"rotation": [32.5, 0, 0]
				},
				"backleg_right": {
					"rotation": [-102.85256, 43.44039, -11.24326]
				},
				"backleg_right2": {
					"rotation": [30, 0, 0]
				},
				"backfeet_right": {
					"rotation": [45, 0, 0]
				}
			}
		},
		"animation.houndour.ground_walk": {
			"loop": true,
			"bones": {
				"leg_left": {
					"rotation": ["-7.5282-math.sin(query.anim_time * 390) *25", 0.65182, -4.95744],
					"position": [0, "-0.2-math.sin((query.anim_time -0.3) * 390) *0.5", 0]
				},
				"leg_left2": {
					"rotation": ["-20-math.sin((query.anim_time +0.5) * 390) *15", 0, 0]
				},
				"feet_left2": {
					"rotation": ["19.9811+math.sin((query.anim_time +0.8) * 390) *20", 0, 4.98107]
				},
				"neck": {
					"rotation": ["10+math.sin((query.anim_time +0.1) * 780) *1", 0, 0]
				},
				"leg_right": {
					"rotation": ["-7.5282+math.sin(query.anim_time * 390) *25", -0.65182, 4.95744],
					"position": [0, "-0.2+math.sin((query.anim_time -0.5) * 390) *0.5", 0]
				},
				"leg_right2": {
					"rotation": ["-17.5+math.sin((query.anim_time +0.5) * 390) *15", 0, 0]
				},
				"feet_left": {
					"rotation": ["19.9811-math.sin((query.anim_time +0.8) * 390) *20", 0.43523, -4.98107]
				},
				"backleg_left": {
					"rotation": ["-9.9627+math.sin(query.anim_time * 390) *15", -0.86717, -4.92442]
				},
				"backleg_left2": {
					"rotation": ["15+math.sin((query.anim_time -0.4) * 390) *15", 0, 0]
				},
				"backfeet_left": {
					"rotation": ["-4.9811+math.sin((query.anim_time +0.2) * 390) *15", 0.43523, 4.98107]
				},
				"backleg_right": {
					"rotation": ["-9.9627-math.sin(query.anim_time * 390) *15", 0.86717, 4.92442]
				},
				"backleg_right2": {
					"rotation": ["15-math.sin((query.anim_time -0.4) * 390) *15", 0, 0]
				},
				"backfeet_right": {
					"rotation": ["-4.9811-math.sin((query.anim_time +0.2) * 390) *15", -0.43523, -4.98107]
				},
				"body": {
					"rotation": [0, "math.sin((query.anim_time +0.1) * 390) *1", 0],
					"position": [0, "-0.3+math.sin((query.anim_time - 0.4) * 780) *0.3", 0]
				},
				"Torso": {
					"rotation": ["2.5+math.sin((query.anim_time -0.3) * 780) *2", 0, 0]
				},
				"tail": {
					"rotation": ["math.sin((query.anim_time -0.6) * 780) *5", "math.sin((query.anim_time -0.4) * 390)* 10", 0]
				},
				"head": {
					"rotation": ["math.sin((query.anim_time -0.4) * 780)", 0, 0]
				}
			}
		}
	}
}