{
  "implemented": true,
  "nationalPokedexNumber": 647,
  "name": "Keldeo",
  "primaryType": "water",
  "secondaryType": "fighting",
  "maleRatio": -1,
  "height": 14,
  "weight": 485,
  "pokedex": [
    "cobblemon.species.keldeo.desc"
  ],
  "labels": [
    "gen5",
    "mythical"
  ],
  "aspects": [
    "ordinary-form"
  ],
  "abilities": [
    "justified",
    "h:justified"
  ],
  "eggGroups": [
    "undiscovered"
  ],
  "baseStats": {
    "hp": 91,
    "attack": 72,
    "defence": 90,
    "special_attack": 129,
    "special_defence": 90,
    "speed": 108
  },
  "evYield": {
    "hp": 0,
    "attack": 0,
    "defence": 0,
    "special_attack": 3,
    "special_defence": 0,
    "speed": 0
  },
  "baseExperienceYield": 290,
  "experienceGroup": "slow",
  "catchRate": 3,
  "eggCycles": 80,
  "drops": {
    "amount": 5,
    "entries": [
      {
        "item": "cobblemon:rare_candy",
        "quantityRange": "3-6"
      },
      {
        "item": "cobblemon:mystic_water",
        "percentage": 50.0
      },
      {
        "item": "cobblemon:black_belt",
        "percentage": 50.0
      },
      {
        "item": "cobblemon:ability_capsule",
        "percentage": 25.0
      },
      {
        "item": "cobblemon:ability_patch",
        "percentage": 5.0
      }
    ]
  },
  "baseFriendship": 35,
  "baseScale": 0.8,
  "hitbox": {
    "width": 1,
    "height": 2.2,
    "fixed": false
  },
  "behaviour": {
    "moving": {
      "canLook": true,
      "walk": {
        "walkSpeed": 0.4,
        "canWalk": true,
        "avoidsLand": false
      },
      "fly": {
        "canFly": false
      },
      "swim": {
        "swimSpeed": 0.2,
        "canSwimInWater": false,
        "canBreatheUnderwater": false
      }
    }
  },
  "moves": [
    "1:aquajet",
    "1:leer",
    "1:helpinghand",
    "1:workup",
    "1:secretsword",
    "7:bubblebeam",
    "14:quickguard",
    "21:doublekick",
    "28:retaliate",
    "35:aquatail",
    "42:takedown",
    "49:sacredsword",
    "56:swordsdance",
    "63:hydropump",
    "70:closecombat",
    "form_change:secretsword",
    "tm:aerialace",
    "tm:airslash",
    "tm:aquatail",
    "tm:aurasphere",
    "tm:batonpass",
    "tm:bounce",
    "tm:brickbreak",
    "tm:calmmind",
    "tm:chillingwater",
    "tm:closecombat",
    "tm:coaching",
    "tm:confide",
    "tm:covet",
    "tm:cut",
    "tm:doubleedge",
    "tm:doubleteam",
    "tm:endeavor",
    "tm:endure",
    "tm:facade",
    "tm:falseswipe",
    "tm:flipturn",
    "tm:focusblast",
    "tm:frustration",
    "tm:gigaimpact",
    "tm:hail",
    "tm:helpinghand",
    "tm:hiddenpower",
    "tm:hydropump",
    "tm:hyperbeam",
    "tm:icywind",
    "tm:lastresort",
    "tm:liquidation",
    "tm:lowkick",
    "tm:megahorn",
    "tm:muddywater",
    "tm:painsplit",
    "tm:poisonjab",
    "tm:protect",
    "tm:psychup",
    "tm:raindance",
    "tm:reflect",
    "tm:rest",
    "tm:retaliate",
    "tm:return",
    "tm:revenge",
    "tm:reversal",
    "tm:roar",
    "tm:rocksmash",
    "tm:round",
    "tm:safeguard",
    "tm:scald",
    "tm:secretpower",
    "tm:sleeptalk",
    "tm:smartstrike",
    "tm:snore",
    "tm:stoneedge",
    "tm:strength",
    "tm:substitute",
    "tm:sunnyday",
    "tm:superpower",
    "tm:surf",
    "tm:swagger",
    "tm:swift",
    "tm:swordsdance",
    "tm:takedown",
    "tm:taunt",
    "tm:terablast",
    "tm:toxic",
    "tm:trailblaze",
    "tm:upperhand",
    "tm:vacuumwave",
    "tm:waterpulse",
    "tm:workup",
    "tm:xscissor",
    "tutor:aerialace",
    "tutor:aquatail",
    "tutor:bounce",
    "tutor:calmmind",
    "tutor:coaching",
    "tutor:covet",
    "tutor:falseswipe",
    "tutor:flipturn",
    "tutor:gigaimpact",
    "tutor:helpinghand",
    "tutor:hyperbeam",
    "tutor:icywind",
    "tutor:lastresort",
    "tutor:liquidation",
    "tutor:lowkick",
    "tutor:megahorn",
    "tutor:painsplit",
    "tutor:poisonjab",
    "tutor:rest",
    "tutor:rocksmash",
    "tutor:secretsword",
    "tutor:sleeptalk",
    "tutor:stoneedge",
    "tutor:superpower",
    "tutor:swift",
    "tutor:vacuumwave",
    "tutor:waterpulse",
    "tutor:xscissor"
  ],
  "evolutions": [
    {
      "id": "keldeo_keldeoresolute",
      "variant": "level_up",
      "result": "keldeo sword_form=resolute",
      "consumeHeldItem": false,
      "learnableMoves": [],
      "requirements": [
        {
          "variant": "has_move",
          "move": "secretsword"
        }
      ]
    }
  ],
  "forms": [
    {
      "name": "Resolute",
      "primaryType": "water",
      "secondaryType": "fighting",
      "baseStats": {
        "hp": 91,
        "attack": 82,
        "defence": 100,
        "special_attack": 139,
        "special_defence": 100,
        "speed": 118
      },
      "maleRatio": -1,
      "height": 14,
      "weight": 485,
      "pokedex": [
        "cobblemon.species.keldeo-resolute.desc"
      ],
      "labels": [
        "gen5",
        "mythical"
      ],
      "aspects": [
        "resolute-form"
      ],
      "evolutions": [
        {
          "id": "keldeoresolute_keldeo",
          "variant": "level_up",
          "result": "keldeo sword_form=ordinary",
          "consumeHeldItem": false,
          "learnableMoves": [],
          "requirements": []
        }
      ],
      "battleOnly": false
    }
  ]
}
