{
	"format_version": "1.8.0",
	"animations": {
		"animation.skuntank.ground_walk": {
			"loop": true,
			"animation_length": 1,
			"bones": {
				"thigh_r": {
					"rotation": {
						"0.0": [20, 0, 0],
						"0.25": [-5, 0, 0],
						"0.5": [-35, 0, 0],
						"1.0": [20, 0, 0]
					}
				},
				"body": {
					"position": {
						"0.0": [0, -0.5, 0],
						"0.25": [0, 0, 0],
						"0.5": [0, -0.5, 0],
						"0.75": [0, 0, 0],
						"1.0": [0, -0.5, 0]
					}
				},
				"shoulder_r": {
					"rotation": {
						"0.0": [-25, 0, 0],
						"0.25": [0, 0, 0],
						"0.5": [25, 0, 0],
						"0.75": [0, 0, 0],
						"1.0": [-25, 0, 0]
					}
				},
				"forearm_r": {
					"rotation": {
						"0.0": [7.5, 0, 0],
						"0.5": [-7.5, 0, 0],
						"0.75": [-22.5, 0, 0],
						"1.0": [7.5, 0, 0]
					}
				},
				"shoulder_l": {
					"rotation": {
						"0.0": [25, 0, 0],
						"0.25": [0, 0, 0],
						"0.5": [-25, 0, 0],
						"0.75": [0, 0, 0],
						"1.0": [25, 0, 0]
					}
				},
				"forearm_l": {
					"rotation": {
						"0.0": [0, 0, 0],
						"0.25": [-22.5, 0, 0],
						"0.5": [7.5, 0, 0],
						"0.75": [0, 0, 0],
						"1.0": [-7.5, 0, 0]
					}
				},
				"calf_r": {
					"rotation": {
						"0.0": [0, 0, 0],
						"0.25": [-5, 0, 0],
						"0.5": [10, 0, 0],
						"0.75": [0, 0, 0],
						"1.0": [0, 0, 0]
					}
				},
				"thigh_l": {
					"rotation": {
						"0.0": [-35, 0, 0],
						"0.5": [20, 0, 0],
						"0.75": [-5, 0, 0],
						"1.0": [-35, 0, 0]
					}
				},
				"calf_l": {
					"rotation": {
						"0.0": [10, 0, 0],
						"0.25": [0, 0, 0],
						"0.5": [0, 0, 0],
						"0.75": [-5, 0, 0],
						"1.0": [10, 0, 0]
					}
				}
			}
		},
		"animation.skuntank.ground_idle": {
			"loop": true,
			"animation_length": 3,
			"bones": {
				"body": {
					"rotation": {
						"0.0": [0, 0, 0],
						"1.5": [2.5, 0, 0],
						"3.0": [0, 0, 0]
					},
					"position": {
						"0.0": [0, 0, 0],
						"1.5": [0, -0.25, 0],
						"3.0": [0, 0, 0]
					}
				},
				"shoulder_r": {
					"rotation": {
						"0.0": [0, 0, 0],
						"1.5": [2.5, 0, 0],
						"3.0": [0, 0, 0]
					},
					"position": {
						"0.0": [0, 0, 0],
						"1.5": [0, 0.25, 0],
						"3.0": [0, 0, 0]
					}
				},
				"forearm_r": {
					"rotation": {
						"0.0": [0, 0, 0],
						"1.5": [-5, 0, 0],
						"3.0": [0, 0, 0]
					}
				},
				"hand_r": {
					"rotation": {
						"0.0": [0, 0, 0],
						"1.5": [0, 0, 0],
						"3.0": [0, 0, 0]
					}
				},
				"shoulder_l": {
					"rotation": {
						"0.0": [0, 0, 0],
						"1.5": [2.5, 0, 0],
						"3.0": [0, 0, 0]
					},
					"position": {
						"0.0": [0, 0, 0],
						"1.5": [0, 0.25, 0],
						"3.0": [0, 0, 0]
					}
				},
				"forearm_l": {
					"rotation": {
						"0.0": [0, 0, 0],
						"1.5": [-5, 0, 0],
						"3.0": [0, 0, 0]
					}
				},
				"hand_l": {
					"rotation": {
						"0.0": [0, 0, 0],
						"1.5": [0, 0, 0],
						"3.0": [0, 0, 0]
					}
				}
			}
		},
		"animation.skuntank.sleep": {
			"loop": true,
			"bones": {
				"body": {
					"rotation": [0, 90, -2.5],
					"position": [0, -3, 0]
				},
				"head": {
					"rotation": [0, -32.5, 0]
				},
				"tail5": {
					"rotation": [0, 0, 0]
				},
				"tail9": {
					"rotation": [0, 45, 0],
					"position": [0.5, 0, -0.5]
				},
				"tail6": {
					"rotation": [0, 7.5, 0]
				},
				"tail7": {
					"rotation": [0, -12.5, 10],
					"position": [-0.25, 0, 0]
				},
				"thigh_r": {
					"rotation": [-60, 0, 0],
					"position": [0, -1, 1]
				},
				"knee_r": {
					"rotation": [42.5, 0, 0]
				},
				"foot_r": {
					"rotation": [10, 0, 0]
				},
				"thigh_l": {
					"rotation": [-60, 0, 0],
					"position": [0, -1, 1]
				},
				"knee_l": {
					"rotation": [42.5, 0, 0]
				},
				"foot_l": {
					"rotation": [10, 0, 0]
				},
				"shoulder_r": {
					"rotation": [-40, -12.5, 0]
				},
				"forearm_r": {
					"rotation": [-35, 0, 0]
				},
				"hand_r": {
					"rotation": [82.5, 0, 0],
					"position": [0, 2, -1]
				},
				"shoulder_l": {
					"rotation": [-40, 0, 0]
				},
				"forearm_l": {
					"rotation": [-35, 0, 0]
				},
				"hand_l": {
					"rotation": [82.5, 0, 0],
					"position": [0, 2, -1]
				},
				"torso": {
					"rotation": [0, -40, 0]
				},
				"pupil_r": {
					"position": [0, -0.25, 0],
					"scale": [1, 0.5, 1]
				},
				"pupil_l": {
					"position": [0, -0.25, 0],
					"scale": [1, 0.5, 1]
				}
			}
		},
		"animation.skuntank.faint": {
			"loop": true,
			"animation_length": 3.25,
			"bones": {
				"body": {
					"rotation": {
						"0.0": [0, 0, 0],
						"0.25": [10, 0, 0],
						"0.5": [-10, 0, -10],
						"0.75": [-30, 0, -5],
						"1.0": [-50, 0, 0],
						"1.125": [-50, 0, 0],
						"1.5": [0, 0, 0]
					},
					"position": {
						"0.0": [0, 0, 0],
						"0.25": [0, -1.75, 1.75],
						"0.5": [1.5, 0.75, -0.75],
						"0.75": [0.25, 3, -4],
						"1.0": [0, 6.5, -5],
						"1.125": [0, 6.5, -5],
						"1.5": [0, -3.5, -6]
					}
				},
				"pupil_r": {
					"position": [0, -0.25, 0],
					"scale": [1, 0.5, 1]
				},
				"pupil_l": {
					"position": [0, -0.25, 0],
					"scale": [1, 0.5, 1]
				},
				"shoulder_r": {
					"rotation": {
						"0.0": [0, 0, 0],
						"0.25": [35, 0, 0],
						"0.9167": [-10, 0, 0],
						"1.125": [-10, 0, 0],
						"1.5": [-40, 10, 0]
					}
				},
				"forearm_r": {
					"rotation": {
						"0.0": [0, 0, 0],
						"0.25": [-45, 0, 0],
						"0.5": [-20, 0, 0],
						"1.0": [-20, 0, 0],
						"1.5417": [-37.5, 0, 0]
					}
				},
				"shoulder_l": {
					"rotation": {
						"0.0": [0, 0, 0],
						"0.25": [35, 0, 0],
						"0.9167": [-10, 0, 0],
						"1.125": [-10, 0, 0],
						"1.5": [-40, -10, 0]
					}
				},
				"forearm_l": {
					"rotation": {
						"0.0": [0, 0, 0],
						"0.25": [-45, 0, 0],
						"0.5": [-20, 0, 0],
						"1.0": [-20, 0, 0],
						"1.5417": [-37.5, 0, 0]
					}
				},
				"thigh_r": {
					"rotation": {
						"0.0": [0, 0, 0],
						"0.25": [-10, 0, 0],
						"0.5": [-5, 0, 10],
						"0.75": [20, 0, 5],
						"1.0": [40, 0, 0]
					}
				},
				"knee_r": {
					"rotation": {
						"0.0": [0, 0, 0],
						"0.25": [10, 0, 0],
						"0.5": [20, 0, 0],
						"0.75": [25, 0, 0]
					}
				},
				"calf_r": {
					"rotation": {
						"0.0": [0, 0, 0],
						"0.25": [-10, 0, 0],
						"0.5": [-5, 0, 0],
						"0.75": [-15, 0, 0]
					}
				},
				"thigh_l": {
					"rotation": {
						"0.0": [0, 0, 0],
						"0.25": [-10, 0, 0],
						"0.5": [-5, 0, 0],
						"0.75": [20, 0, 0],
						"1.0": [40, 0, 0]
					}
				},
				"knee_l": {
					"rotation": {
						"0.0": [0, 0, 0],
						"0.25": [10, 0, 0],
						"0.5": [20, 0, 0],
						"0.75": [25, 0, 0]
					}
				},
				"calf_l": {
					"rotation": {
						"0.0": [0, 0, 0],
						"0.25": [-10, 0, 0],
						"0.5": [-5, 0, 0],
						"0.75": [-15, 0, 0]
					}
				}
			}
		},
		"animation.skuntank.cry": {
			"animation_length": 2,
			"bones": {
				"body": {
					"rotation": {
						"0.0": [0, 0, 0],
						"0.375": [5, 0, 0],
						"0.75": [0, 0, 0],
						"1.25": [-7.5, 0, 0],
						"1.75": [0, 0, 0]
					},
					"position": {
						"0.0": [0, 0, 0],
						"0.75": [0, 0, 0],
						"1.25": [0, 0, -1],
						"1.75": [0, 0, 0]
					}
				},
				"head": {
					"rotation": {
						"0.0": [0, 0, 0],
						"0.375": [5, 0, 0],
						"0.75": [0, 0, 0],
						"1.25": [-5, 0, 0],
						"1.75": [0, 0, 0]
					}
				},
				"shoulder_r": {
					"rotation": {
						"0.0": [0, 0, 0],
						"0.375": [5, 0, 0],
						"0.75": [0, 0, 0],
						"1.25": [0, 0, 0],
						"1.75": [0, 0, 0]
					}
				},
				"forearm_r": {
					"rotation": {
						"0.0": [0, 0, 0],
						"0.375": [-12.5, 0, 0],
						"0.75": [0, 0, 0],
						"1.25": [7.5, 0, 0],
						"1.75": [0, 0, 0]
					}
				},
				"hand_r": {
					"rotation": {
						"0.0": [0, 0, 0],
						"0.375": [2.5, 0, 0],
						"0.75": [0, 0, 0],
						"1.25": [5, 0, 0],
						"1.75": [0, 0, 0]
					}
				},
				"shoulder_l": {
					"rotation": {
						"0.0": [0, 0, 0],
						"0.375": [5, 0, 0],
						"0.75": [0, 0, 0],
						"1.25": [0, 0, 0],
						"1.75": [0, 0, 0]
					}
				},
				"forearm_l": {
					"rotation": {
						"0.0": [0, 0, 0],
						"0.375": [-12.5, 0, 0],
						"0.75": [0, 0, 0],
						"1.25": [7.5, 0, 0],
						"1.75": [0, 0, 0]
					}
				},
				"hand_l": {
					"rotation": {
						"0.0": [0, 0, 0],
						"0.375": [2.5, 0, 0],
						"0.75": [0, 0, 0],
						"1.25": [5, 0, 0],
						"1.75": [0, 0, 0]
					}
				},
				"tail7": {
					"rotation": {
						"0.0": [0, 0, 0],
						"0.375": [5, 0, 0],
						"0.75": [0, 0, 0],
						"1.25": [-5, 0, 0],
						"1.75": [0, 0, 0]
					}
				},
				"thigh_r": {
					"rotation": {
						"0.0": [0, 0, 0],
						"0.375": [0, 0, 0],
						"0.75": [0, 0, 0],
						"1.25": [-7.5, 0, 0],
						"1.75": [0, 0, 0]
					}
				},
				"knee_r": {
					"rotation": {
						"0.0": [0, 0, 0],
						"0.375": [-7.5, 0, 0],
						"0.75": [0, 0, 0],
						"1.25": [17.5, 0, 0],
						"1.75": [0, 0, 0]
					}
				},
				"calf_r": {
					"rotation": {
						"0.0": [0, 0, 0],
						"0.375": [7.5, 0, 0],
						"0.75": [0, 0, 0],
						"1.25": [5, 0, 0],
						"1.75": [0, 0, 0]
					}
				},
				"foot_r": {
					"rotation": {
						"0.0": [0, 0, 0],
						"0.375": [-2.5, 0, 0],
						"0.75": [0, 0, 0],
						"1.25": [-5, 0, 0],
						"1.75": [0, 0, 0]
					}
				},
				"thigh_l": {
					"rotation": {
						"0.0": [0, 0, 0],
						"0.375": [0, 0, 0],
						"0.75": [0, 0, 0],
						"1.25": [-7.5, 0, 0],
						"1.75": [0, 0, 0]
					}
				},
				"knee_l": {
					"rotation": {
						"0.0": [0, 0, 0],
						"0.375": [-7.5, 0, 0],
						"0.75": [0, 0, 0],
						"1.25": [17.5, 0, 0],
						"1.75": [0, 0, 0]
					}
				},
				"calf_l": {
					"rotation": {
						"0.0": [0, 0, 0],
						"0.375": [7.5, 0, 0],
						"0.75": [0, 0, 0],
						"1.25": [5, 0, 0],
						"1.75": [0, 0, 0]
					}
				},
				"foot_l": {
					"rotation": {
						"0.0": [0, 0, 0],
						"0.375": [-2.5, 0, 0],
						"0.75": [0, 0, 0],
						"1.25": [-5, 0, 0],
						"1.75": [0, 0, 0]
					}
				},
				"mouth": {
					"position": {
						"0.0": [0, 0, 0],
						"0.0417": {
							"pre": [0, 0, 0],
							"post": [0, 0, -0.05]
						},
						"1.75": {
							"pre": [0, 0, -0.05],
							"post": [0, 0, 0]
						}
					}
				}
			},
			"sound_effects": {
				"0.0417": {
					"effect": "pokemon.skuntank.cry"
				}
			}
		},
		"animation.skuntank.swivel_test": {
			"loop": true,
			"animation_length": 4,
			"bones": {
				"head": {
					"rotation": {
						"0.0": [0, 0, 0],
						"0.5": [0, 45, 0],
						"1.0": [0, 0, 0],
						"1.5": [0, -45, 0],
						"2.0": [0, 0, 0],
						"2.5": [-20, 0, 0],
						"3.0": [0, 0, 0],
						"3.5": [20, 0, 0],
						"4.0": [0, 0, 0]
					}
				},
				"tail7": {
					"rotation": {
						"0.0": [0, 0, 0],
						"0.5": [0, 45, 0],
						"1.0": [0, 0, 0],
						"1.5": [0, -45, 0],
						"2.0": [0, 0, 0],
						"2.5": [-20, 0, 0],
						"3.0": [0, 0, 0],
						"3.5": [20, 0, 0],
						"4.0": [0, 0, 0]
					}
				}
			}
		}
	}
}