{
	"format_version": "1.12.0",
	"minecraft:geometry": [
		{
			"description": {
				"identifier": "geometry.unknown",
				"texture_width": 512,
				"texture_height": 512,
				"visible_bounds_width": 28,
				"visible_bounds_height": 16.5,
				"visible_bounds_offset": [0, 7.75, 0]
			},
			"bones": [
				{
					"name": "groudon",
					"pivot": [-1.5, 0, 0]
				},
				{
					"name": "body",
					"parent": "groudon",
					"pivot": [-14, 14.5, 0]
				},
				{
					"name": "legs",
					"parent": "body",
					"pivot": [-11.75, 14.5, -9.75]
				},
				{
					"name": "lleg",
					"parent": "legs",
					"pivot": [13, 31.25, -2.25],
					"cubes": [
						{"origin": [20, 9.87, -11.64], "size": [20, 23, 20], "inflate": -0.1, "pivot": [30, 21.37, 0.86], "rotation": [-22.5, 0, 0], "uv": [92, 204]}
					]
				},
				{
					"name": "lfoot",
					"parent": "lleg",
					"pivot": [-32, 12.75, -2.25],
					"cubes": [
						{"origin": [20, 3.8, -15.08], "size": [20, 12, 20], "inflate": -0.2, "uv": [0, 212]},
						{"origin": [20, 0, -15], "size": [20, 10, 19], "uv": [238, 163]},
						{"origin": [20, -0.07, -4.97], "size": [20, 3, 14], "inflate": -0.1, "uv": [252, 50]},
						{"origin": [20, 1.99, 0.12], "size": [20, 23, 8], "inflate": -0.15, "pivot": [30, 9.99, 2.12], "rotation": [6.5, 0, 0], "uv": [250, 192]}
					]
				},
				{
					"name": "ltoe",
					"parent": "lfoot",
					"pivot": [30.25, 2.96, -14.125],
					"rotation": [7, 0, 0],
					"cubes": [
						{"origin": [26.96, 0.5989, -19.70954], "size": [6, 5, 8], "pivot": [30.435, 3.70468, -20.79677], "rotation": [8, 0, 0], "uv": [150, 50]},
						{"origin": [26.91, 2.36457, -22.1113], "size": [6, 4, 3], "pivot": [30.435, 3.51468, -16.45677], "rotation": [15.5, 0, 0], "uv": [34, 305]},
						{"origin": [26.91, 1.63457, -26.0413], "size": [6, 4, 6], "inflate": -0.5, "pivot": [30.435, 2.78468, -20.38677], "rotation": [24.5, 0, 0], "uv": [0, 326]},
						{"origin": [18.8, 1.39, -20], "size": [5, 4, 8], "inflate": -0.1, "pivot": [21.3, 3.64323, -18.59387], "rotation": [13.23483, 10.71469, 2.50372], "uv": [0, 314]},
						{"origin": [35.67, 0.23473, -18.89595], "size": [5, 4, 7], "inflate": -0.2, "pivot": [38.17, 2.83323, -17.82387], "rotation": [-5.55792, -10.43861, 0.53519], "uv": [108, 321]},
						{"origin": [36.67, 1.59521, -22.39707], "size": [3, 3, 5], "inflate": 0.2, "pivot": [38.17, 3.23323, -17.57387], "rotation": [27.88581, -11.65557, -0.70466], "uv": [60, 331]},
						{"origin": [35.67, 0.92, -19.23], "size": [5, 4, 8], "inflate": -0.1, "pivot": [38.17, 3.17323, -17.82387], "rotation": [12.85816, -11.16622, -0.51928], "uv": [82, 314]},
						{"origin": [19.8, 1.88521, -23.41707], "size": [3, 3, 5], "inflate": 0.2, "pivot": [21.3, 3.52323, -18.59387], "rotation": [28.23483, 10.71469, 2.50372], "uv": [102, 332]},
						{"origin": [18.8, 0.52473, -19.66595], "size": [5, 4, 7], "inflate": -0.2, "pivot": [21.3, 3.12323, -18.59387], "rotation": [-5, 10.71469, 2.50372], "uv": [320, 324]},
						{"origin": [26.96, 0.63911, -21.35459], "size": [6, 3, 8], "inflate": -0.1, "pivot": [30.435, 3.50468, -19.58677], "rotation": [-7.5, 0, 0], "uv": [92, 193]}
					]
				},
				{
					"name": "rleg",
					"parent": "legs",
					"pivot": [-13, 31.25, -2.25],
					"cubes": [
						{"origin": [-40, 9.87, -11.64], "size": [20, 23, 20], "inflate": -0.1, "pivot": [-30, 21.37, 0.86], "rotation": [-22.5, 0, 0], "uv": [92, 204], "mirror": true}
					]
				},
				{
					"name": "rfoot",
					"parent": "rleg",
					"pivot": [32, 12.75, -2.25],
					"cubes": [
						{"origin": [-40, 3.8, -15.08], "size": [20, 12, 20], "inflate": -0.2, "uv": [0, 212], "mirror": true},
						{"origin": [-40, 0, -15], "size": [20, 10, 19], "uv": [238, 163], "mirror": true},
						{"origin": [-40, -0.07, -4.97], "size": [20, 3, 14], "inflate": -0.1, "uv": [252, 50], "mirror": true},
						{"origin": [-40, 1.99, 0.12], "size": [20, 23, 8], "inflate": -0.15, "pivot": [-30, 9.99, 2.12], "rotation": [6.5, 0, 0], "uv": [250, 192], "mirror": true}
					]
				},
				{
					"name": "rtoe",
					"parent": "rfoot",
					"pivot": [-30.25, 2.96, -14.125],
					"rotation": [7, 0, 0],
					"cubes": [
						{"origin": [-32.96, 0.5989, -19.70954], "size": [6, 5, 8], "pivot": [-30.435, 3.70468, -20.79677], "rotation": [8, 0, 0], "uv": [150, 50], "mirror": true},
						{"origin": [-32.91, 2.36457, -22.1113], "size": [6, 4, 3], "pivot": [-30.435, 3.51468, -16.45677], "rotation": [15.5, 0, 0], "uv": [34, 305], "mirror": true},
						{"origin": [-32.91, 1.63457, -26.0413], "size": [6, 4, 6], "inflate": -0.5, "pivot": [-30.435, 2.78468, -20.38677], "rotation": [24.5, 0, 0], "uv": [0, 326], "mirror": true},
						{"origin": [-23.8, 1.39, -20], "size": [5, 4, 8], "inflate": -0.1, "pivot": [-21.3, 3.64323, -18.59387], "rotation": [13.23483, -10.71469, -2.50372], "uv": [0, 314], "mirror": true},
						{"origin": [-40.67, 0.23473, -18.89595], "size": [5, 4, 7], "inflate": -0.2, "pivot": [-38.17, 2.83323, -17.82387], "rotation": [-5.55792, 10.43861, -0.53519], "uv": [108, 321], "mirror": true},
						{"origin": [-39.67, 1.59521, -22.39707], "size": [3, 3, 5], "inflate": 0.2, "pivot": [-38.17, 3.23323, -17.57387], "rotation": [27.88581, 11.65557, 0.70466], "uv": [60, 331], "mirror": true},
						{"origin": [-40.67, 0.92, -19.23], "size": [5, 4, 8], "inflate": -0.1, "pivot": [-38.17, 3.17323, -17.82387], "rotation": [12.85816, 11.16622, 0.51928], "uv": [82, 314], "mirror": true},
						{"origin": [-22.8, 1.88521, -23.41707], "size": [3, 3, 5], "inflate": 0.2, "pivot": [-21.3, 3.52323, -18.59387], "rotation": [28.23483, -10.71469, -2.50372], "uv": [102, 332], "mirror": true},
						{"origin": [-23.8, 0.52473, -19.66595], "size": [5, 4, 7], "inflate": -0.2, "pivot": [-21.3, 3.12323, -18.59387], "rotation": [-5, -10.71469, -2.50372], "uv": [320, 324], "mirror": true},
						{"origin": [-32.96, 0.63911, -21.35459], "size": [6, 3, 8], "inflate": -0.1, "pivot": [-30.435, 3.50468, -19.58677], "rotation": [-7.5, 0, 0], "uv": [92, 193], "mirror": true}
					]
				},
				{
					"name": "middle",
					"parent": "body",
					"pivot": [-14, 14.5, 0],
					"rotation": [-7.5, 0, 0]
				},
				{
					"name": "tail",
					"parent": "middle",
					"pivot": [0, 16.5, 26],
					"rotation": [15, 0, 0],
					"cubes": [
						{"origin": [-19, 12, 25], "size": [38, 29, 21], "pivot": [-14, 10.75, 33.75], "rotation": [65, 0, 0], "uv": [134, 63]}
					]
				},
				{
					"name": "leftspike6",
					"parent": "tail",
					"pivot": [0, 13.5, 24.5],
					"rotation": [22.5, 0, 0],
					"cubes": [
						{"origin": [15.9, 10.5, 21.5], "size": [7, 6, 6], "uv": [214, 314]},
						{"origin": [-28.4, 12.5, 23.5], "size": [3, 2, 2], "uv": [136, 266]},
						{"origin": [-26.4, 11.5, 22.5], "size": [4, 4, 4], "uv": [332, 192]},
						{"origin": [-22.9, 10.5, 21.5], "size": [7, 6, 6], "uv": [240, 314]},
						{"origin": [22.4, 11.5, 22.5], "size": [4, 4, 4], "uv": [332, 200]},
						{"origin": [25.4, 12.5, 23.5], "size": [3, 2, 2], "uv": [162, 266]}
					]
				},
				{
					"name": "tailseg1",
					"parent": "tail",
					"pivot": [-14, 9.65, 33.75],
					"cubes": [
						{"origin": [-17.5, 6.9, 48.5], "size": [35, 30, 20], "pivot": [-15.5, 7.4, 57.5], "rotation": [80, 0, 0], "uv": [150, 0]}
					]
				},
				{
					"name": "leftspike7",
					"parent": "tailseg1",
					"pivot": [0, 8.12, 46.14],
					"rotation": [-57.5, 0, 0],
					"cubes": [
						{"origin": [17.5, 5.12, 43.14], "size": [4, 6, 6], "uv": [82, 326]},
						{"origin": [-27.5, 7.12, 45.14], "size": [3, 2, 2], "uv": [308, 44]},
						{"origin": [-25.5, 6.12, 44.14], "size": [4, 4, 4], "uv": [332, 208]},
						{"origin": [-21.5, 5.12, 43.14], "size": [4, 6, 6], "uv": [196, 326]},
						{"origin": [21.5, 6.12, 44.14], "size": [4, 4, 4], "uv": [334, 137]},
						{"origin": [24.5, 7.12, 45.14], "size": [3, 2, 2], "uv": [312, 113]}
					]
				},
				{
					"name": "tailseg2",
					"parent": "tailseg1",
					"pivot": [-14, 10.65, 28.75],
					"cubes": [
						{"origin": [-15.5, 6.9, 70], "size": [31, 29, 15], "pivot": [-16.5, 6.9, 76.75], "rotation": [87.5, 0, 0], "uv": [0, 168]}
					]
				},
				{
					"name": "shovel",
					"parent": "tailseg2",
					"pivot": [-16.5, 7.37, 74.75],
					"rotation": [11, 0, 0],
					"cubes": [
						{"origin": [8.5, 24.37, 101], "size": [6, 11, 9], "pivot": [-16.5, 6.37, 104.25], "rotation": [87.5, 0, 0], "uv": [306, 217]},
						{"origin": [1, 24.37, 101], "size": [6, 11, 9], "pivot": [-24, 6.37, 104.25], "rotation": [87.5, 0, 0], "uv": [290, 308]},
						{"origin": [-7, 24.37, 101], "size": [6, 11, 9], "pivot": [-32, 6.37, 104.25], "rotation": [87.5, 0, 0], "uv": [310, 0]},
						{"origin": [-14.5, 24.37, 101], "size": [6, 11, 9], "pivot": [-39.5, 6.37, 104.25], "rotation": [87.5, 0, 0], "uv": [310, 117]},
						{"origin": [-14, 32.37, 114], "size": [5, 10, 7], "pivot": [-39.5, 10.87, 116.25], "rotation": [97.5, 0, 0], "uv": [312, 67]},
						{"origin": [-6.5, 32.37, 114], "size": [5, 10, 7], "pivot": [-32, 10.87, 116.25], "rotation": [97.5, 0, 0], "uv": [312, 84]},
						{"origin": [1.5, 32.37, 114], "size": [5, 10, 7], "pivot": [32, 10.87, 116.25], "rotation": [97.5, 0, 0], "uv": [312, 84], "mirror": true},
						{"origin": [9, 32.37, 114], "size": [5, 10, 7], "pivot": [-16.5, 10.87, 116.25], "rotation": [97.5, 0, 0], "uv": [146, 312]},
						{"origin": [12, 42.37, 120], "size": [0, 10, 6], "pivot": [-14, 20.87, 120.75], "rotation": [117.5, 0, 0], "uv": [80, 212]},
						{"origin": [4.5, 42.37, 120], "size": [0, 10, 6], "pivot": [-21.5, 20.87, 120.75], "rotation": [117.5, 0, 0], "uv": [80, 228]},
						{"origin": [-3.5, 42.37, 120], "size": [0, 10, 6], "pivot": [-29.5, 20.87, 120.75], "rotation": [117.5, 0, 0], "uv": [226, 272]},
						{"origin": [-11, 41.87, 119.5], "size": [0, 10, 6], "pivot": [-37, 20.37, 120.25], "rotation": [117.5, 0, 0], "uv": [34, 289]}
					]
				},
				{
					"name": "leftspike8",
					"parent": "tailseg2",
					"pivot": [0, 5.53, 66.3],
					"rotation": [-45, 0, 0],
					"cubes": [
						{"origin": [15.5, 2.53, 63.3], "size": [4, 6, 6], "uv": [216, 326]},
						{"origin": [-25.6, 4.53, 65.3], "size": [3, 2, 2], "uv": [108, 314]},
						{"origin": [-23.6, 3.53, 64.3], "size": [4, 4, 4], "uv": [334, 145]},
						{"origin": [-19.5, 2.53, 63.3], "size": [4, 6, 6], "uv": [236, 326]},
						{"origin": [19.6, 3.53, 64.3], "size": [4, 4, 4], "uv": [334, 237]},
						{"origin": [22.6, 4.53, 65.3], "size": [3, 2, 2], "uv": [320, 60]}
					]
				},
				{
					"name": "belly",
					"parent": "middle",
					"pivot": [-14, 14.5, 0],
					"cubes": [
						{"origin": [-20.5, 15.8, -14.79], "size": [41, 29, 34], "pivot": [0, 30.3, 2.21], "rotation": [22.5, 0, 0], "uv": [0, 0]},
						{"origin": [-20, 7.89, -6.88], "size": [40, 17, 30], "inflate": -0.2, "pivot": [-0.5, 22.39, 16.12], "rotation": [-5.5, 0, 0], "uv": [0, 121]}
					]
				},
				{
					"name": "leftspike5",
					"parent": "belly",
					"pivot": [0, 40.37, -2.64],
					"rotation": [-25.5, 0, 0],
					"cubes": [
						{"origin": [24.5, 38.37, -4.64], "size": [4, 4, 4], "uv": [334, 245]},
						{"origin": [-30.5, 39.37, -3.64], "size": [3, 2, 2], "uv": [322, 113]},
						{"origin": [-28.5, 38.37, -4.64], "size": [4, 4, 4], "uv": [316, 335]},
						{"origin": [-24.5, 37.37, -5.64], "size": [7, 6, 6], "uv": [170, 315]},
						{"origin": [17.5, 37.37, -5.64], "size": [7, 6, 6], "uv": [170, 315], "mirror": true},
						{"origin": [27.5, 39.37, -3.64], "size": [3, 2, 2], "uv": [24, 326]}
					]
				},
				{
					"name": "tophalf",
					"parent": "middle",
					"pivot": [-6, 34.5, -3],
					"cubes": [
						{"origin": [-19, 34.5, -12], "size": [38, 29, 29], "pivot": [-14, 33, 0], "rotation": [25, 0, 0], "uv": [0, 63]}
					]
				},
				{
					"name": "leftspike4",
					"parent": "tophalf",
					"pivot": [0, 51.5, -6.55],
					"rotation": [-19.8582, 1.91994, 1.61624],
					"cubes": [
						{"origin": [18.9, 50.08, -10.43], "size": [4, 6, 6], "uv": [326, 286]},
						{"origin": [-28.9, 52.08, -8.43], "size": [3, 2, 2], "uv": [332, 113]},
						{"origin": [-26.9, 51.08, -9.43], "size": [4, 4, 4], "uv": [332, 335]},
						{"origin": [-22.9, 50.08, -10.43], "size": [4, 6, 6], "uv": [170, 327]},
						{"origin": [22.9, 51.08, -9.43], "size": [4, 4, 4], "uv": [0, 336]},
						{"origin": [25.9, 52.08, -8.43], "size": [3, 2, 2], "uv": [334, 153]}
					]
				},
				{
					"name": "lowernecc",
					"parent": "tophalf",
					"pivot": [0, 62.5, -9],
					"cubes": [
						{"origin": [-16, 54, -19], "size": [32, 26, 24], "pivot": [-14, 56.5, -11.25], "rotation": [45, 0, 0], "uv": [140, 113]}
					]
				},
				{
					"name": "leftspike3",
					"parent": "lowernecc",
					"pivot": [0, 72.44333, -21.81333],
					"rotation": [-3, 0, 0],
					"cubes": [
						{"origin": [12, 69.8, -25.75], "size": [8, 6, 6], "uv": [178, 50]},
						{"origin": [-25.9, 71.7, -23.65], "size": [3, 2, 2], "uv": [334, 253]},
						{"origin": [-23.9, 70.7, -24.65], "size": [4, 4, 4], "uv": [336, 60]},
						{"origin": [-20, 69.8, -25.75], "size": [8, 6, 6], "uv": [206, 50]},
						{"origin": [19.9, 70.7, -24.65], "size": [4, 4, 4], "uv": [336, 68]},
						{"origin": [22.9, 71.7, -23.65], "size": [3, 2, 2], "uv": [336, 232]}
					]
				},
				{
					"name": "midnecc",
					"parent": "lowernecc",
					"pivot": [1, 75, -23.5],
					"cubes": [
						{"origin": [-13.5, 61.5, -34.5], "size": [27, 19, 22], "pivot": [-2, 70, -32], "rotation": [65, 0, 0], "uv": [140, 163]}
					]
				},
				{
					"name": "leftspike2",
					"parent": "midnecc",
					"pivot": [-29, 74.26, -32.8],
					"rotation": [21, 0, 0],
					"cubes": [
						{"origin": [17.6, 76.26, -34.3], "size": [4, 4, 4], "uv": [334, 245]},
						{"origin": [9.5, 75.26, -35.3], "size": [8, 6, 6], "uv": [206, 50]},
						{"origin": [-23.9, 77.06, -33.3], "size": [3.5, 2, 2], "uv": [86, 338]},
						{"origin": [-21.6, 76.26, -34.3], "size": [4, 4, 4], "uv": [316, 335]},
						{"origin": [-17.5, 75.26, -35.3], "size": [8, 6, 6], "uv": [312, 101]},
						{"origin": [20.4, 77.06, -33.3], "size": [3.5, 2, 2], "uv": [190, 338]}
					]
				},
				{
					"name": "neck",
					"parent": "midnecc",
					"pivot": [0.5, 80, -37],
					"rotation": [2.5, 0, 0],
					"cubes": [
						{"origin": [-11, 72.78316, -48.55133], "size": [22, 18, 17], "uv": [172, 204]}
					]
				},
				{
					"name": "head",
					"parent": "neck",
					"pivot": [0, 82.28316, -43.45133],
					"rotation": [17.23225, -2.47073, -1.04773],
					"cubes": [
						{"origin": [-7, 89.28316, -60.45133], "size": [14, 4, 12], "pivot": [0, 91.28316, -54.45133], "rotation": [30, 0, 0], "uv": [250, 223]},
						{"origin": [-7, 89.85316, -51.64133], "size": [14, 4, 12], "inflate": -0.1, "pivot": [0, 91.85316, -45.64133], "rotation": [-25, 0, 0], "uv": [52, 271]},
						{"origin": [-7.14912, 86.58721, -64.00199], "size": [14, 4, 14], "pivot": [0.35088, 88.58721, -57.00199], "rotation": [19.74271, -43.71038, -13.87313], "uv": [260, 26]}
					]
				},
				{
					"name": "JAWTOP",
					"parent": "head",
					"pivot": [-2.5, 82.78316, -38.55133]
				},
				{
					"name": "stupid",
					"parent": "JAWTOP",
					"pivot": [-6, 79.78316, -65.55133],
					"cubes": [
						{"origin": [-7.70251, 79.28316, -64.69496], "size": [17, 8, 17], "pivot": [-0.2, 86.78316, -56.9096], "rotation": [0, -45, 0], "uv": [0, 244]},
						{"origin": [5.24749, 81.28316, -64.69496], "size": [4, 8, 17], "pivot": [-0.25, 88.78316, -56.9096], "rotation": [0, -45, 0], "uv": [92, 168]},
						{"origin": [-9.24749, 81.28316, -64.69496], "size": [4, 8, 17], "pivot": [0.25, 88.78316, -56.9096], "rotation": [0, 45, 0], "uv": [104, 271]},
						{"origin": [6.90179, 84.31278, -63.37432], "size": [3, 4, 14], "inflate": -0.1, "pivot": [3.40179, 85.81278, -56.87432], "rotation": [0.56256, 43.48884, -22.79143], "uv": [86, 296]},
						{"origin": [-14.10709, 88.00316, -56.25501], "size": [3, 4, 15], "pivot": [-13.10709, 89.50316, -48.75501], "rotation": [-2.29773, -12.4787, 18.38804], "uv": [136, 247]},
						{"origin": [-9.90179, 84.31278, -63.37432], "size": [3, 4, 14], "inflate": -0.1, "pivot": [-3.40179, 85.81278, -56.87432], "rotation": [0.56256, -43.48884, 22.79143], "uv": [180, 297]},
						{"origin": [-3.55, 80.17316, -56.46133], "size": [16, 11, 14], "pivot": [15.45, 80.17316, -53.26133], "rotation": [0, 12.5, 0], "uv": [252, 67]},
						{"origin": [-12.45, 80.17316, -56.46133], "size": [16, 11, 14], "inflate": -0.01, "pivot": [-15.45, 80.17316, -53.26133], "rotation": [0, -12.5, 0], "uv": [252, 92]},
						{"origin": [-4.5, 79.35316, -67.92133], "size": [9, 8, 9], "inflate": -0.1, "pivot": [0, 82.85316, -63.42133], "rotation": [11, 0, 0], "uv": [294, 269]},
						{"origin": [-1.95952, 72.13605, -52.18485], "size": [16, 10, 13], "inflate": -0.11, "pivot": [0, 77.32242, -47.01096], "rotation": [-3.26033, 12.26673, -2.42224], "uv": [252, 117]},
						{"origin": [-14.04048, 72.13605, -52.18485], "size": [16, 10, 13], "inflate": -0.11, "pivot": [0, 77.32242, -47.01096], "rotation": [-3.26033, -12.26673, 2.42224], "uv": [252, 140]}
					]
				},
				{
					"name": "flaps",
					"parent": "stupid",
					"pivot": [-6, 115.10316, -63.79133],
					"cubes": [
						{"origin": [12.35334, 75.36316, -54.97674], "size": [2, 11, 14], "pivot": [17.44747, 73.43398, -49.93196], "rotation": [0, 10.5, 0], "uv": [226, 289]},
						{"origin": [11.10709, 88.00316, -56.25501], "size": [3, 4, 15], "pivot": [13.10709, 89.50316, -48.75501], "rotation": [-2.29773, 12.4787, -18.38804], "uv": [290, 289]},
						{"origin": [12.7383, 69.21144, -50.94686], "size": [2, 8, 8], "pivot": [13.74886, 69.55933, -47.30376], "rotation": [-7.5, 10.5, 0], "uv": [320, 44]},
						{"origin": [13.75942, 59.90722, -50.25065], "size": [0, 10, 6], "pivot": [13.74886, 67.55933, -46.89376], "rotation": [-2.41529, 10.45959, 0.92544], "uv": [214, 297]},
						{"origin": [10.2266, 78.58316, -59.32224], "size": [1, 4, 4], "inflate": -0.3, "pivot": [10.7266, 82.08316, -58.32224], "rotation": [9, 38, 0], "uv": [132, 321]},
						{"origin": [8.7616, 76.40316, -65.32224], "size": [0, 7, 12], "pivot": [8.2616, 80.90316, -60.32224], "rotation": [10.2312, 42.92625, 1.12566], "uv": [34, 312]},
						{"origin": [-11.2266, 78.58316, -59.32224], "size": [1, 4, 4], "inflate": -0.3, "pivot": [-10.7266, 82.08316, -58.32224], "rotation": [9, -38, 0], "uv": [336, 216]},
						{"origin": [-8.7616, 76.40316, -65.32224], "size": [0, 7, 12], "pivot": [-8.2616, 80.90316, -60.32224], "rotation": [10.2312, -42.92625, -1.12566], "uv": [58, 312]},
						{"origin": [11.7964, 76.9655, -52.81232], "size": [2, 6, 6], "pivot": [16.61747, 73.16398, -53.03196], "rotation": [45, 10.5, 0], "uv": [234, 50]},
						{"origin": [11.75712, 79.3455, -55.7599], "size": [2, 6, 3], "pivot": [12.75712, 82.3455, -52.7599], "rotation": [-26, 10.5, 0], "uv": [238, 192]},
						{"origin": [11.79712, 76.0255, -54.8899], "size": [2, 6, 3], "pivot": [12.79712, 79.0255, -51.8899], "rotation": [0, 10.5, 0], "uv": [180, 287]},
						{"origin": [-13.7964, 76.9655, -52.81232], "size": [2, 6, 6], "pivot": [-16.61747, 73.16398, -53.03196], "rotation": [45, -10.5, 0], "uv": [152, 329]},
						{"origin": [-14.35334, 75.36316, -54.97674], "size": [2, 11, 14], "pivot": [-17.44747, 73.43398, -49.93196], "rotation": [0, -10.5, 0], "uv": [258, 289]},
						{"origin": [-13.75712, 79.3455, -55.7599], "size": [2, 6, 3], "pivot": [-12.75712, 82.3455, -52.7599], "rotation": [-26, -10.5, 0], "uv": [118, 332]},
						{"origin": [-13.79712, 76.0255, -54.8899], "size": [2, 6, 3], "pivot": [-12.79712, 79.0255, -51.8899], "rotation": [0, -10.5, 0], "uv": [336, 92]},
						{"origin": [-14.7383, 69.21144, -50.94686], "size": [2, 8, 8], "pivot": [-13.74886, 69.55933, -47.30376], "rotation": [-7.5, -10.5, 0], "uv": [320, 308]},
						{"origin": [-13.75942, 59.90722, -50.25065], "size": [0, 10, 6], "pivot": [-13.74886, 67.55933, -46.89376], "rotation": [-2.41529, -10.45959, -0.92544], "uv": [330, 269]}
					]
				},
				{
					"name": "spikes",
					"parent": "flaps",
					"pivot": [0, 80, -49],
					"rotation": [-45, 0, 0]
				},
				{
					"name": "rightspike",
					"parent": "spikes",
					"pivot": [19.65001, 81.17638, -47.97364],
					"rotation": [0, -12.5, 12.5],
					"cubes": [
						{"origin": [13.46105, 78.7217, -50.03848], "size": [4, 6, 6], "pivot": [18.20747, 83.89776, -48.60595], "rotation": [-1.06109, 10.89245, -11.09481], "uv": [256, 328]},
						{"origin": [17.46105, 79.6217, -49.03848], "size": [4, 4, 4], "pivot": [18.20747, 83.89776, -48.60595], "rotation": [-1.06109, 10.89245, -11.09481], "uv": [336, 76]},
						{"origin": [20.46105, 80.6217, -48.03848], "size": [3, 2, 2], "pivot": [18.20747, 83.89776, -48.60595], "rotation": [-1.06109, 10.89245, -11.09481], "uv": [200, 338]}
					]
				},
				{
					"name": "leftspike",
					"parent": "spikes",
					"pivot": [-19.65001, 81.17638, -47.97364],
					"rotation": [0, 12.5, -12.5],
					"cubes": [
						{"origin": [-17.46105, 78.7217, -50.03848], "size": [4, 6, 6], "pivot": [-18.20747, 83.89776, -48.60595], "rotation": [-1.06109, -10.89245, 11.09481], "uv": [276, 328]},
						{"origin": [-21.46105, 79.6217, -49.03848], "size": [4, 4, 4], "pivot": [-18.20747, 83.89776, -48.60595], "rotation": [-1.06109, -10.89245, 11.09481], "uv": [336, 84]},
						{"origin": [-23.46105, 80.6217, -48.03848], "size": [3, 2, 2], "pivot": [-18.20747, 83.89776, -48.60595], "rotation": [-1.06109, -10.89245, 11.09481], "uv": [210, 338]}
					]
				},
				{
					"name": "crest",
					"parent": "stupid",
					"pivot": [-7.5, 82.78316, -56.85133],
					"cubes": [
						{"origin": [2.68567, 87.20121, -51.54325], "size": [0, 10, 12], "pivot": [2.32336, 93.47691, -57.28148], "rotation": [41.01705, 4.36237, 1.43128], "uv": [310, 137]},
						{"origin": [1.44777, 87.00116, -64.13458], "size": [2, 10, 15], "pivot": [2.32336, 93.47691, -57.28148], "rotation": [41.01705, 4.36237, 1.43128], "uv": [192, 272]},
						{"origin": [-2.68567, 87.20121, -51.54325], "size": [0, 10, 12], "pivot": [-2.32336, 93.47691, -57.28148], "rotation": [41.01705, -4.36237, -1.43128], "uv": [310, 237]},
						{"origin": [-2.17797, 85.30111, -69.35932], "size": [2, 4, 8], "pivot": [0, 87.38467, -65.59506], "rotation": [57.95766, -9.44237, -7.41876], "uv": [296, 328]},
						{"origin": [-3.44777, 87.00116, -64.13458], "size": [2, 10, 15], "pivot": [-2.32336, 93.47691, -57.28148], "rotation": [41.01705, -4.36237, -1.43128], "uv": [52, 287]},
						{"origin": [0.17797, 85.30111, -69.35932], "size": [2, 4, 8], "pivot": [0, 87.38467, -65.59506], "rotation": [57.95766, 9.44237, 7.41876], "uv": [132, 329]},
						{"origin": [10.56224, 86.90082, -52.70796], "size": [0, 12, 13], "pivot": [10.19718, 93.32897, -52.0845], "rotation": [31.03242, 23.65449, 0.1292], "uv": [120, 296]},
						{"origin": [2.65546, 85.39965, -69.67559], "size": [2, 4, 10], "pivot": [3.65546, 87.39965, -64.67559], "rotation": [55.44018, 31.05273, 12.95237], "uv": [266, 314]},
						{"origin": [-10.56224, 86.90082, -52.70796], "size": [0, 12, 13], "pivot": [-10.19718, 93.32897, -52.0845], "rotation": [31.03242, -23.65449, -0.1292], "uv": [306, 192]},
						{"origin": [-10.79619, 88.72367, -63.46104], "size": [2, 10, 15], "pivot": [-10.19718, 93.32897, -52.0845], "rotation": [32.77726, -21.01042, -4.71779], "uv": [146, 287]},
						{"origin": [-4.65546, 85.39965, -69.67559], "size": [2, 4, 10], "pivot": [-3.65546, 87.39965, -64.67559], "rotation": [55.44018, -31.05273, -12.95237], "uv": [316, 20]},
						{"origin": [8.79619, 88.72367, -63.46104], "size": [2, 10, 15], "pivot": [10.19718, 93.32897, -52.0845], "rotation": [32.77726, 21.01042, 4.71779], "uv": [0, 289]}
					]
				},
				{
					"name": "nose",
					"parent": "stupid",
					"pivot": [-2, 82.78316, -78.05133],
					"rotation": [17.5, 0, 0],
					"cubes": [
						{"origin": [-3, 75.98936, -70.30311], "size": [6, 7, 6], "inflate": 0.1, "pivot": [0, 79.48936, -67.30311], "rotation": [14.68941, -43.54513, -10.19126], "uv": [316, 169]}
					]
				},
				{
					"name": "teeth",
					"parent": "stupid",
					"pivot": [0.5, 75.78316, -48.55133]
				},
				{
					"name": "teeths3",
					"parent": "teeth",
					"pivot": [-0.5, 75.78316, -48.55133],
					"cubes": [
						{"origin": [6.5, 79.28316, -60.05133], "size": [0, 2, 2], "pivot": [7, 79.28316, -59.55133], "rotation": [-45, 45, 0], "uv": [134, 189]},
						{"origin": [4.5, 79.28316, -62.05133], "size": [0, 2, 2], "pivot": [5, 79.28316, -61.55133], "rotation": [-45, 45, 0], "uv": [136, 193]},
						{"origin": [2.5, 79.28316, -64.05133], "size": [0, 2, 2], "pivot": [3, 79.28316, -63.55133], "rotation": [-45, 45, 0], "uv": [136, 197]},
						{"origin": [0.5, 79.28316, -66.05133], "size": [0, 2, 2], "pivot": [1, 79.28316, -65.55133], "rotation": [-45, 45, 0], "uv": [238, 272]}
					]
				},
				{
					"name": "teeths2",
					"parent": "teeth",
					"pivot": [0.5, 75.78316, -48.55133],
					"cubes": [
						{"origin": [-6.5, 79.28316, -60.05133], "size": [0, 2, 2], "pivot": [-7, 79.28316, -59.55133], "rotation": [-45, -45, 0], "uv": [238, 276]},
						{"origin": [-4.5, 79.28316, -62.05133], "size": [0, 2, 2], "pivot": [-5, 79.28316, -61.55133], "rotation": [-45, -45, 0], "uv": [238, 280]},
						{"origin": [-2.5, 79.28316, -64.05133], "size": [0, 2, 2], "pivot": [-3, 79.28316, -63.55133], "rotation": [-45, -45, 0], "uv": [238, 284]},
						{"origin": [-0.5, 79.28316, -66.05133], "size": [0, 2, 2], "pivot": [-1, 79.28316, -65.55133], "rotation": [-45, -45, 0], "uv": [46, 289]}
					]
				},
				{
					"name": "eyes2",
					"parent": "JAWTOP",
					"pivot": [7.6827, 84.90067, -59.30724],
					"rotation": [-11.45534, 1.07094, 4.83065],
					"cubes": [
						{"origin": [7.63619, 83.00619, -60.60199], "size": [1, 4, 4], "pivot": [8.20763, 84.48466, -59.0354], "rotation": [34.65747, 43.16811, 6.6271], "uv": [336, 224]},
						{"origin": [7.69331, 84.597, -60.17223], "size": [1, 2, 2], "pivot": [8.16589, 85.57557, -59.10687], "rotation": [34.05052, 42.34567, 5.86148], "uv": [134, 173]},
						{"origin": [7.99331, 84.747, -60.60223], "size": [1, 2, 2], "inflate": -0.4, "pivot": [8.46589, 85.72557, -59.53687], "rotation": [34.05052, 42.34567, 5.86148], "uv": [134, 177]},
						{"origin": [6.39943, 83.16897, -61.25257], "size": [1, 3, 2], "pivot": [7.14943, 84.16897, -60.25257], "rotation": [34.05052, 42.34567, 5.86148], "uv": [134, 113]},
						{"origin": [8.38553, 84.65557, -59.30433], "size": [1, 3, 3], "pivot": [8.88553, 85.65557, -58.30433], "rotation": [34.05052, 42.34567, 5.86148], "uv": [26, 314]},
						{"origin": [8.38553, 85.65557, -56.30433], "size": [1, 1, 1], "pivot": [8.88553, 85.65557, -58.30433], "rotation": [34.05052, 42.34567, 5.86148], "uv": [134, 118]}
					]
				},
				{
					"name": "eyelid2",
					"parent": "eyes2",
					"pivot": [9.20763, 84.48466, -59.0354],
					"cubes": [
						{"origin": [6.93619, 83.00619, -62.60199], "size": [1, 4, 7], "pivot": [7.50763, 84.48466, -59.0354], "rotation": [34.65747, 43.16811, 6.6271], "uv": [120, 193]}
					]
				},
				{
					"name": "eyes3",
					"parent": "JAWTOP",
					"pivot": [-7.6827, 84.90067, -59.30724],
					"rotation": [-11.45534, -1.07094, -4.83065],
					"cubes": [
						{"origin": [-8.63619, 83.00619, -60.60199], "size": [1, 4, 4], "pivot": [-8.20763, 84.48466, -59.0354], "rotation": [34.65747, -43.16811, -6.6271], "uv": [76, 338]},
						{"origin": [-8.69331, 84.597, -60.17223], "size": [1, 2, 2], "pivot": [-8.16589, 85.57557, -59.10687], "rotation": [34.05052, -42.34567, -5.86148], "uv": [134, 181]},
						{"origin": [-8.99331, 84.747, -60.60223], "size": [1, 2, 2], "inflate": -0.4, "pivot": [-8.46589, 85.72557, -59.53687], "rotation": [34.05052, -42.34567, -5.86148], "uv": [134, 185]},
						{"origin": [-7.39943, 83.16897, -61.25257], "size": [1, 3, 2], "pivot": [-7.14943, 84.16897, -60.25257], "rotation": [34.05052, -42.34567, -5.86148], "uv": [134, 168]},
						{"origin": [-9.38553, 84.65557, -59.30433], "size": [1, 3, 3], "pivot": [-8.88553, 85.65557, -58.30433], "rotation": [34.05052, -42.34567, -5.86148], "uv": [26, 320]},
						{"origin": [-9.38553, 85.65557, -56.30433], "size": [1, 1, 1], "pivot": [-8.88553, 85.65557, -58.30433], "rotation": [34.05052, -42.34567, -5.86148], "uv": [136, 201]}
					]
				},
				{
					"name": "eyelid1",
					"parent": "eyes3",
					"pivot": [-9.20763, 84.48466, -59.0354],
					"cubes": [
						{"origin": [-7.90619, 83.00619, -62.60199], "size": [1, 4, 7], "pivot": [-7.47763, 84.48466, -59.0354], "rotation": [34.65747, -43.16811, -6.6271], "uv": [196, 315]}
					]
				},
				{
					"name": "JAWBOT",
					"parent": "head",
					"pivot": [0.5, 76.78316, -49.20133],
					"rotation": [17.5, 0, 0],
					"cubes": [
						{"origin": [-0.87, 72.97316, -55.77133], "size": [13, 7, 13], "inflate": -0.1, "pivot": [0, 78.47316, -49.52133], "rotation": [-9, 0, 0], "uv": [0, 269]},
						{"origin": [-12.63, 72.97316, -55.77133], "size": [13, 7, 13], "inflate": -0.11, "pivot": [0, 78.47316, -49.52133], "rotation": [-9, 0, 0], "uv": [242, 269]},
						{"origin": [-6, 79.28316, -59.20133], "size": [11.5, 3.5, 12], "uv": [146, 272]},
						{"origin": [-11.54594, 74.28316, -64.91885], "size": [17, 7, 17], "pivot": [-2.82843, 80.78316, -52.20133], "rotation": [0, -45, 0], "uv": [68, 247]}
					]
				},
				{
					"name": "teeths",
					"parent": "JAWBOT",
					"pivot": [0.5, 76.78316, -49.20133],
					"cubes": [
						{"origin": [-6.5, 80.28316, -60.70133], "size": [0, 2, 2], "pivot": [-7, 80.28316, -60.20133], "rotation": [-45, -45, 0], "uv": [46, 293]},
						{"origin": [-4.5, 80.28316, -62.70133], "size": [0, 2, 2], "pivot": [-5, 80.28316, -62.20133], "rotation": [-45, -45, 0], "uv": [46, 297]},
						{"origin": [-2.5, 80.28316, -64.70133], "size": [0, 2, 2], "pivot": [-3, 80.28316, -64.20133], "rotation": [-45, -45, 0], "uv": [46, 301]},
						{"origin": [-0.5, 80.28316, -66.70133], "size": [0, 2, 2], "pivot": [-1, 80.28316, -66.20133], "rotation": [-45, -45, 0], "uv": [302, 223]}
					]
				},
				{
					"name": "teeths4",
					"parent": "teeths",
					"pivot": [-8.5, 76.78316, -56.70133],
					"rotation": [0, -90, 0],
					"cubes": [
						{"origin": [-15.5, 80.28316, -68.20133], "size": [0, 2, 2], "pivot": [-16, 80.28316, -67.70133], "rotation": [-45, -45, 0], "uv": [302, 227]},
						{"origin": [-13.5, 80.28316, -70.20133], "size": [0, 2, 2], "pivot": [-14, 80.28316, -69.70133], "rotation": [-45, -45, 0], "uv": [302, 231]},
						{"origin": [-11.5, 80.28316, -72.20133], "size": [0, 2, 2], "pivot": [-12, 80.28316, -71.70133], "rotation": [-45, -45, 0], "uv": [302, 235]},
						{"origin": [-9.5, 80.28316, -74.20133], "size": [0, 2, 2], "pivot": [-10, 80.28316, -73.70133], "rotation": [-45, -45, 0], "uv": [310, 20]}
					]
				},
				{
					"name": "hands",
					"parent": "tophalf",
					"pivot": [-31, -6.5, 1.9]
				},
				{
					"name": "lshoulder",
					"parent": "hands",
					"pivot": [14, 64, -15.1],
					"rotation": [53.99702, 21.3335, 28.03525],
					"cubes": [
						{"origin": [9, 58.5, -22.1], "size": [19, 15, 15], "pivot": [12, 64, -15.35], "rotation": [-90, 0, 0], "uv": [242, 239]}
					]
				},
				{
					"name": "lforearm",
					"parent": "lshoulder",
					"pivot": [26.5, 61, -15.6],
					"rotation": [0, 25, 0],
					"cubes": [
						{"origin": [24, 55, -18.1], "size": [16, 17, 9], "uv": [260, 0]}
					]
				},
				{
					"name": "lhand",
					"parent": "lforearm",
					"pivot": [35.81242, 61.51486, -15.7561],
					"rotation": [0, 20, 0],
					"cubes": [
						{"origin": [34.81242, 52.51486, -18.7561], "size": [24, 22, 11], "uv": [172, 239]}
					]
				},
				{
					"name": "lfinge",
					"parent": "lhand",
					"pivot": [15.81242, 129.51486, -2.7561],
					"rotation": [0, 0, 177.5],
					"cubes": [
						{"origin": [-29.68758, 186.01486, -16.7561], "size": [9, 5, 5], "uv": [310, 259], "mirror": true},
						{"origin": [-32.18758, 186.51486, -19.7561], "size": [5, 4, 4], "pivot": [-40.68758, 185.51486, -19.0061], "rotation": [0, -15, 0], "uv": [86, 287], "mirror": true},
						{"origin": [-34.18758, 187.01486, -22.7561], "size": [5, 3, 3], "pivot": [-42.68758, 186.01486, -22.0061], "rotation": [0, -27.5, 0], "uv": [260, 44], "mirror": true},
						{"origin": [-32.18758, 194.51486, -19.7561], "size": [5, 4, 4], "pivot": [-40.68758, 193.51486, -19.0061], "rotation": [0, -15, 0], "uv": [326, 298], "mirror": true},
						{"origin": [-34.18758, 195.01486, -22.7561], "size": [5, 3, 3], "pivot": [-42.68758, 194.01486, -22.0061], "rotation": [0, -27.5, 0], "uv": [146, 266], "mirror": true},
						{"origin": [-29.68758, 194.01486, -16.7561], "size": [9, 5, 5], "uv": [316, 34], "mirror": true},
						{"origin": [-28.68758, 201.01486, -17.7561], "size": [9, 5, 5], "uv": [316, 159], "mirror": true},
						{"origin": [-32.18758, 201.51486, -20.7561], "size": [5, 4, 4], "pivot": [-40.68758, 200.51486, -20.0061], "rotation": [0, -15, 0], "uv": [24, 331], "mirror": true},
						{"origin": [-34.18758, 202.01486, -23.7561], "size": [5, 3, 3], "pivot": [-42.68758, 201.01486, -23.0061], "rotation": [0, -27.5, 0], "uv": [276, 44], "mirror": true}
					]
				},
				{
					"name": "lthum",
					"parent": "lfinge",
					"pivot": [-33.18758, 178.51486, -29.0061],
					"rotation": [-51.82753, -23.06707, -46.43707],
					"cubes": [
						{"origin": [-18.68758, 178.51486, -23.2561], "size": [8, 5, 5], "uv": [316, 182], "mirror": true},
						{"origin": [-20.18758, 179.01486, -27.2561], "size": [5, 4, 4], "pivot": [-28.68758, 178.01486, -26.5061], "rotation": [0, -22.5, 0], "uv": [42, 331], "mirror": true},
						{"origin": [-22.18758, 179.51486, -30.7561], "size": [5, 3, 3], "pivot": [-30.68758, 178.51486, -30.0061], "rotation": [0, -35, 0], "uv": [292, 44], "mirror": true}
					]
				},
				{
					"name": "rshoulder",
					"parent": "hands",
					"pivot": [-14, 64, -15.1],
					"rotation": [53.99702, -21.3335, -28.03525],
					"cubes": [
						{"origin": [-28, 58.5, -22.1], "size": [19, 15, 15], "pivot": [-12, 64, -15.35], "rotation": [-90, 0, 0], "uv": [242, 239], "mirror": true}
					]
				},
				{
					"name": "rforearm",
					"parent": "rshoulder",
					"pivot": [-26.5, 61, -15.6],
					"rotation": [0, -25, 0],
					"cubes": [
						{"origin": [-40, 55, -18.1], "size": [16, 17, 9], "uv": [260, 0], "mirror": true}
					]
				},
				{
					"name": "rhand",
					"parent": "rforearm",
					"pivot": [-35.81242, 61.51486, -15.7561],
					"rotation": [0, -20, 0],
					"cubes": [
						{"origin": [-58.81242, 52.51486, -18.7561], "size": [24, 22, 11], "uv": [172, 239], "mirror": true}
					]
				},
				{
					"name": "rfinge",
					"parent": "rhand",
					"pivot": [-15.81242, 129.51486, -2.7561],
					"rotation": [0, 0, -177.5],
					"cubes": [
						{"origin": [20.68758, 186.01486, -16.7561], "size": [9, 5, 5], "uv": [310, 259]},
						{"origin": [27.18758, 186.51486, -19.7561], "size": [5, 4, 4], "pivot": [40.68758, 185.51486, -19.0061], "rotation": [0, 15, 0], "uv": [86, 287]},
						{"origin": [29.18758, 187.01486, -22.7561], "size": [5, 3, 3], "pivot": [42.68758, 186.01486, -22.0061], "rotation": [0, 27.5, 0], "uv": [260, 44]},
						{"origin": [27.18758, 194.51486, -19.7561], "size": [5, 4, 4], "pivot": [40.68758, 193.51486, -19.0061], "rotation": [0, 15, 0], "uv": [326, 298]},
						{"origin": [29.18758, 195.01486, -22.7561], "size": [5, 3, 3], "pivot": [42.68758, 194.01486, -22.0061], "rotation": [0, 27.5, 0], "uv": [146, 266]},
						{"origin": [20.68758, 194.01486, -16.7561], "size": [9, 5, 5], "uv": [316, 34]},
						{"origin": [19.68758, 201.01486, -17.7561], "size": [9, 5, 5], "uv": [316, 159]},
						{"origin": [27.18758, 201.51486, -20.7561], "size": [5, 4, 4], "pivot": [40.68758, 200.51486, -20.0061], "rotation": [0, 15, 0], "uv": [24, 331]},
						{"origin": [29.18758, 202.01486, -23.7561], "size": [5, 3, 3], "pivot": [42.68758, 201.01486, -23.0061], "rotation": [0, 27.5, 0], "uv": [276, 44]}
					]
				},
				{
					"name": "rthum",
					"parent": "rfinge",
					"pivot": [33.18758, 178.51486, -29.0061],
					"rotation": [-51.82753, 23.06707, 46.43707],
					"cubes": [
						{"origin": [10.68758, 178.51486, -23.2561], "size": [8, 5, 5], "uv": [316, 182]},
						{"origin": [15.18758, 179.01486, -27.2561], "size": [5, 4, 4], "pivot": [28.68758, 178.01486, -26.5061], "rotation": [0, 22.5, 0], "uv": [42, 331]},
						{"origin": [17.18758, 179.51486, -30.7561], "size": [5, 3, 3], "pivot": [30.68758, 178.51486, -30.0061], "rotation": [0, 35, 0], "uv": [292, 44]}
					]
				}
			]
		}
	]
}