{
	"format_version": "1.8.0",
	"animations": {
		"animation.trubbish.ground_idle": {
			"loop": true,
			"animation_length": 2.0833,
			"bones": {
				"heed": {
					"rotation": {
						"0.0": [0, 0, 0],
						"0.5208": {
							"pre": [-2.5, 0, 0],
							"post": [-2.5, 0, 0],
							"lerp_mode": "catmullrom"
						},
						"1.0417": [0, 0, 0],
						"1.5625": {
							"pre": [-5, 0, 0],
							"post": [-5, 0, 0],
							"lerp_mode": "catmullrom"
						},
						"2.0833": {
							"post": [0, 0, 0],
							"lerp_mode": "catmullrom"
						}
					}
				},
				"forehead": {
					"rotation": {
						"0.0": [0, 0, 0],
						"0.5208": [0, 0, 0],
						"1.0417": [1.5, 0, 0],
						"2.0833": [0.5, 0, 0]
					}
				},
				"right_ear1": {
					"rotation": {
						"0.0": [0, 0, 0],
						"1.0417": [2.5, 0, 0],
						"2.0833": [0, 0, 0]
					}
				},
				"right_ear3": {
					"rotation": {
						"0.0": [0, 0, 0],
						"1.0417": [2.5, 0, 0],
						"2.0833": [0, 0, 0]
					}
				},
				"left_ear1": {
					"rotation": {
						"0.0": [0, 0, 0],
						"1.0417": [5, 0, 0],
						"2.0833": [0, 0, 0]
					}
				},
				"left_ear3": {
					"rotation": {
						"0.0": [0, 0, 0],
						"1.0417": [5, 0, 0],
						"2.0833": [0, 0, 0]
					}
				},
				"right_shoulder": {
					"rotation": [0, 0, -5]
				},
				"right_arm1": {
					"rotation": {
						"0.0": [0, -2.5, -20],
						"1.0417": [0, -7.75, -20],
						"2.0833": [0, -2.5, -20]
					}
				},
				"right_arm2": {
					"rotation": {
						"0.0": [0, -37.5, 17.5],
						"1.0417": [0, -45, 17.5],
						"2.0833": [0, -37.5, 17.5]
					}
				},
				"right_arm3": {
					"rotation": {
						"0.0": [0, -30, 2.5],
						"1.0417": [0, -35, 2.5],
						"2.0833": [0, -30, 2.5]
					}
				},
				"left_arm1": {
					"rotation": {
						"0.0": [0, 2.5, 20],
						"1.0417": [0, 7.5, 20],
						"2.0833": [0, 2.5, 20]
					}
				},
				"left_arm2": {
					"rotation": {
						"0.0": [0, 37.5, -17.5],
						"1.0417": [0, 45, -17.5],
						"2.0833": [0, 37.5, -17.5]
					}
				},
				"left_hand3": {
					"rotation": {
						"0.0": [0, 30, -2.5],
						"1.0417": [0, 35, -2.5],
						"2.0833": [0, 30, -2.5]
					}
				},
				"right_feet": {
					"rotation": {
						"0.0": [0, 0, 0],
						"0.5208": [0, 5, 0],
						"1.0417": [0, 0, 0],
						"1.5625": [0, 5, 0],
						"2.0833": [0, 0, 0]
					}
				},
				"left_feet": {
					"rotation": {
						"0.0": [0, 0, 0],
						"0.5208": [0, -5, 0],
						"1.0417": [0, 0, 0],
						"1.5625": [0, -5, 0],
						"2.0833": [0, 0, 0]
					}
				}
			}
		},
		"animation.trubbish.ground_walk": {
			"loop": true,
			"animation_length": 2,
			"bones": {
				"heed": {
					"rotation": {
						"0.0": [-2.5, 0, 0],
						"0.5": [-6, 0, 0],
						"1.0": [-2.5, 0, 0],
						"1.5": [-6, 0, 0],
						"2.0": [-2.5, 0, 0]
					}
				},
				"right_ear1": {
					"rotation": {
						"0.0": [0, 0, 0],
						"0.5": [-5, 0, 0],
						"1.0": [5, 0, 0],
						"1.5": [-7.5, 0, 0],
						"2.0": [0, 0, 0]
					}
				},
				"right_ear3": {
					"rotation": {
						"0.0": [0, 0, 0],
						"0.5": [-5, 0, 0],
						"1.0": [2.5, 0, 0],
						"1.5": [-2.5, 0, 0],
						"2.0": [0, 0, 0]
					}
				},
				"left_ear1": {
					"rotation": {
						"0.0": [0, 0, 0],
						"0.5": [-2.5, 0, 0],
						"1.0": [0, 0, 0],
						"1.5": [-2.5, 0, 0],
						"2.0": [0, 0, 0]
					}
				},
				"left_ear2": {
					"rotation": {
						"0.0": [0, 0, 0],
						"1.0": [5, 0, 0],
						"2.0": [0, 0, 0]
					}
				},
				"left_ear3": {
					"rotation": {
						"0.0": [0, 0, 0],
						"0.5": [-2.5, 0, 0],
						"1.0": [2.5, 0, 0],
						"1.5": [-2.5, 0, 0],
						"2.0": [0, 0, 0]
					}
				},
				"left_shoulder": {
					"rotation": {
						"0.0": [0, 0, 20],
						"0.5": [0, -2.5, 20],
						"1.0": [0, -15, 20],
						"2.0": [0, 0, 20]
					},
					"position": {
						"0.0": [-0.5, 0.25, 0],
						"1.0": [-0.66612, 0.31046, -0.30619],
						"2.0": [-0.5, 0.25, 0]
					}
				},
				"right_shoulder": {
					"rotation": {
						"0.0": [0, 3.125, -17.8125],
						"0.5": [0, 10, -20],
						"1.0": [0, 15, -20],
						"1.75": [0, 6.25, -18.125],
						"1.9583": [0, 3.125, -17.8125],
						"2.0": [0, 3.125, -17.8125]
					},
					"position": {
						"0.0": [0.5, 0, 0],
						"1.0": [0.71476, 0.07817, -0.113],
						"2.0": [0.5, 0, 0]
					}
				},
				"right_arm1": {
					"rotation": {
						"0.0": [0, 25, -22.5],
						"0.5": [0, 12.5, -22.5],
						"1.0": [0, 25, -22.5],
						"1.5": [0, 12.5, -22.5],
						"2.0": [0, 25, -22.5]
					}
				},
				"right_arm2": {
					"rotation": {
						"0.0": [0, 5, 22.5],
						"0.5": [0, 15, 22.5],
						"1.0": [-2.00307, 14.8687, 14.7386],
						"2.0": [0, 5, 22.5]
					},
					"position": {
						"0.0": [0.08052, -0.03335, 0.74619],
						"0.5": [0.30362, -0.12576, 0.93149],
						"2.0": [0.08052, -0.03335, 0.74619]
					}
				},
				"right_arm3": {
					"rotation": {
						"0.0": [0, 0, 0],
						"0.5": [1, -7.5, 0],
						"2.0": [0, 0, 0]
					}
				},
				"left_arm1": {
					"rotation": {
						"0.0": [0, -25, 22.5],
						"0.5": [0, -12.5, 22.5],
						"1.0": [0, -25, 22.5],
						"1.5": [0, -12.5, 22.5],
						"2.0": [0, -25, 22.5]
					}
				},
				"left_arm2": {
					"rotation": {
						"0.0": [0, -10, -22.5],
						"0.5": [0, -15, -22.5],
						"1.0": [-1.3378, -14.94159, -17.32456],
						"2.0": [0, -10, -22.5]
					},
					"position": {
						"0.0": [-0.38, -0.16, 0.67],
						"0.5": [-0.38353, -0.15886, 0.9201],
						"2.0": [-0.38, -0.16, 0.67]
					}
				},
				"left_hand3": {
					"rotation": {
						"0.0": [0, 0, 0],
						"0.5": [1, 7.5, 0],
						"2.0": [0, 0, 0]
					}
				},
				"right_feet": {
					"rotation": {
						"0.0": [-5.75, 5, 0],
						"0.25": [2.5, 5, 0],
						"0.5": [-5, 5, 0],
						"0.75": [-12.5, 5, 0],
						"1.0": [-3.75, 5, 0],
						"1.25": [3.5, 5, 0],
						"1.5": [-5, 5, 0],
						"1.75": [-14, 5, 0],
						"2.0": [-5.75, 5, 0]
					},
					"position": {
						"0.0": [0.05, -0.02, -1.75],
						"0.25": [0, 0, 0],
						"0.5": [-0.04, 0, 0.13],
						"0.75": [-0.0872, 0, -1.74619],
						"1.0": [-0.05, -0.02, -2.25],
						"1.25": [-0.0029, -0.04362, -0.00475],
						"1.5": [0, -0.04, 0],
						"1.75": [0, -0.04, -2],
						"2.0": [0.05, -0.02, -1.75]
					}
				},
				"left_feet": {
					"rotation": {
						"0.0": [2.5, -5, 0],
						"0.5": [-15, -5, 0],
						"0.75": [-3.75, -5, 0],
						"1.0": [2.5, -5, 0],
						"1.5": [-15, -5, 0],
						"1.75": [-2.5, -5, 0],
						"2.0": [2.5, -5, 0]
					},
					"position": {
						"0.0": [0, 0, 0],
						"0.25": [0.04, 0, 0.13],
						"0.5": [0.08716, 0, -1.74619],
						"0.75": [0.05, -0.02, -1.75],
						"1.0": [0.00293, -0.04362, -0.00475],
						"1.25": [0, -0.04, 0.12],
						"1.5": [0, -0.04, -1.75],
						"1.75": [0.05, -0.02, -1.75],
						"2.0": [0.00293, -0.04362, -0.00475]
					}
				},
				"forehead2": {
					"rotation": {
						"0.0": [-1, 0, 0],
						"0.5": [-2.5, 0, 0],
						"1.0": [-1, 0, 0],
						"1.5": [-2.5, 0, 0],
						"2.0": [-1, 0, 0]
					}
				}
			}
		},
		"animation.trubbish.faint": {
			"loop": "hold_on_last_frame",
			"animation_length": 3,
			"bones": {
				"trubbish": {
					"rotation": {
						"0.0": {
							"post": [0, 0, 0],
							"lerp_mode": "catmullrom"
						},
						"0.25": {
							"post": [0, 0, 0],
							"lerp_mode": "catmullrom"
						},
						"0.5": {
							"post": [-22.93264, -0.09335, 2.14083],
							"lerp_mode": "catmullrom"
						},
						"0.8333": {
							"post": [-40.5095, -0.21782, 4.99527],
							"lerp_mode": "catmullrom"
						},
						"1.0417": {
							"post": [-62.0095, -4.21782, 3.99527],
							"lerp_mode": "catmullrom"
						},
						"2.0": [-64.0095, -0.21782, 4.99527]
					},
					"position": {
						"0.0": [0, 0, 0],
						"0.25": [0.0164, -0.50643, 0.30074],
						"0.5": [0.05538, 0.72453, 3.14536],
						"1.25": [0.04522, 1.21381, 4.99128],
						"2.0": [0.05, 1.21, 4.99]
					}
				},
				"body": {
					"rotation": {
						"0.0": [0, 0, 0],
						"0.5": [-5.00716, 4.99761, -0.10943]
					}
				},
				"heed": {
					"rotation": [0, 0, 0],
					"position": {
						"0.0": [0, 0, 0],
						"2.0": [0, 0, 0]
					}
				},
				"right_ear1": {
					"rotation": {
						"0.0": [0, 0, 0],
						"1.625": [-32.5, 0, 0]
					}
				},
				"left_ear1": {
					"rotation": {
						"0.0": [0, 0, 0],
						"1.625": [-32.5, 0, 0]
					}
				},
				"closed_mouth": {
					"position": {
						"0.0": [0, 0, 1],
						"1.3333": [0, 0, 1.03],
						"1.375": [0, 0, 0]
					}
				},
				"open_mouth": {
					"position": {
						"0.0": [0, 0, -1],
						"1.3333": [0, 0, -1],
						"1.375": [0, 0, 0]
					}
				},
				"angry_eyes": {
					"position": [0, 0, 0]
				},
				"closed_eyes": {
					"position": {
						"0.0": [0, 0, 0],
						"1.5": [0.00004, -0.04358, -0.99905]
					}
				},
				"left_shoulder": {
					"rotation": {
						"0.0": [0, 20, 0],
						"2.0": [0, -10, 0]
					},
					"position": [0, 0, 0]
				},
				"right_shoulder": {
					"rotation": {
						"0.0": [0, -20, 0],
						"2.0": [0, 15, 0]
					},
					"position": {
						"0.0": [0, 0, 0],
						"2.0": [0.2, 0.00398, 0.09993]
					}
				},
				"right_arm1": {
					"rotation": {
						"0.0": [-4.8, -25, 0],
						"0.5": [-8.21298, -24.14855, 8.195],
						"1.0": [-8.37104, -5.98531, 5.59743],
						"1.5": [-9.36396, 26.99786, 0.53075],
						"2.0": [-8.68716, 30.34117, 0.40227]
					}
				},
				"right_arm2": {
					"rotation": {
						"0.0": [0, -12.5, 0],
						"0.5": [-0.78795, -17.48281, 2.62116]
					},
					"position": {
						"0.0": [0, 0, 0],
						"2.0": [-0.12028, 0, 0.38149]
					}
				},
				"right_arm3": {
					"rotation": {
						"0.0": [0, 0, 5],
						"0.5": [-4.50432, -19.50645, 18.27463],
						"2.0": [-0.86795, -9.98135, 7.49986]
					},
					"position": {
						"0.0": [0, 0, 0],
						"2.0": [-0.03476, 0.00152, 0.19695]
					}
				},
				"left_arm1": {
					"rotation": {
						"0.0": [-4.8, 22.5, 0.3],
						"1.0": [-2.39637, -2.41989, 2.36907],
						"1.5": [-1.24853, -22.37814, 3.57222],
						"2.0": [0.00726, -27.33979, 4.43815]
					}
				},
				"left_arm2": {
					"rotation": [0, 12.5, 0],
					"position": {
						"0.0": [0, 0, 0],
						"2.0": [0.08658, 0, 0.39052]
					}
				},
				"left_hand3": {
					"rotation": {
						"0.0": [0.10912, -2.49762, -2.50238],
						"2.0": [0.11286, 15.00235, -2.46841]
					},
					"position": {
						"0.0": [0, 0, 0],
						"2.0": [0.05171, 0.00262, 0.19318]
					}
				},
				"right_feet": {
					"rotation": {
						"0.0": [-2.5, 0, 0],
						"0.5": [-7.5, 0, 0],
						"1.5": [17.5, 0, 0],
						"1.9167": [17.63903, 7.0563, 2.2369]
					},
					"position": {
						"0.0": [0, 0, 0],
						"0.5": [0, 0.03263, -2.24786],
						"1.5": [0.17415, -0.08724, -0.00951]
					}
				},
				"left_feet": {
					"rotation": {
						"0.0": [-2.5, 0, 0],
						"1.5": [14.97846, 7.49282, -0.32902],
						"1.9167": [14.90744, 5.07734, -0.97752]
					},
					"position": {
						"0.0": [0, 0, 0],
						"1.5": [-0.22101, 0.0109, -0.23138]
					}
				},
				"sad_eyes": {
					"position": {
						"0.0": [0, 0, -1],
						"1.5": [0, 0, -1],
						"1.5417": [-0.00004, 0.04358, -0.00095]
					}
				}
			}
		},
		"animation.trubbish.cry": {
			"animation_length": 0.5,
			"bones": {
				"closed_mouth": {
					"position": {
						"0.3333": [0, 0, 1],
						"0.375": [0, 0, 0]
					}
				},
				"open_mouth": {
					"position": {
						"0.0": [0, 0, -1],
						"0.3333": [0, 0, -1],
						"0.375": [0, 0, 0]
					}
				},
				"angry_eyes": {
					"position": {
						"0.0": [0, 0, 0],
						"0.125": [0, 0, -1],
						"0.4583": [0, 0, -1],
						"0.5": [0, 0, 0]
					}
				},
				"heed": {
					"rotation": {
						"0.0": [0, 0, 0],
						"0.125": {
							"pre": [-5, 0, 0],
							"post": [-5, 0, 0],
							"lerp_mode": "catmullrom"
						},
						"0.5": [0, 0, 0]
					}
				}
			}
		},
		"animation.trubbish.sleep": {
			"loop": true,
			"animation_length": 2,
			"bones": {
				"heed": {
					"rotation": {
						"0.0": [2.5, 4.5, 0],
						"0.75": [5, 4.5, 0],
						"1.25": [7, 4.5, 0],
						"2.0": [2.5, 4.5, 0]
					}
				},
				"forehead": {
					"rotation": {
						"0.0": [0, 0, 0],
						"0.75": [1.5, 0, 0],
						"1.25": [1.5, 0, 0],
						"2.0": [0, 0, 0]
					}
				},
				"right_ear1": {
					"rotation": {
						"0.0": [12.5, 0, 0],
						"0.75": [22.5, 0, 0],
						"1.25": [22.5, 0, 0],
						"2.0": [12.5, 0, 0]
					}
				},
				"right_ear2": {
					"rotation": {
						"0.0": [5, 0, 0],
						"1.0": [10, 0, 0],
						"1.25": [10, 0, 0],
						"2.0": [5, 0, 0]
					}
				},
				"right_ear3": {
					"rotation": {
						"0.0": [7.5, 0, 0],
						"1.0": [15, 0, 0],
						"1.25": [15, 0, 0],
						"2.0": [7.5, 0, 0]
					}
				},
				"left_ear1": {
					"rotation": {
						"0.0": [7.5, 0, 0],
						"0.75": [15, 0, 0],
						"1.25": [15, 0, 0],
						"2.0": [7.5, 0, 0]
					}
				},
				"left_ear2": {
					"rotation": {
						"0.0": [5, 0, 0],
						"1.0": [7.5, 0, 0],
						"1.25": [7.5, 0, 0],
						"2.0": [5, 0, 0]
					}
				},
				"left_ear3": {
					"rotation": {
						"0.0": [7.5, 0, 0],
						"1.0": [15, 0, 0],
						"1.25": [15, 0, 0],
						"2.0": [7.5, 0, 0]
					}
				},
				"open_mouth": {
					"position": [0, 0, 0]
				},
				"closed_eyes": {
					"position": [0, 0, -1]
				},
				"left_shoulder": {
					"position": {
						"0.0": [0, 0, 0],
						"2.0": [0, 0, 0]
					}
				},
				"right_shoulder": {
					"rotation": {
						"0.0": [0, 2.5, 0],
						"2.0": [0, 2.5, 0]
					},
					"position": [0, 0, 0]
				},
				"right_arm1": {
					"rotation": {
						"0.0": [4.74206, 4.8723, -18.91763],
						"0.75": [4.72897, 2.38083, -19.12442],
						"1.25": [4.72897, 2.38083, -19.12442],
						"2.0": [4.74206, 4.8723, -18.91763]
					}
				},
				"right_arm2": {
					"rotation": {
						"0.0": [0, -45, 17.5],
						"1.0": [0, -50, 17.5],
						"2.0": [0, -45, 17.5]
					}
				},
				"right_arm3": {
					"rotation": {
						"0.0": [-3.51146, -67.36871, 0],
						"1.0": [-2.91366, -62.37649, -0.65966],
						"2.0": [-3.51146, -67.36871, 0]
					}
				},
				"left_arm1": {
					"rotation": {
						"0.0": [4.7, 4.5, 19],
						"0.75": [4.72066, 6.99156, 19.20632],
						"1.25": [4.72066, 6.99156, 19.20632],
						"2.0": [4.7, 4.5, 19]
					}
				},
				"left_arm2": {
					"rotation": {
						"0.0": [0, 47.5, -17.5],
						"1.0": [0, 52.5, -17.5],
						"2.0": [0, 47.5, -17.5]
					}
				},
				"left_hand3": {
					"rotation": {
						"0.0": [-1.5, 67.3687, 0],
						"1.0": [-1.24457, 62.37012, 0.28187],
						"2.0": [-1.5, 67.3687, 0]
					}
				},
				"right_feet": {
					"rotation": {
						"0.0": [0, 17.5, 0],
						"1.0": [0, 22.5, 0],
						"2.0": [0, 17.5, 0]
					}
				},
				"left_feet": {
					"rotation": {
						"0.0": [0, -17.5, 0],
						"1.0": [0, -21.5, 0],
						"2.0": [0, -17.5, 0]
					}
				}
			}
		},
		"animation.trubbish.battle_idle": {
			"loop": true,
			"animation_length": 2,
			"bones": {
				"heed": {
					"rotation": {
						"0.0": [0, 0, 0],
						"0.5": [2.5, 0, 0],
						"1.0": [0, 0, 0],
						"1.5": [2.5, 0, 0],
						"2.0": [0, 0, 0]
					}
				},
				"right_ear1": {
					"rotation": {
						"0.0": [0, 0, 0],
						"0.5": [7.5, 0, 0],
						"1.0": [0, 0, 0],
						"1.5": [7.5, 0, 0],
						"2.0": [0, 0, 0]
					}
				},
				"right_ear3": {
					"rotation": {
						"0.0": [0, 0, 0],
						"0.5": [12.5, 0, 0],
						"1.0": [0, 0, 0],
						"1.5": [12.5, 0, 0],
						"2.0": [0, 0, 0]
					}
				},
				"left_ear1": {
					"rotation": {
						"0.0": [0, 0, 0],
						"0.5": [5, 0, 0],
						"1.0": [0, 0, 0],
						"1.5": [5, 0, 0],
						"2.0": [0, 0, 0]
					}
				},
				"left_ear3": {
					"rotation": {
						"0.0": [0, 0, 0],
						"0.5": [7.5, 0, 0],
						"1.0": [0, 0, 0],
						"1.5": [7.5, 0, 0],
						"2.0": [0, 0, 0]
					}
				},
				"angry_eyes": {
					"position": [0, 0, -1]
				},
				"left_shoulder": {
					"rotation": [-28.23627, 44.58064, 5.13336],
					"position": [-0.70941, 0.06373, 0.70191]
				},
				"right_shoulder": {
					"rotation": [-32.38617, -43.97145, 2.4606],
					"position": [0.90165, 0.12209, 0.51198]
				},
				"right_arm1": {
					"rotation": {
						"0.0": [-35, -40, 0],
						"0.5": [-29.02579, -39.38757, -8.92354],
						"1.0": [-35, -40, 0],
						"1.5": [-29.02579, -39.38757, -7.92354],
						"2.0": [-35, -40, 0]
					}
				},
				"right_arm2": {
					"rotation": {
						"0.0": [8.61775, -34.05444, -15.14371],
						"0.5": [25.71815, -38.27262, -19.51246],
						"1.0": [8.61775, -34.05444, -15.14371],
						"1.5": [25.71815, -38.27262, -19.51246],
						"2.0": [8.61775, -34.05444, -15.14371]
					}
				},
				"right_arm3": {
					"rotation": [0, -70, 0]
				},
				"left_arm1": {
					"rotation": {
						"0.0": [-25, 40, 0],
						"0.5": [-9.33795, 39.40223, 13.94569],
						"1.0": [-20, 40, 0],
						"1.5": [-9.33795, 39.40223, 13.94569],
						"2.0": [-25, 40, 0]
					}
				},
				"left_arm2": {
					"rotation": {
						"0.0": [7.79654, 33.86011, 18.14873],
						"0.5": [0, 40, 0],
						"1.0": [0, 35, 0],
						"1.5": [0, 40, 0],
						"2.0": [7.79654, 33.86011, 18.14873]
					}
				},
				"left_hand3": {
					"rotation": [0, 70, 0]
				},
				"right_feet": {
					"rotation": {
						"0.0": [0, 7.5, 0],
						"0.5": [0, 12.5, 0],
						"1.0": [0, 7.5, 0],
						"1.5": [0, 12.5, 0],
						"2.0": [0, 7.5, 0]
					}
				},
				"left_feet": {
					"rotation": {
						"0.0": [0, -7.5, 0],
						"0.5": [0, -12.5, 0],
						"1.0": [0, -7.5, 0],
						"1.5": [0, -12.5, 0],
						"2.0": [0, -7.5, 0]
					}
				}
			}
		},
		"animation.trubbish.blink": {
			"animation_length": 0.25,
			"bones": {
				"closed_eyes": {
					"position": {
						"0.0": [0, 0, -1],
						"0.1667": [0, 0, -1],
						"0.2083": [0, 0, 0]
					}
				}
			}
		}
	}
}