{
  "implemented": true,
  "name": "Araquanid",
  "nationalPokedexNumber": 752,
  "primaryType": "water",
  "secondaryType": "bug",
  "abilities": [
    "waterbubble",
    "h:waterabsorb"
  ],
  "baseStats": {
    "hp": 68,
    "attack": 70,
    "defence": 92,
    "special_attack": 50,
    "special_defence": 132,
    "speed": 42
  },
   "behaviour": {
        "moving": {
            "swim": {
                "canSwimInWater": true,
                "canBreatheUnderwater": true
            }
        }
    },
  "catchRate": 100,
  "maleRatio": 0.5,
  "shoulderMountable": false,
  "forms": [
    {
      "name": "Totem",
      "primaryType": "water",
      "secondaryType": "bug",
      "abilities": [
        "waterbubble"
      ],
      "baseStats": {
        "hp": 68,
        "attack": 70,
        "defence": 92,
        "special_attack": 50,
        "special_defence": 132,
        "speed": 42
      },
      "catchRate": 100,
      "maleRatio": 0.5,
      "baseExperienceYield": 159,
      "baseFriendship": 50,
      "evYield": {
        "hp": 0,
        "attack": 0,
        "defence": 0,
        "special_attack": 0,
        "special_defence": 2,
        "speed": 0
      },
      "experienceGroup": "medium_fast",
      "eggCycles": 15,
      "eggGroups": [
        "water_1",
        "bug"
      ],
      "moves": [
        "1:bubble",
        "1:bugbite",
        "1:infestation",
        "1:soak",
        "1:spiderweb",
        "1:wideguard",
        "16:bubblebeam",
        "21:bite",
        "26:aquaring",
        "33:leechlife",
        "38:crunch",
        "45:lunge",
        "50:mirrorcoat",
        "57:liquidation",
        "62:entrainment",
        "tm:attract",
        "tm:blizzard",
        "tm:confide",
        "tm:doubleteam",
        "tm:facade",
        "tm:frostbreath",
        "tm:frustration",
        "tm:hiddenpower",
        "tm:icebeam",
        "tm:infestation",
        "tm:leechlife",
        "tm:poisonjab",
        "tm:protect",
        "tm:raindance",
        "tm:reflect",
        "tm:rest",
        "tm:return",
        "tm:round",
        "tm:safeguard",
        "tm:scald",
        "tm:sleeptalk",
        "tm:substitute",
        "tm:surf",
        "tm:swagger",
        "tm:toxic",
        "tm:waterfall",
        "tm:xscissor",
        "tutor:bite",
        "tutor:bubblebeam",
        "tutor:bugbite",
        "tutor:bugbite",
        "tutor:gigadrain",
        "tutor:icywind",
        "tutor:irondefense",
        "tutor:laserfocus",
        "tutor:liquidation",
        "tutor:magiccoat",
        "tutor:magicroom",
        "tutor:signalbeam",
        "tutor:snore",
        "tutor:spiderweb",
        "tutor:waterpulse",
        "tutor:wonderroom"
      ],
      "labels": [
        "gen7",
        "totem"
      ],
      "aspects": [
        "totem"
      ],
      "height": 31,
      "weight": 2175,
      "evolutions": [],
      "cannotDynamax": false,
      "battleOnly": false
    }
  ],
  "baseExperienceYield": 159,
  "experienceGroup": "medium_fast",
  "eggCycles": 15,
  "eggGroups": [
    "water_1",
    "bug"
  ],
  "moves": [
    "1:bite",
    "1:bubble",
    "1:bugbite",
    "1:infestation",
    "1:spiderweb",
    "1:watergun",
    "1:wideguard",
    "12:bubblebeam",
    "16:aquaring",
    "20:headbutt",
    "26:crunch",
    "32:soak",
    "38:entrainment",
    "44:lunge",
    "50:liquidation",
    "56:leechlife",
    "62:mirrorcoat",
    "tm:attract",
    "tm:blizzard",
    "tm:bugbuzz",
    "tm:confide",
    "tm:crunch",
    "tm:dive",
    "tm:doubleteam",
    "tm:endure",
    "tm:facade",
    "tm:frostbreath",
    "tm:frustration",
    "tm:gigadrain",
    "tm:hiddenpower",
    "tm:hydropump",
    "tm:icebeam",
    "tm:icywind",
    "tm:irondefense",
    "tm:leechlife",
    "tm:liquidation",
    "tm:magicroom",
    "tm:poisonjab",
    "tm:protect",
    "tm:raindance",
    "tm:reflect",
    "tm:rest",
    "tm:return",
    "tm:round",
    "tm:safeguard",
    "tm:scald",
    "tm:sleeptalk",
    "tm:snore",
    "tm:substitute",
    "tm:surf",
    "tm:swagger",
    "tm:toxic",
    "tm:waterfall",
    "tm:wonderroom",
    "tm:xscissor",
    "tutor:laserfocus",
    "tutor:magiccoat",
    "tutor:signalbeam",
    "tutor:skittersmack",
    "tutor:waterpulse"
  ],
  "labels": [
    "gen7"
  ],
  "pokedex": [
    "cobblemon.species.araquanid.desc"
  ],
  "preEvolution": "dewpider",
  "evolutions": [],
  "baseScale": 1.4,
  "hitbox": {
    "width": 1.95,
    "height": 1.1,
    "fixed": false
  },
  "baseFriendship": 50,
  "evYield": {
    "hp": 0,
    "attack": 0,
    "defence": 0,
    "special_attack": 0,
    "special_defence": 2,
    "speed": 0
  },
  "height": 18,
  "weight": 820,
  "aspects": [],
  "cannotDynamax": false
}