{
    "implemented": true,
    "name": "Naganadel",
    "nationalPokedexNumber": 804,
    "primaryType": "poison",
    "secondaryType": "dragon",
    "abilities": [
      "beastboost"
    ],
    "drops": {
      "amount": 5,
      "entries": [
        {
          "item": "cobblemon:rare_candy",
          "quantityRange": "5-10"
        },
        {
          "item": "minecraft:echo_shard",
          "quantityRange": "2-11"
        },
        {
          "item": "cobblemon:poison_barb",
          "percentage": 50.0
        },
        {
          "item": "cobblemon:ability_capsule",
          "percentage": 25.0
        },
        {
          "item": "cobblemon:ability_patch",
          "percentage": 5.0
        }
      ]
    },
    "baseStats": {
      "hp": 73,
      "attack": 73,
      "defence": 73,
      "special_attack": 127,
      "special_defence": 73,
      "speed": 121
    },
    "catchRate": 45,
    "maleRatio": -1,
    "shoulderMountable": false,
    "baseExperienceYield": 270,
    "experienceGroup": "slow",
    "eggCycles": 120,
    "eggGroups": [
      "undiscovered"
    ],
    "moves": [
      "1:acid",
      "1:aircutter",
      "1:airslash",
      "1:dragonpulse",
      "1:growl",
      "1:helpinghand",
      "1:peck",
      "7:furyattack",
      "14:fellstinger",
      "21:charm",
      "28:venoshock",
      "35:venomdrench",
      "42:nastyplot",
      "49:poisonjab",
      "56:gastroacid",
      "63:toxic",
      "70:dragonrush",
      "tm:acrobatics",
      "tm:aerialace",
      "tm:airslash",
      "tm:allyswitch",
      "tm:assurance",
      "tm:breakingswipe",
      "tm:charm",
      "tm:confide",
      "tm:crosspoison",
      "tm:darkpulse",
      "tm:doubleteam",
      "tm:dragonclaw",
      "tm:dragondance",
      "tm:dragonpulse",
      "tm:dragontail",
      "tm:echoedvoice",
      "tm:endure",
      "tm:facade",
      "tm:fireblast",
      "tm:flamethrower",
      "tm:fly",
      "tm:frustration",
      "tm:gigaimpact",
      "tm:gunkshot",
      "tm:heatwave",
      "tm:helpinghand",
      "tm:hex",
      "tm:hiddenpower",
      "tm:hyperbeam",
      "tm:irontail",
      "tm:leechlife",
      "tm:nastyplot",
      "tm:outrage",
      "tm:pinmissile",
      "tm:poisonjab",
      "tm:protect",
      "tm:rest",
      "tm:return",
      "tm:round",
      "tm:shadowclaw",
      "tm:skydrop",
      "tm:sleeptalk",
      "tm:sludgebomb",
      "tm:sludgewave",
      "tm:smartstrike",
      "tm:snarl",
      "tm:snore",
      "tm:spikes",
      "tm:substitute",
      "tm:swift",
      "tm:thief",
      "tm:throatchop",
      "tm:thunderbolt",
      "tm:toxic",
      "tm:toxicspikes",
      "tm:uproar",
      "tm:uturn",
      "tm:venomdrench",
      "tm:venoshock",
      "tm:xscissor",
      "tutor:allyswitch",
      "tutor:dracometeor",
      "tutor:dragonpulse",
      "tutor:dualwingbeat",
      "tutor:gastroacid",
      "tutor:gunkshot",
      "tutor:heatwave",
      "tutor:helpinghand",
      "tutor:irontail",
      "tutor:laserfocus",
      "tutor:outrage",
      "tutor:scaleshot",
      "tutor:shockwave",
      "tutor:signalbeam",
      "tutor:skyattack",
      "tutor:snatch",
      "tutor:snore",
      "tutor:tailwind",
      "tutor:throatchop",
      "tutor:uproar"
    ],
    "labels": [
      "gen7",
      "ultra_beast"
    ],
    "pokedex": [
      "cobblemon.species.naganadel.desc"
    ],
    "preEvolution": "poipole",
    "evolutions": [],
    "baseScale": 1,
    "hitbox": {
      "width": 1.2,
      "height": 4,
      "fixed": false
    },
    "baseFriendship": 0,
    "evYield": {
      "hp": 0,
      "attack": 0,
      "defence": 0,
      "special_attack": 3,
      "special_defence": 0,
      "speed": 0
    },
    "height": 36,
    "weight": 1500,
    "aspects": [],
    "cannotDynamax": false
  }
  