{
	"format_version": "1.12.0",
	"minecraft:geometry": [
		{
			"description": {
				"identifier": "geometry.Darkrai",
				"texture_width": 256,
				"texture_height": 256,
				"visible_bounds_width": 7,
				"visible_bounds_height": 7,
				"visible_bounds_offset": [0, 1.5, 0]
			},
			"bones": [
				{
					"name": "darkrai",
					"pivot": [0, 0, 0]
				},
				{
					"name": "body",
					"parent": "darkrai",
					"pivot": [0, 0, 0]
				},
				{
					"name": "torso",
					"parent": "body",
					"pivot": [0, 0, 0],
					"rotation": [7.5, 0, 0],
					"cubes": [
						{"origin": [-4.5, 7.65, -0.5], "size": [9, 2, 9], "uv": [44, 85]},
						{"origin": [-7, 3.15, -2.5], "size": [14, 5, 14], "uv": [52, 26]},
						{"origin": [-8.5, -5.1003, -2.38532], "size": [17, 9, 0], "pivot": [1.5, 3.99339, -1.9627], "rotation": [-32.5, 0, 0], "uv": [96, 0]},
						{"origin": [-18.18875, -3.23499, 4.92497], "size": [22, 9, 0], "pivot": [-6.18875, 5.76501, 4.92497], "rotation": [76.10524, 79.69532, 100.88649], "uv": [0, 87]},
						{"origin": [-3.80046, -3.38866, 5.25216], "size": [22, 9, 0], "pivot": [6.19954, 5.61134, 5.25216], "rotation": [76.10524, -79.69532, -100.88649], "uv": [80, 79]}
					]
				},
				{
					"name": "tail",
					"parent": "torso",
					"pivot": [-6, 6.28934, 10.46817],
					"cubes": [
						{"origin": [-6.5, 3.18934, 11.46817], "size": [13, 4, 8], "uv": [0, 75]}
					]
				},
				{
					"name": "tail2",
					"parent": "tail",
					"pivot": [-6, 6.25512, 11.99027],
					"rotation": [-30, 0, 0],
					"cubes": [
						{"origin": [-7, 5.90512, 12.24027], "size": [14, 5, 12], "pivot": [-6, 6.50512, 11.99027], "rotation": [5, 0, 0], "uv": [52, 45]},
						{"origin": [7, 4.1074, 12.51961], "size": [0, 5, 18], "pivot": [7, 7.1074, 18.01961], "rotation": [23.09454, 15.35793, -31.84407], "uv": [60, 0]},
						{"origin": [-7, 4.1074, 12.51961], "size": [0, 5, 18], "pivot": [-7, 7.1074, 18.01961], "rotation": [23.09454, -15.35793, 31.84407], "uv": [44, 62]}
					]
				},
				{
					"name": "tail3",
					"parent": "tail2",
					"pivot": [0, 10.23969, 23.66604],
					"rotation": [-30, 0, 0],
					"cubes": [
						{"origin": [-5, 7.36141, 20.77095], "size": [10, 5, 3], "pivot": [-8, 7.96141, 11.52095], "rotation": [5, 0, 0], "uv": [108, 36]}
					]
				},
				{
					"name": "tail4",
					"parent": "tail3",
					"pivot": [1, 13.41232, 23.34085],
					"rotation": [20, 0, 0],
					"cubes": [
						{"origin": [-6, 13.41232, 20.34085], "size": [12, 6, 3], "uv": [104, 45]}
					]
				},
				{
					"name": "tail5",
					"parent": "tail4",
					"pivot": [0.5, 18.02442, 18.46965],
					"rotation": [-42.5, 0, 0],
					"cubes": [
						{"origin": [-4.5, 20.33317, 18.93299], "size": [9, 7, 4], "uv": [116, 64]},
						{"origin": [-2.5, 27.27442, 18.91965], "size": [5, 5, 2], "uv": [134, 122]},
						{"origin": [-2.5, 32.27442, 18.91965], "size": [5, 9, 0], "pivot": [0, 32.27442, 18.91965], "rotation": [5, 0, 0], "uv": [108, 136]}
					]
				},
				{
					"name": "bone",
					"parent": "tail5",
					"pivot": [-7.01977, 28.77484, 24.32621],
					"rotation": [50, 0, 0],
					"cubes": [
						{"origin": [-7.38594, 25.32436, 15.34233], "size": [0, 7, 11], "pivot": [-6.89328, 24.87221, 20.63532], "rotation": [22.4219, -35.10854, 39.79108], "uv": [60, 105]},
						{"origin": [-7.51242, 29.1961, 24.59047], "size": [0, 7, 11], "pivot": [-7.01977, 28.77484, 24.32621], "rotation": [29.9219, -35.10854, 39.79108], "uv": [82, 105]},
						{"origin": [7.38594, 25.32436, 15.34233], "size": [0, 7, 11], "pivot": [6.89328, 24.87221, 20.63532], "rotation": [22.4219, 35.10854, -39.79108], "uv": [0, 108]},
						{"origin": [7.51242, 29.1961, 24.59047], "size": [0, 7, 11], "pivot": [7.01977, 28.77484, 24.32621], "rotation": [29.9219, 35.10854, -39.79108], "uv": [104, 105]}
					]
				},
				{
					"name": "torso_middle",
					"parent": "torso",
					"pivot": [-0.70711, 9.63422, 2.68261],
					"rotation": [-7.5, 0, 0],
					"cubes": [
						{"origin": [-1.37982, 9.95488, -0.55076], "size": [5, 1, 5], "pivot": [-0.25, 9.88422, 0.93261], "rotation": [10.5468, -44.5119, -7.4366], "uv": [60, 96]},
						{"origin": [-0.87982, 9.20488, -0.05076], "size": [4, 3, 4], "pivot": [-0.25, 9.88422, 0.93261], "rotation": [10.5468, -44.5119, -7.4366], "uv": [134, 45]}
					]
				},
				{
					"name": "chest",
					"parent": "torso_middle",
					"pivot": [0, 11.73117, 3.27583],
					"cubes": [
						{"origin": [-6, 11.73117, -2.72417], "size": [12, 6, 10], "uv": [0, 59]},
						{"origin": [-5.5, 13.48117, 6.77583], "size": [11, 7, 5], "uv": [0, 96]}
					]
				},
				{
					"name": "chest2",
					"parent": "chest",
					"pivot": [0, 21.73117, 1.27583],
					"rotation": [27.5, 0, 0],
					"cubes": [
						{"origin": [-6.5, 14.73117, -7.72417], "size": [13, 9, 17], "uv": [0, 0]},
						{"origin": [2.10876, 15.73117, 4.77583], "size": [9, 8, 9], "inflate": 0.01, "pivot": [3.35876, 17.73117, 1.27583], "rotation": [0, -45, 0], "uv": [80, 62]}
					]
				},
				{
					"name": "shoulder_left",
					"parent": "chest2",
					"pivot": [6.5, 22.13819, 1.74247],
					"rotation": [-27.5, 0, 0],
					"cubes": [
						{"origin": [5.5, 15.13819, -1.25753], "size": [7, 7, 7], "uv": [96, 9]}
					]
				},
				{
					"name": "arm_left",
					"parent": "shoulder_left",
					"pivot": [8.9, 15.54876, 2.15125],
					"cubes": [
						{"origin": [7.4, 9.54876, 0.65125], "size": [3, 6, 3], "uv": [134, 88]},
						{"origin": [8.9, 9.54876, 3.65125], "size": [0, 3, 2], "uv": [142, 70]}
					]
				},
				{
					"name": "arm_left2",
					"parent": "arm_left",
					"pivot": [9.9, 9.73708, 2.13167],
					"cubes": [
						{"origin": [8.9, 6.54876, 2.90125], "size": [0, 3, 2], "uv": [142, 105]},
						{"origin": [8.9, 3.04876, 3.65125], "size": [0, 3, 2], "uv": [142, 110]},
						{"origin": [7.9, 5.61371, 1.09251], "size": [2, 4, 2], "uv": [68, 142]},
						{"origin": [7.4, 1.54876, 0.65125], "size": [3, 5, 3], "uv": [104, 54]}
					]
				},
				{
					"name": "hand_left",
					"parent": "arm_left2",
					"pivot": [10.4, 1.69876, 2.15125],
					"cubes": [
						{"origin": [7.4, -2.45124, 0.15125], "size": [3, 4, 4], "inflate": 0.2, "uv": [60, 134]}
					]
				},
				{
					"name": "finger_front_left",
					"parent": "hand_left",
					"pivot": [10.4, -2.60124, 0.65125],
					"cubes": [
						{"origin": [8.15, -3.85124, 0.15125], "size": [2, 1, 1], "inflate": 0.2, "uv": [22, 108]}
					]
				},
				{
					"name": "finger_front_left2",
					"parent": "finger_front_left",
					"pivot": [9.95, -4.00124, 0.65125],
					"cubes": [
						{"origin": [7.95, -5.00124, 0.15125], "size": [2, 1, 1], "uv": [112, 101]}
					]
				},
				{
					"name": "finger_front_left3",
					"parent": "finger_front_left2",
					"pivot": [9.3, -5.00124, 0.65125],
					"cubes": [
						{"origin": [8.3, -7.00124, 0.65125], "size": [1, 2, 0], "pivot": [9.3, -5.00124, 0.65125], "rotation": [0, 0, 40], "uv": [42, 79]}
					]
				},
				{
					"name": "finger_mid_left",
					"parent": "hand_left",
					"pivot": [10.4, -2.60124, 2.15125],
					"cubes": [
						{"origin": [8.15, -3.85124, 1.65125], "size": [2, 1, 1], "inflate": 0.2, "uv": [66, 102]}
					]
				},
				{
					"name": "finger_mid_left2",
					"parent": "finger_mid_left",
					"pivot": [9.95, -4.00124, 2.15125],
					"cubes": [
						{"origin": [7.95, -5.00124, 1.65125], "size": [2, 1, 1], "uv": [72, 102]}
					]
				},
				{
					"name": "finger_mid_left3",
					"parent": "finger_mid_left2",
					"pivot": [9.3, -5.00124, 2.15125],
					"cubes": [
						{"origin": [8.3, -7.00124, 2.15125], "size": [1, 2, 0], "pivot": [9.3, -5.00124, 2.15125], "rotation": [0, 0, 40], "uv": [42, 77]}
					]
				},
				{
					"name": "finger_back_left",
					"parent": "hand_left",
					"pivot": [10.4, -2.60124, 3.65125],
					"cubes": [
						{"origin": [8.15, -3.85124, 3.15125], "size": [2, 1, 1], "inflate": 0.2, "uv": [98, 23]}
					]
				},
				{
					"name": "finger_back_left2",
					"parent": "finger_back_left",
					"pivot": [9.95, -4.00124, 3.65125],
					"cubes": [
						{"origin": [7.95, -5.00124, 3.15125], "size": [2, 1, 1], "uv": [60, 102]}
					]
				},
				{
					"name": "finger_back_left3",
					"parent": "finger_back_left2",
					"pivot": [9.3, -5.00124, 3.65125],
					"cubes": [
						{"origin": [8.3, -7.00124, 3.65125], "size": [1, 2, 0], "pivot": [9.3, -5.00124, 3.65125], "rotation": [0, 0, 40], "uv": [42, 75]}
					]
				},
				{
					"name": "shoulderthing_left",
					"parent": "shoulder_left",
					"pivot": [6.99289, 20.01687, -0.25753],
					"rotation": [0, 0, -45],
					"cubes": [
						{"origin": [6.935, 13.91575, -0.25753], "size": [8, 8, 5], "uv": [108, 88]}
					]
				},
				{
					"name": "shoulderthing_left2",
					"parent": "shoulderthing_left",
					"pivot": [9.77857, 16.78381, 2.24247],
					"rotation": [0, 0, 20],
					"cubes": [
						{"origin": [10.27857, 10.28381, 0.24247], "size": [10, 6, 4], "uv": [116, 54]}
					]
				},
				{
					"name": "shoulderthing_left3",
					"parent": "shoulderthing_left2",
					"pivot": [17.18947, 10.93333, 2.24247],
					"rotation": [0, 0, 30],
					"cubes": [
						{"origin": [17.18947, 10.93333, 0.74247], "size": [7, 10, 3], "uv": [124, 75]}
					]
				},
				{
					"name": "shoulderthing_left4",
					"parent": "shoulderthing_left3",
					"pivot": [19.91525, 20.87416, 2.24247],
					"rotation": [0, 0, -7.5],
					"cubes": [
						{"origin": [19.91525, 17.87416, 1.24247], "size": [9, 3, 2], "uv": [130, 0]}
					]
				},
				{
					"name": "shoulderthing_left5",
					"parent": "shoulderthing_left4",
					"pivot": [28.97907, 17.79715, 4.74247],
					"rotation": [0, 0, -47.5],
					"cubes": [
						{"origin": [28.97907, 17.79715, 2.24247], "size": [8, 3, 0], "uv": [76, 23]}
					]
				},
				{
					"name": "shoulder_right",
					"parent": "chest2",
					"pivot": [-6.5, 22.13819, 1.74247],
					"rotation": [-27.5, 0, 0],
					"cubes": [
						{"origin": [-12.5, 15.13819, -1.25753], "size": [7, 7, 7], "uv": [32, 96]}
					]
				},
				{
					"name": "shoulderthing_right",
					"parent": "shoulder_right",
					"pivot": [-6.99289, 20.01687, -0.25753],
					"rotation": [0, 0, 45],
					"cubes": [
						{"origin": [-14.935, 13.91575, -0.25753], "size": [8, 8, 5], "uv": [108, 23]}
					]
				},
				{
					"name": "shoulderthing_right2",
					"parent": "shoulderthing_right",
					"pivot": [-9.77857, 16.78381, 2.24247],
					"rotation": [0, 0, -20],
					"cubes": [
						{"origin": [-20.27857, 10.28381, 0.24247], "size": [10, 6, 4], "uv": [22, 110]}
					]
				},
				{
					"name": "shoulderthing_right3",
					"parent": "shoulderthing_right2",
					"pivot": [-17.18947, 10.93333, 2.24247],
					"rotation": [0, 0, -30],
					"cubes": [
						{"origin": [-24.18947, 10.93333, 0.74247], "size": [7, 10, 3], "uv": [124, 9]}
					]
				},
				{
					"name": "shoulderthing_right4",
					"parent": "shoulderthing_right3",
					"pivot": [-19.91525, 20.87416, 2.24247],
					"rotation": [0, 0, 7.5],
					"cubes": [
						{"origin": [-28.91525, 17.87416, 1.24247], "size": [9, 3, 2], "uv": [126, 117]}
					]
				},
				{
					"name": "shoulderthing_right5",
					"parent": "shoulderthing_right4",
					"pivot": [-28.97907, 17.79715, 4.74247],
					"rotation": [0, 0, 47.5],
					"cubes": [
						{"origin": [-36.97907, 17.79715, 2.24247], "size": [8, 3, 0], "uv": [60, 23]}
					]
				},
				{
					"name": "arm_right",
					"parent": "shoulder_right",
					"pivot": [-8.9, 15.54876, 2.15125],
					"cubes": [
						{"origin": [-10.4, 9.54876, 0.65125], "size": [3, 6, 3], "uv": [134, 129]},
						{"origin": [-8.9, 9.54876, 3.65125], "size": [0, 3, 2], "uv": [16, 143]}
					]
				},
				{
					"name": "arm_right2",
					"parent": "arm_right",
					"pivot": [-9.9, 9.73708, 2.13167],
					"cubes": [
						{"origin": [-8.9, 6.54876, 2.90125], "size": [0, 3, 2], "uv": [20, 143]},
						{"origin": [-8.9, 3.04876, 3.65125], "size": [0, 3, 2], "uv": [24, 143]},
						{"origin": [-9.9, 5.61371, 1.09251], "size": [2, 4, 2], "uv": [76, 142]},
						{"origin": [-10.4, 1.54876, 0.65125], "size": [3, 5, 3], "uv": [96, 136]}
					]
				},
				{
					"name": "hand_right",
					"parent": "arm_right2",
					"pivot": [-10.4, 1.69876, 2.15125],
					"cubes": [
						{"origin": [-10.4, -2.45124, 0.15125], "size": [3, 4, 4], "inflate": 0.2, "uv": [74, 134]}
					]
				},
				{
					"name": "finger_front_right",
					"parent": "hand_right",
					"pivot": [-10.4, -2.60124, 0.65125],
					"cubes": [
						{"origin": [-10.15, -3.85124, 0.15125], "size": [2, 1, 1], "inflate": 0.2, "uv": [112, 103]}
					]
				},
				{
					"name": "finger_front_right2",
					"parent": "finger_front_right",
					"pivot": [-9.95, -4.00124, 0.65125],
					"cubes": [
						{"origin": [-9.95, -5.00124, 0.15125], "size": [2, 1, 1], "uv": [116, 75]}
					]
				},
				{
					"name": "finger_front_right3",
					"parent": "finger_front_right2",
					"pivot": [-9.3, -5.00124, 0.65125],
					"cubes": [
						{"origin": [-9.3, -7.00124, 0.65125], "size": [1, 2, 0], "pivot": [-9.3, -5.00124, 0.65125], "rotation": [0, 0, -40], "uv": [42, 81]}
					]
				},
				{
					"name": "finger_mid_right",
					"parent": "hand_right",
					"pivot": [-10.4, -2.60124, 2.15125],
					"cubes": [
						{"origin": [-10.15, -3.85124, 1.65125], "size": [2, 1, 1], "inflate": 0.2, "uv": [116, 77]}
					]
				},
				{
					"name": "finger_mid_right2",
					"parent": "finger_mid_right",
					"pivot": [-9.95, -4.00124, 2.15125],
					"cubes": [
						{"origin": [-9.95, -5.00124, 1.65125], "size": [2, 1, 1], "uv": [118, 101]}
					]
				},
				{
					"name": "finger_mid_right3",
					"parent": "finger_mid_right2",
					"pivot": [-9.3, -5.00124, 2.15125],
					"cubes": [
						{"origin": [-9.3, -7.00124, 2.15125], "size": [1, 2, 0], "pivot": [-9.3, -5.00124, 2.15125], "rotation": [0, 0, -40], "uv": [42, 83]}
					]
				},
				{
					"name": "finger_back_right",
					"parent": "hand_right",
					"pivot": [-10.4, -2.60124, 3.65125],
					"cubes": [
						{"origin": [-10.15, -3.85124, 3.15125], "size": [2, 1, 1], "inflate": 0.2, "uv": [118, 103]}
					]
				},
				{
					"name": "finger_back_right2",
					"parent": "finger_back_right",
					"pivot": [-9.95, -4.00124, 3.65125],
					"cubes": [
						{"origin": [-9.95, -5.00124, 3.15125], "size": [2, 1, 1], "uv": [130, 5]}
					]
				},
				{
					"name": "finger_back_right3",
					"parent": "finger_back_right2",
					"pivot": [-9.3, -5.00124, 3.65125],
					"cubes": [
						{"origin": [-9.3, -7.00124, 3.65125], "size": [1, 2, 0], "pivot": [-9.3, -5.00124, 3.65125], "rotation": [0, 0, -40], "uv": [42, 85]}
					]
				},
				{
					"name": "collar",
					"parent": "chest2",
					"pivot": [0, 23.73117, -7.72417]
				},
				{
					"name": "bone9",
					"parent": "collar",
					"pivot": [0, 23.73117, -7.72417],
					"rotation": [-5, 0, 0],
					"cubes": [
						{"origin": [0, 23.73117, -7.72417], "size": [4, 6, 0], "pivot": [0, 23.73117, -7.72417], "rotation": [-44.09531, -22.52101, 20.36057], "uv": [60, 142]},
						{"origin": [-4, 23.73117, -7.72417], "size": [4, 6, 0], "pivot": [0, 23.73117, -7.72417], "rotation": [-44.09531, 22.52101, -20.36057], "uv": [142, 64]}
					]
				},
				{
					"name": "bone24",
					"parent": "collar",
					"pivot": [0, 21.7961, 9.81714],
					"rotation": [-60, 0, 0],
					"cubes": [
						{"origin": [0, 21.7961, 9.81714], "size": [5, 6, 0], "pivot": [0, 21.7961, 9.81714], "rotation": [44.09531, 22.52101, 20.36057], "uv": [118, 141]},
						{"origin": [-5, 21.7961, 9.81714], "size": [5, 6, 0], "pivot": [0, 21.7961, 9.81714], "rotation": [44.09531, -22.52101, -20.36057], "uv": [0, 142]}
					]
				},
				{
					"name": "bone17",
					"parent": "collar",
					"pivot": [-5.75, 21.46804, -6.08383],
					"rotation": [-1.53208, 42.406, -16.73634],
					"cubes": [
						{"origin": [-8.45003, 23.06529, -6.42698], "size": [2, 4, 0], "pivot": [-5.75, 21.46804, -6.08383], "rotation": [-44.09531, 22.52101, -20.36057], "uv": [134, 97]},
						{"origin": [-6.39719, 24.06529, -5.64916], "size": [3, 3, 0], "pivot": [-5.75, 21.46804, -6.08383], "rotation": [-44.09531, -22.52101, 20.36057], "uv": [44, 59]}
					]
				},
				{
					"name": "bone16",
					"parent": "collar",
					"pivot": [5.75, 21.46804, -6.08383],
					"rotation": [-1.53208, -42.406, 16.73634],
					"cubes": [
						{"origin": [6.45003, 23.06529, -6.42698], "size": [2, 4, 0], "pivot": [5.75, 21.46804, -6.08383], "rotation": [-44.09531, -22.52101, 20.36057], "uv": [136, 5]},
						{"origin": [3.39719, 24.06529, -5.64916], "size": [3, 3, 0], "pivot": [5.75, 21.46804, -6.08383], "rotation": [-44.09531, 22.52101, -20.36057], "uv": [92, 23]}
					]
				},
				{
					"name": "bone18",
					"parent": "collar",
					"pivot": [6.53499, 23.45422, -0.13483],
					"rotation": [-105.41994, -78.66171, 132.63379],
					"cubes": [
						{"origin": [6.47371, 24.54002, -2.7202], "size": [2, 2, 0], "pivot": [5.77368, 20.94277, -2.37706], "rotation": [-44.09531, -22.52101, 20.36057], "uv": [28, 108]},
						{"origin": [3.42086, 24.54002, -1.94238], "size": [3, 2, 0], "pivot": [5.77368, 20.94277, -2.37706], "rotation": [-44.09531, 22.52101, -20.36057], "uv": [130, 7]}
					]
				},
				{
					"name": "bone21",
					"parent": "collar",
					"pivot": [-6.53499, 23.45422, -0.13483],
					"rotation": [-105.41994, 78.66171, -132.63379],
					"cubes": [
						{"origin": [-8.47371, 24.54002, -2.7202], "size": [2, 2, 0], "pivot": [-5.77368, 20.94277, -2.37706], "rotation": [-44.09531, 22.52101, -20.36057], "uv": [130, 136]},
						{"origin": [-6.42086, 24.54002, -1.94238], "size": [3, 2, 0], "pivot": [-5.77368, 20.94277, -2.37706], "rotation": [-44.09531, -22.52101, 20.36057], "uv": [88, 134]}
					]
				},
				{
					"name": "bone19",
					"parent": "collar",
					"pivot": [5.15994, 23.67601, 1.35594],
					"rotation": [-41.52855, -80.52512, 63.79593],
					"cubes": [
						{"origin": [6.84866, 25.2618, -2.22943], "size": [2, 2, 0], "pivot": [6.14863, 21.66455, -1.88629], "rotation": [-44.09531, -22.52101, 20.36057], "uv": [46, 120]},
						{"origin": [3.79582, 25.2618, -1.45161], "size": [3, 2, 0], "pivot": [6.14863, 21.66455, -1.88629], "rotation": [-44.09531, 22.52101, -20.36057], "uv": [36, 132]}
					]
				},
				{
					"name": "bone22",
					"parent": "collar",
					"pivot": [-5.15994, 23.67601, 1.35594],
					"rotation": [-41.52855, 80.52512, -63.79593],
					"cubes": [
						{"origin": [-8.84866, 25.2618, -2.22943], "size": [2, 2, 0], "pivot": [-6.14863, 21.66455, -1.88629], "rotation": [-44.09531, 22.52101, -20.36057], "uv": [138, 97]},
						{"origin": [-6.79582, 25.2618, -1.45161], "size": [3, 2, 0], "pivot": [-6.14863, 21.66455, -1.88629], "rotation": [-44.09531, -22.52101, 20.36057], "uv": [140, 5]}
					]
				},
				{
					"name": "bone20",
					"parent": "collar",
					"pivot": [5.28494, 23.28409, 4.81591],
					"rotation": [-152.62014, -67.75595, -170.4177],
					"cubes": [
						{"origin": [6.97366, 24.86989, 1.23054], "size": [2, 2, 0], "pivot": [6.27363, 21.27264, 1.57369], "rotation": [-44.09531, -22.52101, 20.36057], "uv": [42, 132]},
						{"origin": [3.92082, 24.86989, 2.00836], "size": [3, 2, 0], "pivot": [6.27363, 21.27264, 1.57369], "rotation": [-44.09531, 22.52101, -20.36057], "uv": [134, 52]}
					]
				},
				{
					"name": "bone23",
					"parent": "collar",
					"pivot": [-5.28494, 23.28409, 4.81591],
					"rotation": [-152.62014, 67.75595, 170.4177],
					"cubes": [
						{"origin": [-8.97366, 24.86989, 1.23054], "size": [2, 2, 0], "pivot": [-6.27363, 21.27264, 1.57369], "rotation": [-44.09531, 22.52101, -20.36057], "uv": [138, 99]},
						{"origin": [-6.92082, 24.86989, 2.00836], "size": [3, 2, 0], "pivot": [-6.27363, 21.27264, 1.57369], "rotation": [-44.09531, -22.52101, 20.36057], "uv": [140, 7]}
					]
				},
				{
					"name": "head",
					"parent": "chest2",
					"pivot": [0, 23.73117, 7.77583],
					"cubes": [
						{"origin": [-3.5, 23.73117, 2.07583], "size": [7, 6, 5], "uv": [46, 123]},
						{"origin": [3.52, 24.73117, 2.07583], "size": [0, 3, 2], "uv": [16, 126]},
						{"origin": [3.51, 24.23117, 2.07583], "size": [0, 4, 3], "uv": [10, 142]},
						{"origin": [-3.5, 23.73117, 2.22583], "size": [7, 6, 5], "inflate": 0.5, "uv": [70, 123]},
						{"origin": [-5, 23.73117, 0.57583], "size": [5, 6, 5], "pivot": [0, 26.73117, 5.57583], "rotation": [0, -45, 0], "uv": [16, 132]},
						{"origin": [-1.25, 25.98117, 0.54], "size": [1, 2, 0], "pivot": [0, 26.73117, 5.57583], "rotation": [0, -45, 0], "uv": [50, 59]},
						{"origin": [-2, 24.73117, 0.55], "size": [2, 3, 0], "pivot": [0, 26.73117, 5.57583], "rotation": [0, -45, 0], "uv": [104, 23]},
						{"origin": [-2, 24.23117, 0.56], "size": [2, 4, 0], "pivot": [0, 26.73117, 5.57583], "rotation": [0, -45, 0], "uv": [108, 101]},
						{"origin": [-5.25088, 23.81587, 0.32494], "size": [5, 6, 5], "inflate": 0.3, "pivot": [0, 26.73117, 5.57583], "rotation": [0, -45, 0], "uv": [134, 22]}
					]
				},
				{
					"name": "eyelid",
					"parent": "head",
					"pivot": [3.12042, 27.23117, 2.1883],
					"cubes": [
						{"origin": [3.455, 25.73117, 2.07583], "size": [0, 3, 2], "uv": [16, 129]},
						{"origin": [-2.075, 25.73117, 0.53], "size": [2, 3, 0], "pivot": [-0.075, 26.73117, 5.57583], "rotation": [0, -45, 0], "uv": [94, 37]}
					]
				},
				{
					"name": "hair",
					"parent": "head",
					"pivot": [0, 29.73117, 0.52583],
					"cubes": [
						{"origin": [-0.015, 29.74881, -1.18124], "size": [5, 8, 5], "inflate": 0.01, "pivot": [0.015, 29.7968, -1.15124], "rotation": [-49.87926, -32.79775, 32.73241], "uv": [94, 123]},
						{"origin": [-3.5, 30.74881, 2.31876], "size": [7, 7, 5], "pivot": [0.03, 29.7968, -1.15124], "rotation": [-40, 0, 0], "uv": [22, 120]}
					]
				},
				{
					"name": "hair2",
					"parent": "hair",
					"pivot": [0, 35.92516, 3.99106],
					"cubes": [
						{"origin": [-0.03, 35.87717, 3.96107], "size": [5, 8, 5], "inflate": -0.1, "pivot": [0, 35.92516, 3.99106], "rotation": [-77.43147, -12.27659, 43.64293], "uv": [114, 123]},
						{"origin": [-0.03, 43.62717, 3.96107], "size": [3, 2, 3], "inflate": -0.1, "pivot": [0, 35.92516, 3.99106], "rotation": [-77.43147, -12.27659, 43.64293], "uv": [118, 136]}
					]
				},
				{
					"name": "hair3",
					"parent": "hair2",
					"pivot": [0, 38.91182, 12.27353],
					"cubes": [
						{"origin": [-0.39438, 38.87678, 11.87915], "size": [4, 8, 4], "inflate": -0.2, "pivot": [0, 38.91182, 12.27353], "rotation": [-100.72858, 10.54529, 44.00703], "uv": [134, 33]}
					]
				},
				{
					"name": "hair4",
					"parent": "hair3",
					"pivot": [0.35355, 35.6923, 18.76569],
					"cubes": [
						{"origin": [-2, 30.4423, 18.51569], "size": [4, 7, 10], "inflate": -0.2, "uv": [80, 88]},
						{"origin": [0, 34.9423, 21.51569], "size": [0, 7, 26], "pivot": [0, 35.9423, 23.51569], "rotation": [-27.5, 0, 0], "uv": [0, 26]}
					]
				},
				{
					"name": "leg_left",
					"parent": "body",
					"pivot": [4, 5.15, 1.5],
					"cubes": [
						{"origin": [2, -6.85, -0.5], "size": [4, 12, 4], "uv": [0, 126]}
					]
				},
				{
					"name": "leg_left2",
					"parent": "leg_left",
					"pivot": [4, -6.85, 1.5],
					"cubes": [
						{"origin": [2.5, -16.85, 0], "size": [3, 10, 3], "uv": [36, 134]}
					]
				},
				{
					"name": "leg_left3",
					"parent": "leg_left2",
					"pivot": [4, -16.85, 1.5],
					"cubes": [
						{"origin": [3, -26.85, 0.5], "size": [2, 10, 2], "inflate": 0.2, "uv": [50, 110]}
					]
				},
				{
					"name": "leg_left4",
					"parent": "leg_left3",
					"pivot": [4, -26.85, 1.5],
					"cubes": [
						{"origin": [3, -32.85, 0.5], "size": [2, 6, 2], "uv": [130, 138]}
					]
				},
				{
					"name": "leg_left5",
					"parent": "leg_left4",
					"pivot": [4, -32.85, 1.5],
					"cubes": [
						{"origin": [3.5, -39.85, 1], "size": [1, 7, 1], "uv": [84, 142]}
					]
				},
				{
					"name": "leg_right",
					"parent": "body",
					"pivot": [-4, 5.15, 1.5],
					"cubes": [
						{"origin": [-6, -6.85, -0.5], "size": [4, 12, 4], "uv": [126, 101]}
					]
				},
				{
					"name": "leg_right2",
					"parent": "leg_right",
					"pivot": [-4, -6.85, 1.5],
					"cubes": [
						{"origin": [-5.5, -16.85, 0], "size": [3, 10, 3], "uv": [48, 134]}
					]
				},
				{
					"name": "leg_right3",
					"parent": "leg_right2",
					"pivot": [-4, -16.85, 1.5],
					"cubes": [
						{"origin": [-5, -26.85, 0.5], "size": [2, 10, 2], "inflate": 0.2, "uv": [88, 136]}
					]
				},
				{
					"name": "leg_right4",
					"parent": "leg_right3",
					"pivot": [-4, -26.85, 1.5],
					"cubes": [
						{"origin": [-5, -32.85, 0.5], "size": [2, 6, 2], "uv": [138, 138]}
					]
				},
				{
					"name": "leg_right5",
					"parent": "leg_right4",
					"pivot": [-4, -32.85, 1.5],
					"cubes": [
						{"origin": [-4.5, -39.85, 1], "size": [1, 7, 1], "uv": [142, 97]}
					]
				}
			]
		}
	]
}