{
  "implemented": true,
  "nationalPokedexNumber": 306,
  "name": "Aggron",
  "primaryType": "steel",
  "secondaryType": "rock",
  "maleRatio": 0.5,
  "height": 21,
  "weight": 3600,
  "pokedex": [
    "cobblemon.species.aggron.desc"
  ],
  "labels": [
    "gen3"
  ],
  "aspects": [],
  "abilities": [
    "sturdy",
    "rockhead",
    "h:heavymetal"
  ],
  "eggGroups": [
    "monster"
  ],
  "baseStats": {
    "hp": 70,
    "attack": 110,
    "defence": 180,
    "special_attack": 60,
    "special_defence": 60,
    "speed": 50
  },
  "evYield": {
    "hp": 0,
    "attack": 0,
    "defence": 3,
    "special_attack": 0,
    "special_defence": 0,
    "speed": 0
  },
  "baseExperienceYield": 265,
  "experienceGroup": "slow",
  "catchRate": 45,
  "eggCycles": 35,
  "baseFriendship": 35,
  "baseScale": 1,
  "hitbox": {
    "width": 1.4,
    "height": 3.1,
    "fixed": false
  },
  "behaviour": {
    "moving": {
      "swim": {
        "canSwimInLava": true
      }
    }
  },
  "drops": {
    "amount": 5,
    "entries": [
      {
        "item": "minecraft:raw_iron",
        "quantityRange": "0-3"
      },
      {
        "item": "cobblemon:hard_stone",
        "percentage": 10.0
      },
      {
        "item": "cobblemon:chople_berry",
        "percentage": 10.0
      }
    ]
  },
  "moves": [
    "1:tackle",
    "1:harden",
    "1:metalclaw",
    "1:rocktomb",
    "12:roar",
    "16:headbutt",
    "20:protect",
    "24:rockslide",
    "28:ironhead",
    "35:metalsound",
    "40:takedown",
    "48:autotomize",
    "56:irontail",
    "64:irondefense",
    "72:heavyslam",
    "80:doubleedge",
    "88:metalburst",
    "egg:curse",
    "egg:dragonrush",
    "egg:endeavor",
    "egg:headsmash",
    "egg:mudslap",
    "egg:smellingsalts",
    "egg:stomp",
    "tm:aerialace",
    "tm:ancientpower",
    "tm:aquatail",
    "tm:attract",
    "tm:avalanche",
    "tm:blizzard",
    "tm:block",
    "tm:bodypress",
    "tm:bodyslam",
    "tm:brickbreak",
    "tm:brutalswing",
    "tm:bulldoze",
    "tm:captivate",
    "tm:confide",
    "tm:counter",
    "tm:crunch",
    "tm:curse",
    "tm:cut",
    "tm:darkpulse",
    "tm:defensecurl",
    "tm:dig",
    "tm:doubleedge",
    "tm:doubleteam",
    "tm:dragonclaw",
    "tm:dragonpulse",
    "tm:dragontail",
    "tm:dynamicpunch",
    "tm:earthpower",
    "tm:earthquake",
    "tm:endeavor",
    "tm:endure",
    "tm:facade",
    "tm:fireblast",
    "tm:firepunch",
    "tm:flamethrower",
    "tm:flashcannon",
    "tm:fling",
    "tm:focusblast",
    "tm:focuspunch",
    "tm:frustration",
    "tm:furycutter",
    "tm:gigaimpact",
    "tm:headbutt",
    "tm:heavyslam",
    "tm:hiddenpower",
    "tm:highhorsepower",
    "tm:honeclaws",
    "tm:hydropump",
    "tm:hyperbeam",
    "tm:icebeam",
    "tm:icepunch",
    "tm:icywind",
    "tm:incinerate",
    "tm:irondefense",
    "tm:ironhead",
    "tm:irontail",
    "tm:lowkick",
    "tm:magnetrise",
    "tm:megakick",
    "tm:megapunch",
    "tm:metalclaw",
    "tm:metalsound",
    "tm:meteorbeam",
    "tm:mimic",
    "tm:mudslap",
    "tm:naturalgift",
    "tm:outrage",
    "tm:payback",
    "tm:poweruppunch",
    "tm:protect",
    "tm:raindance",
    "tm:rest",
    "tm:return",
    "tm:reversal",
    "tm:roar",
    "tm:rockblast",
    "tm:rockclimb",
    "tm:rockpolish",
    "tm:rockslide",
    "tm:rocksmash",
    "tm:rocktomb",
    "tm:rollout",
    "tm:round",
    "tm:sandstorm",
    "tm:sandtomb",
    "tm:scaryface",
    "tm:screech",
    "tm:secretpower",
    "tm:seismictoss",
    "tm:shadowclaw",
    "tm:shockwave",
    "tm:sleeptalk",
    "tm:smackdown",
    "tm:smartstrike",
    "tm:snore",
    "tm:solarbeam",
    "tm:spite",
    "tm:stealthrock",
    "tm:steelbeam",
    "tm:steelroller",
    "tm:stompingtantrum",
    "tm:stoneedge",
    "tm:strength",
    "tm:substitute",
    "tm:sunnyday",
    "tm:superpower",
    "tm:surf",
    "tm:swagger",
    "tm:takedown",
    "tm:taunt",
    "tm:terablast",
    "tm:thunder",
    "tm:thunderbolt",
    "tm:thunderpunch",
    "tm:thunderwave",
    "tm:toxic",
    "tm:uproar",
    "tm:waterpulse",
    "tm:whirlpool",
    "tutor:aerialace",
    "tutor:ancientpower",
    "tutor:aquatail",
    "tutor:block",
    "tutor:bulldoze",
    "tutor:darkpulse",
    "tutor:dragonpulse",
    "tutor:earthpower",
    "tutor:endeavor",
    "tutor:firepunch",
    "tutor:flamethrower",
    "tutor:flashcannon",
    "tutor:focuspunch",
    "tutor:furycutter",
    "tutor:gigaimpact",
    "tutor:highhorsepower",
    "tutor:hyperbeam",
    "tutor:icebeam",
    "tutor:icepunch",
    "tutor:icywind",
    "tutor:irondefense",
    "tutor:ironhead",
    "tutor:irontail",
    "tutor:lowkick",
    "tutor:magnetrise",
    "tutor:meteorbeam",
    "tutor:mudslap",
    "tutor:outrage",
    "tutor:rest",
    "tutor:rockslide",
    "tutor:rocksmash",
    "tutor:rollout",
    "tutor:shadowclaw",
    "tutor:shockwave",
    "tutor:sleeptalk",
    "tutor:spite",
    "tutor:stealthrock",
    "tutor:steelbeam",
    "tutor:steelroller",
    "tutor:stompingtantrum",
    "tutor:stoneedge",
    "tutor:superpower",
    "tutor:thunderbolt",
    "tutor:thunderpunch",
    "tutor:uproar",
    "tutor:waterpulse"
  ],
  "preEvolution": "lairon",
  "evolutions": [
    {
      "id": "aggron_megaaggron",
      "variant": "level_up",
      "result": "aggron mega",
      "consumeHeldItem": false,
      "learnableMoves": [],
      "requirements": [
        {
          "variant": "level",
          "minLevel": "50"
        },
        {
          "variant": "friendship",
          "amount": 180
        },
        {
          "variant": "held_item",
          "itemCondition": "minecraft:nether_star"
        }          
      ]
    }
  ],
  "forms": [
    {
      "name": "Mega",
      "primaryType": "steel",
      "maleRatio": 0.5,
      "height": 22,
      "weight": 3950,
      "pokedex": [
        "cobblemon.species.aggron-mega.desc"
      ],
      "labels": [
        "gen6",
        "mega"
      ],
      "aspects": [
        "mega"
      ],
      "abilities": [
        "filter",
        "h:filter"
      ],
      "baseStats": {
        "hp": 70,
        "attack": 140,
        "defence": 230,
        "special_attack": 60,
        "special_defence": 80,
        "speed": 50
      },
      "baseExperienceYield": 315,
      "dynamaxBlocked": true,
      "evolutions": [
        {
          "id": "megaaggron_aggron",
          "variant": "level_up",
          "result": "aggron mega=false",
          "consumeHeldItem": false,
          "learnableMoves": [],
          "requirements": [
            {
              "variant": "held_item",
              "itemCondition": "minecraft:nether_star"
            }
          ]
        }
      ],
      "battleOnly": false
    }
  ]
}
