{
  "implemented": true,
  "nationalPokedexNumber": 386,
  "name": "Deoxys",
  "primaryType": "psychic",
  "maleRatio": -1,
  "height": 17,
  "weight": 608,
  "pokedex": [
    "cobblemon.species.deoxys.desc"
  ],
  "labels": [
    "gen3",
    "mythical"
  ],
  "aspects": [
    "normal-forme"
  ],
  "abilities": [
    "pressure",
    "h:pressure"
  ],
  "eggGroups": [
    "undiscovered"
  ],
  "baseStats": {
    "hp": 50,
    "attack": 150,
    "defence": 50,
    "special_attack": 150,
    "special_defence": 50,
    "speed": 150
  },
  "evYield": {
    "hp": 0,
    "attack": 1,
    "defence": 0,
    "special_attack": 1,
    "special_defence": 0,
    "speed": 1
  },
  "baseExperienceYield": 300,
  "experienceGroup": "slow",
  "catchRate": 3,
  "eggCycles": 120,
  "baseFriendship": 0,
  "baseScale": 0.6,
  "hitbox": {
    "width": 1.4,
    "height": 3.5,
    "fixed": false
  },
  "behaviour": {
    "moving": {
      "fly": {
        "canFly": true
      }
    }
  },
  "drops": {
    "amount": 5,
    "entries": [
      {
        "item": "cobblemon:rare_candy",
        "quantityRange": "3-6"
      },
      {
        "item": "minecraft:nether_star",
        "quantityRange": "1-2"
      },
      {
        "item": "cobblemon:twisted_spoon",
        "percentage": 50.0
      },
      {
        "item": "cobblemon:ability_capsule",
        "percentage": 25.0
      },
      {
        "item": "cobblemon:ability_patch",
        "percentage": 5.0
      }
    ]
  },
  "moves": [
    "1:leer",
    "1:wrap",
    "7:nightshade",
    "13:teleport",
    "19:knockoff",
    "25:pursuit",
    "31:psychic",
    "37:gravity",
    "43:skillswap",
    "49:zenheadbutt",
    "55:cosmicpower",
    "61:recover",
    "67:psychoboost",
    "73:hyperbeam",
    "tm:aerialace",
    "tm:agility",
    "tm:allyswitch",
    "tm:amnesia",
    "tm:avalanche",
    "tm:bind",
    "tm:bodyslam",
    "tm:brickbreak",
    "tm:brutalswing",
    "tm:calmmind",
    "tm:chargebeam",
    "tm:confide",
    "tm:cosmicpower",
    "tm:cut",
    "tm:darkpulse",
    "tm:doubleedge",
    "tm:drainpunch",
    "tm:dreameater",
    "tm:dynamicpunch",
    "tm:endure",
    "tm:energyball",
    "tm:expandingforce",
    "tm:facade",
    "tm:firepunch",
    "tm:flash",
    "tm:flashcannon",
    "tm:fling",
    "tm:focusblast",
    "tm:focuspunch",
    "tm:frustration",
    "tm:futuresight",
    "tm:gigaimpact",
    "tm:grassknot",
    "tm:gravity",
    "tm:headbutt",
    "tm:hiddenpower",
    "tm:hyperbeam",
    "tm:icebeam",
    "tm:icepunch",
    "tm:icywind",
    "tm:imprison",
    "tm:knockoff",
    "tm:laserfocus",
    "tm:lightscreen",
    "tm:lowkick",
    "tm:lowsweep",
    "tm:magiccoat",
    "tm:megakick",
    "tm:megapunch",
    "tm:meteorbeam",
    "tm:mimic",
    "tm:mudslap",
    "tm:nastyplot",
    "tm:naturalgift",
    "tm:nightmare",
    "tm:nightshade",
    "tm:painsplit",
    "tm:poisonjab",
    "tm:poweruppunch",
    "tm:protect",
    "tm:psybeam",
    "tm:psychic",
    "tm:psychicnoise",
    "tm:psychicterrain",
    "tm:psychoshift",
    "tm:psychup",
    "tm:psyshock",
    "tm:raindance",
    "tm:recycle",
    "tm:reflect",
    "tm:rest",
    "tm:return",
    "tm:rockslide",
    "tm:rocksmash",
    "tm:rocktomb",
    "tm:roleplay",
    "tm:round",
    "tm:safeguard",
    "tm:scaryface",
    "tm:secretpower",
    "tm:seismictoss",
    "tm:shadowball",
    "tm:shockwave",
    "tm:signalbeam",
    "tm:skillswap",
    "tm:sleeptalk",
    "tm:snatch",
    "tm:snore",
    "tm:solarbeam",
    "tm:stealthrock",
    "tm:stompingtantrum",
    "tm:storedpower",
    "tm:strength",
    "tm:substitute",
    "tm:sunnyday",
    "tm:superpower",
    "tm:swagger",
    "tm:swift",
    "tm:switcheroo",
    "tm:takedown",
    "tm:telekinesis",
    "tm:terablast",
    "tm:throatchop",
    "tm:thunder",
    "tm:thunderbolt",
    "tm:thunderpunch",
    "tm:thunderwave",
    "tm:torment",
    "tm:toxic",
    "tm:trick",
    "tm:trickroom",
    "tm:waterpulse",
    "tm:wonderroom",
    "tm:zenheadbutt",
    "tutor:aerialace",
    "tutor:allyswitch",
    "tutor:bind",
    "tutor:calmmind",
    "tutor:chargebeam",
    "tutor:counter",
    "tutor:darkpulse",
    "tutor:detect",
    "tutor:doubleteam",
    "tutor:drainpunch",
    "tutor:energyball",
    "tutor:expandingforce",
    "tutor:extremespeed",
    "tutor:firepunch",
    "tutor:flashcannon",
    "tutor:gigaimpact",
    "tutor:gravity",
    "tutor:hyperbeam",
    "tutor:icebeam",
    "tutor:icepunch",
    "tutor:icywind",
    "tutor:irondefense",
    "tutor:knockoff",
    "tutor:laserfocus",
    "tutor:lowkick",
    "tutor:magiccoat",
    "tutor:meteorbeam",
    "tutor:meteormash",
    "tutor:mirrorcoat",
    "tutor:painsplit",
    "tutor:poisonjab",
    "tutor:psychic",
    "tutor:recycle",
    "tutor:rest",
    "tutor:rockslide",
    "tutor:rocksmash",
    "tutor:roleplay",
    "tutor:shadowball",
    "tutor:shockwave",
    "tutor:signalbeam",
    "tutor:skillswap",
    "tutor:sleeptalk",
    "tutor:snatch",
    "tutor:spikes",
    "tutor:stealthrock",
    "tutor:stompingtantrum",
    "tutor:superpower",
    "tutor:swift",
    "tutor:taunt",
    "tutor:telekinesis",
    "tutor:throatchop",
    "tutor:thunderbolt",
    "tutor:thunderpunch",
    "tutor:trick",
    "tutor:waterpulse",
    "tutor:wonderroom",
    "tutor:zapcannon",
    "tutor:zenheadbutt"
  ],
  "evolutions": [
    {
      "id": "deoxys_deoxysattack",
      "variant": "level_up",
      "result": "deoxys meteorite_forme=attack",
      "consumeHeldItem": false,
      "learnableMoves": [],
      "requirements": [
        {
          "variant": "held_item",
          "itemCondition": "minecraft:nether_star"
        }
      ]
    },
    {
      "id": "deoxys_deoxysdefense",
      "variant": "level_up",
      "result": "deoxys meteorite_forme=defense",
      "consumeHeldItem": false,
      "learnableMoves": [],
      "requirements": [
        {
          "variant": "held_item",
          "itemCondition": "minecraft:nether_star"
        }
      ]
    },
    {
      "id": "deoxys_deoxysspeed",
      "variant": "level_up",
      "result": "deoxys meteorite_forme=speed",
      "consumeHeldItem": false,
      "learnableMoves": [],
      "requirements": [
        {
          "variant": "held_item",
          "itemCondition": "minecraft:nether_star"
        }
      ]
    }
  ],
  "forms": [
    {
      "name": "Attack",
      "primaryType": "psychic",
      "maleRatio": -1,
      "height": 17,
      "weight": 608,
      "pokedex": [
        "cobblemon.species.deoxys-attack.desc"
      ],
      "labels": [
        "gen4",
        "mythical"
      ],
      "aspects": [
        "attack-forme"
      ],
      "baseStats": {
        "hp": 50,
        "attack": 180,
        "defence": 20,
        "special_attack": 180,
        "special_defence": 20,
        "speed": 150
      },
      "evYield": {
        "hp": 0,
        "attack": 2,
        "defence": 0,
        "special_attack": 1,
        "special_defence": 0,
        "speed": 0
      },
      "moves": [
        "1:leer",
        "1:wrap",
        "7:nightshade",
        "13:teleport",
        "19:taunt",
        "25:pursuit",
        "31:psychic",
        "37:superpower",
        "43:skillswap",
        "49:zenheadbutt",
        "55:cosmicpower",
        "61:zapcannon",
        "67:psychoboost",
        "73:hyperbeam",
        "tm:aerialace",
        "tm:agility",
        "tm:allyswitch",
        "tm:bind",
        "tm:brickbreak",
        "tm:brutalswing",
        "tm:calmmind",
        "tm:chargebeam",
        "tm:cosmicpower",
        "tm:cut",
        "tm:darkpulse",
        "tm:drainpunch",
        "tm:dreameater",
        "tm:endure",
        "tm:energyball",
        "tm:expandingforce",
        "tm:facade",
        "tm:firepunch",
        "tm:flash",
        "tm:flashcannon",
        "tm:fling",
        "tm:focusblast",
        "tm:futuresight",
        "tm:gigaimpact",
        "tm:grassknot",
        "tm:gravity",
        "tm:headbutt",
        "tm:hyperbeam",
        "tm:icebeam",
        "tm:icepunch",
        "tm:icywind",
        "tm:imprison",
        "tm:knockoff",
        "tm:laserfocus",
        "tm:lightscreen",
        "tm:lowkick",
        "tm:lowsweep",
        "tm:magiccoat",
        "tm:megakick",
        "tm:megapunch",
        "tm:meteorbeam",
        "tm:nastyplot",
        "tm:nightshade",
        "tm:painsplit",
        "tm:poisonjab",
        "tm:poweruppunch",
        "tm:protect",
        "tm:psybeam",
        "tm:psychic",
        "tm:psychicnoise",
        "tm:psychicterrain",
        "tm:psychoshift",
        "tm:psychup",
        "tm:psyshock",
        "tm:raindance",
        "tm:recycle",
        "tm:reflect",
        "tm:rest",
        "tm:rockslide",
        "tm:rocksmash",
        "tm:rocktomb",
        "tm:roleplay",
        "tm:safeguard",
        "tm:scaryface",
        "tm:shadowball",
        "tm:shockwave",
        "tm:signalbeam",
        "tm:skillswap",
        "tm:sleeptalk",
        "tm:snatch",
        "tm:solarbeam",
        "tm:stealthrock",
        "tm:stompingtantrum",
        "tm:storedpower",
        "tm:strength",
        "tm:substitute",
        "tm:sunnyday",
        "tm:superpower",
        "tm:swift",
        "tm:takedown",
        "tm:taunt",
        "tm:telekinesis",
        "tm:terablast",
        "tm:throatchop",
        "tm:thunder",
        "tm:thunderbolt",
        "tm:thunderpunch",
        "tm:thunderwave",
        "tm:torment",
        "tm:trick",
        "tm:trickroom",
        "tm:waterpulse",
        "tm:wonderroom",
        "tm:zenheadbutt",
        "tutor:aerialace",
        "tutor:allyswitch",
        "tutor:bind",
        "tutor:calmmind",
        "tutor:chargebeam",
        "tutor:darkpulse",
        "tutor:drainpunch",
        "tutor:energyball",
        "tutor:expandingforce",
        "tutor:firepunch",
        "tutor:flashcannon",
        "tutor:gigaimpact",
        "tutor:gravity",
        "tutor:hyperbeam",
        "tutor:icebeam",
        "tutor:icepunch",
        "tutor:icywind",
        "tutor:knockoff",
        "tutor:laserfocus",
        "tutor:lowkick",
        "tutor:magiccoat",
        "tutor:meteorbeam",
        "tutor:painsplit",
        "tutor:poisonjab",
        "tutor:psychic",
        "tutor:recycle",
        "tutor:rest",
        "tutor:rockslide",
        "tutor:rocksmash",
        "tutor:roleplay",
        "tutor:shadowball",
        "tutor:shockwave",
        "tutor:signalbeam",
        "tutor:skillswap",
        "tutor:sleeptalk",
        "tutor:snatch",
        "tutor:stealthrock",
        "tutor:stompingtantrum",
        "tutor:superpower",
        "tutor:swift",
        "tutor:telekinesis",
        "tutor:throatchop",
        "tutor:thunderbolt",
        "tutor:thunderpunch",
        "tutor:trick",
        "tutor:waterpulse",
        "tutor:wonderroom",
        "tutor:zenheadbutt"
      ],
      "evolutions": [
        {
          "id": "deoxysattack_deoxys",
          "variant": "level_up",
          "result": "deoxys meteorite_forme=normal",
          "consumeHeldItem": false,
          "learnableMoves": [],
          "requirements": [
            {
              "variant": "held_item",
              "itemCondition": "minecraft:nether_star"
            }
          ]
        },
        {
          "id": "deoxysattack_deoxysdefense",
          "variant": "level_up",
          "result": "deoxys meteorite_forme=defense",
          "consumeHeldItem": false,
          "learnableMoves": [],
          "requirements": [
            {
              "variant": "held_item",
              "itemCondition": "minecraft:nether_star"
            }
          ]
        },
        {
          "id": "deoxysattack_deoxysspeed",
          "variant": "level_up",
          "result": "deoxys meteorite_forme=speed",
          "consumeHeldItem": false,
          "learnableMoves": [],
          "requirements": [
            {
              "variant": "held_item",
              "itemCondition": "minecraft:nether_star"
            }
          ]
        }
      ],
      "battleOnly": false
    },
    {
      "name": "Defense",
      "primaryType": "psychic",
      "maleRatio": -1,
      "height": 17,
      "weight": 608,
      "pokedex": [
        "cobblemon.species.deoxys-defense.desc"
      ],
      "labels": [
        "gen4",
        "mythical"
      ],
      "aspects": [
        "defense-forme"
      ],
      "baseStats": {
        "hp": 50,
        "attack": 70,
        "defence": 160,
        "special_attack": 70,
        "special_defence": 160,
        "speed": 90
      },
      "evYield": {
        "hp": 0,
        "attack": 0,
        "defence": 2,
        "special_attack": 0,
        "special_defence": 1,
        "speed": 0
      },
      "moves": [
        "1:leer",
        "1:wrap",
        "7:nightshade",
        "13:teleport",
        "19:knockoff",
        "25:spikes",
        "31:psychic",
        "37:protect",
        "43:skillswap",
        "49:zenheadbutt",
        "55:irondefense",
        "55:amnesia",
        "61:recover",
        "67:psychoboost",
        "73:counter",
        "73:mirrorcoat",
        "tm:aerialace",
        "tm:agility",
        "tm:allyswitch",
        "tm:amnesia",
        "tm:bind",
        "tm:brickbreak",
        "tm:brutalswing",
        "tm:calmmind",
        "tm:chargebeam",
        "tm:cosmicpower",
        "tm:cut",
        "tm:darkpulse",
        "tm:drainpunch",
        "tm:dreameater",
        "tm:endure",
        "tm:energyball",
        "tm:expandingforce",
        "tm:facade",
        "tm:firepunch",
        "tm:flash",
        "tm:flashcannon",
        "tm:fling",
        "tm:focusblast",
        "tm:futuresight",
        "tm:gigaimpact",
        "tm:grassknot",
        "tm:gravity",
        "tm:headbutt",
        "tm:hyperbeam",
        "tm:icebeam",
        "tm:icepunch",
        "tm:icywind",
        "tm:imprison",
        "tm:irondefense",
        "tm:knockoff",
        "tm:laserfocus",
        "tm:lightscreen",
        "tm:lowkick",
        "tm:lowsweep",
        "tm:magiccoat",
        "tm:megakick",
        "tm:megapunch",
        "tm:meteorbeam",
        "tm:nightshade",
        "tm:painsplit",
        "tm:poisonjab",
        "tm:poweruppunch",
        "tm:protect",
        "tm:psybeam",
        "tm:psychic",
        "tm:psychicnoise",
        "tm:psychicterrain",
        "tm:psychoshift",
        "tm:psychup",
        "tm:psyshock",
        "tm:raindance",
        "tm:recycle",
        "tm:reflect",
        "tm:rest",
        "tm:rockslide",
        "tm:rocksmash",
        "tm:rocktomb",
        "tm:roleplay",
        "tm:safeguard",
        "tm:scaryface",
        "tm:shadowball",
        "tm:shockwave",
        "tm:signalbeam",
        "tm:skillswap",
        "tm:sleeptalk",
        "tm:snatch",
        "tm:solarbeam",
        "tm:spikes",
        "tm:stealthrock",
        "tm:stompingtantrum",
        "tm:storedpower",
        "tm:strength",
        "tm:substitute",
        "tm:sunnyday",
        "tm:superpower",
        "tm:swift",
        "tm:switcheroo",
        "tm:takedown",
        "tm:taunt",
        "tm:telekinesis",
        "tm:terablast",
        "tm:throatchop",
        "tm:thunder",
        "tm:thunderbolt",
        "tm:thunderpunch",
        "tm:thunderwave",
        "tm:torment",
        "tm:trick",
        "tm:trickroom",
        "tm:waterpulse",
        "tm:wonderroom",
        "tm:zenheadbutt",
        "tutor:aerialace",
        "tutor:allyswitch",
        "tutor:bind",
        "tutor:calmmind",
        "tutor:chargebeam",
        "tutor:darkpulse",
        "tutor:drainpunch",
        "tutor:energyball",
        "tutor:expandingforce",
        "tutor:firepunch",
        "tutor:flashcannon",
        "tutor:gigaimpact",
        "tutor:gravity",
        "tutor:hyperbeam",
        "tutor:icebeam",
        "tutor:icepunch",
        "tutor:icywind",
        "tutor:irondefense",
        "tutor:knockoff",
        "tutor:laserfocus",
        "tutor:lowkick",
        "tutor:magiccoat",
        "tutor:meteorbeam",
        "tutor:painsplit",
        "tutor:poisonjab",
        "tutor:psychic",
        "tutor:recycle",
        "tutor:rest",
        "tutor:rockslide",
        "tutor:rocksmash",
        "tutor:roleplay",
        "tutor:shadowball",
        "tutor:shockwave",
        "tutor:signalbeam",
        "tutor:skillswap",
        "tutor:sleeptalk",
        "tutor:snatch",
        "tutor:spikes",
        "tutor:stealthrock",
        "tutor:stompingtantrum",
        "tutor:superpower",
        "tutor:swift",
        "tutor:telekinesis",
        "tutor:throatchop",
        "tutor:thunderbolt",
        "tutor:thunderpunch",
        "tutor:trick",
        "tutor:waterpulse",
        "tutor:wonderroom",
        "tutor:zenheadbutt"
      ],
      "evolutions": [
        {
          "id": "deoxysdefense_deoxys",
          "variant": "level_up",
          "result": "deoxys meteorite_forme=normal",
          "consumeHeldItem": false,
          "learnableMoves": [],
          "requirements": [
            {
              "variant": "held_item",
              "itemCondition": "minecraft:nether_star"
            }
          ]
        },
        {
          "id": "deoxysdefense_deoxysattack",
          "variant": "level_up",
          "result": "deoxys meteorite_forme=attack",
          "consumeHeldItem": false,
          "learnableMoves": [],
          "requirements": [
            {
              "variant": "held_item",
              "itemCondition": "minecraft:nether_star"
            }
          ]
        },
        {
          "id": "deoxysdefense_deoxysspeed",
          "variant": "level_up",
          "result": "deoxys meteorite_forme=speed",
          "consumeHeldItem": false,
          "learnableMoves": [],
          "requirements": [
            {
              "variant": "held_item",
              "itemCondition": "minecraft:nether_star"
            }
          ]
        }
      ],
      "battleOnly": false
    },
    {
      "name": "Speed",
      "primaryType": "psychic",
      "maleRatio": -1,
      "height": 17,
      "weight": 608,
      "pokedex": [
        "cobblemon.species.deoxys-speed.desc"
      ],
      "labels": [
        "gen4",
        "mythical"
      ],
      "aspects": [
        "speed-forme"
      ],
      "baseStats": {
        "hp": 50,
        "attack": 95,
        "defence": 90,
        "special_attack": 95,
        "special_defence": 90,
        "speed": 180
      },
      "evYield": {
        "hp": 0,
        "attack": 0,
        "defence": 0,
        "special_attack": 0,
        "special_defence": 0,
        "speed": 3
      },
      "moves": [
        "1:leer",
        "1:wrap",
        "7:nightshade",
        "13:doubleteam",
        "19:knockoff",
        "25:pursuit",
        "31:psychic",
        "37:swift",
        "43:skillswap",
        "49:zenheadbutt",
        "55:agility",
        "61:recover",
        "67:psychoboost",
        "73:extremespeed",
        "tm:aerialace",
        "tm:agility",
        "tm:allyswitch",
        "tm:amnesia",
        "tm:bind",
        "tm:brickbreak",
        "tm:brutalswing",
        "tm:calmmind",
        "tm:chargebeam",
        "tm:cosmicpower",
        "tm:cut",
        "tm:darkpulse",
        "tm:doubleteam",
        "tm:drainpunch",
        "tm:dreameater",
        "tm:endure",
        "tm:energyball",
        "tm:expandingforce",
        "tm:facade",
        "tm:firepunch",
        "tm:flash",
        "tm:flashcannon",
        "tm:fling",
        "tm:focusblast",
        "tm:futuresight",
        "tm:gigaimpact",
        "tm:grassknot",
        "tm:gravity",
        "tm:headbutt",
        "tm:hyperbeam",
        "tm:icebeam",
        "tm:icepunch",
        "tm:icywind",
        "tm:imprison",
        "tm:knockoff",
        "tm:laserfocus",
        "tm:lightscreen",
        "tm:lowkick",
        "tm:lowsweep",
        "tm:magiccoat",
        "tm:megakick",
        "tm:megapunch",
        "tm:meteorbeam",
        "tm:nastyplot",
        "tm:nightshade",
        "tm:painsplit",
        "tm:poisonjab",
        "tm:poweruppunch",
        "tm:protect",
        "tm:psybeam",
        "tm:psychic",
        "tm:psychicnoise",
        "tm:psychicterrain",
        "tm:psychoshift",
        "tm:psychup",
        "tm:psyshock",
        "tm:raindance",
        "tm:recycle",
        "tm:reflect",
        "tm:rest",
        "tm:rockslide",
        "tm:rocksmash",
        "tm:rocktomb",
        "tm:roleplay",
        "tm:safeguard",
        "tm:scaryface",
        "tm:shadowball",
        "tm:shockwave",
        "tm:signalbeam",
        "tm:skillswap",
        "tm:sleeptalk",
        "tm:snatch",
        "tm:solarbeam",
        "tm:stealthrock",
        "tm:stompingtantrum",
        "tm:storedpower",
        "tm:strength",
        "tm:substitute",
        "tm:sunnyday",
        "tm:superpower",
        "tm:swift",
        "tm:takedown",
        "tm:taunt",
        "tm:telekinesis",
        "tm:terablast",
        "tm:throatchop",
        "tm:thunder",
        "tm:thunderbolt",
        "tm:thunderpunch",
        "tm:thunderwave",
        "tm:torment",
        "tm:trick",
        "tm:trickroom",
        "tm:waterpulse",
        "tm:wonderroom",
        "tm:zenheadbutt",
        "tutor:aerialace",
        "tutor:allyswitch",
        "tutor:bind",
        "tutor:calmmind",
        "tutor:chargebeam",
        "tutor:darkpulse",
        "tutor:drainpunch",
        "tutor:energyball",
        "tutor:expandingforce",
        "tutor:firepunch",
        "tutor:flashcannon",
        "tutor:gigaimpact",
        "tutor:gravity",
        "tutor:hyperbeam",
        "tutor:icebeam",
        "tutor:icepunch",
        "tutor:icywind",
        "tutor:knockoff",
        "tutor:laserfocus",
        "tutor:lowkick",
        "tutor:magiccoat",
        "tutor:meteorbeam",
        "tutor:painsplit",
        "tutor:poisonjab",
        "tutor:psychic",
        "tutor:recycle",
        "tutor:rest",
        "tutor:rockslide",
        "tutor:rocksmash",
        "tutor:roleplay",
        "tutor:shadowball",
        "tutor:shockwave",
        "tutor:signalbeam",
        "tutor:skillswap",
        "tutor:sleeptalk",
        "tutor:snatch",
        "tutor:stealthrock",
        "tutor:stompingtantrum",
        "tutor:superpower",
        "tutor:swift",
        "tutor:telekinesis",
        "tutor:throatchop",
        "tutor:thunderbolt",
        "tutor:thunderpunch",
        "tutor:trick",
        "tutor:waterpulse",
        "tutor:wonderroom",
        "tutor:zenheadbutt"
      ],
      "evolutions": [
        {
          "id": "deoxysspeed_deoxys",
          "variant": "level_up",
          "result": "deoxys meteorite_forme=normal",
          "consumeHeldItem": false,
          "learnableMoves": [],
          "requirements": [
            {
              "variant": "held_item",
              "itemCondition": "minecraft:nether_star"
            }
          ]
        },
        {
          "id": "deoxysspeed_deoxysattack",
          "variant": "level_up",
          "result": "deoxys meteorite_forme=attack",
          "consumeHeldItem": false,
          "learnableMoves": [],
          "requirements": [
            {
              "variant": "held_item",
              "itemCondition": "minecraft:nether_star"
            }
          ]
        },
        {
          "id": "deoxysspeed_deoxysdefense",
          "variant": "level_up",
          "result": "deoxys meteorite_forme=defense",
          "consumeHeldItem": false,
          "learnableMoves": [],
          "requirements": [
            {
              "variant": "held_item",
              "itemCondition": "minecraft:nether_star"
            }
          ]
        }
      ],
      "battleOnly": false
    }
  ]
}
