{
  "implemented": true,
  "nationalPokedexNumber": 383,
  "name": "Groudon",
  "primaryType": "ground",
  "maleRatio": -1,
  "height": 35,
  "weight": 9500,
  "pokedex": [
    "cobblemon.species.groudon.desc"
  ],
  "labels": [
    "gen3",
    "legendary",
    "restricted"
  ],
  "aspects": [
    "standard"
  ],
  "abilities": [
    "drought",
    "h:drought"
  ],
  "eggGroups": [
    "undiscovered"
  ],
  "baseStats": {
    "hp": 100,
    "attack": 150,
    "defence": 140,
    "special_attack": 100,
    "special_defence": 90,
    "speed": 90
  },
  "evYield": {
    "hp": 0,
    "attack": 3,
    "defence": 0,
    "special_attack": 0,
    "special_defence": 0,
    "speed": 0
  },
  "baseExperienceYield": 335,
  "experienceGroup": "slow",
  "catchRate": 3,
  "eggCycles": 120,
  "baseFriendship": 0,
  "baseScale": 1,
  "hitbox": {
    "width": 5.5,
    "height": 6,
    "fixed": false
  },
  "behaviour": {
    "moving": {
      "canLook": true,
      "walk": {
        "walkSpeed": 0.2,
        "canWalk": true,
        "avoidsLand": false
      },
      "fly": {
        "canFly": false
      },
      "swim": {
        "swimSpeed": 0.1,
        "canSwimInWater": false,
        "canBreatheUnderwater": false
      }
    }
  },
  "drops": {
    "amount": 5,
    "entries": [
      {
        "item": "cobblemon:rare_candy",
        "quantityRange": "3-6"
      },
      {
        "item": "cobblemon:flame_orb",
        "percentage": 50.0
      },
      {
        "item": "minecraft:nether_star",
        "percentage": 50.0
      },
      {
        "item": "cobblemon:ability_capsule",
        "percentage": 25.0
      },
      {
        "item": "cobblemon:ability_patch",
        "percentage": 5.0
      }
    ]
  },
  "moves": [
    "1:mudshot",
    "1:scaryface",
    "1:lavaplume",
    "1:ancientpower",
    "1:precipiceblades",
    "9:earthpower",
    "18:bulkup",
    "27:earthquake",
    "36:hammerarm",
    "45:fissure",
    "54:rest",
    "72:fireblast",
    "81:solarbeam",
    "90:eruption",
    "tm:aerialace",
    "tm:ancientpower",
    "tm:block",
    "tm:bodypress",
    "tm:bodyslam",
    "tm:brickbreak",
    "tm:brutalswing",
    "tm:bulkup",
    "tm:bulldoze",
    "tm:confide",
    "tm:counter",
    "tm:crunch",
    "tm:cut",
    "tm:defensecurl",
    "tm:dig",
    "tm:doubleedge",
    "tm:doubleteam",
    "tm:dragonclaw",
    "tm:dragonpulse",
    "tm:dragontail",
    "tm:dynamicpunch",
    "tm:earthpower",
    "tm:earthquake",
    "tm:endure",
    "tm:facade",
    "tm:fireblast",
    "tm:firefang",
    "tm:firepunch",
    "tm:flamethrower",
    "tm:fling",
    "tm:focusblast",
    "tm:focuspunch",
    "tm:frustration",
    "tm:furycutter",
    "tm:gigaimpact",
    "tm:headbutt",
    "tm:heatcrash",
    "tm:heatwave",
    "tm:heavyslam",
    "tm:helpinghand",
    "tm:hiddenpower",
    "tm:highhorsepower",
    "tm:honeclaws",
    "tm:hyperbeam",
    "tm:incinerate",
    "tm:ironhead",
    "tm:irontail",
    "tm:megakick",
    "tm:megapunch",
    "tm:metalclaw",
    "tm:mimic",
    "tm:mudshot",
    "tm:mudslap",
    "tm:naturalgift",
    "tm:overheat",
    "tm:poweruppunch",
    "tm:protect",
    "tm:psychup",
    "tm:rest",
    "tm:return",
    "tm:roar",
    "tm:rockblast",
    "tm:rockclimb",
    "tm:rockpolish",
    "tm:rockslide",
    "tm:rocksmash",
    "tm:rocktomb",
    "tm:rollout",
    "tm:round",
    "tm:safeguard",
    "tm:sandstorm",
    "tm:sandtomb",
    "tm:scaryface",
    "tm:scorchingsands",
    "tm:secretpower",
    "tm:seismictoss",
    "tm:shadowclaw",
    "tm:shockwave",
    "tm:sleeptalk",
    "tm:smackdown",
    "tm:snore",
    "tm:solarbeam",
    "tm:spikes",
    "tm:stealthrock",
    "tm:stompingtantrum",
    "tm:stoneedge",
    "tm:strength",
    "tm:substitute",
    "tm:sunnyday",
    "tm:swagger",
    "tm:swift",
    "tm:swordsdance",
    "tm:takedown",
    "tm:terablast",
    "tm:thunder",
    "tm:thunderbolt",
    "tm:thunderpunch",
    "tm:thunderwave",
    "tm:toxic",
    "tm:uproar",
    "tm:willowisp",
    "tm:zenheadbutt",
    "tutor:aerialace",
    "tutor:ancientpower",
    "tutor:block",
    "tutor:bulkup",
    "tutor:bulldoze",
    "tutor:dragonpulse",
    "tutor:earthpower",
    "tutor:firefang",
    "tutor:firepunch",
    "tutor:flamethrower",
    "tutor:focuspunch",
    "tutor:furycutter",
    "tutor:gigaimpact",
    "tutor:heatwave",
    "tutor:helpinghand",
    "tutor:highhorsepower",
    "tutor:hyperbeam",
    "tutor:ironhead",
    "tutor:irontail",
    "tutor:mudslap",
    "tutor:rest",
    "tutor:rockslide",
    "tutor:rocksmash",
    "tutor:rollout",
    "tutor:scorchingsands",
    "tutor:shadowclaw",
    "tutor:shockwave",
    "tutor:slash",
    "tutor:sleeptalk",
    "tutor:spikes",
    "tutor:stealthrock",
    "tutor:stompingtantrum",
    "tutor:stoneedge",
    "tutor:thunderbolt",
    "tutor:thunderpunch",
    "tutor:zenheadbutt"
  ],
  "evolutions": [
    {
      "id": "groudon_primalgroudon",
      "variant": "level_up",
      "result": "groudon reversion_state=primal",
      "consumeHeldItem": false,
      "learnableMoves": [],
      "requirements": [
        {
          "variant": "held_item",
          "itemCondition": "cobblemon:flame_orb"
        }          
      ]
    }
  ],
  "forms": [
    {
      "name": "Primal",
      "primaryType": "ground",
      "secondaryType": "fire",
      "maleRatio": -1,
      "height": 50,
      "weight": 9997,
      "baseScale": 1.33,
      "pokedex": [
        "cobblemon.species.groudon-primal.desc"
      ],
      "labels": [
        "gen6",
        "legendary",
        "restricted",
        "primal"
      ],
      "aspects": [
        "primal"
      ],
      "abilities": [
        "desolateland",
        "h:desolateland"
      ],
      "baseStats": {
        "hp": 100,
        "attack": 180,
        "defence": 160,
        "special_attack": 150,
        "special_defence": 90,
        "speed": 90
      },
      "baseExperienceYield": 385,
      "dynamaxBlocked": true,
      "evolutions": [
        {
          "id": "primalgroudon_groudon",
          "variant": "level_up",
          "result": "groudon reversion_state=standard",
          "consumeHeldItem": false,
          "learnableMoves": [],
          "requirements": [
            {
              "variant": "held_item",
              "itemCondition": "cobblemon:flame_orb"
            }
          ]
        }
      ],
      "battleOnly": false
    }
  ]
}
