{
  "nationalPokedexNumber": 382,
  "name": "Kyogre",
  "primaryType": "water",
  "maleRatio": -1,
  "height": 45,
  "weight": 3520,
  "pokedex": [
    "cobblemon.species.kyogre.desc"
  ],
  "labels": [
    "gen3",
    "legendary",
    "restricted"
  ],
  "aspects": [
    "standard"
  ],
  "abilities": [
    "drizzle",
    "h:drizzle"
  ],
  "eggGroups": [
    "undiscovered"
  ],
  "baseStats": {
    "hp": 100,
    "attack": 100,
    "defence": 90,
    "special_attack": 150,
    "special_defence": 140,
    "speed": 90
  },
  "evYield": {
    "hp": 0,
    "attack": 0,
    "defence": 0,
    "special_attack": 3,
    "special_defence": 0,
    "speed": 0
  },
  "baseExperienceYield": 335,
  "experienceGroup": "slow",
  "catchRate": 3,
  "eggCycles": 120,
  "baseFriendship": 0,
  "baseScale": 1,
  "hitbox": {
    "width": 10,
    "height": 2.1,
    "fixed": false
  },
  "behaviour": {
    "moving": {
      "canLook": true,
      "walk": {
        "walkSpeed": 0.2,
        "canWalk": true,
        "avoidsLand": false
      },
      "fly": {
        "canFly": false
      },
      "swim": {
        "swimSpeed": 0.5,
        "canSwimInWater": true,
        "canBreatheUnderwater": true
      }
    }
  },
  "drops": {
    "amount": 5,
    "entries": [
      {
        "item": "cobblemon:rare_candy",
        "quantityRange": "3-6"
      },
      {
        "item": "minecraft:heart_of_the_sea",
        "percentage": 50.0
      },
      {
        "item": "minecraft:nether_star",
        "percentage": 50.0
      },
      {
        "item": "cobblemon:ability_capsule",
        "percentage": 25.0
      },
      {
        "item": "cobblemon:ability_patch",
        "percentage": 5.0
      }
    ]
  },
  "moves": [
    "1:waterpulse",
    "1:scaryface",
    "1:bodyslam",
    "1:ancientpower",
    "1:originpulse",
    "9:aquatail",
    "18:calmmind",
    "27:muddywater",
    "36:icebeam",
    "45:sheercold",
    "54:aquaring",
    "72:hydropump",
    "81:doubleedge",
    "90:waterspout",
    "tm:ancientpower",
    "tm:aquatail",
    "tm:avalanche",
    "tm:blizzard",
    "tm:block",
    "tm:bodyslam",
    "tm:brickbreak",
    "tm:brine",
    "tm:bulldoze",
    "tm:calmmind",
    "tm:chillingwater",
    "tm:confide",
    "tm:defensecurl",
    "tm:dive",
    "tm:doubleedge",
    "tm:doubleteam",
    "tm:earthquake",
    "tm:endure",
    "tm:facade",
    "tm:frustration",
    "tm:gigaimpact",
    "tm:hail",
    "tm:headbutt",
    "tm:heavyslam",
    "tm:helpinghand",
    "tm:hiddenpower",
    "tm:hydropump",
    "tm:hyperbeam",
    "tm:icebeam",
    "tm:icywind",
    "tm:ironhead",
    "tm:liquidation",
    "tm:mimic",
    "tm:muddywater",
    "tm:mudslap",
    "tm:naturalgift",
    "tm:protect",
    "tm:psychup",
    "tm:raindance",
    "tm:rest",
    "tm:return",
    "tm:roar",
    "tm:rockslide",
    "tm:rocksmash",
    "tm:rocktomb",
    "tm:round",
    "tm:safeguard",
    "tm:scald",
    "tm:scaryface",
    "tm:secretpower",
    "tm:shockwave",
    "tm:signalbeam",
    "tm:sleeptalk",
    "tm:snore",
    "tm:strength",
    "tm:substitute",
    "tm:surf",
    "tm:swagger",
    "tm:swift",
    "tm:takedown",
    "tm:terablast",
    "tm:thunder",
    "tm:thunderbolt",
    "tm:thunderwave",
    "tm:toxic",
    "tm:uproar",
    "tm:waterfall",
    "tm:waterpulse",
    "tm:whirlpool",
    "tutor:ancientpower",
    "tutor:aquatail",
    "tutor:block",
    "tutor:bulldoze",
    "tutor:calmmind",
    "tutor:dive",
    "tutor:gigaimpact",
    "tutor:helpinghand",
    "tutor:hyperbeam",
    "tutor:icebeam",
    "tutor:icywind",
    "tutor:ironhead",
    "tutor:liquidation",
    "tutor:rest",
    "tutor:rockslide",
    "tutor:rocksmash",
    "tutor:shockwave",
    "tutor:signalbeam",
    "tutor:sleeptalk",
    "tutor:thunderbolt",
    "tutor:waterpulse"
  ],
  "evolutions": [
    {
      "id": "kyogre_primalkyogre",
      "variant": "level_up",
      "result": "kyogre reversion_state=primal",
      "consumeHeldItem": false,
      "learnableMoves": [],
      "requirements": [
        {
          "variant": "held_item",
          "itemCondition": "minecraft:heart_of_the_sea"
        }          
      ]
    }
  ],
  "forms": [
    {
      "name": "Primal",
      "primaryType": "water",
      "maleRatio": -1,
      "height": 98,
      "weight": 4300,
      "baseScale": 1.33,
      "pokedex": [
        "cobblemon.species.kyogre-primal.desc"
      ],
      "labels": [
        "gen6",
        "legendary",
        "restricted",
        "primal"
      ],
      "aspects": [
        "primal"
      ],
      "abilities": [
        "primordialsea",
        "h:primordialsea"
      ],
      "baseStats": {
        "hp": 100,
        "attack": 150,
        "defence": 90,
        "special_attack": 180,
        "special_defence": 160,
        "speed": 90
      },
      "baseExperienceYield": 385,
      "dynamaxBlocked": true,
      "evolutions": [
        {
          "id": "primalkyogre_kyogre",
          "variant": "level_up",
          "result": "kyogre reversion_state=standard",
          "consumeHeldItem": false,
          "learnableMoves": [],
          "requirements": [
            {
              "variant": "held_item",
              "itemCondition": "minecraft:heart_of_the_sea"
            }
          ]
        }
      ],
      "battleOnly": false
    }
  ]
}
