{
  "implemented": true,
  "nationalPokedexNumber": 381,
  "name": "Latios",
  "primaryType": "dragon",
  "secondaryType": "psychic",
  "maleRatio": 1,
  "height": 20,
  "weight": 600,
  "pokedex": [
    "cobblemon.species.latios.desc"
  ],
  "labels": [
    "gen3",
    "legendary"
  ],
  "aspects": [],
  "abilities": [
    "levitate",
    "h:levitate"
  ],
  "eggGroups": [
    "undiscovered"
  ],
  "baseStats": {
    "hp": 80,
    "attack": 90,
    "defence": 80,
    "special_attack": 130,
    "special_defence": 110,
    "speed": 110
  },
  "evYield": {
    "hp": 0,
    "attack": 0,
    "defence": 0,
    "special_attack": 3,
    "special_defence": 0,
    "speed": 0
  },
  "baseExperienceYield": 300,
  "experienceGroup": "slow",
  "catchRate": 3,
  "eggCycles": 120,
  "baseFriendship": 90,
  "baseScale": 1.3,
  "hitbox": {
   "width": 3,
   "height": 3,
   "fixed": false
  },
  "drops": {
    "amount": 5,
    "entries": [
      {
        "item": "cobblemon:rare_candy",
        "quantityRange": "3-6"
      },
      {
        "item": "cobblemon:dragon_fang",
        "percentage": 50.0
      },
      {
        "item": "cobblemon:twisted_spoon",
        "percentage": 50.0
      },
      {
        "item": "cobblemon:ability_capsule",
        "percentage": 25.0
      },
      {
        "item": "cobblemon:ability_patch",
        "percentage": 5.0
      }
    ]
  },
  "moves": [
    "1:psywave",
    "1:healblock",
    "1:refresh",
    "1:psychoshift",
    "1:dragondance",
    "1:storedpower",
    "5:helpinghand",
    "10:recover",
    "15:confusion",
    "20:tailwind",
    "25:dragonbreath",
    "30:allyswitch",
    "35:lusterpurge",
    "40:zenheadbutt",
    "45:dragonpulse",
    "50:healpulse",
    "55:simplebeam",
    "60:psychic",
    "65:powersplit",
    "70:memento",
    "tm:aerialace",
    "tm:agility",
    "tm:aircutter",
    "tm:airslash",
    "tm:allyswitch",
    "tm:attract",
    "tm:aurasphere",
    "tm:batonpass",
    "tm:bodyslam",
    "tm:breakingswipe",
    "tm:bulldoze",
    "tm:calmmind",
    "tm:captivate",
    "tm:chargebeam",
    "tm:chillingwater",
    "tm:confide",
    "tm:cut",
    "tm:defog",
    "tm:dive",
    "tm:doubleedge",
    "tm:doubleteam",
    "tm:dracometeor",
    "tm:dragoncheer",
    "tm:dragonclaw",
    "tm:dragondance",
    "tm:dragonpulse",
    "tm:dreameater",
    "tm:dualwingbeat",
    "tm:earthquake",
    "tm:endure",
    "tm:energyball",
    "tm:facade",
    "tm:flash",
    "tm:flipturn",
    "tm:fly",
    "tm:frustration",
    "tm:furycutter",
    "tm:futuresight",
    "tm:gigaimpact",
    "tm:grassknot",
    "tm:helpinghand",
    "tm:hiddenpower",
    "tm:honeclaws",
    "tm:hyperbeam",
    "tm:icebeam",
    "tm:icywind",
    "tm:laserfocus",
    "tm:lastresort",
    "tm:lightscreen",
    "tm:liquidation",
    "tm:magiccoat",
    "tm:mimic",
    "tm:mudslap",
    "tm:mysticalfire",
    "tm:naturalgift",
    "tm:outrage",
    "tm:protect",
    "tm:psychic",
    "tm:psychicnoise",
    "tm:psychocut",
    "tm:psychup",
    "tm:psyshock",
    "tm:raindance",
    "tm:reflect",
    "tm:rest",
    "tm:retaliate",
    "tm:return",
    "tm:roar",
    "tm:roost",
    "tm:round",
    "tm:safeguard",
    "tm:sandstorm",
    "tm:scaleshot",
    "tm:secretpower",
    "tm:shadowball",
    "tm:shadowclaw",
    "tm:shockwave",
    "tm:sleeptalk",
    "tm:snore",
    "tm:solarbeam",
    "tm:steelwing",
    "tm:storedpower",
    "tm:substitute",
    "tm:sunnyday",
    "tm:surf",
    "tm:swagger",
    "tm:swift",
    "tm:tailwind",
    "tm:takedown",
    "tm:telekinesis",
    "tm:terablast",
    "tm:thunder",
    "tm:thunderbolt",
    "tm:thunderwave",
    "tm:toxic",
    "tm:triattack",
    "tm:trick",
    "tm:twister",
    "tm:waterfall",
    "tm:waterpulse",
    "tm:weatherball",
    "tm:whirlpool",
    "tm:wonderroom",
    "tm:zenheadbutt",
    "tutor:aerialace",
    "tutor:aircutter",
    "tutor:allyswitch",
    "tutor:block",
    "tutor:bulldoze",
    "tutor:calmmind",
    "tutor:chargebeam",
    "tutor:defog",
    "tutor:dive",
    "tutor:dracometeor",
    "tutor:dragonpulse",
    "tutor:dualwingbeat",
    "tutor:energyball",
    "tutor:flipturn",
    "tutor:furycutter",
    "tutor:gigaimpact",
    "tutor:helpinghand",
    "tutor:hyperbeam",
    "tutor:icebeam",
    "tutor:icywind",
    "tutor:laserfocus",
    "tutor:lastresort",
    "tutor:liquidation",
    "tutor:magiccoat",
    "tutor:mysticalfire",
    "tutor:outrage",
    "tutor:psychic",
    "tutor:psychocut",
    "tutor:rest",
    "tutor:roost",
    "tutor:scaleshot",
    "tutor:shadowball",
    "tutor:shadowclaw",
    "tutor:shockwave",
    "tutor:sleeptalk",
    "tutor:swift",
    "tutor:tailwind",
    "tutor:telekinesis",
    "tutor:thunderbolt",
    "tutor:trick",
    "tutor:twister",
    "tutor:waterpulse",
    "tutor:wonderroom",
    "tutor:zenheadbutt"
  ],
  "evolutions": [
    {
      "id": "latios_megalatios",
      "variant": "level_up",
      "result": "latios mega",
      "consumeHeldItem": false,
      "learnableMoves": [],
      "requirements": [
        {
          "variant": "level",
          "minLevel": "70"
        },
        {
          "variant": "friendship",
          "amount": 180
        },
        {
          "variant": "held_item",
          "itemCondition": "minecraft:nether_star"
        }          
      ]
    }
  ],
  "forms": [
    {
      "name": "Mega",
      "primaryType": "dragon",
      "secondaryType": "psychic",
      "maleRatio": 1,
      "height": 23,
      "weight": 700,
      "pokedex": [
        "cobblemon.species.latios-mega.desc"
      ],
      "labels": [
        "gen6",
        "legendary",
        "mega"
      ],
      "aspects": [
        "mega"
      ],
      "baseStats": {
        "hp": 80,
        "attack": 130,
        "defence": 100,
        "special_attack": 160,
        "special_defence": 120,
        "speed": 110
      },
      "baseExperienceYield": 350,
      "dynamaxBlocked": true,
      "evolutions": [
        {
          "id": "megalatios_latios",
          "variant": "level_up",
          "result": "latios mega=false",
          "consumeHeldItem": false,
          "learnableMoves": [],
          "requirements": [
            {
              "variant": "held_item",
              "itemCondition": "minecraft:nether_star"
            }
          ]
        }
      ],
      "battleOnly": false
    }
  ]
}
