{
  "implemented": true,
  "nationalPokedexNumber": 308,
  "name": "Medicham",
  "primaryType": "fighting",
  "secondaryType": "psychic",
  "maleRatio": 0.5,
  "height": 13,
  "weight": 315,
  "pokedex": [
    "cobblemon.species.medicham.desc"
  ],
  "labels": [
    "gen3"
  ],
  "aspects": [],
  "abilities": [
    "purepower",
    "h:telepathy"
  ],
  "eggGroups": [
    "human_like"
  ],
  "baseStats": {
    "hp": 60,
    "attack": 60,
    "defence": 75,
    "special_attack": 60,
    "special_defence": 75,
    "speed": 80
  },
  "evYield": {
    "hp": 0,
    "attack": 0,
    "defence": 0,
    "special_attack": 0,
    "special_defence": 0,
    "speed": 2
  },
  "baseExperienceYield": 144,
  "experienceGroup": "medium_fast",
  "catchRate": 90,
  "eggCycles": 20,
  "baseFriendship": 50,
  "baseScale": 0.875,
  "hitbox": {
   "width": 1,
   "height": 1.6,
   "fixed": false
 },
  "drops": {
    "amount": 3,
    "entries": [
      {
        "item": "cobblemon:wise_glasses",
        "percentage": 5.0
      },
      {
        "item": "cobblemon:black_belt",
        "percentage": 5.0
      },
      {
        "item": "cobblemon:nanab_berry",
        "percentage": 5.0
      }
    ]
  },
  "moves": [
    "1:firepunch",
    "1:thunderpunch",
    "1:icepunch",
    "1:bide",
    "1:meditate",
    "1:confusion",
    "1:detect",
    "1:workup",
    "12:endure",
    "15:feint",
    "17:forcepalm",
    "20:psybeam",
    "23:calmmind",
    "25:zenheadbutt",
    "28:highjumpkick",
    "31:psychup",
    "33:acupressure",
    "36:powertrick",
    "47:recover",
    "53:counter",
    "53:axekick",
    "egg:batonpass",
    "egg:bulletpunch",
    "egg:dynamicpunch",
    "egg:fakeout",
    "egg:firepunch",
    "egg:foresight",
    "egg:guardswap",
    "egg:icepunch",
    "egg:powerswap",
    "egg:psychocut",
    "egg:quickguard",
    "egg:secretpower",
    "egg:thunderpunch",
    "tm:aerialace",
    "tm:attract",
    "tm:aurasphere",
    "tm:batonpass",
    "tm:blazekick",
    "tm:bodyslam",
    "tm:brickbreak",
    "tm:bulkup",
    "tm:calmmind",
    "tm:captivate",
    "tm:closecombat",
    "tm:confide",
    "tm:doubleedge",
    "tm:doubleteam",
    "tm:drainpunch",
    "tm:dreameater",
    "tm:endure",
    "tm:energyball",
    "tm:expandingforce",
    "tm:facade",
    "tm:firepunch",
    "tm:flash",
    "tm:fling",
    "tm:focusblast",
    "tm:focuspunch",
    "tm:frustration",
    "tm:gigaimpact",
    "tm:grassknot",
    "tm:gravity",
    "tm:guardswap",
    "tm:headbutt",
    "tm:helpinghand",
    "tm:hiddenpower",
    "tm:hyperbeam",
    "tm:icepunch",
    "tm:imprison",
    "tm:laserfocus",
    "tm:lightscreen",
    "tm:lowkick",
    "tm:lowsweep",
    "tm:magiccoat",
    "tm:megakick",
    "tm:megapunch",
    "tm:metronome",
    "tm:mimic",
    "tm:mindreader",
    "tm:mudslap",
    "tm:naturalgift",
    "tm:nightshade",
    "tm:painsplit",
    "tm:poisonjab",
    "tm:pound",
    "tm:powerswap",
    "tm:poweruppunch",
    "tm:protect",
    "tm:psybeam",
    "tm:psychic",
    "tm:psychicterrain",
    "tm:psychocut",
    "tm:psychup",
    "tm:psyshock",
    "tm:raindance",
    "tm:recycle",
    "tm:reflect",
    "tm:rest",
    "tm:retaliate",
    "tm:return",
    "tm:revenge",
    "tm:reversal",
    "tm:rockslide",
    "tm:rocksmash",
    "tm:rocktomb",
    "tm:roleplay",
    "tm:round",
    "tm:secretpower",
    "tm:seismictoss",
    "tm:shadowball",
    "tm:signalbeam",
    "tm:skillswap",
    "tm:sleeptalk",
    "tm:snore",
    "tm:storedpower",
    "tm:strength",
    "tm:substitute",
    "tm:sunnyday",
    "tm:swagger",
    "tm:swift",
    "tm:takedown",
    "tm:taunt",
    "tm:telekinesis",
    "tm:terablast",
    "tm:thief",
    "tm:thunderpunch",
    "tm:toxic",
    "tm:trailblaze",
    "tm:trick",
    "tm:trickroom",
    "tm:upperhand",
    "tm:vacuumwave",
    "tm:workup",
    "tm:zenheadbutt",
    "tutor:aerialace",
    "tutor:bulkup",
    "tutor:calmmind",
    "tutor:drainpunch",
    "tutor:energyball",
    "tutor:expandingforce",
    "tutor:firepunch",
    "tutor:focuspunch",
    "tutor:gigaimpact",
    "tutor:gravity",
    "tutor:helpinghand",
    "tutor:hyperbeam",
    "tutor:icepunch",
    "tutor:laserfocus",
    "tutor:lowkick",
    "tutor:magiccoat",
    "tutor:painsplit",
    "tutor:poisonjab",
    "tutor:psychic",
    "tutor:psychocut",
    "tutor:recycle",
    "tutor:rest",
    "tutor:rockslide",
    "tutor:rocksmash",
    "tutor:roleplay",
    "tutor:shadowball",
    "tutor:signalbeam",
    "tutor:skillswap",
    "tutor:sleeptalk",
    "tutor:swift",
    "tutor:telekinesis",
    "tutor:thunderpunch",
    "tutor:trick",
    "tutor:vacuumwave",
    "tutor:zenheadbutt"
  ],
  "preEvolution": "meditite",
  "evolutions": [
    {
      "id": "medicham_megamedicham",
      "variant": "level_up",
      "result": "medicham mega",
      "consumeHeldItem": false,
      "learnableMoves": [],
      "requirements": [
        {
          "variant": "level",
          "minLevel": "50"
        },
        {
          "variant": "friendship",
          "amount": 180
        },
        {
          "variant": "held_item",
          "itemCondition": "minecraft:nether_star"
        }          
      ]
    }
  ],
  "forms": [
    {
      "name": "Mega",
      "primaryType": "fighting",
      "secondaryType": "psychic",
      "maleRatio": 0.5,
      "height": 13,
      "weight": 315,
      "pokedex": [
        "cobblemon.species.medicham-mega.desc"
      ],
      "labels": [
        "gen6",
        "mega"
      ],
      "aspects": [
        "mega"
      ],
      "abilities": [
        "purepower",
        "h:purepower"
      ],
      "baseStats": {
        "hp": 60,
        "attack": 100,
        "defence": 85,
        "special_attack": 80,
        "special_defence": 85,
        "speed": 100
      },
      "baseExperienceYield": 179,
      "dynamaxBlocked": true,
      "evolutions": [
        {
          "id": "megamedicham_medicham",
          "variant": "level_up",
          "result": "medicham mega=false",
          "consumeHeldItem": false,
          "learnableMoves": [],
          "requirements": [
            {
              "variant": "held_item",
              "itemCondition": "minecraft:nether_star"
            }
          ]
        }
      ],
      "battleOnly": false
    }
  ]
}
