{
  "implemented": true,
  "nationalPokedexNumber": 302,
  "name": "Sableye",
  "primaryType": "dark",
  "secondaryType": "ghost",
  "maleRatio": 0.5,
  "height": 5,
  "weight": 110,
  "pokedex": [
    "cobblemon.species.sableye.desc"
  ],
  "labels": [
    "gen3"
  ],
  "aspects": [],
  "abilities": [
    "keeneye",
    "stall",
    "h:prankster"
  ],
  "eggGroups": [
    "human_like"
  ],
  "baseStats": {
    "hp": 50,
    "attack": 75,
    "defence": 75,
    "special_attack": 65,
    "special_defence": 65,
    "speed": 50
  },
  "evYield": {
    "hp": 0,
    "attack": 1,
    "defence": 1,
    "special_attack": 0,
    "special_defence": 0,
    "speed": 0
  },
  "baseExperienceYield": 133,
  "experienceGroup": "medium_slow",
  "catchRate": 45,
  "eggCycles": 25,
  "baseFriendship": 35,
  "shoulderMountable": true,
  "baseScale": 0.65,
  "hitbox": {
    "width": 0.7,
    "height": 1.2,
    "fixed": false
  },
  "drops": {
    "amount": 5,
    "entries": [
      {
        "item": "minecraft:amethyst_shard",
        "quantityRange": "0-2"
      },
      {
        "item": "minecraft:diamond",
        "percentage": 5.0
      },
      {
        "item": "minecraft:emerald",
        "percentage": 5.0
      },
      {
        "item": "cobblemon:roseli_berry",
        "percentage": 5.0
      }
    ]
  },
  "moves": [
    "1:leer",
    "1:scratch",
    "1:foresight",
    "1:feintattack",
    "3:astonish",
    "9:shadowsneak",
    "12:fakeout",
    "15:disable",
    "18:detect",
    "21:nightshade",
    "24:furyswipes",
    "27:knockoff",
    "30:quash",
    "33:shadowclaw",
    "36:meanlook",
    "39:powergem",
    "42:zenheadbutt",
    "45:shadowball",
    "48:foulplay",
    "egg:captivate",
    "egg:feint",
    "egg:flatter",
    "egg:meanlook",
    "egg:metalburst",
    "egg:moonlight",
    "egg:punishment",
    "egg:recover",
    "egg:suckerpunch",
    "egg:torment",
    "tm:aerialace",
    "tm:allyswitch",
    "tm:attract",
    "tm:bodyslam",
    "tm:brickbreak",
    "tm:bulkup",
    "tm:calmmind",
    "tm:captivate",
    "tm:confide",
    "tm:confuseray",
    "tm:counter",
    "tm:cut",
    "tm:darkpulse",
    "tm:dazzlinggleam",
    "tm:dig",
    "tm:doubleedge",
    "tm:doubleteam",
    "tm:drainpunch",
    "tm:dreameater",
    "tm:dynamicpunch",
    "tm:embargo",
    "tm:encore",
    "tm:endure",
    "tm:energyball",
    "tm:facade",
    "tm:firepunch",
    "tm:flash",
    "tm:fling",
    "tm:focuspunch",
    "tm:foulplay",
    "tm:frustration",
    "tm:furycutter",
    "tm:gigadrain",
    "tm:gigaimpact",
    "tm:gravity",
    "tm:gyroball",
    "tm:headbutt",
    "tm:helpinghand",
    "tm:hex",
    "tm:hiddenpower",
    "tm:honeclaws",
    "tm:hyperbeam",
    "tm:icepunch",
    "tm:icywind",
    "tm:imprison",
    "tm:incinerate",
    "tm:knockoff",
    "tm:lashout",
    "tm:lightscreen",
    "tm:lowkick",
    "tm:lowsweep",
    "tm:magiccoat",
    "tm:megakick",
    "tm:megapunch",
    "tm:metalclaw",
    "tm:metronome",
    "tm:mimic",
    "tm:mudshot",
    "tm:mudslap",
    "tm:nastyplot",
    "tm:naturalgift",
    "tm:nightmare",
    "tm:nightshade",
    "tm:ominouswind",
    "tm:painsplit",
    "tm:payback",
    "tm:phantomforce",
    "tm:poisonjab",
    "tm:poltergeist",
    "tm:powergem",
    "tm:poweruppunch",
    "tm:protect",
    "tm:psybeam",
    "tm:psychic",
    "tm:psychup",
    "tm:quash",
    "tm:raindance",
    "tm:reflect",
    "tm:rest",
    "tm:retaliate",
    "tm:return",
    "tm:rocksmash",
    "tm:rocktomb",
    "tm:roleplay",
    "tm:round",
    "tm:secretpower",
    "tm:seismictoss",
    "tm:shadowball",
    "tm:shadowclaw",
    "tm:shockwave",
    "tm:signalbeam",
    "tm:skillswap",
    "tm:skittersmack",
    "tm:sleeptalk",
    "tm:snarl",
    "tm:snatch",
    "tm:snore",
    "tm:spite",
    "tm:substitute",
    "tm:suckerpunch",
    "tm:sunnyday",
    "tm:swagger",
    "tm:takedown",
    "tm:taunt",
    "tm:telekinesis",
    "tm:terablast",
    "tm:thief",
    "tm:throatchop",
    "tm:thunderpunch",
    "tm:thunderwave",
    "tm:torment",
    "tm:toxic",
    "tm:trick",
    "tm:waterpulse",
    "tm:willowisp",
    "tm:wonderroom",
    "tm:xscissor",
    "tm:zenheadbutt",
    "tutor:aerialace",
    "tutor:allyswitch",
    "tutor:bulkup",
    "tutor:calmmind",
    "tutor:darkpulse",
    "tutor:dazzlinggleam",
    "tutor:drainpunch",
    "tutor:energyball",
    "tutor:firepunch",
    "tutor:focuspunch",
    "tutor:foulplay",
    "tutor:furycutter",
    "tutor:gigadrain",
    "tutor:gigaimpact",
    "tutor:gravity",
    "tutor:helpinghand",
    "tutor:hyperbeam",
    "tutor:icepunch",
    "tutor:icywind",
    "tutor:knockoff",
    "tutor:lashout",
    "tutor:lowkick",
    "tutor:magiccoat",
    "tutor:mudslap",
    "tutor:octazooka",
    "tutor:ominouswind",
    "tutor:painsplit",
    "tutor:poisonjab",
    "tutor:poltergeist",
    "tutor:psychic",
    "tutor:rest",
    "tutor:rocksmash",
    "tutor:roleplay",
    "tutor:shadowball",
    "tutor:shadowclaw",
    "tutor:shockwave",
    "tutor:signalbeam",
    "tutor:skillswap",
    "tutor:skittersmack",
    "tutor:sleeptalk",
    "tutor:snarl",
    "tutor:snatch",
    "tutor:spite",
    "tutor:suckerpunch",
    "tutor:telekinesis",
    "tutor:throatchop",
    "tutor:thunderpunch",
    "tutor:tickle",
    "tutor:trick",
    "tutor:wonderroom",
    "tutor:xscissor",
    "tutor:zenheadbutt"
  ],
  "evolutions": [
    {
      "id": "sableye_megasableye",
      "variant": "level_up",
      "result": "sableye mega",
      "consumeHeldItem": false,
      "learnableMoves": [],
      "requirements": [
        {
          "variant": "level",
          "minLevel": "50"
        },
        {
          "variant": "friendship",
          "amount": 180
        },
        {
          "variant": "held_item",
          "itemCondition": "minecraft:nether_star"
        }          
      ]
    }
  ],
  "forms": [
    {
      "name": "Mega",
      "primaryType": "dark",
      "secondaryType": "ghost",
      "maleRatio": 0.5,
      "height": 5,
      "weight": 1610,
      "pokedex": [
        "cobblemon.species.sableye-mega.desc"
      ],
      "labels": [
        "gen6",
        "mega"
      ],
      "aspects": [
        "mega"
      ],
      "abilities": [
        "magicbounce",
        "h:magicbounce"
      ],
      "baseStats": {
        "hp": 50,
        "attack": 85,
        "defence": 125,
        "special_attack": 85,
        "special_defence": 115,
        "speed": 20
      },
      "baseExperienceYield": 168,
      "dynamaxBlocked": true,
      "evolutions": [
        {
          "id": "megasableye_sableye",
          "variant": "level_up",
          "result": "sableye mega=false",
          "consumeHeldItem": false,
          "learnableMoves": [],
          "requirements": [
            {
              "variant": "held_item",
              "itemCondition": "minecraft:nether_star"
            }
          ]
        }
      ],
      "battleOnly": false
    }
  ]
}
