{
	"format_version": "1.12.0",
	"minecraft:geometry": [
		{
			"description": {
				"identifier": "geometry.unown",
				"texture_width": 16,
				"texture_height": 16,
				"visible_bounds_width": 2,
				"visible_bounds_height": 2.5,
				"visible_bounds_offset": [0, 0.75, 0]
			},
			"bones": [
				{
					"name": "unown",
					"pivot": [0, 0, 0]
				},
				{
					"name": "torso",
					"parent": "unown",
					"pivot": [0, -0.1, 0]
				},
				{
					"name": "bone",
					"parent": "torso",
					"pivot": [0, -5.1, 0],
					"cubes": [
						{"origin": [-0.5, 2.5, -0.9], "size": [1, 2, 1], "uv": [4, 10]},
						{"origin": [-2.5, 4.5, -0.9], "size": [5, 1, 1], "uv": [0, 5]}
					]
				},
				{
					"name": "body",
					"parent": "torso",
					"pivot": [0, -8.1, 0],
					"cubes": [
						{"origin": [-1.5, -1.5, -0.1], "size": [3, 3, 1], "uv": [0, 0]},
						{"origin": [1.5, -1.5, -0.9], "size": [1, 3, 1], "uv": [0, 10]},
						{"origin": [-2.5, -1.5, -0.9], "size": [1, 3, 1], "uv": [8, 7]},
						{"origin": [-1.5, -2.5, -0.9], "size": [3, 1, 1], "uv": [8, 2]},
						{"origin": [-1.5, 1.5, -0.9], "size": [3, 1, 1], "uv": [7, 5]}
					]
				},
				{
					"name": "eye",
					"parent": "torso",
					"pivot": [0, -8.1, 0.1],
					"cubes": [
						{"origin": [-1.5, -1.5, -0.9], "size": [3, 3, 1], "uv": [0, 0]}
					]
				},
				{
					"name": "pupil",
					"parent": "eye",
					"pivot": [0, 0, -0.45],
					"cubes": [
						{"origin": [-0.5, -0.5, -0.95], "size": [1, 1, 1], "uv": [5, 3]}
					]
				}
			]
		}
	]
}