{
	"format_version": "1.12.0",
	"minecraft:geometry": [
		{
			"description": {
				"identifier": "geometry.unown",
				"texture_width": 16,
				"texture_height": 16,
				"visible_bounds_width": 2,
				"visible_bounds_height": 3,
				"visible_bounds_offset": [0, 0.5, 0]
			},
			"bones": [
				{
					"name": "unown",
					"pivot": [0, 0, 0]
				},
				{
					"name": "torso",
					"parent": "unown",
					"pivot": [0, -0.1, 0],
					"cubes": [
						{"origin": [-0.5, 2.5, -0.9], "size": [1, 1, 1], "uv": [14, 4]},
						{"origin": [1.57361, -8.14065, -0.9], "size": [1, 6, 1], "inflate": 0.01, "pivot": [2, -5.1, -0.4], "rotation": [0, 0, -20], "uv": [0, 8]},
						{"origin": [-2.5, -8.1, -0.9], "size": [1, 6, 1], "inflate": 0.01, "pivot": [-2, -5.1, -0.4], "rotation": [0, 0, 20], "uv": [7, 7]}
					]
				},
				{
					"name": "body",
					"parent": "torso",
					"pivot": [0, -8.1, 0],
					"cubes": [
						{"origin": [-1.5, -1.5, -0.1], "size": [3, 3, 1], "uv": [0, 0]},
						{"origin": [1.5, -1.5, -0.9], "size": [1, 3, 1], "uv": [11, 5]},
						{"origin": [-2.5, -1.5, -0.9], "size": [1, 3, 1], "uv": [11, 9]},
						{"origin": [-1.5, -2.5, -0.9], "size": [3, 1, 1], "uv": [8, 0]},
						{"origin": [-1.5, 1.5, -0.9], "size": [3, 1, 1], "uv": [7, 3]}
					]
				},
				{
					"name": "eye",
					"parent": "torso",
					"pivot": [0, -8.1, -1.9],
					"cubes": [
						{"origin": [-1.5, -1.5, -0.9], "size": [3, 3, 1], "inflate": -0.01, "uv": [0, 0]}
					]
				},
				{
					"name": "pupil",
					"parent": "eye",
					"pivot": [0, 0, -0.45],
					"cubes": [
						{"origin": [-0.5, -0.5, -0.95], "size": [1, 1, 1], "uv": [5, 3]}
					]
				},
				{
					"name": "AConnector",
					"parent": "torso",
					"pivot": [0.4, -7.1, 0],
					"cubes": [
						{"origin": [-1, -5.7, -0.9], "size": [2, 1, 1], "uv": [9, 12]},
						{"origin": [-2, -4.7, -0.9], "size": [1, 1, 1], "uv": [9, 5]},
						{"origin": [1, -4.7, -0.9], "size": [1, 1, 1], "uv": [6, 12]}
					]
				}
			]
		}
	]
}