{
	"format_version": "1.12.0",
	"minecraft:geometry": [
		{
			"description": {
				"identifier": "geometry.gyarados_mega",
				"texture_width": 256,
				"texture_height": 256,
				"visible_bounds_width": 18,
				"visible_bounds_height": 5.5,
				"visible_bounds_offset": [0, 2.25, 0]
			},
			"bones": [
				{
					"name": "gyarados",
					"pivot": [0, 0, 0]
				},
				{
					"name": "body",
					"parent": "gyarados",
					"pivot": [0, 28, 0]
				},
				{
					"name": "neck1",
					"parent": "body",
					"pivot": [0, 3, 0],
					"cubes": [
						{"origin": [-7, 2, -7], "size": [14, 11, 14], "inflate": 0.5, "uv": [94, 29]}
					]
				},
				{
					"name": "neck2",
					"parent": "neck1",
					"pivot": [0, 12, 0],
					"cubes": [
						{"origin": [-7, 11, -7], "size": [14, 11, 14], "inflate": 1, "uv": [98, 56]}
					]
				},
				{
					"name": "neck3",
					"parent": "neck2",
					"pivot": [0, 21.5, 0],
					"cubes": [
						{"origin": [-7, 20, -7], "size": [14, 11, 14], "inflate": 2, "uv": [42, 97]}
					]
				},
				{
					"name": "neck4",
					"parent": "neck3",
					"pivot": [0, 31, -0.5],
					"cubes": [
						{"origin": [-7, 31, -7], "size": [14, 15, 14], "inflate": 3, "uv": [70, 0]}
					]
				},
				{
					"name": "neck5",
					"parent": "neck4",
					"pivot": [0, 46, 0],
					"cubes": [
						{"origin": [-7.5, 44, -11], "size": [15, 12, 20], "uv": [0, 0]}
					]
				},
				{
					"name": "wing_right",
					"parent": "neck5",
					"pivot": [-7, 54, 9],
					"rotation": [0, -17.5, -5],
					"cubes": [
						{"origin": [-7.5, 52.5, 5], "size": [0, 8, 10], "pivot": [-2, 56.5, 10], "rotation": [45, 0, 0], "uv": [114, -10]},
						{"origin": [-7.5, 39.5, 6], "size": [0, 10, 15], "uv": [158, -15]},
						{"origin": [-7, 7, 2], "size": [0, 51, 31], "uv": [190, -31], "mirror": true},
						{"origin": [-7.5, 39.5, -4], "size": [0, 10, 6], "uv": [167, 5]},
						{"origin": [-7.5, 28.5, 5], "size": [0, 10, 15], "pivot": [-2, 34.5, 13], "rotation": [-7.5, 0, 0], "uv": [158, -15]},
						{"origin": [-7.5, 16.5, 1], "size": [0, 10, 15], "pivot": [-2, 22.5, 9], "rotation": [-22.5, 0, 0], "uv": [158, -15]},
						{"origin": [-7.5, 28.5, -1], "size": [0, 10, 6], "pivot": [-2, 34.5, 13], "rotation": [-7.5, 0, 0], "uv": [167, 5]},
						{"origin": [-7.5, 39.5, 2], "size": [0, 10, 4], "uv": [169, -4]},
						{"origin": [-7.5, 16.5, -3], "size": [0, 10, 4], "pivot": [-2, 22.5, 9], "rotation": [-22.5, 0, 0], "uv": [169, -4]}
					]
				},
				{
					"name": "wing_left",
					"parent": "neck5",
					"pivot": [7, 54, 9],
					"rotation": [0, 17.5, 5],
					"cubes": [
						{"origin": [7.5, 52.5, 5], "size": [0, 8, 10], "pivot": [2, 56.5, 10], "rotation": [45, 0, 0], "uv": [114, -10], "mirror": true},
						{"origin": [7.5, 39.5, 6], "size": [0, 10, 15], "uv": [158, -15], "mirror": true},
						{"origin": [7, 7, 2], "size": [0, 51, 31], "uv": [190, -31]},
						{"origin": [7.5, 39.5, -4], "size": [0, 10, 6], "uv": [167, 5], "mirror": true},
						{"origin": [7.5, 28.5, 5], "size": [0, 10, 15], "pivot": [2, 34.5, 13], "rotation": [-7.5, 0, 0], "uv": [158, -15], "mirror": true},
						{"origin": [7.5, 16.5, 1], "size": [0, 10, 15], "pivot": [2, 22.5, 9], "rotation": [-22.5, 0, 0], "uv": [158, -15], "mirror": true},
						{"origin": [7.5, 28.5, -1], "size": [0, 10, 6], "pivot": [2, 34.5, 13], "rotation": [-7.5, 0, 0], "uv": [167, 5], "mirror": true},
						{"origin": [7.5, 39.5, 2], "size": [0, 10, 4], "uv": [169, -4], "mirror": true},
						{"origin": [7.5, 16.5, -3], "size": [0, 10, 4], "pivot": [2, 22.5, 9], "rotation": [-22.5, 0, 0], "uv": [169, -4], "mirror": true}
					]
				},
				{
					"name": "scale_neck_left",
					"parent": "neck5",
					"pivot": [7, 48, -5.75],
					"rotation": [12.5, 0, 15],
					"cubes": [
						{"origin": [5, 47.75, -4.75], "size": [6, 1, 13], "inflate": 0.01, "uv": [127, 127]},
						{"origin": [4, 48, -8.75], "size": [11, 0, 22], "uv": [0, 32]}
					]
				},
				{
					"name": "scale_neck_right",
					"parent": "neck5",
					"pivot": [-7, 48, -5.75],
					"rotation": [12.5, 0, -15],
					"cubes": [
						{"origin": [-11, 47.75, -4.75], "size": [6, 1, 13], "inflate": 0.01, "uv": [134, 93]},
						{"origin": [-15, 48, -8.75], "size": [11, 0, 22], "uv": [22, 32]}
					]
				},
				{
					"name": "head",
					"parent": "neck5",
					"pivot": [0, 50, -9.5],
					"cubes": [
						{"origin": [-6, 43, -20], "size": [12, 14, 12], "uv": [28, 122]},
						{"origin": [-1, 37, -16], "size": [2, 6, 6], "pivot": [0, 43, -12], "rotation": [-22.5, 0, 0], "uv": [30, 163]},
						{"origin": [0, 29, -16], "size": [0, 8, 5], "pivot": [0, 43, -12], "rotation": [-22.5, 0, 0], "uv": [30, 171]}
					]
				},
				{
					"name": "blush",
					"parent": "head",
					"pivot": [0, 51, -16]
				},
				{
					"name": "blush_right",
					"parent": "blush",
					"pivot": [-5.9, 46.5, -18.5],
					"cubes": [
						{"origin": [-5.9, 46, -19.5], "size": [0, 1, 2], "inflate": 0.01, "uv": [14, 176]}
					]
				},
				{
					"name": "blush_left",
					"parent": "blush",
					"pivot": [5.9, 46.5, -18.5],
					"cubes": [
						{"origin": [5.9, 46, -19.5], "size": [0, 1, 2], "inflate": 0.01, "uv": [14, 177]}
					]
				},
				{
					"name": "head_scales",
					"parent": "head",
					"pivot": [6, 52, -15]
				},
				{
					"name": "left_head_scales",
					"parent": "head_scales",
					"pivot": [6, 52, -15],
					"cubes": [
						{"origin": [6, 51, -15], "size": [4, 4, 0], "pivot": [6, 53, -15], "rotation": [0, -27.5, 0], "uv": [12, 0]},
						{"origin": [5.5, 46.75, -16], "size": [3, 4, 0], "pivot": [6, 50, -16], "rotation": [0, -22.5, 0], "uv": [50, 16]},
						{"origin": [8.5, 47.75, -16], "size": [3, 3, 0], "pivot": [6, 50, -16], "rotation": [0, -22.5, 0], "uv": [56, 16]},
						{"origin": [5.75, 43.25, -16.5], "size": [2, 3, 0], "pivot": [6, 45, -16.5], "rotation": [0, -35, 0], "uv": [0, 0]}
					]
				},
				{
					"name": "right_head_scales",
					"parent": "head_scales",
					"pivot": [-6, 52, -15],
					"cubes": [
						{"origin": [-10, 51, -15], "size": [4, 4, 0], "pivot": [-6, 53, -15], "rotation": [0, 27.5, 0], "uv": [12, 44]},
						{"origin": [-8.5, 46.75, -16], "size": [3, 4, 0], "pivot": [-6, 50, -16], "rotation": [0, 22.5, 0], "uv": [56, 16]},
						{"origin": [-11.5, 47.75, -16], "size": [3, 3, 0], "pivot": [-6, 50, -16], "rotation": [0, 22.5, 0], "uv": [50, 16]},
						{"origin": [-7.75, 43.25, -16.5], "size": [2, 3, 0], "pivot": [-6, 45, -16.5], "rotation": [0, 35, 0], "uv": [18, 39]}
					]
				},
				{
					"name": "head_fins",
					"parent": "head",
					"pivot": [6, 48.25, -14.25]
				},
				{
					"name": "head_left_fin",
					"parent": "head_fins",
					"pivot": [6, 48.25, -15.25],
					"cubes": [
						{"origin": [6, 44.25, -15.25], "size": [19, 8, 0], "uv": [167, 110]}
					]
				},
				{
					"name": "head_right_fin",
					"parent": "head_fins",
					"pivot": [-6, 48.25, -15.25],
					"cubes": [
						{"origin": [-25, 44.25, -15.25], "size": [19, 8, 0], "uv": [179, 76]}
					]
				},
				{
					"name": "whiskers",
					"parent": "head",
					"pivot": [0, 44, -16]
				},
				{
					"name": "right_whisker",
					"parent": "whiskers",
					"pivot": [-6, 43.5, -17],
					"cubes": [
						{"origin": [-10, 43, -17], "size": [5, 1, 0], "uv": [1, 161]}
					]
				},
				{
					"name": "right_whisker2",
					"parent": "right_whisker",
					"pivot": [-10, 43.5, -17],
					"cubes": [
						{"origin": [-15, 43, -17], "size": [5, 1, 0], "uv": [1, 161]}
					]
				},
				{
					"name": "right_whisker3",
					"parent": "right_whisker2",
					"pivot": [-15, 43.5, -17],
					"cubes": [
						{"origin": [-19, 43, -17], "size": [4, 1, 0], "uv": [2, 162]}
					]
				},
				{
					"name": "right_whisker4",
					"parent": "right_whisker3",
					"pivot": [-19, 43.5, -17],
					"cubes": [
						{"origin": [-23, 43, -17], "size": [4, 1, 0], "uv": [2, 163]}
					]
				},
				{
					"name": "right_whisker5",
					"parent": "right_whisker4",
					"pivot": [-23, 43.5, -17],
					"cubes": [
						{"origin": [-27, 43, -17], "size": [4, 1, 0], "uv": [2, 163]}
					]
				},
				{
					"name": "right_whisker6",
					"parent": "right_whisker5",
					"pivot": [-27, 43.5, -17],
					"cubes": [
						{"origin": [-31, 43, -17], "size": [4, 1, 0], "uv": [2, 164]}
					]
				},
				{
					"name": "right_whisker7",
					"parent": "right_whisker6",
					"pivot": [-31, 43.5, -17],
					"cubes": [
						{"origin": [-35, 43, -17], "size": [4, 1, 0], "uv": [2, 164]}
					]
				},
				{
					"name": "right_whisker8",
					"parent": "right_whisker7",
					"pivot": [-35, 43.5, -17],
					"cubes": [
						{"origin": [-38, 43, -17], "size": [3, 1, 0], "uv": [3, 165]}
					]
				},
				{
					"name": "right_whisker9",
					"parent": "right_whisker8",
					"pivot": [-38, 43.5, -17],
					"cubes": [
						{"origin": [-41, 43, -17], "size": [3, 1, 0], "uv": [3, 166]}
					]
				},
				{
					"name": "right_whisker10",
					"parent": "right_whisker9",
					"pivot": [-41, 43.5, -17],
					"cubes": [
						{"origin": [-44, 43, -17], "size": [3, 1, 0], "uv": [3, 167]}
					]
				},
				{
					"name": "right_whisker11",
					"parent": "right_whisker10",
					"pivot": [-44, 43.5, -17],
					"cubes": [
						{"origin": [-46, 43, -17], "size": [2, 1, 0], "uv": [4, 168]}
					]
				},
				{
					"name": "left_whisker",
					"parent": "whiskers",
					"pivot": [6, 43.5, -17],
					"cubes": [
						{"origin": [5, 43, -17], "size": [5, 1, 0], "uv": [11, 161]}
					]
				},
				{
					"name": "left_whisker2",
					"parent": "left_whisker",
					"pivot": [10, 43.5, -17],
					"cubes": [
						{"origin": [10, 43, -17], "size": [5, 1, 0], "uv": [11, 161]}
					]
				},
				{
					"name": "left_whisker3",
					"parent": "left_whisker2",
					"pivot": [15, 43.5, -17],
					"cubes": [
						{"origin": [15, 43, -17], "size": [4, 1, 0], "uv": [12, 162]}
					]
				},
				{
					"name": "left_whisker4",
					"parent": "left_whisker3",
					"pivot": [19, 43.5, -17],
					"cubes": [
						{"origin": [19, 43, -17], "size": [4, 1, 0], "uv": [12, 163]}
					]
				},
				{
					"name": "left_whisker5",
					"parent": "left_whisker4",
					"pivot": [23, 43.5, -17],
					"cubes": [
						{"origin": [23, 43, -17], "size": [4, 1, 0], "uv": [12, 163]}
					]
				},
				{
					"name": "left_whisker6",
					"parent": "left_whisker5",
					"pivot": [27, 43.5, -17],
					"cubes": [
						{"origin": [27, 43, -17], "size": [4, 1, 0], "uv": [12, 164]}
					]
				},
				{
					"name": "left_whisker7",
					"parent": "left_whisker6",
					"pivot": [31, 43.5, -17],
					"cubes": [
						{"origin": [31, 43, -17], "size": [4, 1, 0], "uv": [12, 164]}
					]
				},
				{
					"name": "left_whisker8",
					"parent": "left_whisker7",
					"pivot": [35, 43.5, -17],
					"cubes": [
						{"origin": [35, 43, -17], "size": [3, 1, 0], "uv": [13, 165]}
					]
				},
				{
					"name": "left_whisker9",
					"parent": "left_whisker8",
					"pivot": [38, 43.5, -17],
					"cubes": [
						{"origin": [38, 43, -17], "size": [3, 1, 0], "uv": [13, 166]}
					]
				},
				{
					"name": "left_whisker10",
					"parent": "left_whisker9",
					"pivot": [41, 43.5, -17],
					"cubes": [
						{"origin": [41, 43, -17], "size": [3, 1, 0], "uv": [13, 167]}
					]
				},
				{
					"name": "left_whisker11",
					"parent": "left_whisker10",
					"pivot": [44, 43.5, -17],
					"cubes": [
						{"origin": [44, 43, -17], "size": [2, 1, 0], "uv": [14, 168]}
					]
				},
				{
					"name": "mouth",
					"parent": "head",
					"pivot": [0, 49.5, -20]
				},
				{
					"name": "muzzle",
					"parent": "mouth",
					"pivot": [0, 49.5, -20],
					"rotation": [-5, 0, 0],
					"cubes": [
						{"origin": [-4.5, 47, -25], "size": [9, 3, 6], "inflate": 0.01, "uv": [70, 144]}
					]
				},
				{
					"name": "upper_left_tooth",
					"parent": "muzzle",
					"pivot": [2.75, 46.9, -25],
					"cubes": [
						{"origin": [3.26, 45.4, -25.5], "size": [0, 2, 1], "uv": [18, 13]}
					]
				},
				{
					"name": "upper_right_tooth",
					"parent": "muzzle",
					"pivot": [-3.25, 46.9, -25],
					"cubes": [
						{"origin": [-3.26, 45.4, -25.5], "size": [0, 2, 1], "uv": [18, 15]}
					]
				},
				{
					"name": "top_lip",
					"parent": "muzzle",
					"pivot": [0, 48, -25],
					"rotation": [-20, 0, 0],
					"cubes": [
						{"origin": [-4.5, 47, -25.5], "size": [9, 1, 9], "inflate": 0.1, "uv": [66, 29]},
						{"origin": [-4.5, 48, -23.5], "size": [0, 7, 6], "uv": [0, 49]},
						{"origin": [4.5, 48, -23.5], "size": [0, 7, 6], "uv": [0, 6]}
					]
				},
				{
					"name": "jaw",
					"parent": "mouth",
					"pivot": [0.5, 43, -12.5],
					"rotation": [10, 0, 0],
					"cubes": [
						{"origin": [-4.5, 43, -20.5], "size": [9, 5, 8], "inflate": 0.01, "uv": [50, 0]}
					]
				},
				{
					"name": "jaw2",
					"parent": "jaw",
					"pivot": [0.5, 43, -20.5],
					"rotation": [-45, 0, 0],
					"cubes": [
						{"origin": [-4.5, 43, -28.5], "size": [9, 2, 8], "uv": [0, 140]}
					]
				},
				{
					"name": "jaw_right_tooth",
					"parent": "jaw2",
					"pivot": [-3.25, 45.15, -28],
					"rotation": [-10, 0, 0],
					"cubes": [
						{"origin": [-3.25, 44.9, -28.5], "size": [0, 2, 1], "uv": [18, 41]}
					]
				},
				{
					"name": "jaw_left_tooth",
					"parent": "jaw2",
					"pivot": [3.25, 45.15, -28],
					"rotation": [-10, 0, 0],
					"cubes": [
						{"origin": [3.25, 44.9, -28.5], "size": [0, 2, 1], "uv": [18, 11]}
					]
				},
				{
					"name": "jaw_lips",
					"parent": "jaw2",
					"pivot": [0.5, 43.75, -28.5],
					"rotation": [15, 0, 0],
					"cubes": [
						{"origin": [-4.5, 44, -28.75], "size": [9, 1, 8], "inflate": 0.15, "uv": [100, 140]},
						{"origin": [4.5, 42, -25.25], "size": [0, 3, 6], "inflate": -0.01, "uv": [0, 38]},
						{"origin": [-4.5, 42, -25.25], "size": [0, 3, 6], "inflate": -0.01, "uv": [50, 7]}
					]
				},
				{
					"name": "tongue",
					"parent": "jaw_lips",
					"pivot": [0, 44.9, -20.5],
					"cubes": [
						{"origin": [-3, 45, -26.75], "size": [6, 1, 6], "inflate": 0.15, "uv": [0, 48]}
					]
				},
				{
					"name": "eyes",
					"parent": "head",
					"pivot": [0, 50.5, -15]
				},
				{
					"name": "right_eye",
					"parent": "eyes",
					"pivot": [0, 50.5, -15],
					"cubes": [
						{"origin": [-6, 49.5, -20], "size": [5, 3, 2], "inflate": 0.01, "uv": [56, 75]}
					]
				},
				{
					"name": "tear_right",
					"parent": "right_eye",
					"pivot": [-5.4, 50, -19.4],
					"cubes": [
						{"origin": [-5.9, 49.5, -19.9], "size": [1, 1, 1], "inflate": 0.03, "uv": [18, 176]}
					]
				},
				{
					"name": "right_pupil",
					"parent": "right_eye",
					"pivot": [-3.75, 51, -20],
					"cubes": [
						{"origin": [-4.75, 49.5, -20], "size": [2, 3, 0], "inflate": 0.02, "uv": [23, 151]},
						{"origin": [-4.25, 50, -20], "size": [1, 2, 0], "inflate": 0.025, "uv": [24, 154]}
					]
				},
				{
					"name": "right_sad_pupil",
					"parent": "right_eye",
					"pivot": [-3.75, 51, -19.9],
					"cubes": [
						{"origin": [-4.75, 49.5, -19.9], "size": [2, 3, 0], "inflate": 0.02, "uv": [23, 162]},
						{"origin": [-4.25, 50, -19.9], "size": [1, 2, 0], "inflate": 0.025, "uv": [24, 165]}
					]
				},
				{
					"name": "right_happy_pupil",
					"parent": "right_eye",
					"pivot": [-4, 50.75, -19.9],
					"cubes": [
						{"origin": [-4.5, 50.5, -19.9], "size": [1, 1, 0], "inflate": 0.02, "uv": [22, 157]},
						{"origin": [-5.5, 50, -19.9], "size": [3, 1, 0], "inflate": 0.02, "uv": [22, 150]}
					]
				},
				{
					"name": "eyelid_right",
					"parent": "right_eye",
					"pivot": [0.1, 50.5, -14.9],
					"cubes": [
						{"origin": [-5.9, 49.5, -19.9], "size": [5, 3, 2], "inflate": 0.03, "uv": [0, 170]}
					]
				},
				{
					"name": "eyelid_expressions_right",
					"parent": "right_eye",
					"pivot": [0.2, 50.5, -14.8]
				},
				{
					"name": "eyelid_expressions_right1",
					"parent": "eyelid_expressions_right",
					"pivot": [-4.9, 52, -19.9],
					"cubes": [
						{"origin": [-5.9, 51.5, -19.9], "size": [1, 1, 1], "inflate": 0.03, "uv": [14, 171]}
					]
				},
				{
					"name": "eyelid_expressions_right2",
					"parent": "eyelid_expressions_right",
					"pivot": [-2.9, 52, -19.9],
					"cubes": [
						{"origin": [-4.9, 51.5, -19.9], "size": [2, 2, 0], "inflate": 0.03, "uv": [14, 173]}
					]
				},
				{
					"name": "eyelid_expressions_right3",
					"parent": "eyelid_expressions_right2",
					"pivot": [-1.9, 52, -19.9],
					"cubes": [
						{"origin": [-2.9, 51.5, -19.9], "size": [2, 1, 0], "inflate": 0.03, "uv": [14, 175]}
					]
				},
				{
					"name": "left_eye",
					"parent": "eyes",
					"pivot": [0, 50.5, -15],
					"cubes": [
						{"origin": [1, 49.5, -20], "size": [5, 3, 2], "inflate": 0.01, "uv": [56, 70]}
					]
				},
				{
					"name": "tear_left",
					"parent": "left_eye",
					"pivot": [5.4, 50, -19.4],
					"cubes": [
						{"origin": [4.9, 49.5, -19.9], "size": [1, 1, 1], "inflate": 0.03, "uv": [14, 176]}
					]
				},
				{
					"name": "left_sad_pupil",
					"parent": "left_eye",
					"pivot": [3.75, 51, -19.9],
					"cubes": [
						{"origin": [2.75, 49.5, -19.9], "size": [2, 3, 0], "inflate": 0.02, "uv": [23, 169]},
						{"origin": [3.25, 50, -19.9], "size": [1, 2, 0], "inflate": 0.025, "uv": [24, 167]}
					]
				},
				{
					"name": "left_pupil",
					"parent": "left_eye",
					"pivot": [3.75, 51, -20],
					"cubes": [
						{"origin": [2.75, 49.5, -20], "size": [2, 3, 0], "inflate": 0.02, "uv": [23, 158]},
						{"origin": [3.25, 50, -20], "size": [1, 2, 0], "inflate": 0.025, "uv": [24, 156]}
					]
				},
				{
					"name": "eyelid_left",
					"parent": "left_eye",
					"pivot": [-0.1, 50.5, -14.9],
					"cubes": [
						{"origin": [0.9, 49.5, -19.9], "size": [5, 3, 2], "inflate": 0.03, "uv": [0, 175]}
					]
				},
				{
					"name": "left_happy_pupil",
					"parent": "left_eye",
					"pivot": [4, 50.75, -19.9],
					"cubes": [
						{"origin": [3.5, 50.5, -19.9], "size": [1, 1, 0], "inflate": 0.02, "uv": [26, 157]},
						{"origin": [2.5, 50, -19.9], "size": [3, 1, 0], "inflate": 0.02, "uv": [22, 161]}
					]
				},
				{
					"name": "eyelid_expressions_left",
					"parent": "left_eye",
					"pivot": [-0.2, 50.5, -14.8]
				},
				{
					"name": "eyelid_expressions_left1",
					"parent": "eyelid_expressions_left",
					"pivot": [4.9, 52, -19.9],
					"cubes": [
						{"origin": [4.9, 51.5, -19.9], "size": [1, 1, 1], "inflate": 0.03, "uv": [18, 171], "mirror": true}
					]
				},
				{
					"name": "eyelid_expressions_left2",
					"parent": "eyelid_expressions_left",
					"pivot": [2.9, 52, -19.9],
					"cubes": [
						{"origin": [2.9, 51.5, -19.9], "size": [2, 2, 0], "inflate": 0.03, "uv": [18, 173], "mirror": true}
					]
				},
				{
					"name": "eyelid_expressions_left3",
					"parent": "eyelid_expressions_left2",
					"pivot": [1.9, 52, -19.9],
					"cubes": [
						{"origin": [0.9, 51.5, -19.9], "size": [2, 1, 0], "inflate": 0.03, "uv": [18, 175], "mirror": true}
					]
				},
				{
					"name": "crest",
					"parent": "head",
					"pivot": [0.5, 51.5, -12.5]
				},
				{
					"name": "crest_center",
					"parent": "crest",
					"pivot": [0, 51.25, -21],
					"cubes": [
						{"origin": [-1.5, 49.25, -23], "size": [3, 4, 4], "inflate": 0.01, "uv": [0, 62]}
					]
				},
				{
					"name": "crest_middle",
					"parent": "crest_center",
					"pivot": [0, 52.75, -22.75],
					"rotation": [-12.5, 0, 0],
					"cubes": [
						{"origin": [-1.5, 52.25, -22.75], "size": [3, 5, 2], "uv": [0, 85]}
					]
				},
				{
					"name": "crest_middle2",
					"parent": "crest_middle",
					"pivot": [0, 57.25, -22.75],
					"rotation": [-47.5, 0, 0],
					"cubes": [
						{"origin": [-1.5, 57.25, -22.75], "size": [3, 4, 2], "inflate": -0.01, "uv": [0, 85]},
						{"origin": [-1, 61.25, -22.75], "size": [2, 4, 2], "inflate": -0.01, "uv": [1, 85]}
					]
				},
				{
					"name": "crest_middle3",
					"parent": "crest_middle2",
					"pivot": [0, 65.25, -22.75],
					"cubes": [
						{"origin": [-1, 65.25, -22.75], "size": [2, 6, 1], "uv": [12, 12]}
					]
				},
				{
					"name": "crest_middle4",
					"parent": "crest_middle3",
					"pivot": [0, 71.25, -22.75],
					"cubes": [
						{"origin": [-0.5, 71.25, -22.75], "size": [1, 6, 1], "uv": [62, 13]}
					]
				},
				{
					"name": "crest_left",
					"parent": "crest_center",
					"pivot": [-1, 51.5, -21],
					"rotation": [-7.5, 0, -57.5],
					"cubes": [
						{"origin": [-2.5, 51, -22], "size": [3, 6, 2], "inflate": 0.01, "uv": [42, 62]}
					]
				},
				{
					"name": "crest_left2",
					"parent": "crest_left",
					"pivot": [-1, 57, -21.5],
					"cubes": [
						{"origin": [-2, 57, -21.5], "size": [2, 5, 1], "uv": [50, 0]}
					]
				},
				{
					"name": "crest_left3",
					"parent": "crest_left2",
					"pivot": [-1, 62, -21.5],
					"cubes": [
						{"origin": [-1.5, 62, -21.5], "size": [1, 6, 1], "uv": [18, 32]}
					]
				},
				{
					"name": "crest_right",
					"parent": "crest",
					"pivot": [1, 51.5, -21],
					"rotation": [-7.5, 0, 57.5],
					"cubes": [
						{"origin": [-0.5, 51, -22], "size": [3, 6, 2], "inflate": 0.01, "uv": [42, 54]}
					]
				},
				{
					"name": "crest_right2",
					"parent": "crest_right",
					"pivot": [1, 57, -21.5],
					"cubes": [
						{"origin": [0, 57, -21.5], "size": [2, 5, 1], "uv": [0, 47]}
					]
				},
				{
					"name": "crest_right3",
					"parent": "crest_right2",
					"pivot": [1, 62, -21.5],
					"cubes": [
						{"origin": [0.5, 62, -21.5], "size": [1, 6, 1], "uv": [16, 4]}
					]
				},
				{
					"name": "segment",
					"parent": "body",
					"pivot": [0, 3.5, 0],
					"cubes": [
						{"origin": [-7, -10, -7], "size": [14, 13, 14], "uv": [56, 70]}
					]
				},
				{
					"name": "segment2",
					"parent": "segment",
					"pivot": [0, -6.75, 0],
					"cubes": [
						{"origin": [-7, -21, -7], "size": [14, 16, 14], "inflate": -0.25, "uv": [52, 40]}
					]
				},
				{
					"name": "segment3",
					"parent": "segment2",
					"pivot": [0, -19, 0],
					"cubes": [
						{"origin": [-7, -34, -7], "size": [14, 15, 14], "inflate": -0.3, "uv": [0, 56]}
					]
				},
				{
					"name": "segment4",
					"parent": "segment3",
					"pivot": [0, -31, 0],
					"cubes": [
						{"origin": [-7, -43, -7], "size": [14, 12, 14], "inflate": -0.4, "uv": [0, 85]}
					]
				},
				{
					"name": "neck_spine3",
					"parent": "segment4",
					"pivot": [0, -29, 7],
					"rotation": [-10, 0, 0],
					"cubes": [
						{"origin": [0, -43.5, 6.5], "size": [0, 11, 16], "uv": [108, 113]}
					]
				},
				{
					"name": "neck_spine5",
					"parent": "segment4",
					"pivot": [0, -29, -7],
					"rotation": [170, 0, -180],
					"cubes": [
						{"origin": [0, -43.5, -7.5], "size": [0, 11, 16], "uv": [108, 113]}
					]
				},
				{
					"name": "segment5",
					"parent": "segment4",
					"pivot": [0, -42, 0.25],
					"cubes": [
						{"origin": [-6, -53, -5.75], "size": [12, 14, 12], "uv": [98, 97]}
					]
				},
				{
					"name": "segment6",
					"parent": "segment5",
					"pivot": [0, -52.5, 0.25],
					"cubes": [
						{"origin": [-5, -63, -4.75], "size": [10, 12, 10], "uv": [126, 0]}
					]
				},
				{
					"name": "neck_spine4",
					"parent": "segment6",
					"pivot": [0, -60.5, 4.25],
					"rotation": [-15, 0, 0],
					"cubes": [
						{"origin": [0, -66.5, 4], "size": [0, 8, 9], "uv": [0, 23]}
					]
				},
				{
					"name": "neck_spine6",
					"parent": "segment6",
					"pivot": [0, -60.5, -3.75],
					"rotation": [165, 0, -180],
					"cubes": [
						{"origin": [0, -66.5, -4], "size": [0, 8, 9], "uv": [0, 23]}
					]
				},
				{
					"name": "segment7",
					"parent": "segment6",
					"pivot": [0, -63, 0.25],
					"cubes": [
						{"origin": [-4, -72, -3.75], "size": [8, 11, 8], "uv": [136, 22]}
					]
				},
				{
					"name": "segment8",
					"parent": "segment7",
					"pivot": [0, -71.5, 0.25],
					"cubes": [
						{"origin": [-3, -78, -2.75], "size": [6, 8, 6], "uv": [28, 148]}
					]
				},
				{
					"name": "segment9",
					"parent": "segment8",
					"pivot": [0, -78, 0.25],
					"cubes": [
						{"origin": [-2, -85, -1.75], "size": [4, 8, 4], "uv": [0, 0]}
					]
				},
				{
					"name": "tail1",
					"parent": "segment9",
					"pivot": [0, -83, 0.25],
					"cubes": [
						{"origin": [-7, -87, 0.25], "size": [14, 8, 0], "uv": [0, 131]}
					]
				},
				{
					"name": "tail2",
					"parent": "tail1",
					"pivot": [0, -87, 0.25],
					"cubes": [
						{"origin": [-9.5, -95, 0.25], "size": [19, 8, 0], "uv": [140, 54]}
					]
				},
				{
					"name": "tail3",
					"parent": "tail2",
					"pivot": [0, -95, 0.25],
					"cubes": [
						{"origin": [-11.5, -107, 0.25], "size": [23, 12, 0], "uv": [112, 81]}
					]
				}
			]
		}
	]
}