{
	"format_version": "1.8.0",
	"animations": {
		"animation.meditite.pose": {
			"animation_length": 2,
			"bones": {
				"bone2": {
					"rotation": [-82.32091, 28.9362, 4.43762]
				},
				"bone10": {
					"rotation": [0, 0, -87.5],
					"position": [-1, 0, 0]
				},
				"bone11": {
					"rotation": [0, 0, -22.5]
				},
				"bone16": {
					"rotation": [-443.07829, -21.37772, -362.27279]
				},
				"bone17": {
					"rotation": [0, 0, 82.5],
					"position": [1, 0, 0]
				},
				"bone18": {
					"rotation": [0, 0, 22.5]
				},
				"torso": {
					"rotation": [15, 0, 0]
				},
				"arm_right": {
					"rotation": [-120.48618, -24.29037, -38.0753]
				},
				"bone26": {
					"rotation": [0, 0, -37.5]
				},
				"bone27": {
					"rotation": [0, 0, -27.5]
				},
				"bone28": {
					"rotation": [0.0235, -4.56456, -5.46003]
				},
				"bone29": {
					"rotation": [0, 20, -15]
				},
				"bone30": {
					"rotation": [0, -7.5, -15]
				},
				"arm_left": {
					"rotation": [-127.60754, 42.47539, 42.29499]
				},
				"bone3": {
					"rotation": [1.91757, 4.61854, 22.57734]
				},
				"bone22": {
					"rotation": [0, 0, 20]
				},
				"bone23": {
					"rotation": [25.26795, 13.54818, 30.40531]
				},
				"bone25": {
					"rotation": [0, -17.5, 20]
				},
				"bone24": {
					"rotation": [0, 15, 22.5]
				}
			}
		},
		"animation.meditite.ground_idle": {
			"loop": true,
			"animation_length": 4,
			"bones": {
				"body": {
					"position": {
						"0.0": {
							"post": [0, -0.5, 0],
							"lerp_mode": "catmullrom"
						},
						"4.0": {
							"post": [0, -0.5, 0],
							"lerp_mode": "catmullrom"
						}
					}
				},
				"bone2": {
					"rotation": {
						"0.0": {
							"post": [-14.94548, 1.29256, 4.83045],
							"lerp_mode": "catmullrom"
						},
						"4.0": {
							"post": [-14.94548, 1.29256, 4.83045],
							"lerp_mode": "catmullrom"
						}
					}
				},
				"bone10": {
					"rotation": {
						"0.0": {
							"post": [17.5, 0, 0],
							"lerp_mode": "catmullrom"
						},
						"4.0": {
							"post": [17.5, 0, 0],
							"lerp_mode": "catmullrom"
						}
					}
				},
				"bone11": {
					"rotation": {
						"0.0": {
							"post": [0, 0, -5],
							"lerp_mode": "catmullrom"
						},
						"4.0": {
							"post": [0, 0, -5],
							"lerp_mode": "catmullrom"
						}
					}
				},
				"bone16": {
					"rotation": {
						"0.0": {
							"post": [-14.16577, -18.17448, -0.40125],
							"lerp_mode": "catmullrom"
						},
						"4.0": {
							"post": [-14.16577, -18.17448, -0.40125],
							"lerp_mode": "catmullrom"
						}
					}
				},
				"bone17": {
					"rotation": {
						"0.0": {
							"post": [17.5, 0, 0],
							"lerp_mode": "catmullrom"
						},
						"4.0": {
							"post": [17.5, 0, 0],
							"lerp_mode": "catmullrom"
						}
					}
				},
				"bone18": {
					"rotation": {
						"0.0": {
							"post": [-2.5, 0, 2.5],
							"lerp_mode": "catmullrom"
						},
						"4.0": {
							"post": [-2.5, 0, 2.5],
							"lerp_mode": "catmullrom"
						}
					}
				},
				"whole": {
					"rotation": {
						"0.0": {
							"post": [0, 0, 0],
							"lerp_mode": "catmullrom"
						},
						"2.0": {
							"post": [7.5, 0, 0],
							"lerp_mode": "catmullrom"
						},
						"4.0": {
							"post": [0, 0, 0],
							"lerp_mode": "catmullrom"
						}
					}
				},
				"torso": {
					"rotation": {
						"0.0": {
							"post": [7.5, 0, 0],
							"lerp_mode": "catmullrom"
						},
						"2.0": {
							"post": [15, 0, 0],
							"lerp_mode": "catmullrom"
						},
						"4.0": {
							"post": [7.5, 0, 0],
							"lerp_mode": "catmullrom"
						}
					}
				},
				"head": {
					"rotation": {
						"0.0": {
							"post": [0, 0, 0],
							"lerp_mode": "catmullrom"
						},
						"2.0": {
							"post": [-7.5, 0, 0],
							"lerp_mode": "catmullrom"
						},
						"2.9167": {
							"post": [3.44, 0, 0],
							"lerp_mode": "catmullrom"
						},
						"4.0": {
							"post": [0, 0, 0],
							"lerp_mode": "catmullrom"
						}
					}
				},
				"arm_right": {
					"rotation": {
						"0.0": {
							"post": [0, -10, -40],
							"lerp_mode": "catmullrom"
						},
						"2.0": {
							"post": [0, 5, -40],
							"lerp_mode": "catmullrom"
						},
						"4.0": {
							"post": [0, -10, -40],
							"lerp_mode": "catmullrom"
						}
					}
				},
				"bone26": {
					"rotation": {
						"0.0": {
							"post": [0, -32.5, 0],
							"lerp_mode": "catmullrom"
						},
						"0.9583": {
							"post": [0, -28.49, 0],
							"lerp_mode": "catmullrom"
						},
						"2.0": {
							"post": [0, -45, 0],
							"lerp_mode": "catmullrom"
						},
						"2.7917": {
							"post": [0, -47.55, 0],
							"lerp_mode": "catmullrom"
						},
						"4.0": {
							"post": [0, -32.5, 0],
							"lerp_mode": "catmullrom"
						}
					}
				},
				"bone28": {
					"rotation": {
						"0.0": {
							"post": [29.84838, -18.23612, -27.83909],
							"lerp_mode": "catmullrom"
						},
						"4.0": {
							"post": [29.84838, -18.23612, -27.83909],
							"lerp_mode": "catmullrom"
						}
					}
				},
				"bone29": {
					"rotation": {
						"0.0": {
							"post": [0, 12.5, -32.5],
							"lerp_mode": "catmullrom"
						},
						"4.0": {
							"post": [0, 12.5, -32.5],
							"lerp_mode": "catmullrom"
						}
					}
				},
				"bone30": {
					"rotation": {
						"0.0": {
							"post": [0, -12.5, -30],
							"lerp_mode": "catmullrom"
						},
						"4.0": {
							"post": [0, -12.5, -30],
							"lerp_mode": "catmullrom"
						}
					}
				},
				"arm_left": {
					"rotation": {
						"0.0": {
							"post": [0, 7.5, 40],
							"lerp_mode": "catmullrom"
						},
						"2.0": {
							"post": [0, -2.5, 40],
							"lerp_mode": "catmullrom"
						},
						"4.0": {
							"post": [0, 7.5, 40],
							"lerp_mode": "catmullrom"
						}
					}
				},
				"bone3": {
					"rotation": {
						"0.0": {
							"post": [0, 30, 0],
							"lerp_mode": "catmullrom"
						},
						"0.9583": {
							"post": [0, 28.39, 0],
							"lerp_mode": "catmullrom"
						},
						"2.0": {
							"post": [0, 47.5, 0],
							"lerp_mode": "catmullrom"
						},
						"2.7917": {
							"post": [0, 53.07, 0],
							"lerp_mode": "catmullrom"
						},
						"4.0": {
							"post": [0, 30, 0],
							"lerp_mode": "catmullrom"
						}
					}
				},
				"bone23": {
					"rotation": {
						"0.0": {
							"post": [13.92809, 13.77546, 17.0883],
							"lerp_mode": "catmullrom"
						},
						"4.0": {
							"post": [13.92809, 13.77546, 17.0883],
							"lerp_mode": "catmullrom"
						}
					}
				},
				"bone25": {
					"rotation": {
						"0.0": {
							"post": [0, -10, 17.5],
							"lerp_mode": "catmullrom"
						},
						"4.0": {
							"post": [0, -10, 17.5],
							"lerp_mode": "catmullrom"
						}
					}
				},
				"bone24": {
					"rotation": {
						"0.0": {
							"post": [0, 15, 17.5],
							"lerp_mode": "catmullrom"
						},
						"4.0": {
							"post": [0, 15, 17.5],
							"lerp_mode": "catmullrom"
						}
					}
				}
			}
		},
		"animation.meditite.goomba": {
			"loop": true,
			"bones": {
				"bone10": {
					"rotation": [0, 25, 0],
					"position": [-1, 0, 0]
				},
				"bone17": {
					"rotation": [0, -25, 0],
					"position": [1, 0, 0]
				},
				"whole": {
					"position": [0, -5, 0]
				},
				"head": {
					"position": [0, -6, 0]
				},
				"arm_right": {
					"scale": [0, 1, -0.1]
				},
				"arm_left": {
					"scale": [0, 1, 0]
				}
			}
		},
		"animation.meditite.special": {
			"animation_length": 2.5,
			"bones": {
				"body": {
					"position": {
						"0.0": {
							"post": [0, 0, 0],
							"lerp_mode": "catmullrom"
						},
						"1.2917": {
							"post": [0, -1, 0],
							"lerp_mode": "catmullrom"
						},
						"2.5": {
							"post": [0, 0, 0],
							"lerp_mode": "catmullrom"
						}
					}
				},
				"bone2": {
					"rotation": {
						"0.0": {
							"post": [-84.76484, 34.1141, -2.18883],
							"lerp_mode": "catmullrom"
						},
						"2.5": {
							"post": [-84.76484, 34.1141, -2.18883],
							"lerp_mode": "catmullrom"
						}
					}
				},
				"bone10": {
					"rotation": {
						"0.0": {
							"post": [3.7791, -2.29296, -100.15767],
							"lerp_mode": "catmullrom"
						},
						"2.5": {
							"post": [3.7791, -2.29296, -100.15767],
							"lerp_mode": "catmullrom"
						}
					},
					"position": {
						"0.0": [-0.75, 0, 0],
						"2.5": [-0.75, 0, 0]
					}
				},
				"bone11": {
					"rotation": {
						"0.0": {
							"post": [0, 0, -22.5],
							"lerp_mode": "catmullrom"
						},
						"2.5": {
							"post": [0, 0, -22.5],
							"lerp_mode": "catmullrom"
						}
					},
					"position": {
						"0.0": {
							"post": [0, 0.5, 0],
							"lerp_mode": "catmullrom"
						},
						"2.5": {
							"post": [0, 0.5, 0],
							"lerp_mode": "catmullrom"
						}
					}
				},
				"bone16": {
					"rotation": {
						"0.0": {
							"post": [-83.85053, -25.63365, -1.24448],
							"lerp_mode": "catmullrom"
						},
						"2.5": {
							"post": [-83.85053, -25.63365, -1.24448],
							"lerp_mode": "catmullrom"
						}
					}
				},
				"bone17": {
					"rotation": {
						"0.0": {
							"post": [3.49821, 0.06253, 94.76804],
							"lerp_mode": "catmullrom"
						},
						"2.5": {
							"post": [3.49821, 0.06253, 94.76804],
							"lerp_mode": "catmullrom"
						}
					},
					"position": {
						"0.0": [0.75, 0, 0],
						"2.5": [0.75, 0, 0]
					}
				},
				"bone18": {
					"rotation": {
						"0.0": {
							"post": [0, 0, 22.5],
							"lerp_mode": "catmullrom"
						},
						"2.5": {
							"post": [0, 0, 22.5],
							"lerp_mode": "catmullrom"
						}
					},
					"position": {
						"0.0": {
							"post": [0, 0.5, 0],
							"lerp_mode": "catmullrom"
						},
						"2.5": {
							"post": [0, 0.5, 0],
							"lerp_mode": "catmullrom"
						}
					}
				},
				"torso": {
					"rotation": {
						"0.0": {
							"post": [15, 0, 0],
							"lerp_mode": "catmullrom"
						},
						"0.5": {
							"post": [20, 0, 0],
							"lerp_mode": "catmullrom"
						},
						"1.0": {
							"post": [20, 0, 0],
							"lerp_mode": "catmullrom"
						},
						"1.2083": {
							"post": [-2.5, 0, 0],
							"lerp_mode": "catmullrom"
						},
						"1.7083": {
							"post": [-2.5, 0, 0],
							"lerp_mode": "catmullrom"
						},
						"2.5": {
							"post": [15, 0, 0],
							"lerp_mode": "catmullrom"
						}
					}
				},
				"head": {
					"rotation": {
						"0.0": {
							"post": [0, 0, 0],
							"lerp_mode": "catmullrom"
						},
						"0.5": {
							"post": [5, 0, 0],
							"lerp_mode": "catmullrom"
						},
						"1.0": {
							"post": [5, 0, 0],
							"lerp_mode": "catmullrom"
						},
						"2.5": {
							"post": [0, 0, 0],
							"lerp_mode": "catmullrom"
						}
					}
				},
				"eyelid_left": {
					"position": {
						"0.0": [0, 0, 0],
						"0.5": {
							"pre": [0, 0, 0],
							"post": [0, 0, -1]
						},
						"1.0": {
							"pre": [0, 0, -1],
							"post": [0, 0, -1]
						},
						"1.4583": {
							"pre": [0, 0, -1],
							"post": [0, 0, 0]
						}
					}
				},
				"eyelid_right": {
					"position": {
						"0.0": [0, 0, 0],
						"0.5": {
							"pre": [0, 0, 0],
							"post": [0, 0, -1]
						},
						"1.0": {
							"pre": [0, 0, -1],
							"post": [0, 0, -1]
						},
						"1.4167": {
							"pre": [0, 0, -1],
							"post": [0, 0, 0]
						}
					}
				},
				"arm_right": {
					"rotation": {
						"0.0": {
							"post": [-120.48618, -24.29037, -38.0753],
							"lerp_mode": "catmullrom"
						},
						"0.5": {
							"post": [11.97015, -48.14833, -24.44605],
							"lerp_mode": "catmullrom"
						},
						"1.0": {
							"post": [11.97015, -48.14833, -24.44605],
							"lerp_mode": "catmullrom"
						},
						"1.2083": {
							"post": [22.03847, -69.76965, -36.29954],
							"lerp_mode": "catmullrom"
						},
						"1.7083": {
							"post": [22.03847, -69.76965, -36.29954],
							"lerp_mode": "catmullrom"
						},
						"2.5": {
							"post": [-120.48618, -24.29037, -38.0753],
							"lerp_mode": "catmullrom"
						}
					}
				},
				"bone26": {
					"rotation": {
						"0.0": {
							"post": [0, 0, -37.5],
							"lerp_mode": "catmullrom"
						},
						"0.5": {
							"post": [44.87834, -67.87973, -53.61243],
							"lerp_mode": "catmullrom"
						},
						"1.0": {
							"post": [44.87834, -67.87973, -53.61243],
							"lerp_mode": "catmullrom"
						},
						"1.2083": {
							"post": [4.47091, -4.38951, 5.75597],
							"lerp_mode": "catmullrom"
						},
						"1.7083": {
							"post": [4.47091, -4.38951, 5.75597],
							"lerp_mode": "catmullrom"
						},
						"2.5": {
							"post": [0, 0, -37.5],
							"lerp_mode": "catmullrom"
						}
					}
				},
				"bone27": {
					"rotation": {
						"0.0": {
							"post": [0, 0, -27.5],
							"lerp_mode": "catmullrom"
						},
						"0.5": {
							"post": [-47.10382, 5.35355, 60.95862],
							"lerp_mode": "catmullrom"
						},
						"1.0": {
							"post": [-47.10382, 5.35355, 60.95862],
							"lerp_mode": "catmullrom"
						},
						"1.2083": {
							"post": [-12.10382, 5.35355, 60.95862],
							"lerp_mode": "catmullrom"
						},
						"1.7083": {
							"post": [-12.10382, 5.35355, 60.95862],
							"lerp_mode": "catmullrom"
						},
						"2.5": {
							"post": [0, 0, -27.5],
							"lerp_mode": "catmullrom"
						}
					}
				},
				"bone28": {
					"rotation": {
						"0.0": {
							"post": [0.0235, -4.56456, -5.46003],
							"lerp_mode": "catmullrom"
						},
						"2.5": {
							"post": [0.0235, -4.56456, -5.46003],
							"lerp_mode": "catmullrom"
						}
					}
				},
				"bone29": {
					"rotation": {
						"0.0": {
							"post": [0, 20, -15],
							"lerp_mode": "catmullrom"
						},
						"2.5": {
							"post": [0, 20, -15],
							"lerp_mode": "catmullrom"
						}
					}
				},
				"bone30": {
					"rotation": {
						"0.0": {
							"post": [0, -7.5, -15],
							"lerp_mode": "catmullrom"
						},
						"2.5": {
							"post": [0, -7.5, -15],
							"lerp_mode": "catmullrom"
						}
					}
				},
				"arm_left": {
					"rotation": {
						"0.0": {
							"post": [-127.60754, 42.47539, 42.29499],
							"lerp_mode": "catmullrom"
						},
						"0.5": {
							"post": [22.89307, 49.74519, 29.66712],
							"lerp_mode": "catmullrom"
						},
						"1.0": {
							"post": [22.89307, 49.74519, 29.66712],
							"lerp_mode": "catmullrom"
						},
						"1.2083": {
							"post": [9.899, 70.08427, 16.75864],
							"lerp_mode": "catmullrom"
						},
						"1.7083": {
							"post": [9.899, 70.08427, 16.75864],
							"lerp_mode": "catmullrom"
						},
						"2.5": {
							"post": [-127.60754, 42.47539, 42.29499],
							"lerp_mode": "catmullrom"
						}
					}
				},
				"bone3": {
					"rotation": {
						"0.0": {
							"post": [1.91757, 4.61854, 22.57734],
							"lerp_mode": "catmullrom"
						},
						"0.5": {
							"post": [-8.25453, 75.89098, -6.71117],
							"lerp_mode": "catmullrom"
						},
						"1.0": {
							"post": [-8.25453, 75.89098, -6.71117],
							"lerp_mode": "catmullrom"
						},
						"1.2083": {
							"post": [-2.14866, 21.0179, 0.52668],
							"lerp_mode": "catmullrom"
						},
						"1.7083": {
							"post": [-2.14866, 21.0179, 0.52668],
							"lerp_mode": "catmullrom"
						},
						"2.5": {
							"post": [1.91757, 4.61854, 22.57734],
							"lerp_mode": "catmullrom"
						}
					}
				},
				"bone22": {
					"rotation": {
						"0.0": {
							"post": [0, 0, 20],
							"lerp_mode": "catmullrom"
						},
						"0.5": {
							"post": [-20, 0, -42.5],
							"lerp_mode": "catmullrom"
						},
						"1.0": {
							"post": [-20, 0, -42.5],
							"lerp_mode": "catmullrom"
						},
						"1.4167": {
							"post": [-20, 0, -42.5],
							"lerp_mode": "catmullrom"
						},
						"2.5": {
							"post": [0, 0, 20],
							"lerp_mode": "catmullrom"
						}
					}
				},
				"bone23": {
					"rotation": {
						"0.0": {
							"post": [25.26795, 13.54818, 30.40531],
							"lerp_mode": "catmullrom"
						},
						"2.5": {
							"post": [25.26795, 13.54818, 30.40531],
							"lerp_mode": "catmullrom"
						}
					}
				},
				"bone25": {
					"rotation": {
						"0.0": {
							"post": [0, -17.5, 20],
							"lerp_mode": "catmullrom"
						},
						"2.5": {
							"post": [0, -17.5, 20],
							"lerp_mode": "catmullrom"
						}
					}
				},
				"bone24": {
					"rotation": {
						"0.0": {
							"post": [0, 15, 22.5],
							"lerp_mode": "catmullrom"
						},
						"2.5": {
							"post": [0, 15, 22.5],
							"lerp_mode": "catmullrom"
						}
					}
				}
			}
		},
		"animation.meditite.physical": {
			"animation_length": 1.8333,
			"bones": {
				"body": {
					"rotation": {
						"0.0": [0, 0, 0],
						"0.6667": [0, 65, 0],
						"0.9167": [0, 65, 0],
						"1.25": [0, 0, 0]
					},
					"position": {
						"0.0": {
							"post": [0, 0, 0],
							"lerp_mode": "catmullrom"
						},
						"0.4583": {
							"post": [0, -0.5, 0],
							"lerp_mode": "catmullrom"
						},
						"1.25": {
							"post": [0, 0, 0],
							"lerp_mode": "catmullrom"
						}
					}
				},
				"bone2": {
					"rotation": {
						"0.0": {
							"post": [-84.76484, 34.1141, -2.18883],
							"lerp_mode": "catmullrom"
						},
						"0.4583": {
							"post": [-39.94548, 1.29256, 4.83045],
							"lerp_mode": "catmullrom"
						},
						"1.0": {
							"post": [-39.94548, 1.29256, 4.83045],
							"lerp_mode": "catmullrom"
						},
						"1.25": {
							"post": [-84.76484, 34.1141, -2.18883],
							"lerp_mode": "catmullrom"
						}
					}
				},
				"bone10": {
					"rotation": {
						"0.0": {
							"post": [3.7791, -2.29296, -100.15767],
							"lerp_mode": "catmullrom"
						},
						"0.4583": {
							"post": [75, 0, 0],
							"lerp_mode": "catmullrom"
						},
						"0.7083": {
							"post": [83.96458, -1.31961, -2.49887],
							"lerp_mode": "catmullrom"
						},
						"0.9167": {
							"post": [75, 0, 0],
							"lerp_mode": "catmullrom"
						},
						"1.25": {
							"post": [3.7791, -2.29296, -100.15767],
							"lerp_mode": "catmullrom"
						}
					},
					"position": {
						"0.0": [-0.75, 0, 0],
						"0.2083": [-0.16, 0.75, 0],
						"0.4583": [0, 0, 0],
						"0.7083": [0, 0, 0],
						"0.9167": [0, 0, 0],
						"1.0833": [0.38, 0.25, 0],
						"1.25": [-0.75, 0, 0]
					}
				},
				"bone11": {
					"rotation": {
						"0.0": {
							"post": [0, 0, -22.5],
							"lerp_mode": "catmullrom"
						},
						"0.4583": {
							"post": [0, 0, -5],
							"lerp_mode": "catmullrom"
						},
						"1.25": {
							"post": [0, 0, -22.5],
							"lerp_mode": "catmullrom"
						}
					},
					"position": {
						"0.0": {
							"post": [0, 0.5, 0],
							"lerp_mode": "catmullrom"
						},
						"0.4583": {
							"post": [0, 0.5, 0.25],
							"lerp_mode": "catmullrom"
						},
						"1.25": {
							"post": [0, 0.5, 0],
							"lerp_mode": "catmullrom"
						}
					}
				},
				"bone16": {
					"rotation": {
						"0.0": {
							"post": [-83.85053, -25.63365, -1.24448],
							"lerp_mode": "catmullrom"
						},
						"0.4583": {
							"post": [-2.8221, -22.72963, -32.11098],
							"lerp_mode": "catmullrom"
						},
						"0.6667": {
							"post": [-5.9144, -38.80877, -81.80181],
							"lerp_mode": "catmullrom"
						},
						"0.9167": {
							"post": [-5.9144, -38.80877, -81.80181],
							"lerp_mode": "catmullrom"
						},
						"1.25": {
							"post": [-83.85053, -25.63365, -1.24448],
							"lerp_mode": "catmullrom"
						}
					}
				},
				"bone17": {
					"rotation": {
						"0.0": {
							"post": [3.49821, 0.06253, 94.76804],
							"lerp_mode": "catmullrom"
						},
						"0.2083": {
							"post": [51.07052, -21.79394, 6.7638],
							"lerp_mode": "catmullrom"
						},
						"0.4583": {
							"post": [67.5, 0, 0],
							"lerp_mode": "catmullrom"
						},
						"0.6667": {
							"post": [7.5, 0, 0],
							"lerp_mode": "catmullrom"
						},
						"0.9167": {
							"post": [7.5, 0, 0],
							"lerp_mode": "catmullrom"
						},
						"1.25": {
							"post": [3.49821, 0.06253, 94.76804],
							"lerp_mode": "catmullrom"
						}
					},
					"position": {
						"0.0": [0.75, 0, 0],
						"0.2083": [0.27, 0.08, 0],
						"0.4583": [0, 0, 0],
						"0.6667": [-0.05, 0, 0],
						"0.9167": [-0.05, 0, 0],
						"1.25": [0.75, 0, 0]
					}
				},
				"bone18": {
					"rotation": {
						"0.0": {
							"post": [0, 0, 22.5],
							"lerp_mode": "catmullrom"
						},
						"0.4583": {
							"post": [15, 0, 2.5],
							"lerp_mode": "catmullrom"
						},
						"1.25": {
							"post": [0, 0, 22.5],
							"lerp_mode": "catmullrom"
						}
					},
					"position": {
						"0.0": {
							"post": [0, 0.5, 0],
							"lerp_mode": "catmullrom"
						},
						"0.4583": {
							"post": [0, 0.5, 0.25],
							"lerp_mode": "catmullrom"
						},
						"1.25": {
							"post": [0, 0.5, 0],
							"lerp_mode": "catmullrom"
						}
					}
				},
				"whole": {
					"rotation": {
						"0.4583": {
							"pre": [0, 0, 0],
							"post": [0, 0, 0],
							"lerp_mode": "catmullrom"
						}
					}
				},
				"torso": {
					"rotation": {
						"0.0": {
							"post": [15, 0, 0],
							"lerp_mode": "catmullrom"
						},
						"0.4583": {
							"post": [12.5, 0, 0],
							"lerp_mode": "catmullrom"
						},
						"0.6667": {
							"post": [12.54624, -4.88119, -1.08482],
							"lerp_mode": "catmullrom"
						},
						"0.9167": {
							"post": [12.54624, -4.88119, -1.08482],
							"lerp_mode": "catmullrom"
						},
						"1.25": {
							"post": [15, 0, 0],
							"lerp_mode": "catmullrom"
						}
					}
				},
				"head": {
					"rotation": {
						"0.0": {
							"post": [0, 0, 0],
							"lerp_mode": "catmullrom"
						},
						"0.4583": {
							"post": [0, 0, 0],
							"lerp_mode": "catmullrom"
						},
						"0.6667": {
							"post": [17.5, -45, 0],
							"lerp_mode": "catmullrom"
						},
						"0.9167": {
							"post": [17.5, -45, 0],
							"lerp_mode": "catmullrom"
						},
						"1.25": {
							"post": [0, 0, 0],
							"lerp_mode": "catmullrom"
						}
					}
				},
				"bone15": {
					"position": {
						"0.0": [0, 0, 0],
						"0.3333": [0.25, 0, 0],
						"0.75": [0.25, 0, 0],
						"1.8333": [0, 0, 0]
					}
				},
				"eyelid_left": {
					"rotation": {
						"0.0": [0, 0, 0],
						"0.4583": {
							"pre": [0, 0, 0],
							"post": [0, 0, -7.5]
						},
						"1.0": {
							"pre": [0, 0, -7.5],
							"post": [0, 0, 0]
						}
					},
					"position": {
						"0.0": [0, 0, 0],
						"0.4583": {
							"pre": [0, 0, 0],
							"post": [0, 1.5, -1]
						},
						"1.0": {
							"pre": [0, 1.5, -1],
							"post": [0, 0, 0]
						}
					}
				},
				"eyelid_right": {
					"rotation": {
						"0.0": [0, 0, 0],
						"0.4583": {
							"pre": [0, 0, 0],
							"post": [0, 0, 15]
						},
						"1.0": {
							"pre": [0, 0, 15],
							"post": [0, 0, 0]
						}
					},
					"position": {
						"0.0": [0, 0, 0],
						"0.4583": {
							"pre": [0, 0, 0],
							"post": [0, 1.5, -1]
						},
						"1.0": {
							"pre": [0, 1.5, -1],
							"post": [0, 0, 0]
						}
					}
				},
				"bone14": {
					"position": {
						"0.0": [0, 0, 0],
						"0.3333": [0.5, 0, 0],
						"0.75": [0, 0, 0],
						"1.8333": [0, 0, 0]
					}
				},
				"arm_right": {
					"rotation": {
						"0.0": {
							"post": [-120.48618, -24.29037, -38.0753],
							"lerp_mode": "catmullrom"
						},
						"0.4583": {
							"post": [0, 22.5, -40],
							"lerp_mode": "catmullrom"
						},
						"0.6667": {
							"post": [0, 50, -40],
							"lerp_mode": "catmullrom"
						},
						"0.9167": {
							"post": [0, 50, -40],
							"lerp_mode": "catmullrom"
						},
						"1.25": {
							"post": [-120.48618, -24.29037, -38.0753],
							"lerp_mode": "catmullrom"
						}
					}
				},
				"bone26": {
					"rotation": {
						"0.0": {
							"post": [0, 0, -37.5],
							"lerp_mode": "catmullrom"
						},
						"0.4583": {
							"post": [0, -67.5, 0],
							"lerp_mode": "catmullrom"
						},
						"0.6667": {
							"post": [0, -85, 0],
							"lerp_mode": "catmullrom"
						},
						"1.25": {
							"post": [0, 0, -37.5],
							"lerp_mode": "catmullrom"
						}
					}
				},
				"bone27": {
					"rotation": {
						"0.0": {
							"post": [0, 0, -27.5],
							"lerp_mode": "catmullrom"
						}
					}
				},
				"bone28": {
					"rotation": {
						"0.0": {
							"post": [0.0235, -4.56456, -5.46003],
							"lerp_mode": "catmullrom"
						},
						"0.4583": {
							"post": [29.84838, -18.23612, -27.83909],
							"lerp_mode": "catmullrom"
						},
						"1.25": {
							"post": [0.0235, -4.56456, -5.46003],
							"lerp_mode": "catmullrom"
						}
					}
				},
				"bone29": {
					"rotation": {
						"0.0": {
							"post": [0, 20, -15],
							"lerp_mode": "catmullrom"
						},
						"0.4583": {
							"post": [0, 12.5, -32.5],
							"lerp_mode": "catmullrom"
						},
						"1.25": {
							"post": [0, 20, -15],
							"lerp_mode": "catmullrom"
						}
					}
				},
				"bone30": {
					"rotation": {
						"0.0": {
							"post": [0, -7.5, -15],
							"lerp_mode": "catmullrom"
						},
						"0.4583": {
							"post": [0, -12.5, -30],
							"lerp_mode": "catmullrom"
						},
						"1.25": {
							"post": [0, -7.5, -15],
							"lerp_mode": "catmullrom"
						}
					}
				},
				"arm_left": {
					"rotation": {
						"0.0": {
							"post": [-127.60754, 42.47539, 42.29499],
							"lerp_mode": "catmullrom"
						},
						"0.4583": {
							"post": [0, -30, 40],
							"lerp_mode": "catmullrom"
						},
						"0.6667": {
							"post": [-58.23514, -57.67283, 69.16696],
							"lerp_mode": "catmullrom"
						},
						"0.9167": {
							"post": [-35, -40, 40],
							"lerp_mode": "catmullrom"
						},
						"1.25": {
							"post": [-127.60754, 42.47539, 42.29499],
							"lerp_mode": "catmullrom"
						}
					}
				},
				"bone3": {
					"rotation": {
						"0.0": {
							"post": [1.91757, 4.61854, 22.57734],
							"lerp_mode": "catmullrom"
						},
						"0.4583": {
							"post": [0, 62.5, 0],
							"lerp_mode": "catmullrom"
						},
						"0.6667": {
							"post": [9.91833, 89.04733, 12.98227],
							"lerp_mode": "catmullrom"
						},
						"1.25": {
							"post": [1.91757, 4.61854, 22.57734],
							"lerp_mode": "catmullrom"
						}
					}
				},
				"bone22": {
					"rotation": {
						"0.0": {
							"post": [0, 0, 20],
							"lerp_mode": "catmullrom"
						}
					}
				},
				"bone23": {
					"rotation": {
						"0.0": {
							"post": [25.26795, 13.54818, 30.40531],
							"lerp_mode": "catmullrom"
						},
						"0.4583": {
							"post": [13.92809, 13.77546, 17.0883],
							"lerp_mode": "catmullrom"
						},
						"1.25": {
							"post": [25.26795, 13.54818, 30.40531],
							"lerp_mode": "catmullrom"
						}
					}
				},
				"bone25": {
					"rotation": {
						"0.0": {
							"post": [0, -17.5, 20],
							"lerp_mode": "catmullrom"
						},
						"0.4583": {
							"post": [0, -10, 17.5],
							"lerp_mode": "catmullrom"
						},
						"1.25": {
							"post": [0, -17.5, 20],
							"lerp_mode": "catmullrom"
						}
					}
				},
				"bone24": {
					"rotation": {
						"0.0": {
							"post": [0, 15, 22.5],
							"lerp_mode": "catmullrom"
						},
						"0.4583": {
							"post": [0, 15, 17.5],
							"lerp_mode": "catmullrom"
						},
						"1.25": {
							"post": [0, 15, 22.5],
							"lerp_mode": "catmullrom"
						}
					}
				}
			}
		},
		"animation.meditite.battle_idle": {
			"loop": true,
			"animation_length": 4,
			"bones": {
				"bone2": {
					"rotation": {
						"0.0": {
							"post": [-84.76484, 34.1141, -2.18883],
							"lerp_mode": "catmullrom"
						},
						"4.0": {
							"post": [-84.76484, 34.1141, -2.18883],
							"lerp_mode": "catmullrom"
						}
					}
				},
				"bone10": {
					"rotation": {
						"0.0": {
							"post": [3.7791, -2.29296, -100.15767],
							"lerp_mode": "catmullrom"
						},
						"4.0": {
							"post": [3.7791, -2.29296, -100.15767],
							"lerp_mode": "catmullrom"
						}
					},
					"position": {
						"0.0": [-0.75, 0, 0],
						"4.0": [-0.75, 0, 0]
					}
				},
				"bone11": {
					"rotation": {
						"0.0": {
							"post": [0, 0, -22.5],
							"lerp_mode": "catmullrom"
						},
						"4.0": {
							"post": [0, 0, -22.5],
							"lerp_mode": "catmullrom"
						}
					},
					"position": {
						"0.0": {
							"post": [0, 0.5, 0],
							"lerp_mode": "catmullrom"
						},
						"4.0": {
							"post": [0, 0.5, 0],
							"lerp_mode": "catmullrom"
						}
					}
				},
				"bone16": {
					"rotation": {
						"0.0": {
							"post": [-83.85053, -25.63365, -1.24448],
							"lerp_mode": "catmullrom"
						},
						"4.0": {
							"post": [-83.85053, -25.63365, -1.24448],
							"lerp_mode": "catmullrom"
						}
					}
				},
				"bone17": {
					"rotation": {
						"0.0": {
							"post": [3.49821, 0.06253, 94.76804],
							"lerp_mode": "catmullrom"
						},
						"4.0": {
							"post": [3.49821, 0.06253, 94.76804],
							"lerp_mode": "catmullrom"
						}
					},
					"position": {
						"0.0": [0.75, 0, 0],
						"4.0": [0.75, 0, 0]
					}
				},
				"bone18": {
					"rotation": {
						"0.0": {
							"post": [0, 0, 22.5],
							"lerp_mode": "catmullrom"
						},
						"4.0": {
							"post": [0, 0, 22.5],
							"lerp_mode": "catmullrom"
						}
					},
					"position": {
						"0.0": {
							"post": [0, 0.5, 0],
							"lerp_mode": "catmullrom"
						},
						"4.0": {
							"post": [0, 0.5, 0],
							"lerp_mode": "catmullrom"
						}
					}
				},
				"torso": {
					"rotation": {
						"0.0": {
							"post": [15, 0, 0],
							"lerp_mode": "catmullrom"
						},
						"2.0": {
							"post": [20, 0, 0],
							"lerp_mode": "catmullrom"
						},
						"4.0": {
							"post": [15, 0, 0],
							"lerp_mode": "catmullrom"
						}
					}
				},
				"arm_right": {
					"rotation": {
						"0.0": {
							"post": [-120.48618, -24.29037, -38.0753],
							"lerp_mode": "catmullrom"
						},
						"4.0": {
							"post": [-120.48618, -24.29037, -38.0753],
							"lerp_mode": "catmullrom"
						}
					}
				},
				"bone26": {
					"rotation": {
						"0.0": {
							"post": [0, 0, -37.5],
							"lerp_mode": "catmullrom"
						},
						"2.0": {
							"post": [0, 0, -57.5],
							"lerp_mode": "catmullrom"
						},
						"4.0": {
							"post": [0, 0, -37.5],
							"lerp_mode": "catmullrom"
						}
					}
				},
				"bone27": {
					"rotation": {
						"0.0": {
							"post": [0, 0, -27.5],
							"lerp_mode": "catmullrom"
						},
						"2.6667": {
							"post": [0, 0, -42.5],
							"lerp_mode": "catmullrom"
						},
						"4.0": {
							"post": [0, 0, -27.5],
							"lerp_mode": "catmullrom"
						}
					}
				},
				"bone28": {
					"rotation": {
						"0.0": {
							"post": [0.0235, -4.56456, -5.46003],
							"lerp_mode": "catmullrom"
						},
						"4.0": {
							"post": [0.0235, -4.56456, -5.46003],
							"lerp_mode": "catmullrom"
						}
					}
				},
				"bone29": {
					"rotation": {
						"0.0": {
							"post": [0, 20, -15],
							"lerp_mode": "catmullrom"
						},
						"4.0": {
							"post": [0, 20, -15],
							"lerp_mode": "catmullrom"
						}
					}
				},
				"bone30": {
					"rotation": {
						"0.0": {
							"post": [0, -7.5, -15],
							"lerp_mode": "catmullrom"
						},
						"4.0": {
							"post": [0, -7.5, -15],
							"lerp_mode": "catmullrom"
						}
					}
				},
				"arm_left": {
					"rotation": {
						"0.0": {
							"post": [-127.60754, 42.47539, 42.29499],
							"lerp_mode": "catmullrom"
						},
						"4.0": {
							"post": [-127.60754, 42.47539, 42.29499],
							"lerp_mode": "catmullrom"
						}
					}
				},
				"bone3": {
					"rotation": {
						"0.0": {
							"post": [1.91757, 4.61854, 22.57734],
							"lerp_mode": "catmullrom"
						},
						"2.0": {
							"post": [3.54002, 3.53329, 45.10922],
							"lerp_mode": "catmullrom"
						},
						"4.0": {
							"post": [1.91757, 4.61854, 22.57734],
							"lerp_mode": "catmullrom"
						}
					}
				},
				"bone22": {
					"rotation": {
						"0.0": {
							"post": [0, 0, 20],
							"lerp_mode": "catmullrom"
						},
						"2.6667": {
							"post": [0, 0, 35],
							"lerp_mode": "catmullrom"
						},
						"4.0": {
							"post": [0, 0, 20],
							"lerp_mode": "catmullrom"
						}
					}
				},
				"bone23": {
					"rotation": {
						"0.0": {
							"post": [25.26795, 13.54818, 30.40531],
							"lerp_mode": "catmullrom"
						},
						"4.0": {
							"post": [25.26795, 13.54818, 30.40531],
							"lerp_mode": "catmullrom"
						}
					}
				},
				"bone25": {
					"rotation": {
						"0.0": {
							"post": [0, -17.5, 20],
							"lerp_mode": "catmullrom"
						},
						"4.0": {
							"post": [0, -17.5, 20],
							"lerp_mode": "catmullrom"
						}
					}
				},
				"bone24": {
					"rotation": {
						"0.0": {
							"post": [0, 15, 22.5],
							"lerp_mode": "catmullrom"
						},
						"4.0": {
							"post": [0, 15, 22.5],
							"lerp_mode": "catmullrom"
						}
					}
				},
				"body": {
					"position": {
						"0.0": {
							"post": [0, 0, 0],
							"lerp_mode": "catmullrom"
						},
						"2.0": {
							"post": [0, -1, 0],
							"lerp_mode": "catmullrom"
						},
						"4.0": {
							"post": [0, 0, 0],
							"lerp_mode": "catmullrom"
						}
					}
				},
				"head": {
					"rotation": {
						"0.0": {
							"post": [0, 0, 0],
							"lerp_mode": "catmullrom"
						},
						"2.0": {
							"post": [7.5, 0, 0],
							"lerp_mode": "catmullrom"
						},
						"3.0": {
							"post": [8.75, 0, 0],
							"lerp_mode": "catmullrom"
						},
						"4.0": {
							"post": [0, 0, 0],
							"lerp_mode": "catmullrom"
						}
					}
				}
			}
		},
		"animation.meditite.recoil": {
			"animation_length": 1,
			"bones": {
				"body": {
					"position": {
						"0.0": {
							"post": [0, 0, 0],
							"lerp_mode": "catmullrom"
						},
						"0.75": {
							"post": [0, 0, 0],
							"lerp_mode": "catmullrom"
						}
					}
				},
				"bone2": {
					"rotation": {
						"0.0": {
							"post": [-84.76484, 34.1141, -2.18883],
							"lerp_mode": "catmullrom"
						},
						"0.75": {
							"post": [-84.76484, 34.1141, -2.18883],
							"lerp_mode": "catmullrom"
						}
					}
				},
				"bone10": {
					"rotation": {
						"0.0": {
							"post": [3.7791, -2.29296, -100.15767],
							"lerp_mode": "catmullrom"
						}
					},
					"position": [-0.75, 0, 0]
				},
				"bone11": {
					"rotation": {
						"0.0": {
							"post": [0, 0, -22.5],
							"lerp_mode": "catmullrom"
						},
						"0.75": {
							"post": [0, 0, -22.5],
							"lerp_mode": "catmullrom"
						}
					},
					"position": {
						"0.0": {
							"post": [0, 0.5, 0],
							"lerp_mode": "catmullrom"
						},
						"0.75": {
							"post": [0, 0.5, 0],
							"lerp_mode": "catmullrom"
						}
					}
				},
				"bone16": {
					"rotation": {
						"0.0": {
							"post": [-83.85053, -25.63365, -1.24448],
							"lerp_mode": "catmullrom"
						},
						"0.75": {
							"post": [-83.85053, -25.63365, -1.24448],
							"lerp_mode": "catmullrom"
						}
					}
				},
				"bone17": {
					"rotation": {
						"0.0": {
							"post": [3.49821, 0.06253, 94.76804],
							"lerp_mode": "catmullrom"
						},
						"0.75": {
							"post": [3.49821, 0.06253, 94.76804],
							"lerp_mode": "catmullrom"
						}
					},
					"position": {
						"0.0": [0.75, 0, 0],
						"0.75": [0.75, 0, 0]
					}
				},
				"bone18": {
					"rotation": {
						"0.0": {
							"post": [0, 0, 22.5],
							"lerp_mode": "catmullrom"
						},
						"0.75": {
							"post": [0, 0, 22.5],
							"lerp_mode": "catmullrom"
						}
					},
					"position": {
						"0.0": {
							"post": [0, 0.5, 0],
							"lerp_mode": "catmullrom"
						},
						"0.75": {
							"post": [0, 0.5, 0],
							"lerp_mode": "catmullrom"
						}
					}
				},
				"whole": {
					"rotation": {
						"0.0": {
							"post": [0, 0, 0],
							"lerp_mode": "catmullrom"
						},
						"0.2917": {
							"post": [-15, 0, 0],
							"lerp_mode": "catmullrom"
						},
						"0.625": {
							"post": [8.41, 0, 0],
							"lerp_mode": "catmullrom"
						},
						"0.75": {
							"post": [0, 0, 0],
							"lerp_mode": "catmullrom"
						}
					}
				},
				"torso": {
					"rotation": {
						"0.0": {
							"post": [15, 0, 0],
							"lerp_mode": "catmullrom"
						},
						"0.75": {
							"post": [15, 0, 0],
							"lerp_mode": "catmullrom"
						}
					}
				},
				"head": {
					"rotation": {
						"0.0": {
							"post": [0, 0, 0],
							"lerp_mode": "catmullrom"
						},
						"0.125": {
							"post": [7.07959, 4.93801, -1.60478],
							"lerp_mode": "catmullrom"
						},
						"0.2917": {
							"post": [-18.29388, 16.66577, -5.41615],
							"lerp_mode": "catmullrom"
						},
						"0.75": {
							"post": [0, 0, 0],
							"lerp_mode": "catmullrom"
						}
					}
				},
				"eyelid_left": {
					"position": {
						"0.0": [0, 0, 0],
						"0.2917": {
							"pre": [0, 0, 0],
							"post": [0, 0, -1]
						},
						"0.75": {
							"pre": [0, 0, -1],
							"post": [0, 0, 0]
						}
					}
				},
				"eyelid_right": {
					"position": {
						"0.0": [0, 0, 0],
						"0.2917": {
							"pre": [0, 0, 0],
							"post": [0, 0, -1]
						},
						"0.75": {
							"pre": [0, 0, -1],
							"post": [0, 0, 0]
						}
					}
				},
				"arm_right": {
					"rotation": {
						"0.0": {
							"post": [-120.48618, -24.29037, -38.0753],
							"lerp_mode": "catmullrom"
						},
						"0.2917": {
							"post": [-37.49067, -12.36505, -24.09994],
							"lerp_mode": "catmullrom"
						},
						"0.75": {
							"post": [-120.48618, -24.29037, -38.0753],
							"lerp_mode": "catmullrom"
						}
					}
				},
				"bone26": {
					"rotation": {
						"0.0": {
							"post": [0, 0, -37.5],
							"lerp_mode": "catmullrom"
						},
						"0.75": {
							"post": [0, 0, -37.5],
							"lerp_mode": "catmullrom"
						}
					}
				},
				"bone27": {
					"rotation": {
						"0.0": {
							"post": [0, 0, -27.5],
							"lerp_mode": "catmullrom"
						},
						"0.2917": {
							"post": [37.5, 0, -27.5],
							"lerp_mode": "catmullrom"
						},
						"0.75": {
							"post": [0, 0, -27.5],
							"lerp_mode": "catmullrom"
						}
					}
				},
				"bone28": {
					"rotation": {
						"0.0": {
							"post": [0.0235, -4.56456, -5.46003],
							"lerp_mode": "catmullrom"
						},
						"0.75": {
							"post": [0.0235, -4.56456, -5.46003],
							"lerp_mode": "catmullrom"
						}
					}
				},
				"bone29": {
					"rotation": {
						"0.0": {
							"post": [0, 20, -15],
							"lerp_mode": "catmullrom"
						},
						"0.75": {
							"post": [0, 20, -15],
							"lerp_mode": "catmullrom"
						}
					}
				},
				"bone30": {
					"rotation": {
						"0.0": {
							"post": [0, -7.5, -15],
							"lerp_mode": "catmullrom"
						},
						"0.75": {
							"post": [0, -7.5, -15],
							"lerp_mode": "catmullrom"
						}
					}
				},
				"arm_left": {
					"rotation": {
						"0.0": {
							"post": [-127.60754, 42.47539, 42.29499],
							"lerp_mode": "catmullrom"
						},
						"0.2917": {
							"post": [-52.1772, 29.59285, 20.96478],
							"lerp_mode": "catmullrom"
						},
						"0.4583": {
							"post": [-84.30626, 37.15081, 3.23204],
							"lerp_mode": "catmullrom"
						},
						"0.75": {
							"post": [-127.60754, 42.47539, 42.29499],
							"lerp_mode": "catmullrom"
						}
					}
				},
				"bone3": {
					"rotation": {
						"0.0": {
							"post": [1.91757, 4.61854, 22.57734],
							"lerp_mode": "catmullrom"
						},
						"0.75": {
							"post": [1.91757, 4.61854, 22.57734],
							"lerp_mode": "catmullrom"
						}
					}
				},
				"bone22": {
					"rotation": {
						"0.0": {
							"post": [0, 0, 20],
							"lerp_mode": "catmullrom"
						},
						"0.2917": {
							"post": [35, 0, 20],
							"lerp_mode": "catmullrom"
						},
						"0.75": {
							"post": [0, 0, 20],
							"lerp_mode": "catmullrom"
						}
					}
				},
				"bone23": {
					"rotation": {
						"0.0": {
							"post": [25.26795, 13.54818, 30.40531],
							"lerp_mode": "catmullrom"
						},
						"0.75": {
							"post": [25.26795, 13.54818, 30.40531],
							"lerp_mode": "catmullrom"
						}
					}
				},
				"bone25": {
					"rotation": {
						"0.0": {
							"post": [0, -17.5, 20],
							"lerp_mode": "catmullrom"
						},
						"0.75": {
							"post": [0, -17.5, 20],
							"lerp_mode": "catmullrom"
						}
					}
				},
				"bone24": {
					"rotation": {
						"0.0": {
							"post": [0, 15, 22.5],
							"lerp_mode": "catmullrom"
						},
						"0.75": {
							"post": [0, 15, 22.5],
							"lerp_mode": "catmullrom"
						}
					}
				}
			}
		},
		"animation.meditite.ground_walk": {
			"loop": true,
			"animation_length": 1,
			"bones": {
				"body": {
					"position": {
						"0.0": {
							"post": [0, -1.25, 0],
							"lerp_mode": "catmullrom"
						},
						"0.25": {
							"post": [0, -0.25, 0],
							"lerp_mode": "catmullrom"
						},
						"0.5": {
							"post": [0, -1.25, 0],
							"lerp_mode": "catmullrom"
						},
						"0.75": {
							"post": [0, -0.25, 0],
							"lerp_mode": "catmullrom"
						},
						"1.0": {
							"post": [0, -1.25, 0],
							"lerp_mode": "catmullrom"
						}
					}
				},
				"bone2": {
					"rotation": {
						"0.0": [-35, 0, 0],
						"0.25": [5, 0, 0],
						"0.5": [10, 0, 0],
						"0.75": [-27.5, 0, 0],
						"1.0": [-35, 0, 0]
					}
				},
				"bone10": {
					"rotation": {
						"0.0": [35, 0, 0],
						"0.25": [20, 0, 0],
						"0.5": [57.5, 0, 0],
						"0.75": [69.38, 0, 0],
						"1.0": [35, 0, 0]
					}
				},
				"bone11": {
					"rotation": {
						"0.0": [-17.5, 0, 0],
						"0.25": [-5, 0, 0],
						"1.0": [-17.5, 0, 0]
					}
				},
				"bone13": {
					"rotation": {
						"0.0": [0, 0, 0],
						"0.25": [-17.5, 0, 0],
						"1.0": [5, 0, 0]
					}
				},
				"bone12": {
					"rotation": {
						"0.0": [2.5, 0, 0],
						"0.25": [-15, 0, 0],
						"1.0": [2.5, 0, 0]
					}
				},
				"bone16": {
					"rotation": {
						"0.0": [12.5, 0, 0],
						"0.25": [-40, 0, 0],
						"0.5": [-32.5, 0, 0],
						"0.75": [-5, 0, 0],
						"1.0": [12.5, 0, 0]
					}
				},
				"bone17": {
					"rotation": {
						"0.0": [37.5, 0, 0],
						"0.25": [57.5, 0, 0],
						"0.5": [30, 0, 0],
						"0.75": [20, 0, 0],
						"1.0": [37.5, 0, 0]
					}
				},
				"bone18": {
					"rotation": {
						"0.0": [-15, 0, 2.5],
						"0.25": [-2.5, 0, 2.5],
						"0.5": [0, 0, 2.5],
						"0.75": [-7.5, 0, 2.5],
						"1.0": [-15, 0, 2.5]
					}
				},
				"bone19": {
					"rotation": {
						"0.0": [-32.5, 0, 0],
						"0.25": [-7.5, 0, 0],
						"1.0": [-17.5, 0, 0]
					}
				},
				"bone20": {
					"rotation": {
						"0.0": [-17.5, 0, 0],
						"0.25": [0, 0, 0],
						"1.0": [-15, 0, 0]
					}
				},
				"whole": {
					"rotation": {
						"0.0": {
							"post": [0, 5, 0],
							"lerp_mode": "catmullrom"
						},
						"0.5": {
							"post": [0, -5, 0],
							"lerp_mode": "catmullrom"
						},
						"1.0": {
							"post": [0, 5, 0],
							"lerp_mode": "catmullrom"
						}
					}
				},
				"torso": {
					"rotation": {
						"0.0": {
							"post": [7.5, 0, 0],
							"lerp_mode": "catmullrom"
						}
					}
				},
				"head": {
					"rotation": {
						"0.0": {
							"post": [0, -7.5, 0],
							"lerp_mode": "catmullrom"
						},
						"0.5": {
							"post": [0, 5, 0],
							"lerp_mode": "catmullrom"
						},
						"1.0": {
							"post": [0, -7.5, 0],
							"lerp_mode": "catmullrom"
						}
					}
				},
				"arm_right": {
					"rotation": {
						"0.0": {
							"post": [-5.7632, 21.8683, -53.74538],
							"lerp_mode": "catmullrom"
						},
						"0.25": {
							"post": [-5.26423, 1.9588, -51.77121],
							"lerp_mode": "catmullrom"
						},
						"0.5": {
							"post": [-5.44576, -17.95569, -49.90548],
							"lerp_mode": "catmullrom"
						},
						"0.75": {
							"post": [-5.26423, 1.9588, -51.77121],
							"lerp_mode": "catmullrom"
						},
						"1.0": {
							"post": [-5.7632, 21.8683, -53.74538],
							"lerp_mode": "catmullrom"
						}
					}
				},
				"bone26": {
					"rotation": {
						"0.0": {
							"post": [0, -32.5, 0],
							"lerp_mode": "catmullrom"
						},
						"0.125": {
							"post": [0, -17.5, 0],
							"lerp_mode": "catmullrom"
						},
						"0.625": {
							"post": [0, -32.5, 0],
							"lerp_mode": "catmullrom"
						},
						"1.0": {
							"post": [0, -32.5, 0],
							"lerp_mode": "catmullrom"
						}
					}
				},
				"bone28": {
					"rotation": {
						"0.0": {
							"post": [29.84838, -18.23612, -27.83909],
							"lerp_mode": "catmullrom"
						}
					}
				},
				"bone29": {
					"rotation": {
						"0.0": {
							"post": [0, 12.5, -32.5],
							"lerp_mode": "catmullrom"
						}
					}
				},
				"bone30": {
					"rotation": {
						"0.0": {
							"post": [0, -12.5, -30],
							"lerp_mode": "catmullrom"
						}
					}
				},
				"arm_left": {
					"rotation": {
						"0.0": {
							"post": [5.123, 24.43857, 53.4936],
							"lerp_mode": "catmullrom"
						},
						"0.25": {
							"post": [4.75754, -0.47158, 51.32798],
							"lerp_mode": "catmullrom"
						},
						"0.5": {
							"post": [5.07013, -17.90832, 49.80312],
							"lerp_mode": "catmullrom"
						},
						"0.75": {
							"post": [4.75754, -0.47158, 51.32798],
							"lerp_mode": "catmullrom"
						},
						"1.0": {
							"post": [5.123, 24.43857, 53.4936],
							"lerp_mode": "catmullrom"
						}
					}
				},
				"bone3": {
					"rotation": {
						"0.0": {
							"post": [0, 30, 0],
							"lerp_mode": "catmullrom"
						},
						"0.125": {
							"post": [0, 45, 0],
							"lerp_mode": "catmullrom"
						},
						"0.6667": {
							"post": [0, 20, 0],
							"lerp_mode": "catmullrom"
						},
						"1.0": {
							"post": [0, 30, 0],
							"lerp_mode": "catmullrom"
						}
					}
				},
				"bone23": {
					"rotation": {
						"0.0": {
							"post": [13.92809, 13.77546, 17.0883],
							"lerp_mode": "catmullrom"
						}
					}
				},
				"bone25": {
					"rotation": {
						"0.0": {
							"post": [0, -10, 17.5],
							"lerp_mode": "catmullrom"
						}
					}
				},
				"bone24": {
					"rotation": {
						"0.0": {
							"post": [0, 15, 17.5],
							"lerp_mode": "catmullrom"
						}
					}
				}
			}
		},
		"animation.meditite.faint": {
			"animation_length": 6.2917,
			"bones": {
				"body": {
					"rotation": {
						"0.0": [0, 0, 0],
						"1.0417": {
							"pre": [0, 0, 0],
							"post": [0, 0, 0],
							"lerp_mode": "catmullrom"
						},
						"1.4583": {
							"post": [-55, 0, 0],
							"lerp_mode": "catmullrom"
						}
					},
					"position": {
						"0.0": {
							"post": [0, 0, 0],
							"lerp_mode": "catmullrom"
						},
						"1.0417": {
							"post": [0, 0, 0],
							"lerp_mode": "catmullrom"
						},
						"1.4583": {
							"post": [0, -5, 0],
							"lerp_mode": "catmullrom"
						}
					}
				},
				"bone2": {
					"rotation": {
						"0.0": {
							"post": [-84.76484, 34.1141, -2.18883],
							"lerp_mode": "catmullrom"
						},
						"0.3333": {
							"post": [-29.76484, 34.1141, -2.18883],
							"lerp_mode": "catmullrom"
						},
						"0.625": {
							"post": [-29.76484, 34.1141, -2.18883],
							"lerp_mode": "catmullrom"
						},
						"1.4583": {
							"post": [-57.26484, 34.1141, -2.18883],
							"lerp_mode": "catmullrom"
						}
					}
				},
				"bone10": {
					"rotation": {
						"0.0": {
							"post": [3.7791, -2.29296, -100.15767],
							"lerp_mode": "catmullrom"
						},
						"0.3333": {
							"post": [51.80295, -3.05291, 5.0032],
							"lerp_mode": "catmullrom"
						},
						"0.625": {
							"post": [51.80295, -3.05291, 5.0032],
							"lerp_mode": "catmullrom"
						}
					},
					"position": {
						"0.0": [-0.75, 0, 0],
						"0.3333": [0, 0, 0],
						"0.625": [0, 0, 0]
					}
				},
				"bone11": {
					"rotation": {
						"0.0": {
							"post": [0, 0, -22.5],
							"lerp_mode": "catmullrom"
						},
						"0.3333": {
							"post": [0, 0, 5],
							"lerp_mode": "catmullrom"
						},
						"0.625": {
							"post": [0, 0, 5],
							"lerp_mode": "catmullrom"
						}
					},
					"position": {
						"0.0": {
							"post": [0, 0.5, 0],
							"lerp_mode": "catmullrom"
						}
					}
				},
				"bone16": {
					"rotation": {
						"0.0": {
							"post": [-83.85053, -25.63365, -1.24448],
							"lerp_mode": "catmullrom"
						},
						"0.3333": {
							"post": [-41.03624, -3.8981, -7.97502],
							"lerp_mode": "catmullrom"
						},
						"0.625": {
							"post": [-41.03624, -3.8981, -7.97502],
							"lerp_mode": "catmullrom"
						}
					}
				},
				"bone17": {
					"rotation": {
						"0.0": {
							"post": [3.49821, 0.06253, 94.76804],
							"lerp_mode": "catmullrom"
						},
						"0.3333": {
							"post": [29.42981, 1.28313, -3.97989],
							"lerp_mode": "catmullrom"
						},
						"0.625": {
							"post": [29.42981, 1.28313, -3.97989],
							"lerp_mode": "catmullrom"
						}
					},
					"position": {
						"0.0": [0.75, 0, 0],
						"0.3333": [0, 0, 0],
						"0.625": [0, 0, 0]
					}
				},
				"bone18": {
					"rotation": {
						"0.0": {
							"post": [0, 0, 22.5],
							"lerp_mode": "catmullrom"
						},
						"0.3333": {
							"post": [0, 0, 0],
							"lerp_mode": "catmullrom"
						},
						"0.625": {
							"post": [0, 0, 0],
							"lerp_mode": "catmullrom"
						}
					},
					"position": {
						"0.0": {
							"post": [0, 0.5, 0],
							"lerp_mode": "catmullrom"
						}
					}
				},
				"whole": {
					"rotation": {
						"0.0": {
							"post": [0, 0, 0],
							"lerp_mode": "catmullrom"
						},
						"0.2917": {
							"post": [-15, 0, 0],
							"lerp_mode": "catmullrom"
						},
						"1.0833": {
							"post": [-15, 0, 0],
							"lerp_mode": "catmullrom"
						},
						"1.4583": {
							"post": [-30, 0, 0],
							"lerp_mode": "catmullrom"
						},
						"1.5833": {
							"post": [-20, 0, 0],
							"lerp_mode": "catmullrom"
						},
						"1.7083": {
							"post": [-30, 0, 0],
							"lerp_mode": "catmullrom"
						}
					}
				},
				"torso": {
					"rotation": {
						"0.0": {
							"post": [15, 0, 0],
							"lerp_mode": "catmullrom"
						}
					}
				},
				"head": {
					"rotation": {
						"0.0": {
							"post": [0, 0, 0],
							"lerp_mode": "catmullrom"
						},
						"0.125": {
							"post": [7.07959, 4.93801, -1.60478],
							"lerp_mode": "catmullrom"
						},
						"0.2917": {
							"post": [-18.29388, 16.66577, -5.41615],
							"lerp_mode": "catmullrom"
						}
					}
				},
				"eyelid_left": {
					"position": {
						"0.0": [0, 0, 0],
						"0.2917": {"pre": [0, 0, 0], "post": [0, 0, -1]}
					}
				},
				"eyelid_right": {
					"position": {
						"0.0": [0, 0, 0],
						"0.2917": {"pre": [0, 0, 0], "post": [0, 0, -1]}
					}
				},
				"arm_right": {
					"rotation": {
						"0.0": {
							"post": [-120.48618, -24.29037, -38.0753],
							"lerp_mode": "catmullrom"
						},
						"0.2917": {
							"post": [-37.49067, -12.36505, -24.09994],
							"lerp_mode": "catmullrom"
						},
						"0.625": {
							"post": [-37.49067, -12.36505, -24.09994],
							"lerp_mode": "catmullrom"
						},
						"0.9167": {
							"post": [-37.10719, -4.42232, -42.65401],
							"lerp_mode": "catmullrom"
						},
						"2.0417": {
							"post": [-31.33239, 25.26139, -46.56084],
							"lerp_mode": "catmullrom"
						}
					}
				},
				"bone26": {
					"rotation": {
						"0.0": {
							"post": [0, 0, -37.5],
							"lerp_mode": "catmullrom"
						},
						"0.9167": {
							"post": [15, -32.5, -37.5],
							"lerp_mode": "catmullrom"
						}
					}
				},
				"bone27": {
					"rotation": {
						"0.0": {
							"post": [0, 0, -27.5],
							"lerp_mode": "catmullrom"
						},
						"0.2917": {
							"post": [37.5, 0, -27.5],
							"lerp_mode": "catmullrom"
						},
						"1.0": {
							"post": [37.5, 0, -27.5],
							"lerp_mode": "catmullrom"
						},
						"2.0417": {
							"post": [102.3679, 0, -27.5],
							"lerp_mode": "catmullrom"
						}
					}
				},
				"bone28": {
					"rotation": {
						"0.0": {
							"post": [0.0235, -4.56456, -5.46003],
							"lerp_mode": "catmullrom"
						}
					}
				},
				"bone29": {
					"rotation": {
						"0.0": {
							"post": [0, 20, -15],
							"lerp_mode": "catmullrom"
						}
					}
				},
				"bone30": {
					"rotation": {
						"0.0": {
							"post": [0, -7.5, -15],
							"lerp_mode": "catmullrom"
						}
					}
				},
				"arm_left": {
					"rotation": {
						"0.0": {
							"post": [-127.60754, 42.47539, 42.29499],
							"lerp_mode": "catmullrom"
						},
						"0.2917": {
							"post": [-52.1772, 29.59285, 20.96478],
							"lerp_mode": "catmullrom"
						},
						"0.625": {
							"post": [-52.1772, 29.59285, 20.96478],
							"lerp_mode": "catmullrom"
						},
						"0.9167": {
							"post": [-46.43866, 16.46021, 37.1288],
							"lerp_mode": "catmullrom"
						},
						"2.0417": {
							"post": [-41.98781, -19.92766, 48.60896],
							"lerp_mode": "catmullrom"
						}
					}
				},
				"bone3": {
					"rotation": {
						"0.0": {
							"post": [1.91757, 4.61854, 22.57734],
							"lerp_mode": "catmullrom"
						},
						"0.9167": {
							"post": [7.10233, 24.60651, 23.29858],
							"lerp_mode": "catmullrom"
						}
					}
				},
				"bone22": {
					"rotation": {
						"0.0": {
							"post": [0, 0, 20],
							"lerp_mode": "catmullrom"
						},
						"0.2917": {
							"post": [35, 0, 20],
							"lerp_mode": "catmullrom"
						},
						"1.0": {
							"post": [35, 0, 20],
							"lerp_mode": "catmullrom"
						},
						"2.0417": {
							"post": [94.70959, 0, 20],
							"lerp_mode": "catmullrom"
						}
					}
				},
				"bone23": {
					"rotation": {
						"0.0": {
							"post": [25.26795, 13.54818, 30.40531],
							"lerp_mode": "catmullrom"
						}
					}
				},
				"bone25": {
					"rotation": {
						"0.0": {
							"post": [0, -17.5, 20],
							"lerp_mode": "catmullrom"
						}
					}
				},
				"bone24": {
					"rotation": {
						"0.0": {
							"post": [0, 15, 22.5],
							"lerp_mode": "catmullrom"
						}
					}
				}
			}
		}
	}
}