{
  "implemented": "true",
  "name": "Iron Valiant",
  "nationalPokedexNumber": 1006,
  "primaryType": "fairy",
  "secondaryType": "fighting",
  "abilities": ["quarkdrive"],
  "baseStats": {
    "hp": 74,
    "attack": 130,
    "defence": 90,
    "special_attack": 120,
    "special_defence": 60,
    "speed": 116
  },
  "catchRate": 10,
  "maleRatio": -1,
  "baseExperienceYield": 295,
  "baseFriendship": 0,
  "evYield": {
    "hp": 0,
    "attack": 3,
    "defence": 0,
    "special_attack": 0,
    "special_defence": 0,
    "speed": 0
  },
  "experienceGroup": "slow",
  "eggCycles": 50,
  "eggGroups": ["undiscovered"],
  "moves": [
    "1:disable",
    "1:doubleteam",
    "1:electricterrain",
    "1:furycutter",
    "1:shadowsneak",
    "7:hypnosis",
    "14:feint",
    "21:futuresight",
    "28:dazzlinggleam",
    "35:psychocut",
    "42:nightslash",
    "49:leafblade",
    "56:moonblast",
    "63:closecombat",
    "70:knockoff",
    "77:destinybond",
    "84:quickguard",
    "84:wideguard",
    "91:spiritbreak",
    "tm:aerialace",
    "tm:agility",
    "tm:aurasphere",
    "tm:brickbreak",
    "tm:calmmind",
    "tm:chargebeam",
    "tm:closecombat",
    "tm:coaching",
    "tm:confuseray",
    "tm:dazzlinggleam",
    "tm:drainpunch",
    "tm:electricterrain",
    "tm:encore",
    "tm:endure",
    "tm:energyball",
    "tm:expandingforce",
    "tm:falseswipe",
    "tm:firepunch",
    "tm:fling",
    "tm:focusblast",
    "tm:futuresight",
    "tm:gigaimpact",
    "tm:grassknot",
    "tm:helpinghand",
    "tm:hex",
    "tm:hyperbeam",
    "tm:hypervoice",
    "tm:icepunch",
    "tm:icywind",
    "tm:imprison",
    "tm:knockoff",
    "tm:lightscreen",
    "tm:liquidation",
    "tm:lowkick",
    "tm:magicalleaf",
    "tm:metronome",
    "tm:mistyterrain",
    "tm:poisonjab",
    "tm:protect",
    "tm:psybeam",
    "tm:psychic",
    "tm:psychicterrain",
    "tm:psychup",
    "tm:psyshock",
    "tm:reflect",
    "tm:rest",
    "tm:reversal",
    "tm:shadowball",
    "tm:shadowclaw",
    "tm:skillswap",
    "tm:sleeptalk",
    "tm:storedpower",
    "tm:substitute",
    "tm:swift",
    "tm:swordsdance",
    "tm:taunt",
    "tm:terablast",
    "tm:throatchop",
    "tm:thunderbolt",
    "tm:thunderpunch",
    "tm:thunderwave",
    "tm:trick",
    "tm:trickroom",
    "tm:vacuumwave",
    "tm:xscissor",
    "tm:zenheadbutt"
  ],
  "labels": ["gen9", "paradox"],
  "aspects": [],
  "height": 14,
  "weight": 350,
  "evolutions": [],
  "cannotDynamax": false,
  "pokedex": ["cobblemon.species.ironvaliant.desc"]
}
