{
    "implemented": true,
    "name": "Ogerpon",
    "nationalPokedexNumber": 1017,
    "primaryType": "grass",
    "abilities": [
      "defiant"
    ],
    "drops": {
      "amount": 4,
      "entries": [
        {
          "item": "cobblemon:rare_candy",
          "quantityRange": "5-10"
        },
        {
          "item": "cobblemon:miracle_seed",
          "percentage": 50.0
        },
        {
          "item": "cobblemon:ability_capsule",
          "percentage": 25.0
        },
        {
          "item": "cobblemon:ability_patch",
          "percentage": 5.0
        }
      ]
    },
    "baseStats": {
      "hp": 80,
      "attack": 120,
      "defence": 84,
      "special_attack": 60,
      "special_defence": 96,
      "speed": 110
    },
    "catchRate": 5,
    "maleRatio": 0,
    "baseExperienceYield": 0,
    "baseFriendship": 0,
    "evYield": {
      "hp": 0,
      "attack": 3,
      "defence": 0,
      "special_attack": 0,
      "special_defence": 0,
      "speed": 0
    },
    "experienceGroup": "slow",
    "eggCycles": 50,
    "eggGroups": [
      "undiscovered"
    ],
    "features": [
      "teal",
      "cornerstone",
      "hearthflame",
      "wellspring"
    ],
    "moves": [
      "1:counter",
      "1:doublekick",
      "1:followme",
      "1:hornleech",
      "1:leechseed",
      "1:quickattack",
      "1:retaliate",
      "1:vinewhip",
      "6:focusenergy",
      "12:growth",
      "18:slam",
      "24:lowsweep",
      "30:ivycudgel",
      "36:throatchop",
      "42:synthesis",
      "48:spikyshield",
      "54:powerwhip",
      "60:superpower",
      "66:woodhammer",
      "tm:brickbreak",
      "tm:bulletseed",
      "tm:charm",
      "tm:encore",
      "tm:endure",
      "tm:energyball",
      "tm:facade",
      "tm:falseswipe",
      "tm:fling",
      "tm:gigadrain",
      "tm:gigaimpact",
      "tm:grassknot",
      "tm:grassyglide",
      "tm:grassyterrain",
      "tm:helpinghand",
      "tm:knockoff",
      "tm:lashout",
      "tm:leafstorm",
      "tm:lowkick",
      "tm:lowsweep",
      "tm:magicalleaf",
      "tm:playrough",
      "tm:protect",
      "tm:raindance",
      "tm:rest",
      "tm:reversal",
      "tm:rocktomb",
      "tm:sandstorm",
      "tm:scaryface",
      "tm:seedbomb",
      "tm:sleeptalk",
      "tm:solarbeam",
      "tm:solarblade",
      "tm:spikes",
      "tm:stompingtantrum",
      "tm:substitute",
      "tm:sunnyday",
      "tm:swordsdance",
      "tm:takedown",
      "tm:taunt",
      "tm:terablast",
      "tm:throatchop",
      "tm:trailblaze",
      "tm:uturn",
      "tm:zenheadbutt"
    ],
    "labels": [
      "gen9"
    ],
    "aspects": [],
    "height": 12,
    "weight": 398,
    "baseScale": 0.6,
    "hitbox": {
        "width": 1.0,
        "height": 1.0,
        "fixed": false
    },
    "evolutions": [
      {
        "id": "ogerpon_ogerponteal",
        "variant": "level_up",
        "result": "ogerpon teal=true",
        "consumeHeldItem": false,
        "learnableMoves": [],
        "requirements": [
    {
        "variant": "held_item",
        "itemCondition": "minecraft:cyan_dye"
    }
  ]
},
{
          "id": "ogerpon_ogerponwellspring",
          "variant": "level_up",
          "result": "ogerpon wellspring=true",
          "consumeHeldItem": false,
          "learnableMoves": [],
    "requirements": [
    {
        "variant": "held_item",
        "itemCondition": "minecraft:blue_dye"
    }
   ]
  },
{
          "id": "ogerpon_ogerponhearthflame",
          "variant": "level_up",
          "result": "ogerpon hearthflame=true",
          "consumeHeldItem": false,
          "learnableMoves": [],
    "requirements": [
    {
        "variant": "held_item",
        "itemCondition": "minecraft:red_dye"
    }
      ]
  },
{
          "id": "ogerpon_ogerponcornerstone",
          "variant": "level_up",
          "result": "ogerpon cornerstone=true",
          "consumeHeldItem": false,
          "learnableMoves": [],
    "requirements": [
    {
        "variant": "held_item",
        "itemCondition": "minecraft:gray_dye"
    }
  ]
}
], 
    "cannotDynamax": false,
    "pokedex": [
      "cobblemon.species.ogerpon.desc"
    ],
    "behaviour": {
      "resting": {
          "canSleep": true,
          "depth": "normal",
          "light": "0-4"
      },
      "moving": {
          "canLook": false,
          "walk": {
              "canWalk": true,
              "avoidsLand": false
          },
          "swim": {
              "swimSpeed": 0.1,
              "canSwimInWater": true,
              "canBreatheUnderwater": false
          }
      }
  },
  
    "forms": [
      {
        "name": "Wellspring",
        "primaryType": "grass",
        "secondaryType": "water",
        "abilities": [
          "waterabsorb"
        ],
        "baseStats": {
          "hp": 80,
          "attack": 120,
          "defence": 84,
          "special_attack": 60,
          "special_defence": 96,
          "speed": 110
        },
        "catchRate": 5,
        "maleRatio": 0,
        "baseExperienceYield": 0,
        "baseFriendship": 0,
        "evYield": {
          "hp": 0,
          "attack": 3,
          "defence": 0,
          "special_attack": 0,
          "special_defence": 0,
          "speed": 0
        },
        "experienceGroup": "slow",
        "eggCycles": 50,
        "eggGroups": [
          "undiscovered"
        ],
        "labels": [
          "gen9"
        ],
        "aspects": [
          "wellspring"
        ],
        "height": 12,
        "weight": 398,
        "evolutions": [
          {
            "id": "ogerponwellspring_ogerpon",
            "variant": "level_up",
            "result": "ogerpon wellspring=false",
            "consumeHeldItem": false,
            "learnableMoves": [],
            "requirements": [
        {
            "variant": "held_item",
            "itemCondition": "minecraft:blue_dye"
        }
      ]
    }
  ],
        "cannotDynamax": false,
        "battleOnly": false
      },
      {
        "name": "Hearthflame",
        "primaryType": "grass",
        "secondaryType": "fire",
        "abilities": [
          "moldbreaker"
        ],
        "baseStats": {
          "hp": 80,
          "attack": 120,
          "defence": 84,
          "special_attack": 60,
          "special_defence": 96,
          "speed": 110
        },
        "catchRate": 5,
        "maleRatio": 0,
        "baseExperienceYield": 0,
        "baseFriendship": 0,
        "evYield": {
          "hp": 0,
          "attack": 3,
          "defence": 0,
          "special_attack": 0,
          "special_defence": 0,
          "speed": 0
        },
        "experienceGroup": "slow",
        "eggCycles": 50,
        "eggGroups": [
          "undiscovered"
        ],
        "labels": [
          "gen9"
        ],
        "aspects": [
          "hearthflame"
        ],
        "height": 12,
        "weight": 398,
        "evolutions": [
          {
            "id": "ogerponhearthflame_ogerpon",
            "variant": "level_up",
            "result": "ogerpon hearthflame=false",
            "consumeHeldItem": false,
            "learnableMoves": [],
            "requirements": [
        {
            "variant": "held_item",
            "itemCondition": "minecraft:red_dye"
        }
      ]
    }
  ],
        "cannotDynamax": false,
        "battleOnly": false
      },
      {
        "name": "Cornerstone",
        "primaryType": "grass",
        "secondaryType": "rock",
        "abilities": [
          "sturdy"
        ],
        "baseStats": {
          "hp": 80,
          "attack": 120,
          "defence": 84,
          "special_attack": 60,
          "special_defence": 96,
          "speed": 110
        },
        "catchRate": 5,
        "maleRatio": 0,
        "baseExperienceYield": 0,
        "baseFriendship": 0,
        "evYield": {
          "hp": 0,
          "attack": 3,
          "defence": 0,
          "special_attack": 0,
          "special_defence": 0,
          "speed": 0
        },
        "experienceGroup": "slow",
        "eggCycles": 50,
        "eggGroups": [
          "undiscovered"
        ],
        "labels": [
          "gen9"
        ],
        "aspects": [
          "cornerstone"
        ],
        "height": 12,
        "weight": 398,
        "evolutions": [
          {
            "id": "ogerponcornerstone_ogerpon",
            "variant": "level_up",
            "result": "ogerpon cornerstone=false",
            "consumeHeldItem": false,
            "learnableMoves": [],
            "requirements": [
        {
            "variant": "held_item",
            "itemCondition": "minecraft:gray_dye"
        }
      ]
    }
  ],
        "cannotDynamax": false,
        "battleOnly": false
      },
      {
        "name": "Teal",
        "primaryType": "grass",
        "abilities": [
          "defiant"
        ],
        "baseStats": {
          "hp": 80,
          "attack": 120,
          "defence": 84,
          "special_attack": 60,
          "special_defence": 96,
          "speed": 110
        },
        "catchRate": 5,
        "maleRatio": 0,
        "baseExperienceYield": 0,
        "baseFriendship": 0,
        "evYield": {
          "hp": 0,
          "attack": 3,
          "defence": 0,
          "special_attack": 0,
          "special_defence": 0,
          "speed": 0
        },
        "experienceGroup": "slow",
        "eggCycles": 50,
        "eggGroups": [
          "undiscovered"
        ],
        "labels": [
          "gen9"
        ],
        "aspects": [
          "teal"
        ],
        "height": 12,
        "weight": 398,
        "evolutions": [
          {
            "id": "ogerponteal_ogerpon",
            "variant": "level_up",
            "result": "ogerpon teal=false",
            "consumeHeldItem": false,
            "learnableMoves": [],
            "requirements": [
        {
            "variant": "held_item",
            "itemCondition": "minecraft:cyan_dye"
        }
      ]
    }
  ],
        "cannotDynamax": false,
        "battleOnly": false
      }
    ]
  }
  