{
	"format_version": "1.8.0",
	"animations": {
		"pose": {
			"loop": true,
			"bones": {
				"chest": {
					"rotation": [5.28605, -1.8169, -7.69305]
				},
				"neck": {
					"rotation": [0, -2.5, 7.5]
				},
				"head": {
					"rotation": [5, 0, 0]
				},
				"antenne_left": {
					"rotation": [-5, 0, -70]
				},
				"arm_left": {
					"rotation": [0, 15, 25]
				},
				"arm_left2": {
					"rotation": [0, 0, 47.5]
				},
				"arm_left3": {
					"rotation": [0, 0, 80]
				},
				"finger_left": {
					"rotation": [0, 0, -57.5]
				},
				"finger_left3": {
					"rotation": [0, 0, -57.5]
				},
				"belly": {
					"rotation": [-2.5, 2.5, 0]
				},
				"antenne_left2": {
					"rotation": [0, 0, 27.5]
				},
				"antenne_left3": {
					"rotation": [0, 0, 65]
				},
				"antenne_left4": {
					"rotation": [0, 0, 35]
				},
				"antenne_left5": {
					"rotation": [0, 0, 12.5]
				},
				"antenne_left6": {
					"rotation": [0, 0, 12.5]
				},
				"antenne_left7": {
					"rotation": [0, 0, 5]
				},
				"antenne_left8": {
					"rotation": [0, 0, 10]
				},
				"antenne_right": {
					"rotation": [-7.5, 0, 70]
				},
				"antenne_right2": {
					"rotation": [0, 0, -30]
				},
				"antenne_right3": {
					"rotation": [0, 0, -57.5]
				},
				"antenne_right4": {
					"rotation": [0, 0, -32.5]
				},
				"antenne_right5": {
					"rotation": [0, 0, -17.5]
				},
				"antenne_right6": {
					"rotation": [0, 0, -15]
				},
				"antenne_right7": {
					"rotation": [0, 0, -10]
				},
				"antenne_right8": {
					"rotation": [0, 0, -10]
				},
				"hair": {
					"rotation": [-5, 0, 0]
				},
				"arm_right": {
					"rotation": [0, 0, -70]
				},
				"arm_right2": {
					"rotation": [0, 0, 5]
				},
				"arm_right3": {
					"rotation": [0, 0, 12.5]
				},
				"finger_right": {
					"rotation": [0, 0, -17.5]
				},
				"finger_right3": {
					"rotation": [0, 0, -30]
				},
				"leg_right": {
					"rotation": [4.5658, 12.66278, -1.4452]
				},
				"leg_right2": {
					"rotation": [2.5, 0, 0]
				},
				"leg_right3": {
					"rotation": [2.5, 0, 0]
				},
				"leg_right4": {
					"rotation": [-7.5, 0, 0]
				},
				"leg_left": {
					"rotation": [-12.68664, -9.76061, 2.18558]
				},
				"leg_left2": {
					"rotation": [0, 0, 5]
				},
				"leg_left3": {
					"rotation": [5, 0, -5]
				},
				"leg_left4": {
					"rotation": [7.49294, 0.32621, -2.47864]
				}
			}
		},
		"animation.pheromosa.ground_idle": {
			"loop": true,
			"animation_length": 4,
			"bones": {
				"chest": {
					"rotation": ["5.2861-math.sin(query.anim_time*90*2-20)*1", "-1.8169+math.sin(query.anim_time*90*1-20)*1", -7.69305]
				},
				"neck": {
					"rotation": ["0+math.sin(query.anim_time*90*2-40)*2", "-2.5+math.sin(query.anim_time*90*1-40)*1", 7.5]
				},
				"head": {
					"rotation": ["5-math.sin(query.anim_time*90*2-60)*4", "0-math.sin(query.anim_time*90*1-60)*4", 0]
				},
				"antenne_left": {
					"rotation": [-7.5, 0, "-70+math.sin(query.anim_time*90*2-100)*2"]
				},
				"arm_left": {
					"rotation": [0, 15, "25+math.cos(query.anim_time*90*2-130)*1-1"]
				},
				"arm_left2": {
					"rotation": [0, 0, 47.5]
				},
				"arm_left3": {
					"rotation": [0, 0, "80-math.cos(query.anim_time*90*2-150)*1+1"]
				},
				"finger_left": {
					"rotation": [0, 0, -57.5]
				},
				"finger_left3": {
					"rotation": [0, 0, -57.5]
				},
				"belly": {
					"rotation": ["-2.5+math.sin(query.anim_time*90*2-0)*2", "2.5+math.sin(query.anim_time*90*1-0)*1", 0]
				},
				"antenne_left2": {
					"rotation": [0, 0, "30+math.sin(query.anim_time*90*2-120)*2"]
				},
				"antenne_left3": {
					"rotation": [0, 0, "57.5-math.sin(query.anim_time*90*2-140)*2"]
				},
				"antenne_left4": {
					"rotation": [0, 0, "32.5-math.sin(query.anim_time*90*2-160)*1"]
				},
				"antenne_left5": {
					"rotation": [0, 0, "17.5-math.sin(query.anim_time*90*2-180)*1"]
				},
				"antenne_left6": {
					"rotation": [0, 0, "15+math.sin(query.anim_time*90*2-200)*1"]
				},
				"antenne_left7": {
					"rotation": [0, 0, "10+math.sin(query.anim_time*90*2-220)*1"]
				},
				"antenne_left8": {
					"rotation": [0, 0, "10+math.sin(query.anim_time*90*2-240)*1"]
				},
				"antenne_right": {
					"rotation": [-7.5, 0, "70-math.sin(query.anim_time*90*2-60)*2"]
				},
				"antenne_right2": {
					"rotation": [0, 0, "-30-math.sin(query.anim_time*90*2-80)*2"]
				},
				"antenne_right3": {
					"rotation": [0, 0, "-57.5+math.sin(query.anim_time*90*2-100)*2"]
				},
				"antenne_right4": {
					"rotation": [0, 0, "-32.5+math.sin(query.anim_time*90*2-120)*1"]
				},
				"antenne_right5": {
					"rotation": [0, 0, "-17.5+math.sin(query.anim_time*90*2-140)*1"]
				},
				"antenne_right6": {
					"rotation": [0, 0, "-15-math.sin(query.anim_time*90*2-160)*1"]
				},
				"antenne_right7": {
					"rotation": [0, 0, "-10-math.sin(query.anim_time*90*2-180)*1"]
				},
				"antenne_right8": {
					"rotation": [0, 0, "-10-math.sin(query.anim_time*90*2-200)*1"]
				},
				"hair": {
					"rotation": ["-5-math.sin(query.anim_time*90*2-80)*0.5", 0, 0]
				},
				"arm_right": {
					"rotation": [0, "0+math.sin(query.anim_time*90*2-40)*2", "-70-math.sin(query.anim_time*90*2-40)*2"]
				},
				"arm_right2": {
					"rotation": [0, "0+math.sin(query.anim_time*90*2-60)*2", "5+math.sin(query.anim_time*90*2-60)*4"]
				},
				"arm_right3": {
					"rotation": [0, 0, 12.5]
				},
				"finger_right": {
					"rotation": [0, 0, "-17.5+math.cos(query.anim_time*90*2-170)*2-2"]
				},
				"finger_right3": {
					"rotation": [0, 0, "-30+math.cos(query.anim_time*90*2-170)*2-2"]
				},
				"leg_right": {
					"rotation": [4.5658, 12.66278, -1.4452],
					"position": [0, "0-math.cos(query.anim_time*90*2-0)*0.1+0.1", 0]
				},
				"leg_right2": {
					"rotation": [2.5, 0, 0]
				},
				"leg_right3": {
					"rotation": [2.5, 0, 0],
					"position": [0, "0-math.cos(query.anim_time*90*2-0)*0.1+0.1", 0]
				},
				"leg_right4": {
					"rotation": [-7.5, 0, 0],
					"position": [0, "0-math.cos(query.anim_time*90*2-0)*0.1+0.1", 0]
				},
				"leg_left": {
					"rotation": [-12.68664, -9.76061, 2.18558],
					"position": [0, "0-math.cos(query.anim_time*90*2-0)*0.1+0.1", 0]
				},
				"leg_left2": {
					"rotation": [0, 0, 5]
				},
				"leg_left3": {
					"rotation": [5, 0, -5],
					"position": [0, "0-math.cos(query.anim_time*90*2-0)*0.1+0.1", 0]
				},
				"leg_left4": {
					"rotation": [7.49294, 0.32621, -2.47864],
					"position": [0, "0-math.cos(query.anim_time*90*2-0)*0.1+0.1", 0]
				},
				"body": {
					"position": [0, "0+math.cos(query.anim_time*90*2-0)*0.3-0.3", 0]
				},
				"hair2": {
					"rotation": ["2.5-math.sin(query.anim_time*90*2-100)*0.5", 0, 0]
				},
				"hair3": {
					"rotation": ["-math.sin(query.anim_time*90*2-120)*1", 0, 0]
				},
				"hair4": {
					"rotation": ["2.5-math.sin(query.anim_time*90*2-140)*1", 0, 0]
				},
				"hair5": {
					"rotation": ["10-math.sin(query.anim_time*90*2-160)*1.5", 0, 0]
				},
				"finger_right2": {
					"rotation": [0, 0, "0+math.cos(query.anim_time*90*2-190)*4-4"]
				},
				"finger_right4": {
					"rotation": [0, 0, "0+math.cos(query.anim_time*90*2-190)*4-4"]
				}
			}
		},
		"animation.pheromosa.ground_walk": {
			"loop": true,
			"animation_length": 2,
			"bones": {
				"chest": {
					"rotation": ["5.2861-math.sin(query.anim_time*90*8-20)*1", "-1.8169-math.sin(query.anim_time*90*4-20)*1", -7.69305]
				},
				"neck": {
					"rotation": ["0+math.sin(query.anim_time*90*8-40)*2", "-2.5-math.sin(query.anim_time*90*4-40)*1", 7.5]
				},
				"head": {
					"rotation": ["5-math.sin(query.anim_time*90*8-60)*4", "0+math.sin(query.anim_time*90*4-60)*4", 0]
				},
				"antenne_left": {
					"rotation": [-7.5, "0+math.sin(query.anim_time*90*8-100)*5", "-70+math.sin(query.anim_time*90*8-100)*2"]
				},
				"arm_left": {
					"rotation": [0, 15, "25+math.cos(query.anim_time*90*4-130)*1-1"]
				},
				"arm_left2": {
					"rotation": [0, 0, 47.5]
				},
				"arm_left3": {
					"rotation": [0, 0, "80-math.cos(query.anim_time*90*4-150)*1+1"]
				},
				"finger_left": {
					"rotation": [0, 0, -57.5]
				},
				"finger_left3": {
					"rotation": [0, 0, -57.5]
				},
				"belly": {
					"rotation": ["-2.5+math.sin(query.anim_time*90*8-0)*2", "2.5-math.sin(query.anim_time*90*4-0)*4", 0],
					"position": [0, "math.sin(query.anim_time*90*8-0)*0.3", 0]
				},
				"antenne_left2": {
					"rotation": [0, 0, "30+math.sin(query.anim_time*90*8-120)*2"]
				},
				"antenne_left3": {
					"rotation": [0, 0, "57.5-math.sin(query.anim_time*90*8-140)*2"]
				},
				"antenne_left4": {
					"rotation": [0, 0, "32.5-math.sin(query.anim_time*90*8-160)*1"]
				},
				"antenne_left5": {
					"rotation": [0, 0, "17.5-math.sin(query.anim_time*90*8-180)*1"]
				},
				"antenne_left6": {
					"rotation": [0, 0, "15+math.sin(query.anim_time*90*8-200)*1"]
				},
				"antenne_left7": {
					"rotation": [0, 0, "10+math.sin(query.anim_time*90*8-220)*1"]
				},
				"antenne_left8": {
					"rotation": [0, 0, "10+math.sin(query.anim_time*90*8-240)*1"]
				},
				"antenne_right": {
					"rotation": [-7.5, "0-math.sin(query.anim_time*90*8-60)*5", "70-math.sin(query.anim_time*90*8-60)*2"]
				},
				"antenne_right2": {
					"rotation": [0, 0, "-30-math.sin(query.anim_time*90*8-80)*2"]
				},
				"antenne_right3": {
					"rotation": [0, 0, "-57.5+math.sin(query.anim_time*90*8-100)*2"]
				},
				"antenne_right4": {
					"rotation": [0, 0, "-32.5+math.sin(query.anim_time*90*8-120)*1"]
				},
				"antenne_right5": {
					"rotation": [0, 0, "-17.5+math.sin(query.anim_time*90*8-140)*1"]
				},
				"antenne_right6": {
					"rotation": [0, 0, "-15-math.sin(query.anim_time*90*8-160)*1"]
				},
				"antenne_right7": {
					"rotation": [0, 0, "-10-math.sin(query.anim_time*90*8-180)*1"]
				},
				"antenne_right8": {
					"rotation": [0, 0, "-10-math.sin(query.anim_time*90*8-200)*1"]
				},
				"hair": {
					"rotation": ["-10-math.sin(query.anim_time*90*8-80)*0.5", 0, 0]
				},
				"arm_right": {
					"rotation": [0, "0+math.sin(query.anim_time*90*4-40)*4", "-70-math.sin(query.anim_time*90*4-40)*2"]
				},
				"arm_right2": {
					"rotation": [0, "0+math.sin(query.anim_time*90*4-60)*6", "5+math.sin(query.anim_time*90*4-60)*4"]
				},
				"arm_right3": {
					"rotation": [0, 0, 12.5]
				},
				"finger_right": {
					"rotation": [0, 0, "-17.5+math.cos(query.anim_time*90*4-170)*2-2"]
				},
				"finger_right3": {
					"rotation": [0, 0, "-30+math.cos(query.anim_time*90*4-170)*2-2"]
				},
				"leg_right": {
					"rotation": ["-math.sin(query.anim_time*90*4-0)*15", 0, "0+math.clamp(-math.cos(query.anim_time*90*4+180)*3,0,3)"],
					"position": [0, "math.clamp(-math.cos(query.anim_time*90*4+180)*2,0,2)", 0]
				},
				"leg_right2": {
					"rotation": [0, 0, 0]
				},
				"leg_right3": {
					"rotation": ["0+math.sin(query.anim_time*90*4-0)*5", 0, 0]
				},
				"leg_right4": {
					"rotation": ["-math.sin(query.anim_time*90*4-180)*5+math.clamp(-math.cos(query.anim_time*90*4+180)*30+0,0,30)", 0, 0],
					"position": [0, "math.clamp(-math.cos(query.anim_time*90*4+180)*0.5,0,0.5)", 0]
				},
				"leg_left": {
					"rotation": ["math.sin(query.anim_time*90*4-0)*15", 0, "-math.clamp(-math.cos(query.anim_time*90*4+0)*3,0,3)"],
					"position": [0, "math.clamp(-math.cos(query.anim_time*90*4+0)*2,0,2)", 0]
				},
				"leg_left2": {
					"rotation": [0, 0, 0]
				},
				"leg_left3": {
					"rotation": [0, 0, 0]
				},
				"leg_left4": {
					"rotation": ["-math.sin(query.anim_time*90*4-0)*5+math.clamp(-math.cos(query.anim_time*90*4+0)*30+0,0,30)", 0, 0],
					"position": [0, "math.clamp(-math.cos(query.anim_time*90*4+0)*0.5,0,0.5)", 0]
				},
				"hair2": {
					"rotation": ["math.sin(query.anim_time*90*8-100)*0.5", 0, 0]
				},
				"hair3": {
					"rotation": ["10-math.sin(query.anim_time*90*8-120)*0.5", 0, 0]
				},
				"hair4": {
					"rotation": ["22.5+math.sin(query.anim_time*90*8-140)*1", 0, 0]
				},
				"hair5": {
					"rotation": ["22.5-math.sin(query.anim_time*90*8-160)*5", 0, 0]
				},
				"finger_right2": {
					"rotation": [0, 0, "0+math.cos(query.anim_time*90*4-190)*4-4"]
				},
				"finger_right4": {
					"rotation": [0, 0, "0+math.cos(query.anim_time*90*4-190)*4-4"]
				},
				"leg_right5": {
					"rotation": ["-math.sin(query.anim_time*90*4-180)*5+math.clamp(-math.cos(query.anim_time*90*4+180)*20,0,20)", 0, 0]
				},
				"leg_right6": {
					"rotation": ["-math.sin(query.anim_time*90*4-180)*5+math.clamp(-math.cos(query.anim_time*90*4+180)*20,0,20)", 0, 0]
				},
				"leg_left5": {
					"rotation": ["-math.sin(query.anim_time*90*4-0)*5+math.clamp(-math.cos(query.anim_time*90*4+0)*20,0,20)", 0, 0]
				},
				"leg_left6": {
					"rotation": ["-math.sin(query.anim_time*90*4-0)*5+math.clamp(-math.cos(query.anim_time*90*4+0)*20,0,20)", 0, 0]
				}
			}
		}
	}
}