{
	"format_version": "1.12.0",
	"minecraft:geometry": [
		{
			"description": {
				"identifier": "geometry.unknown",
				"texture_width": 128,
				"texture_height": 128,
				"visible_bounds_width": 3,
				"visible_bounds_height": 2.5,
				"visible_bounds_offset": [0, 0.75, 0]
			},
			"bones": [
				{
					"name": "body",
					"pivot": [0, 0, 0]
				},
				{
					"name": "torso",
					"parent": "body",
					"pivot": [-0.18686, 8.93398, -0.89379],
					"cubes": [
						{"origin": [-6.67291, 2.73459, -10.40075], "size": [13, 12, 19], "uv": [0, 27]}
					]
				},
				{
					"name": "backfur",
					"parent": "torso",
					"pivot": [-1.67291, 10.23459, 0.59925],
					"cubes": [
						{"origin": [-7.67291, 5.65959, -6.40075], "size": [15, 5, 16], "pivot": [-1.67291, 10.23459, 0.59925], "rotation": [-6.25, 0, 0], "uv": [49, 43]},
						{"origin": [-7.67291, 10.65959, -11.40075], "size": [15, 5, 21], "pivot": [-1.67291, 10.23459, 0.59925], "rotation": [-6.25, 0, 0], "uv": [0, 0]}
					]
				},
				{
					"name": "bush",
					"parent": "backfur",
					"pivot": [-0.17291, 17.89202, 3.86291]
				},
				{
					"name": "bone4",
					"parent": "bush",
					"pivot": [-0.17291, 17.89202, 3.86291],
					"rotation": [2.5, 0, 0],
					"cubes": [
						{"origin": [-6.67291, 16.93556, -2.28591], "size": [6, 2, 8], "pivot": [-6.67291, 17.93556, 0.71409], "rotation": [-5.3148, -37.4798, 0.54845], "uv": [62, 65]},
						{"origin": [0.32709, 16.93556, -2.28591], "size": [6, 2, 8], "pivot": [6.32709, 17.93556, 0.71409], "rotation": [-5.3148, 37.4798, -0.54845], "uv": [33, 65]},
						{"origin": [-3.17291, 16.59151, 1.25449], "size": [6, 2, 8], "pivot": [-0.17291, 17.97927, 3.25639], "rotation": [-1.5, 0, 0], "uv": [64, 0]},
						{"origin": [-6.92291, 19.01651, -4.83098], "size": [6, 2, 8], "pivot": [-0.17291, 17.97927, -3.05789], "rotation": [-24.79642, 29.08731, -12.65814], "uv": [12, 59]},
						{"origin": [0.57709, 19.04151, -4.83098], "size": [6, 2, 8], "pivot": [-0.17291, 17.97927, -3.05789], "rotation": [-24.79642, -29.08731, 12.65814], "uv": [46, 27]}
					]
				},
				{
					"name": "bone3",
					"parent": "bush",
					"pivot": [-0.17291, 17.24202, -0.96441],
					"rotation": [-17.5, 0, 0],
					"cubes": [
						{"origin": [-6.67291, 16.28556, -2.81558], "size": [6, 2, 8], "pivot": [-6.67291, 17.28556, 2.18442], "rotation": [5.3148, 37.4798, 0.54845], "uv": [15, 76]},
						{"origin": [0.32709, 16.28556, -2.81558], "size": [6, 2, 8], "pivot": [6.32709, 17.28556, 2.18442], "rotation": [5.3148, -37.4798, -0.54845], "uv": [67, 30]},
						{"origin": [-3.17291, 16.41651, -6.35598], "size": [6, 2, 8], "pivot": [-0.17291, 17.32927, -0.35789], "rotation": [1.5, 0, 0], "uv": [67, 19]}
					]
				},
				{
					"name": "bone2",
					"parent": "bush",
					"pivot": [6.32709, 16.67837, 3.90771],
					"rotation": [-9.75, 0, 0],
					"cubes": [
						{"origin": [-6.67291, 15.32837, 1.90771], "size": [6, 2, 8], "pivot": [-6.67291, 16.32837, 3.90771], "rotation": [-5, -32.5, 0], "uv": [85, 3]},
						{"origin": [0.32709, 15.32837, 1.90771], "size": [6, 2, 8], "pivot": [6.32709, 16.32837, 3.90771], "rotation": [-5, 32.5, 0], "uv": [73, 76]},
						{"origin": [-3.17291, 15.67837, 4.41306], "size": [6, 2, 8], "pivot": [-0.17291, 15.67837, 1.41306], "rotation": [-2.5, 0, 0], "uv": [44, 76]}
					]
				},
				{
					"name": "bone",
					"parent": "bush",
					"pivot": [6.32709, 16.65337, -0.80921],
					"rotation": [-13.25, 0, 0],
					"cubes": [
						{"origin": [1.32709, 15.57837, -6.80921], "size": [4, 2, 9], "pivot": [6.32709, 16.57837, -0.80921], "rotation": [4.51711, -21.03927, 1.06675], "uv": [56, 87]},
						{"origin": [-5.67291, 15.57837, -6.80921], "size": [4, 2, 9], "pivot": [-6.67291, 16.57837, -0.80921], "rotation": [4.51711, 21.03927, -1.06675], "uv": [29, 87]},
						{"origin": [-3.17291, 15.52837, -9.31456], "size": [6, 2, 8], "pivot": [-0.17291, 15.65337, 1.68544], "rotation": [4.5, 0, 0], "uv": [0, 87]}
					]
				},
				{
					"name": "nostral",
					"parent": "torso",
					"pivot": [-1.67291, 0.73459, 8.84925],
					"cubes": [
						{"origin": [-4.67291, 4.73459, -12.15075], "size": [9, 3, 2], "uv": [0, 78]},
						{"origin": [-2.67291, 5.73459, -13.15075], "size": [5, 2, 1], "uv": [46, 38]}
					]
				},
				{
					"name": "nose",
					"parent": "nostral",
					"pivot": [-0.17291, 7.23459, -13.65075],
					"cubes": [
						{"origin": [-0.67291, 6.73459, -14.15075], "size": [1, 1, 1], "uv": [5, 18]}
					]
				},
				{
					"name": "eye",
					"parent": "torso",
					"pivot": [-0.99791, -0.26541, 0.37425]
				},
				{
					"name": "eye_right",
					"parent": "eye",
					"pivot": [-4.57291, 9.90959, -10.31775],
					"cubes": [
						{"origin": [-5.69791, 8.18459, -10.42575], "size": [2, 3, 0], "uv": [13, 15], "mirror": true},
						{"origin": [-5.19791, 8.60959, -10.45075], "size": [1, 2, 0], "uv": [0, 0], "mirror": true},
						{"origin": [-4.82291, 9.93459, -10.57675], "size": [1, 1, 1], "inflate": -0.125, "uv": [0, 18], "mirror": true}
					]
				},
				{
					"name": "eyelid_r",
					"parent": "eye_right",
					"pivot": [-0.99791, -0.26541, 0.39925],
					"cubes": [
						{"origin": [-5.69791, 8.18459, -10.40075], "size": [2, 3, 0], "uv": [1, 99], "mirror": true}
					]
				},
				{
					"name": "eye_left",
					"parent": "eye",
					"pivot": [4.22709, 9.90959, -10.31775],
					"cubes": [
						{"origin": [3.35209, 8.18459, -10.42575], "size": [2, 3, 0], "uv": [13, 15]},
						{"origin": [3.85209, 8.60959, -10.45075], "size": [1, 2, 0], "uv": [0, 0]},
						{"origin": [3.47709, 9.93459, -10.57675], "size": [1, 1, 1], "inflate": -0.125, "uv": [0, 18]}
					]
				},
				{
					"name": "eyelid_l",
					"parent": "eye_left",
					"pivot": [4.35209, 9.68459, -10.40075],
					"cubes": [
						{"origin": [3.35209, 8.18459, -10.40075], "size": [2, 3, 0], "uv": [1, 99], "mirror": true}
					]
				},
				{
					"name": "flower_right",
					"parent": "torso",
					"pivot": [-8.19492, 11.86069, -5.63669]
				},
				{
					"name": "leave2",
					"parent": "flower_right",
					"pivot": [-8.04937, 12.46917, -5.58453],
					"cubes": [
						{"origin": [-7.97291, 7.84807, -4.40132], "size": [0, 7, 11], "pivot": [-7.97291, 11.33459, -3.15075], "rotation": [-5.76225, -3.73111, 0.37624], "uv": [52, 0], "mirror": true},
						{"origin": [-7.84791, 5.55383, -8.34639], "size": [0, 7, 11], "pivot": [-7.84791, 8.44968, -4.35131], "rotation": [-43, 0, 0], "uv": [52, 0], "mirror": true}
					]
				},
				{
					"name": "flower2",
					"parent": "flower_right",
					"pivot": [-7.89791, 11.75056, -5.55675],
					"cubes": [
						{"origin": [-7.82291, 11.73459, -7.55075], "size": [0, 7, 4], "pivot": [-7.89791, 11.75959, -5.57575], "rotation": [0, 0, -2.5], "uv": [96, 38], "mirror": true},
						{"origin": [-7.97291, 11.73459, -8.07575], "size": [0, 7, 4], "pivot": [-7.97291, 11.65959, -5.57575], "rotation": [-62.39118, -3.68425, -3.38262], "uv": [96, 38], "mirror": true},
						{"origin": [-7.97291, 10.73459, -8.07575], "size": [0, 7, 4], "pivot": [-7.97291, 11.65959, -5.57575], "rotation": [-125.02718, -5.52878, -1.68956], "uv": [96, 38], "mirror": true},
						{"origin": [-7.97291, 11.73459, -7.07575], "size": [0, 7, 4], "pivot": [-7.97291, 11.65959, -5.57575], "rotation": [62.39118, 3.68425, -3.38262], "uv": [96, 38], "mirror": true},
						{"origin": [-7.97291, 10.73459, -7.07575], "size": [0, 7, 4], "pivot": [-7.97291, 11.65959, -5.57575], "rotation": [125.02718, 5.52878, -1.68956], "uv": [96, 38], "mirror": true},
						{"origin": [-8.24791, 10.33459, -7.55075], "size": [0, 4, 4], "pivot": [-8.24791, 12.33459, -5.55075], "rotation": [-45, 0, 0], "uv": [52, 0], "mirror": true},
						{"origin": [-7.84791, 10.73459, -7.75075], "size": [0, 7, 4], "pivot": [-7.89791, 11.75959, -5.57575], "rotation": [180, 0, 2.5], "uv": [96, 38], "mirror": true}
					]
				},
				{
					"name": "flower_left",
					"parent": "torso",
					"pivot": [7.8491, 11.86069, -5.63669]
				},
				{
					"name": "leave",
					"parent": "flower_left",
					"pivot": [-0.89791, 13.88459, -7.00075],
					"cubes": [
						{"origin": [7.62709, 7.84807, -4.40132], "size": [0, 7, 11], "pivot": [7.62709, 11.33459, -3.15075], "rotation": [-5.76225, 3.73111, -0.37624], "uv": [52, 0]},
						{"origin": [7.50209, 5.55383, -8.34639], "size": [0, 7, 11], "pivot": [7.50209, 8.44968, -4.35131], "rotation": [-43, 0, 0], "uv": [52, 0]}
					]
				},
				{
					"name": "flower",
					"parent": "flower_left",
					"pivot": [7.55209, 11.75056, -5.55675],
					"cubes": [
						{"origin": [7.47709, 11.73459, -7.55075], "size": [0, 7, 4], "pivot": [7.55209, 11.75959, -5.57575], "rotation": [0, 0, 2.5], "uv": [96, 38]},
						{"origin": [7.62709, 11.73459, -8.07575], "size": [0, 7, 4], "pivot": [7.62709, 11.65959, -5.57575], "rotation": [-62.39118, 3.68425, 3.38262], "uv": [96, 38]},
						{"origin": [7.62709, 10.73459, -8.07575], "size": [0, 7, 4], "pivot": [7.62709, 11.65959, -5.57575], "rotation": [-125.02718, 5.52878, 1.68956], "uv": [96, 38]},
						{"origin": [7.62709, 11.73459, -7.07575], "size": [0, 7, 4], "pivot": [7.62709, 11.65959, -5.57575], "rotation": [62.39118, -3.68425, 3.38262], "uv": [96, 38]},
						{"origin": [7.62709, 10.73459, -7.07575], "size": [0, 7, 4], "pivot": [7.62709, 11.65959, -5.57575], "rotation": [125.02718, -5.52878, 1.68956], "uv": [96, 38]},
						{"origin": [7.90209, 10.33459, -7.55075], "size": [0, 4, 4], "pivot": [7.90209, 12.33459, -5.55075], "rotation": [45, 0, 0], "uv": [52, 0]},
						{"origin": [7.50209, 10.73459, -7.75075], "size": [0, 7, 4], "pivot": [7.55209, 11.75959, -5.57575], "rotation": [180, 0, -2.5], "uv": [96, 38]}
					]
				},
				{
					"name": "leg_back_right2",
					"parent": "body",
					"pivot": [-5.75, 4.5, 4.875],
					"cubes": [
						{"origin": [-7.25, 0, 3.5], "size": [3, 5, 3], "uv": [0, 0], "mirror": true},
						{"origin": [-6.75, 0, 3], "size": [2, 1, 1], "uv": [10, 0], "mirror": true}
					]
				},
				{
					"name": "leg_back_left2",
					"parent": "body",
					"pivot": [5.75, 4.5, 4.95],
					"cubes": [
						{"origin": [4.25, 0, 3.5], "size": [3, 5, 3], "uv": [0, 0]},
						{"origin": [4.75, 0, 3], "size": [2, 1, 1], "uv": [10, 0]}
					]
				},
				{
					"name": "leg_front_right",
					"parent": "body",
					"pivot": [-5.6, 4.5, -5.225],
					"cubes": [
						{"origin": [-7.1, 0, -6.75], "size": [3, 5, 3], "uv": [47, 87], "mirror": true},
						{"origin": [-6.6, 0, -7.25], "size": [2, 1, 1], "uv": [13, 12], "mirror": true}
					]
				},
				{
					"name": "leg_front_left",
					"parent": "body",
					"pivot": [5.225, 4.5, -5.5],
					"cubes": [
						{"origin": [3.725, 0, -6.75], "size": [3, 5, 3], "uv": [47, 87]},
						{"origin": [4.225, 0, -7.25], "size": [2, 1, 1], "uv": [13, 12]}
					]
				}
			]
		}
	]
}