{
  "target": "cobblemon:axew",
  "implemented": true,
  "baseScale": 0.7,
  "hitbox": {
    "width": 0.8,
    "height": 1,
    "fixed": false
  },
  "behaviour": {
    "resting": {
      "canSleep": true,
      "willSleepOnBed": true,
      "depth": "normal",
      "light": "0-4"
    },
    "moving": {
      "canLook": true,
      "walk": {
        "walkSpeed": 0.25,
        "canWalk": true
      },
      "swim": {
        "swimSpeed": 0.1,
        "canSwimInWater": false,
        "canBreatheUnderwater": false
      }
    }
  }
}
