{
  "target": "cobblemon:bisharp",
  "implemented": true,
  "baseScale": 0.85,
  "hitbox": {
    "width": 1,
    "height": 2.2,
    "fixed": false
  },
  "behaviour": {
    "moving": {
      "canLook": true,
      "walk": {
        "walkSpeed": 0.3,
        "canWalk": true,
        "avoidsLand": false
      },
      "fly": {
        "canFly": false
      },
      "swim": {
        "swimSpeed": 0.2,
        "canSwimInWater": false,
        "canBreatheUnderwater": false
      }
    }
  },
  "evolutions": [
    {
      "id": "bisharp_kingambit2",
      "variant": "level_up",
      "result": "kingambit",
      "consumeHeldItem": false,
      "learnableMoves": [
        "kowtowcleave"
      ],
      "requirements": [
        {
          "variant": "defeat",
          "target": "bisharp",
          "amount": 3
        }
      ]
    }
  ]
}
