{
  "target": "cobblemon:foongus",
  "baseScale": 0.4,
  "hitbox": {
    "width": 0.6,
    "height": 0.8,
    "fixed": false
    },
  "behaviour": {
    "resting": {
      "canSleep": true,
      "depth": "normal",
      "light": "0-4"
      },
    "moving": {
      "canLook": true,
      "walk": {
        "walkSpeed": 0.13,
        "canWalk": true,
        "avoidsLand": false
       },
      "swim": {
        "swimSpeed": 0.1,
        "canSwimInWater": false,
        "canBreatheUnderwater": false
        }
     }
   }
}
