{
  "target": "cobblemon:terrakion",
  "implemented": true,
  "baseScale": 0.9,
  "drops": {
    "amount": 5,
	"entries": [
	  {
		"item": "cobblemon:rare_candy",
		"quantityRange": "3-6"
      },
	  {
		"item": "cobblemon:hard_stone",
		"percentage": 50.0
	  },
	  {
		"item": "cobblemon:black_belt",
		"percentage": 50.0
	  },
	  {
	    "item": "cobblemon:ability_capsule",
		"percentage": 25.0
	  },
	  {
	    "item": "cobblemon:ability_patch",
		"percentage": 5.0
	  }
    ]
  }
}
