{
  "target": "cobblemon:thundurus",
  "implemented": true,
  "baseScale": 1.0,
  "hitbox": {
    "width": 1.5,
    "height": 2.5,
    "fixed": false
  },
  "behaviour": {
    "moving": {
      "canLook": true,
      "walk": {
        "walkSpeed": 0.6,
        "canWalk": true,
        "avoidsLand": false
        },
      "fly": {
        "canFly": true
      },
      "swim": {
        "swimSpeed": 0.2,
        "canSwimInWater": false,
        "canBreatheUnderwater": false
      }
    }
  },
  "drops": {
    "amount": 5,
    "entries": [
      {
        "item": "cobblemon:rare_candy",
        "quantityRange": "3-6"
      },
      {
        "item": "cobblemon:magnet",
        "percentage": 50.0
      },
      {
        "item": "cobblemon:sharp_beak",
        "percentage": 50.0
      },
      {
        "item": "cobblemon:ability_capsule",
        "percentage": 25.0
      },
      {
        "item": "cobblemon:ability_patch",
        "percentage": 5.0
      }
    ]
  }
}
