{
  "target": "cobblemon:virizion",
  "implemented": true,
  "baseScale": 1,
  "hitbox": {
    "width": 1.3,
    "height": 2.4,
    "fixed": false
  },
  "drops": {
    "amount": 5,
	"entries": [
	  {
		"item": "cobblemon:rare_candy",
		"quantityRange": "3-6"
      },
	  {
		"item": "cobblemon:miracle_seed",
		"percentage": 50.0
	  },
	  {
		"item": "cobblemon:black_belt",
		"percentage": 50.0
	  },
	  {
	    "item": "cobblemon:ability_capsule",
		"percentage": 25.0
	  },
	  {
	    "item": "cobblemon:ability_patch",
		"percentage": 5.0
	  }
    ]
  }
}
