{
	"format_version": "1.12.0",
	"minecraft:geometry": [
		{
			"description": {
				"identifier": "geometry.drapion",
				"texture_width": 128,
				"texture_height": 128,
				"visible_bounds_width": 5,
				"visible_bounds_height": 3.5,
				"visible_bounds_offset": [0, 1.25, 0]
			},
			"bones": [
				{
					"name": "drapion",
					"pivot": [0, 0, 0]
				},
				{
					"name": "body",
					"parent": "drapion",
					"pivot": [0, 0, 0]
				},
				{
					"name": "torso",
					"parent": "body",
					"pivot": [0, 5.25, 0],
					"cubes": [
						{"origin": [-6, 4.5, 4], "size": [12, 8, 4], "uv": [0, 34]},
						{"origin": [-6, 4.5, -8], "size": [12, 8, 4], "uv": [32, 34]},
						{"origin": [-7, 3.5, -5], "size": [14, 10, 10], "uv": [0, 0]}
					]
				},
				{
					"name": "bone3",
					"parent": "torso",
					"pivot": [0, 6.4, -7.9],
					"rotation": [-40, 0, 0]
				},
				{
					"name": "bone6",
					"parent": "bone3",
					"pivot": [0, 6.51007, -8.03547],
					"cubes": [
						{"origin": [-3.5, 6.51007, -12.06047], "size": [7, 5, 4], "inflate": 0.15, "uv": [22, 59]}
					]
				},
				{
					"name": "bone5",
					"parent": "bone6",
					"pivot": [0, 6.51007, -12.03547],
					"cubes": [
						{"origin": [-3.5, 6.51007, -16.16047], "size": [7, 5, 4], "inflate": 0.075, "uv": [54, 55]}
					]
				},
				{
					"name": "bone4",
					"parent": "bone5",
					"pivot": [0, 11.51007, -16.03547],
					"cubes": [
						{"origin": [-3.5, 6.51007, -20.21047], "size": [7, 5, 4], "uv": [54, 46]}
					]
				},
				{
					"name": "bone29",
					"parent": "bone4",
					"pivot": [0, 11.51007, -20.16047],
					"cubes": [
						{"origin": [-3.5, 6.51007, -24.16047], "size": [7, 5, 4], "inflate": -0.05, "uv": [0, 53]}
					]
				},
				{
					"name": "head",
					"parent": "bone29",
					"pivot": [0, 11.51007, -24.03547],
					"rotation": [40, 0, 0],
					"cubes": [
						{"origin": [-6, 8.51007, -33.03547], "size": [12, 5, 9], "uv": [0, 20]},
						{"origin": [-6, 5.51007, -28.03547], "size": [12, 3, 4], "uv": [0, 46]},
						{"origin": [2.5, 6.58507, -33.06047], "size": [1, 2, 0], "uv": [30, 57]},
						{"origin": [-3.5, 6.61007, -33.06047], "size": [1, 2, 0], "uv": [60, 32]},
						{"origin": [-2, 11.01007, -34.03547], "size": [1, 1, 1], "uv": [56, 32]},
						{"origin": [1, 11.01007, -34.03547], "size": [1, 1, 1], "uv": [22, 57]},
						{"origin": [-0.5, 13.51007, -29.03547], "size": [1, 1, 1], "uv": [26, 57]}
					]
				},
				{
					"name": "bone",
					"parent": "head",
					"pivot": [0, 7.76007, -28.53547],
					"cubes": [
						{"origin": [-6, 5.51007, -33.03547], "size": [12, 3, 5], "inflate": -0.025, "uv": [42, 20]},
						{"origin": [1, 7.83507, -33.06047], "size": [1, 2, 0], "uv": [20, 62]},
						{"origin": [-2, 7.83507, -33.06047], "size": [1, 2, 0], "uv": [20, 64]},
						{"origin": [-0.5, 7.83507, -33.06047], "size": [1, 2, 0], "uv": [62, 32]}
					]
				},
				{
					"name": "arm_right",
					"parent": "head",
					"pivot": [-5.7, 9.26007, -28.03547],
					"cubes": [
						{"origin": [-10.7, 7.01007, -32.03547], "size": [4, 6, 7], "uv": [48, 0]},
						{"origin": [-11.1, 8.01007, -30.53547], "size": [2, 4, 4], "inflate": 0.1, "uv": [52, 82]},
						{"origin": [-8.1, 8.01007, -30.53547], "size": [2, 4, 4], "inflate": 0.1, "uv": [64, 82]},
						{"origin": [-10.2, 13.01007, -31.03547], "size": [3, 4, 5], "uv": [76, 46], "mirror": true}
					]
				},
				{
					"name": "arm_right2",
					"parent": "arm_right",
					"pivot": [-11.2, 11.51007, -28.53547],
					"cubes": [
						{"origin": [-14.7, 7.51007, -31.03547], "size": [3, 5, 5], "uv": [64, 64], "mirror": true},
						{"origin": [-15.2, 8.01007, -30.53547], "size": [1, 4, 4], "uv": [92, 46]},
						{"origin": [-12.2, 8.01007, -30.53547], "size": [1, 4, 4], "uv": [92, 54]},
						{"origin": [-14.2, 11.51007, -30.03547], "size": [2, 4, 3], "uv": [0, 97]}
					]
				},
				{
					"name": "arm_right3",
					"parent": "arm_right2",
					"pivot": [-15.2, 11.26007, -28.53547],
					"cubes": [
						{"origin": [-18.7, 7.51007, -31.03547], "size": [3, 5, 5], "inflate": 0.025, "uv": [20, 68], "mirror": true},
						{"origin": [-19.2, 8.01007, -30.53547], "size": [1, 4, 4], "inflate": 0.025, "uv": [94, 18]},
						{"origin": [-16.2, 8.01007, -30.53547], "size": [1, 4, 4], "inflate": 0.025, "uv": [94, 34]},
						{"origin": [-18.2, 11.51007, -30.03547], "size": [2, 4, 3], "uv": [10, 97]}
					]
				},
				{
					"name": "arm_right4",
					"parent": "arm_right3",
					"pivot": [-19.2, 11.01007, -28.53547],
					"cubes": [
						{"origin": [-22.7, 7.51007, -31.03547], "size": [3, 5, 5], "uv": [70, 0], "mirror": true},
						{"origin": [-20.2, 8.01007, -30.53547], "size": [1, 4, 4], "uv": [94, 62]},
						{"origin": [-23.2, 8.01007, -30.53547], "size": [1, 4, 4], "uv": [84, 95]},
						{"origin": [-22.2, 11.51007, -30.03547], "size": [2, 4, 3], "uv": [20, 98]}
					]
				},
				{
					"name": "bone9",
					"parent": "arm_right4",
					"pivot": [-23.2, 11.51007, -28.53547],
					"cubes": [
						{"origin": [-28.175, 7.51007, -31.03547], "size": [5, 5, 5], "inflate": -0.025, "uv": [64, 28]}
					]
				},
				{
					"name": "bone10",
					"parent": "bone9",
					"pivot": [-25.65, 9.76007, -26.88547],
					"rotation": [0, -35, 0],
					"cubes": [
						{"origin": [-26.95, 9.01007, -26.88547], "size": [2, 2, 4], "uv": [94, 95]},
						{"origin": [-27.175, 9.01007, -24.26047], "size": [2, 2, 4], "inflate": -0.125, "pivot": [-26.175, 9.01007, -23.26047], "rotation": [0, -62.5, 0], "uv": [96, 0]}
					]
				},
				{
					"name": "bone11",
					"parent": "bone9",
					"pivot": [-25.65, 9.76007, -30.18547],
					"rotation": [0, 35, 0],
					"cubes": [
						{"origin": [-26.95, 9.01007, -34.18547], "size": [2, 2, 4], "uv": [96, 6]},
						{"origin": [-27.25, 9.01007, -36.81047], "size": [2, 2, 4], "inflate": -0.125, "pivot": [-26.25, 9.01007, -33.81047], "rotation": [0, 62.5, 0], "uv": [96, 12]}
					]
				},
				{
					"name": "arm_left",
					"parent": "head",
					"pivot": [5.725, 9.26007, -28.53547],
					"cubes": [
						{"origin": [6.725, 7.01007, -32.03547], "size": [4, 6, 7], "uv": [48, 0], "mirror": true},
						{"origin": [9.125, 8.01007, -30.53547], "size": [2, 4, 4], "inflate": 0.1, "uv": [82, 38]},
						{"origin": [6.125, 8.01007, -30.53547], "size": [2, 4, 4], "inflate": 0.1, "uv": [76, 82]},
						{"origin": [7.225, 13.01007, -31.03547], "size": [3, 4, 5], "uv": [76, 46]}
					]
				},
				{
					"name": "arm_left2",
					"parent": "arm_left",
					"pivot": [11.225, 11.51007, -28.53547],
					"cubes": [
						{"origin": [11.725, 7.51007, -31.03547], "size": [3, 5, 5], "uv": [64, 64]},
						{"origin": [14.225, 8.01007, -30.53547], "size": [1, 4, 4], "uv": [88, 71]},
						{"origin": [11.225, 8.01007, -30.53547], "size": [1, 4, 4], "uv": [88, 87]},
						{"origin": [12.225, 11.51007, -30.03547], "size": [2, 4, 3], "uv": [48, 96]}
					]
				},
				{
					"name": "arm_left3",
					"parent": "arm_left2",
					"pivot": [15.225, 11.26007, -28.53547],
					"cubes": [
						{"origin": [15.725, 7.51007, -31.03547], "size": [3, 5, 5], "inflate": 0.025, "uv": [20, 68]},
						{"origin": [18.225, 8.01007, -30.53547], "size": [1, 4, 4], "inflate": 0.025, "uv": [88, 79]},
						{"origin": [15.225, 8.01007, -30.53547], "size": [1, 4, 4], "inflate": 0.025, "uv": [0, 89]},
						{"origin": [16.225, 11.51007, -30.03547], "size": [2, 4, 3], "uv": [58, 96]}
					]
				},
				{
					"name": "arm_left4",
					"parent": "arm_left3",
					"pivot": [19.225, 11.01007, -28.53547],
					"cubes": [
						{"origin": [19.725, 7.51007, -31.03547], "size": [3, 5, 5], "uv": [70, 0]},
						{"origin": [19.225, 8.01007, -30.53547], "size": [1, 4, 4], "uv": [28, 90]},
						{"origin": [22.225, 8.01007, -30.53547], "size": [1, 4, 4], "inflate": -0.025, "uv": [38, 90]},
						{"origin": [20.225, 11.51007, -30.03547], "size": [2, 4, 3], "uv": [68, 96]}
					]
				},
				{
					"name": "bone2",
					"parent": "arm_left4",
					"pivot": [23.225, 11.51007, -28.28547],
					"cubes": [
						{"origin": [23.2, 7.51007, -31.03547], "size": [5, 5, 5], "inflate": -0.025, "uv": [0, 62]}
					]
				},
				{
					"name": "bone8",
					"parent": "bone2",
					"pivot": [25.675, 9.76007, -26.88547],
					"rotation": [0, 35, 0],
					"cubes": [
						{"origin": [24.975, 9.01007, -26.88547], "size": [2, 2, 4], "uv": [72, 90]},
						{"origin": [25.2, 9.01007, -24.26047], "size": [2, 2, 4], "inflate": -0.125, "pivot": [26.2, 9.01007, -23.26047], "rotation": [0, 62.5, 0], "uv": [10, 91]}
					]
				},
				{
					"name": "bone7",
					"parent": "bone2",
					"pivot": [25.675, 9.76007, -30.18547],
					"rotation": [0, -35, 0],
					"cubes": [
						{"origin": [24.975, 9.01007, -34.18547], "size": [2, 2, 4], "uv": [48, 90]},
						{"origin": [25.275, 9.01007, -36.81047], "size": [2, 2, 4], "inflate": -0.125, "pivot": [26.275, 9.01007, -33.81047], "rotation": [0, -62.5, 0], "uv": [60, 90]}
					]
				},
				{
					"name": "bone31",
					"parent": "head",
					"pivot": [-4.5, 11.51007, -33.06047],
					"cubes": [
						{"origin": [-5.82385, 9.61414, -33.06047], "size": [3, 6, 0], "pivot": [-4.82385, 11.61414, -33.06047], "rotation": [0, 0, -17.5], "uv": [78, 96]}
					]
				},
				{
					"name": "bone37",
					"parent": "bone31",
					"pivot": [-4.32385, 11.11414, -33.11047],
					"cubes": [
						{"origin": [-4.82385, 10.61414, -33.11047], "size": [1, 1, 0], "uv": [46, 63]}
					]
				},
				{
					"name": "bone30",
					"parent": "head",
					"pivot": [4.5, 11.51007, -33.06047],
					"cubes": [
						{"origin": [2.5, 9.51007, -33.06047], "size": [3, 6, 0], "pivot": [4.5, 11.51007, -33.06047], "rotation": [0, 0, 17.5], "uv": [30, 78]}
					]
				},
				{
					"name": "bone36",
					"parent": "bone30",
					"pivot": [4, 11.01007, -33.11047],
					"cubes": [
						{"origin": [3.5, 10.51007, -33.11047], "size": [1, 1, 0], "uv": [44, 63]}
					]
				},
				{
					"name": "bone35",
					"parent": "head",
					"pivot": [6.725, 8.46007, -33.53547],
					"cubes": [
						{"origin": [4.48931, 6.51007, -33.92019], "size": [0, 4, 5], "pivot": [4.75, 8.01007, -28.78547], "rotation": [0, -25, 0], "uv": [86, 9]},
						{"origin": [6.70591, 6.51007, -36.50701], "size": [0, 4, 3], "pivot": [6.725, 8.46007, -33.53547], "rotation": [0, -65, 0], "uv": [22, 91]}
					]
				},
				{
					"name": "bone34",
					"parent": "head",
					"pivot": [-6.725, 8.46007, -33.53547],
					"cubes": [
						{"origin": [-4.48931, 6.51007, -33.92019], "size": [0, 4, 5], "pivot": [-4.75, 8.01007, -28.78547], "rotation": [0, 25, 0], "uv": [86, 0]},
						{"origin": [-6.70591, 6.51007, -36.50701], "size": [0, 4, 3], "pivot": [-6.725, 8.46007, -33.53547], "rotation": [0, 65, 0], "uv": [62, 13]}
					]
				},
				{
					"name": "bone12",
					"parent": "torso",
					"pivot": [-0.25, 8.75, 8],
					"cubes": [
						{"origin": [-2, 7, 8.5], "size": [4, 4, 3], "uv": [48, 13]},
						{"origin": [-1.5, 11, 9], "size": [3, 2, 2], "uv": [22, 53]},
						{"origin": [-1.5, 7.25, 8], "size": [3, 3, 1], "inflate": 0.025, "uv": [56, 28]},
						{"origin": [-1.5, 7.25, 11], "size": [3, 3, 1], "inflate": 0.025, "uv": [36, 68]}
					]
				},
				{
					"name": "bone13",
					"parent": "bone12",
					"pivot": [-0.25, 7.5, 12],
					"cubes": [
						{"origin": [-2, 7, 12.5], "size": [4, 4, 3], "uv": [16, 78]},
						{"origin": [-1.5, 11, 13], "size": [3, 2, 2], "uv": [44, 59]},
						{"origin": [-1.5, 7.25, 12], "size": [3, 3, 1], "uv": [44, 84]},
						{"origin": [-1.5, 7.25, 15], "size": [3, 3, 1], "uv": [98, 90]}
					]
				},
				{
					"name": "bone14",
					"parent": "bone13",
					"pivot": [-0.25, 7.5, 16],
					"cubes": [
						{"origin": [-2, 7, 16.5], "size": [4, 4, 3], "uv": [80, 64]},
						{"origin": [-1.5, 11, 17], "size": [3, 2, 2], "uv": [84, 34]},
						{"origin": [-1.5, 7.25, 16], "size": [3, 3, 1], "inflate": 0.025, "uv": [94, 101]},
						{"origin": [-1.5, 7.25, 19], "size": [3, 3, 1], "inflate": 0.025, "uv": [30, 102]}
					]
				},
				{
					"name": "bone15",
					"parent": "bone14",
					"pivot": [-0.25, 7.5, 20],
					"cubes": [
						{"origin": [-2, 7, 20.5], "size": [4, 4, 3], "uv": [16, 78]},
						{"origin": [-1.5, 11, 21], "size": [3, 2, 2], "uv": [44, 59]},
						{"origin": [-1.5, 7.25, 20], "size": [3, 3, 1], "uv": [38, 102]},
						{"origin": [-1.5, 7.25, 23], "size": [3, 3, 1], "uv": [102, 46]}
					]
				},
				{
					"name": "bone16",
					"parent": "bone15",
					"pivot": [-0.5, 8.425, 24.25],
					"cubes": [
						{"origin": [-2.5, 6.425, 24], "size": [5, 5, 5], "uv": [44, 64]}
					]
				},
				{
					"name": "bone32",
					"parent": "bone16",
					"pivot": [1.8, 8.675, 26.4],
					"rotation": [0, -35, 0],
					"cubes": [
						{"origin": [1.8, 7.925, 25.7], "size": [4, 2, 2], "uv": [94, 42]},
						{"origin": [4.425, 7.925, 25.925], "size": [4, 2, 2], "inflate": -0.125, "pivot": [5.425, 7.925, 26.925], "rotation": [0, -62.5, 0], "uv": [98, 26]}
					]
				},
				{
					"name": "bone33",
					"parent": "bone16",
					"pivot": [-1.95, 8.675, 26.85],
					"rotation": [0, 35, 0],
					"cubes": [
						{"origin": [-5.95, 7.925, 26.15], "size": [4, 2, 2], "uv": [30, 98]},
						{"origin": [-8.575, 7.925, 26.45], "size": [4, 2, 2], "inflate": -0.125, "pivot": [-5.575, 7.925, 27.45], "rotation": [0, 62.5, 0], "uv": [98, 30]}
					]
				},
				{
					"name": "right_leg_rear",
					"parent": "body",
					"pivot": [-5.75, 9, 4.75],
					"rotation": [0, 0, -42.5],
					"cubes": [
						{"origin": [-10.25, 5.75, 2.5], "size": [5, 4, 4], "uv": [64, 38], "mirror": true}
					]
				},
				{
					"name": "bone27",
					"parent": "right_leg_rear",
					"pivot": [-9.55, 9.2, 4.75],
					"cubes": [
						{"origin": [-14.05, 6.2, 3], "size": [4, 3, 3], "inflate": -0.075, "pivot": [-10.3, 9.2, 4.5], "rotation": [0, 0, -25], "uv": [42, 28], "mirror": true}
					]
				},
				{
					"name": "bone28",
					"parent": "bone27",
					"pivot": [-10.3, 9.2, 4.5],
					"cubes": [
						{"origin": [-15.75711, 5.24289, 3.5], "size": [3, 2, 2], "pivot": [-13.05, 6.95, 4.4], "rotation": [0, 0, -45], "uv": [98, 86]}
					]
				},
				{
					"name": "left_leg_rear",
					"parent": "body",
					"pivot": [5.75, 9, 4.75],
					"rotation": [0, 0, 42.5],
					"cubes": [
						{"origin": [5.25, 5.75, 2.5], "size": [5, 4, 4], "uv": [64, 38]}
					]
				},
				{
					"name": "bone21",
					"parent": "left_leg_rear",
					"pivot": [9.55, 9.2, 4.75],
					"cubes": [
						{"origin": [10.05, 6.2, 3], "size": [4, 3, 3], "inflate": -0.075, "pivot": [10.3, 9.2, 4.5], "rotation": [0, 0, 25], "uv": [42, 28]}
					]
				},
				{
					"name": "bone22",
					"parent": "bone21",
					"pivot": [10.3, 9.2, 4.5],
					"cubes": [
						{"origin": [12.75711, 5.24289, 3.5], "size": [3, 2, 2], "pivot": [13.05, 6.95, 4.4], "rotation": [0, 0, 45], "uv": [98, 78]}
					]
				},
				{
					"name": "right_leg_front",
					"parent": "body",
					"pivot": [-5.75, 9, -4.25],
					"rotation": [0, 0, -42.5],
					"cubes": [
						{"origin": [-10.25, 5.75, -6.5], "size": [5, 4, 4], "uv": [64, 38], "mirror": true}
					]
				},
				{
					"name": "bone24",
					"parent": "right_leg_front",
					"pivot": [-9.55, 9.2, -4.25],
					"cubes": [
						{"origin": [-14.05, 6.2, -6], "size": [4, 3, 3], "inflate": -0.075, "pivot": [-10.3, 9.2, -4.5], "rotation": [0, 0, -25], "uv": [42, 28], "mirror": true}
					]
				},
				{
					"name": "bone25",
					"parent": "bone24",
					"pivot": [-10.3, 9.2, -4.5],
					"cubes": [
						{"origin": [-15.75711, 5.24289, -5.5], "size": [3, 2, 2], "pivot": [-13.05, 6.95, -4.6], "rotation": [0, 0, -45], "uv": [98, 82]}
					]
				},
				{
					"name": "left_leg_front",
					"parent": "body",
					"pivot": [5.9, 9, -4.25],
					"rotation": [0, 0, 42.5],
					"cubes": [
						{"origin": [5.4, 5.75, -6.5], "size": [5, 4, 4], "uv": [64, 38]}
					]
				},
				{
					"name": "bone18",
					"parent": "left_leg_front",
					"pivot": [9.7, 9.2, -4.25],
					"cubes": [
						{"origin": [10.2, 6.2, -6], "size": [4, 3, 3], "inflate": -0.075, "pivot": [10.45, 9.2, -4.5], "rotation": [0, 0, 25], "uv": [42, 28]}
					]
				},
				{
					"name": "bone19",
					"parent": "bone18",
					"pivot": [10.45, 9.2, -4.5],
					"cubes": [
						{"origin": [12.90711, 5.24289, -5.5], "size": [3, 2, 2], "pivot": [13.2, 6.95, -4.6], "rotation": [0, 0, 45], "uv": [98, 74]}
					]
				}
			]
		}
	]
}