{
  "implemented": true,
  "nationalPokedexNumber": 898,
  "name": "Calyrex",
  "primaryType": "psychic",
  "secondaryType": "grass",
  "maleRatio": -1,
  "height": 11,
  "weight": 77,
  "pokedex": [
    "cobblemon.species.calyrex.desc"
  ],
  "labels": [
    "gen8",
    "legendary",
    "restricted"
  ],
  "aspects": [],
  "abilities": [
    "unnerve",
    "h:unnerve"
  ],
  "eggGroups": [
    "undiscovered"
  ],
  "baseStats": {
    "hp": 100,
    "attack": 80,
    "defence": 80,
    "special_attack": 80,
    "special_defence": 80,
    "speed": 80
  },
  "evYield": {
    "hp": 3,
    "attack": 0,
    "defence": 0,
    "special_attack": 0,
    "special_defence": 0,
    "speed": 0
  },
  "baseExperienceYield": 250,
  "experienceGroup": "slow",
  "catchRate": 3,
  "eggCycles": 120,
  "drops": {
    "amount": 5,
    "entries": [
      {
        "item": "cobblemon:rare_candy",
        "quantityRange": "3-6"
      },
      {
        "item": "minecraft:apple",
        "quantityRange": "6-11"
      },
      {
        "item": "minecraft:golden_apple",
        "quantityRange": "2-4"
      },
      {
        "item": "cobblemon:ability_capsule",
        "percentage": 25.0
      },
      {
        "item": "cobblemon:ability_patch",
        "percentage": 5.0
      }
    ]
  },
  "baseFriendship": 120,
  "baseScale": 0.7,
  "hitbox": {
    "width": 1,
    "height": 1,
    "fixed": false
  },
  "moves": [
    "1:pound",
    "1:megadrain",
    "1:confusion",
    "1:growth",
    "8:lifedew",
    "16:gigadrain",
    "24:psyshock",
    "32:helpinghand",
    "40:aromatherapy",
    "40:psychicterrain",
    "48:energyball",
    "56:psychic",
    "64:leechseed",
    "72:healpulse",
    "80:solarbeam",
    "88:futuresight",
    "tm:agility",
    "tm:allyswitch",
    "tm:batonpass",
    "tm:bodypress",
    "tm:bulletseed",
    "tm:calmmind",
    "tm:drainingkiss",
    "tm:encore",
    "tm:endure",
    "tm:energyball",
    "tm:expandingforce",
    "tm:facade",
    "tm:futuresight",
    "tm:gigadrain",
    "tm:gigaimpact",
    "tm:grassknot",
    "tm:grassyterrain",
    "tm:gravity",
    "tm:guardswap",
    "tm:helpinghand",
    "tm:hyperbeam",
    "tm:imprison",
    "tm:leafstorm",
    "tm:lightscreen",
    "tm:magicalleaf",
    "tm:magicroom",
    "tm:metronome",
    "tm:mudshot",
    "tm:payday",
    "tm:pollenpuff",
    "tm:powerswap",
    "tm:protect",
    "tm:psybeam",
    "tm:psychic",
    "tm:psychicterrain",
    "tm:psychup",
    "tm:psyshock",
    "tm:reflect",
    "tm:rest",
    "tm:round",
    "tm:safeguard",
    "tm:scaryface",
    "tm:seedbomb",
    "tm:skillswap",
    "tm:sleeptalk",
    "tm:snarl",
    "tm:snore",
    "tm:solarbeam",
    "tm:solarblade",
    "tm:speedswap",
    "tm:storedpower",
    "tm:substitute",
    "tm:sunnyday",
    "tm:swift",
    "tm:takedown",
    "tm:terablast",
    "tm:triattack",
    "tm:trick",
    "tm:trickroom",
    "tm:wonderroom",
    "tm:zenheadbutt",
    "tutor:allyswitch",
    "tutor:calmmind",
    "tutor:energyball",
    "tutor:expandingforce",
    "tutor:gigadrain",
    "tutor:gigaimpact",
    "tutor:gravity",
    "tutor:helpinghand",
    "tutor:hyperbeam",
    "tutor:magicalleaf",
    "tutor:magicroom",
    "tutor:psychic",
    "tutor:rest",
    "tutor:seedbomb",
    "tutor:skillswap",
    "tutor:sleeptalk",
    "tutor:snarl",
    "tutor:swift",
    "tutor:trick",
    "tutor:wonderroom",
    "tutor:zenheadbutt"
  ],
  "evolutions": [
    {
      "id": "calyrex_calyrexice",
      "variant": "level_up",
      "result": "calyrex king_steed=ice",
      "consumeHeldItem": true,
      "learnableMoves": ["glaciallance"],
      "requirements": [
        {
          "variant": "party_member",
          "target": "glastrier",
          "contains": "true"
        },
        {
          "variant": "held_item",
          "itemCondition": "minecraft:saddle"
        }
      ]
    },
    {
      "id": "calyrex_calyrexshadow",
      "variant": "level_up",
      "result": "calyrex king_steed=shadow",
      "consumeHeldItem": true,
      "learnableMoves": ["astralbarrage"],
      "requirements": [
        {
          "variant": "party_member",
          "target": "spectrier",
          "contains": "true"
        },
        {
          "variant": "held_item",
          "itemCondition": "minecraft:saddle"
        }
      ]
    }
  ],
  "forms": [
    {
      "name": "Ice",
      "primaryType": "psychic",
      "secondaryType": "ice",
      "maleRatio": -1,
      "height": 24,
      "weight": 8091,
      "baseScale": 1,
      "pokedex": [
        "cobblemon.species.calyrex-ice.desc"
      ],
      "labels": [
        "gen8",
        "legendary",
        "restricted"
      ],
      "aspects": [
        "ice-rider"
      ],
      "abilities": [
        "asoneglastrier",
        "h:asoneglastrier"
      ],
      "baseStats": {
        "hp": 100,
        "attack": 165,
        "defence": 150,
        "special_attack": 85,
        "special_defence": 130,
        "speed": 50
      },
      "evYield": {
        "hp": 0,
        "attack": 3,
        "defence": 0,
        "special_attack": 0,
        "special_defence": 0,
        "speed": 0
      },
      "baseExperienceYield": 340,
      "moves": [
        "1:glaciallance",
        "1:tackle",
        "1:tailwhip",
        "1:doublekick",
        "1:avalanche",
        "1:stomp",
        "1:torment",
        "1:mist",
        "1:iciclecrash",
        "1:takedown",
        "1:irondefense",
        "1:thrash",
        "1:taunt",
        "1:doubleedge",
        "1:swordsdance",
        "1:pound",
        "1:megadrain",
        "1:confusion",
        "1:growth",
        "8:lifedew",
        "16:gigadrain",
        "24:psyshock",
        "32:helpinghand",
        "40:aromatherapy",
        "40:psychicterrain",
        "48:energyball",
        "56:psychic",
        "64:leechseed",
        "72:healpulse",
        "80:solarbeam",
        "88:futuresight",
        "tm:agility",
        "tm:allyswitch",
        "tm:assurance",
        "tm:avalanche",
        "tm:batonpass",
        "tm:blizzard",
        "tm:bodypress",
        "tm:bodyslam",
        "tm:bulldoze",
        "tm:bulletseed",
        "tm:calmmind",
        "tm:closecombat",
        "tm:crunch",
        "tm:curse",
        "tm:doubleedge",
        "tm:drainingkiss",
        "tm:encore",
        "tm:endure",
        "tm:energyball",
        "tm:expandingforce",
        "tm:facade",
        "tm:futuresight",
        "tm:gigadrain",
        "tm:gigaimpact",
        "tm:grassknot",
        "tm:grassyterrain",
        "tm:gravity",
        "tm:guardswap",
        "tm:hail",
        "tm:heavyslam",
        "tm:helpinghand",
        "tm:highhorsepower",
        "tm:hyperbeam",
        "tm:icebeam",
        "tm:iciclespear",
        "tm:icywind",
        "tm:imprison",
        "tm:irondefense",
        "tm:lashout",
        "tm:leafstorm",
        "tm:lightscreen",
        "tm:magicalleaf",
        "tm:magicroom",
        "tm:megahorn",
        "tm:metronome",
        "tm:mudshot",
        "tm:outrage",
        "tm:payback",
        "tm:payday",
        "tm:pollenpuff",
        "tm:powerswap",
        "tm:protect",
        "tm:psybeam",
        "tm:psychic",
        "tm:psychicterrain",
        "tm:psychup",
        "tm:psyshock",
        "tm:reflect",
        "tm:rest",
        "tm:roar",
        "tm:round",
        "tm:safeguard",
        "tm:scaryface",
        "tm:seedbomb",
        "tm:skillswap",
        "tm:sleeptalk",
        "tm:smartstrike",
        "tm:snarl",
        "tm:snore",
        "tm:snowscape",
        "tm:solarbeam",
        "tm:solarblade",
        "tm:speedswap",
        "tm:stompingtantrum",
        "tm:storedpower",
        "tm:substitute",
        "tm:sunnyday",
        "tm:superpower",
        "tm:swift",
        "tm:swordsdance",
        "tm:takedown",
        "tm:taunt",
        "tm:terablast",
        "tm:throatchop",
        "tm:torment",
        "tm:trailblaze",
        "tm:triattack",
        "tm:trick",
        "tm:trickroom",
        "tm:uproar",
        "tm:wonderroom",
        "tm:zenheadbutt",
        "tutor:allyswitch",
        "tutor:bulldoze",
        "tutor:calmmind",
        "tutor:energyball",
        "tutor:expandingforce",
        "tutor:gigadrain",
        "tutor:gigaimpact",
        "tutor:gravity",
        "tutor:helpinghand",
        "tutor:highhorsepower",
        "tutor:hyperbeam",
        "tutor:icebeam",
        "tutor:icywind",
        "tutor:irondefense",
        "tutor:lashout",
        "tutor:magicalleaf",
        "tutor:magicroom",
        "tutor:megahorn",
        "tutor:outrage",
        "tutor:psychic",
        "tutor:rest",
        "tutor:seedbomb",
        "tutor:skillswap",
        "tutor:sleeptalk",
        "tutor:snarl",
        "tutor:stompingtantrum",
        "tutor:superpower",
        "tutor:swift",
        "tutor:throatchop",
        "tutor:trick",
        "tutor:wonderroom",
        "tutor:zenheadbutt"
      ],
      "evolutions": [],
      "battleOnly": false
    },
    {
      "name": "Shadow",
      "primaryType": "psychic",
      "secondaryType": "ghost",
      "maleRatio": -1,
      "height": 24,
      "weight": 536,
      "baseScale": 1,
      "pokedex": [
        "cobblemon.species.calyrex-shadow.desc"
      ],
      "labels": [
        "gen8",
        "legendary",
        "restricted"
      ],
      "aspects": [
        "shadow-rider"
      ],
      "abilities": [
        "asonespectrier",
        "h:asonespectrier"
      ],
      "baseStats": {
        "hp": 100,
        "attack": 85,
        "defence": 80,
        "special_attack": 165,
        "special_defence": 100,
        "speed": 150
      },
      "evYield": {
        "hp": 0,
        "attack": 0,
        "defence": 0,
        "special_attack": 3,
        "special_defence": 0,
        "speed": 0
      },
      "baseExperienceYield": 340,
      "moves": [
        "1:astralbarrage",
        "1:tackle",
        "1:tailwhip",
        "1:doublekick",
        "1:hex",
        "1:stomp",
        "1:confuseray",
        "1:haze",
        "1:shadowball",
        "1:takedown",
        "1:agility",
        "1:thrash",
        "1:disable",
        "1:doubleedge",
        "1:nastyplot",
        "1:pound",
        "1:megadrain",
        "1:confusion",
        "1:growth",
        "8:lifedew",
        "16:gigadrain",
        "24:psyshock",
        "32:helpinghand",
        "40:aromatherapy",
        "40:psychicterrain",
        "48:energyball",
        "56:psychic",
        "64:leechseed",
        "72:healpulse",
        "80:solarbeam",
        "88:futuresight",
        "tm:agility",
        "tm:allyswitch",
        "tm:assurance",
        "tm:batonpass",
        "tm:bodyslam",
        "tm:bulldoze",
        "tm:bulletseed",
        "tm:calmmind",
        "tm:confuseray",
        "tm:crunch",
        "tm:curse",
        "tm:darkpulse",
        "tm:doubleedge",
        "tm:drainingkiss",
        "tm:encore",
        "tm:endure",
        "tm:energyball",
        "tm:expandingforce",
        "tm:facade",
        "tm:foulplay",
        "tm:futuresight",
        "tm:gigadrain",
        "tm:gigaimpact",
        "tm:grassknot",
        "tm:grassyterrain",
        "tm:gravity",
        "tm:guardswap",
        "tm:haze",
        "tm:helpinghand",
        "tm:hex",
        "tm:hyperbeam",
        "tm:imprison",
        "tm:lashout",
        "tm:leafstorm",
        "tm:lightscreen",
        "tm:magicalleaf",
        "tm:magicroom",
        "tm:metronome",
        "tm:mudshot",
        "tm:nastyplot",
        "tm:nightshade",
        "tm:painsplit",
        "tm:payback",
        "tm:payday",
        "tm:phantomforce",
        "tm:pollenpuff",
        "tm:powerswap",
        "tm:protect",
        "tm:psybeam",
        "tm:psychic",
        "tm:psychicterrain",
        "tm:psychocut",
        "tm:psychup",
        "tm:psyshock",
        "tm:reflect",
        "tm:rest",
        "tm:round",
        "tm:safeguard",
        "tm:scaryface",
        "tm:seedbomb",
        "tm:shadowball",
        "tm:skillswap",
        "tm:sleeptalk",
        "tm:snarl",
        "tm:snore",
        "tm:solarbeam",
        "tm:solarblade",
        "tm:speedswap",
        "tm:stompingtantrum",
        "tm:storedpower",
        "tm:substitute",
        "tm:sunnyday",
        "tm:swift",
        "tm:takedown",
        "tm:taunt",
        "tm:terablast",
        "tm:triattack",
        "tm:trick",
        "tm:trickroom",
        "tm:uproar",
        "tm:willowisp",
        "tm:wonderroom",
        "tm:zenheadbutt",
        "tutor:allyswitch",
        "tutor:bulldoze",
        "tutor:calmmind",
        "tutor:darkpulse",
        "tutor:energyball",
        "tutor:expandingforce",
        "tutor:foulplay",
        "tutor:gigadrain",
        "tutor:gigaimpact",
        "tutor:gravity",
        "tutor:helpinghand",
        "tutor:hyperbeam",
        "tutor:lashout",
        "tutor:magicalleaf",
        "tutor:magicroom",
        "tutor:painsplit",
        "tutor:psychic",
        "tutor:psychocut",
        "tutor:rest",
        "tutor:seedbomb",
        "tutor:shadowball",
        "tutor:skillswap",
        "tutor:sleeptalk",
        "tutor:snarl",
        "tutor:stompingtantrum",
        "tutor:swift",
        "tutor:trick",
        "tutor:wonderroom",
        "tutor:zenheadbutt"
      ],
      "evolutions": [],
      "battleOnly": false
    }
  ]
}
