{
	"format_version": "1.8.0",
	"animations": {
		"animation.drednaw.new2": {
			"loop": true,
			"bones": {
				"neck": {
					"position": [0, 0, 2]
				},
				"head": {
					"rotation": [7.5, 0, 0]
				},
				"lowerjaw": {
					"rotation": [10, 0, 0]
				},
				"tail2": {
					"rotation": [7.5, 0, 0]
				},
				"tail3": {
					"rotation": [12.5, 0, 0]
				},
				"backlegleft": {
					"rotation": [-16.20707, -16.12902, 41.81649]
				},
				"backleftleg2": {
					"rotation": [0, 0, 27.5]
				},
				"backleftfoot": {
					"rotation": [0, 0, 22.5]
				},
				"backlegright": {
					"rotation": [-16.2071, 16.129, -41.8165]
				},
				"backrightleg2": {
					"rotation": [0, 0, -27.5]
				},
				"backrightfoot": {
					"rotation": [0, 0, -22.5]
				},
				"frontlegleft": {
					"rotation": [36.20399, 51.7101, 43.00307]
				},
				"frontlegleft2": {
					"rotation": [0, 0, 27.5]
				},
				"fontfootleft": {
					"rotation": [0, 0, 37.5]
				},
				"frontlegright": {
					"rotation": [36.204, -51.71005, -43.00309]
				},
				"frontlegright2": {
					"rotation": [0, 0, -27.5]
				},
				"fontfootright": {
					"rotation": [0, 0, -37.5]
				}
			}
		},
		"animation.drednaw.ground_idle": {
			"loop": true,
			"bones": {
				"neck": {
					"rotation": ["math.sin(q.anim_time *90-90)*3", 0, 0],
					"position": [0, 0, 2]
				},
				"head": {
					"rotation": ["7.5+math.sin(q.anim_time *90-150)*2", 0, 0]
				},
				"lowerjaw": {
					"rotation": ["5+math.cos(q.anim_time *90-140)*3", 0, 0]
				},
				"tail2": {
					"rotation": ["7.5-math.cos(q.anim_time *90-60)*3", 0, 0]
				},
				"tail3": {
					"rotation": ["12.5-math.cos(q.anim_time *90-90)", 0, 0]
				},
				"backlegleft": {
					"rotation": [-16.20707, "-16.129-math.sin(q.anim_time *90)*1", "41.8165-math.sin(q.anim_time *90)*5"]
				},
				"backleftleg2": {
					"rotation": [0, 0, "27.5+math.sin(q.anim_time *90)*8"]
				},
				"backleftfoot": {
					"rotation": [0, 0, "22.5-math.sin(q.anim_time *90)*3"]
				},
				"backlegright": {
					"rotation": [-16.20707, "16.129+math.sin(q.anim_time *90)*1", "-41.8165+math.sin(q.anim_time *90)*5"]
				},
				"backrightleg2": {
					"rotation": [0, 0, "-27.5-math.sin(q.anim_time *90)*8"]
				},
				"backrightfoot": {
					"rotation": [0, 0, "-22.5+math.sin(q.anim_time *90)*3"]
				},
				"frontlegleft": {
					"rotation": ["36.204-math.sin(q.anim_time *90)*5", "51.7101+math.sin(q.anim_time *90)*1", "43.0031-math.sin(q.anim_time *90)*5"]
				},
				"frontlegleft2": {
					"rotation": ["math.sin(q.anim_time *90)*3", 0, "27.5+math.sin(q.anim_time *90)*5"]
				},
				"fontfootleft": {
					"rotation": [0, 0, "37.5-math.sin(q.anim_time *90)*3"]
				},
				"frontlegright": {
					"rotation": ["36.204-math.sin(q.anim_time *90)*5", "-51.7101-math.sin(q.anim_time *90)*1", "-43.0031+math.sin(q.anim_time *90)*5"]
				},
				"frontlegright2": {
					"rotation": ["math.sin(q.anim_time *90)*3", 0, "-27.5-math.sin(q.anim_time *90)*5"]
				},
				"fontfootright": {
					"rotation": [0, 0, "-37.5+math.sin(q.anim_time *90)*3"]
				},
				"body": {
					"rotation": [1, 0, 0],
					"position": [0, "-1.2-math.sin(q.anim_time *90)*0.25", 0]
				},
				"neck2": {
					"rotation": ["math.sin(q.anim_time *90-120)*2", 0, 0]
				},
				"neck3": {
					"rotation": ["math.sin(q.anim_time *90-130)", 0, 0]
				},
				"tail1": {
					"rotation": ["-math.cos(q.anim_time *90-20)*6", 0, 0]
				},
				"torso": {
					"rotation": ["math.sin(q.anim_time *90)*5", 0, 0],
					"position": [0, "-math.sin(q.anim_time *90)*0.75", "math.cos(q.anim_time *90)*0.5"]
				}
			}
		},
		"animation.drednaw.ground_walk": {
			"loop": true,
			"animation_length": 2,
			"bones": {
				"neck": {
					"rotation": ["math.sin(q.anim_time *90*4-90)*1", "-math.sin(q.anim_time *90*2-90)", 0],
					"position": [0, 0, 2]
				},
				"head": {
					"rotation": ["7.5+math.sin(q.anim_time *90*4-150)*2", "-math.sin(q.anim_time *90*2-150)", 0]
				},
				"lowerjaw": {
					"rotation": ["5+math.cos(q.anim_time *90*4-200)*3", 0, 0]
				},
				"tail2": {
					"rotation": ["7.5+math.sin(q.anim_time *90*4-60)*3", "-math.sin(q.anim_time *90*2-60)", 0]
				},
				"tail3": {
					"rotation": ["12.5+math.sin(q.anim_time *90*4-90)", "-math.sin(q.anim_time *90*2-90)", 0]
				},
				"backlegleft": {
					"rotation": {
						"0.0": {
							"post": [-18.37, -19.53, 22.5],
							"lerp_mode": "catmullrom"
						},
						"0.125": {
							"post": [-8.01601, -10.1644, 12.92876],
							"lerp_mode": "catmullrom"
						},
						"0.3333": {
							"post": [9.60119, 13.81244, 39.54957],
							"lerp_mode": "catmullrom"
						},
						"0.5": {
							"post": [9.85934, 14.47278, 40.69115],
							"lerp_mode": "catmullrom"
						},
						"1.0": {
							"post": [-16.2071, -16.129, 41.8165],
							"lerp_mode": "catmullrom"
						},
						"1.75": {
							"post": [-36.0644, -33.59101, 50.77565],
							"lerp_mode": "catmullrom"
						},
						"2.0": {
							"post": [-18.37, -19.53, 22.5],
							"lerp_mode": "catmullrom"
						}
					}
				},
				"backleftleg2": {
					"rotation": {
						"0.0": {
							"post": [1.8, -13.03, 16.57],
							"lerp_mode": "catmullrom"
						},
						"0.125": {
							"post": [2.5, -13.5, 13.25],
							"lerp_mode": "catmullrom"
						},
						"0.3333": {
							"post": [1.9, 11.62, 14.14],
							"lerp_mode": "catmullrom"
						},
						"0.5": {
							"post": [1.42, 11.84, 31.85],
							"lerp_mode": "catmullrom"
						},
						"1.0": {
							"post": [0, 0, 27.5],
							"lerp_mode": "catmullrom"
						},
						"1.75": {
							"post": [0, -5, 25],
							"lerp_mode": "catmullrom"
						},
						"2.0": {
							"post": [1.8, -13.03, 16.57],
							"lerp_mode": "catmullrom"
						}
					}
				},
				"backleftfoot": {
					"rotation": {
						"0.0": {
							"post": [0, -4.44, 21.57],
							"lerp_mode": "catmullrom"
						},
						"0.125": {
							"post": [0, -5, 20],
							"lerp_mode": "catmullrom"
						},
						"0.3333": {
							"post": [0, 7.5, 20],
							"lerp_mode": "catmullrom"
						},
						"0.5": {
							"post": [0, -7.5, 20],
							"lerp_mode": "catmullrom"
						},
						"1.0": {
							"post": [0, 0, 22.5],
							"lerp_mode": "catmullrom"
						},
						"1.75": {
							"post": [0, 0, 25],
							"lerp_mode": "catmullrom"
						},
						"2.0": {
							"post": [0, -4.44, 21.57],
							"lerp_mode": "catmullrom"
						}
					}
				},
				"backlegright": {
					"rotation": {
						"0.0": {
							"post": [-16.2071, 16.129, -41.8165],
							"lerp_mode": "catmullrom"
						},
						"0.75": {
							"post": [-36.0644, 33.59101, -50.77565],
							"lerp_mode": "catmullrom"
						},
						"1.125": {
							"post": [-8.01601, 10.1644, -12.92876],
							"lerp_mode": "catmullrom"
						},
						"1.3333": {
							"post": [9.60119, -13.81244, -39.54957],
							"lerp_mode": "catmullrom"
						},
						"1.5": {
							"post": [9.85934, -14.47278, -40.69115],
							"lerp_mode": "catmullrom"
						},
						"2.0": {
							"post": [-16.2071, 16.129, -41.8165],
							"lerp_mode": "catmullrom"
						}
					}
				},
				"backrightleg2": {
					"rotation": {
						"0.0": {
							"post": [0, 0, -27.5],
							"lerp_mode": "catmullrom"
						},
						"0.75": {
							"post": [0, 5, -25],
							"lerp_mode": "catmullrom"
						},
						"1.125": {
							"post": [2.5, 13.5, -13.25],
							"lerp_mode": "catmullrom"
						},
						"1.3333": {
							"post": [1.9, -11.62, -14.14],
							"lerp_mode": "catmullrom"
						},
						"1.5": {
							"post": [1.42, -11.84, -31.85],
							"lerp_mode": "catmullrom"
						},
						"2.0": {
							"post": [0, 0, -27.5],
							"lerp_mode": "catmullrom"
						}
					}
				},
				"backrightfoot": {
					"rotation": {
						"0.0": {
							"post": [0, 0, -22.5],
							"lerp_mode": "catmullrom"
						},
						"0.75": {
							"post": [0, 0, -25],
							"lerp_mode": "catmullrom"
						},
						"1.125": {
							"post": [0, 5, -20],
							"lerp_mode": "catmullrom"
						},
						"1.3333": {
							"post": [0, -7.5, -20],
							"lerp_mode": "catmullrom"
						},
						"1.5": {
							"post": [0, 7.5, -20],
							"lerp_mode": "catmullrom"
						},
						"2.0": {
							"post": [0, 0, -22.5],
							"lerp_mode": "catmullrom"
						}
					}
				},
				"frontlegleft": {
					"rotation": {
						"0.0": {
							"post": [-0.61, -1.55, 26.93],
							"lerp_mode": "catmullrom"
						},
						"0.1667": {
							"post": [-1.24891, -5.36048, 27.00051],
							"lerp_mode": "catmullrom"
						},
						"0.5": {
							"post": [1.97098, 4.23658, 12.37268],
							"lerp_mode": "catmullrom"
						},
						"0.8333": {
							"post": [-13.45174, 47.47042, -5.1872],
							"lerp_mode": "catmullrom"
						},
						"1.0": {
							"post": [36.204, 51.71005, 43.00309],
							"lerp_mode": "catmullrom"
						},
						"1.375": {
							"post": [22.10525, 35.11816, 33.22793],
							"lerp_mode": "catmullrom"
						},
						"1.8333": {
							"post": [2.83211, 6.96886, 25.9402],
							"lerp_mode": "catmullrom"
						},
						"2.0": {
							"post": [-0.61, -1.55, 26.93],
							"lerp_mode": "catmullrom"
						}
					}
				},
				"frontlegleft2": {
					"rotation": {
						"0.0": {
							"post": [-0.35, 0.46, 32.88],
							"lerp_mode": "catmullrom"
						},
						"0.1667": {
							"post": [0, 0, 32.5],
							"lerp_mode": "catmullrom"
						},
						"0.5": {
							"post": [7.5, -10, 17.5],
							"lerp_mode": "catmullrom"
						},
						"0.8333": {
							"post": [-5, 7.5, 17.5],
							"lerp_mode": "catmullrom"
						},
						"1.0": {
							"post": [0, 0, 27.5],
							"lerp_mode": "catmullrom"
						},
						"2.0": {
							"post": [-0.35, 0.46, 32.88],
							"lerp_mode": "catmullrom"
						}
					}
				},
				"fontfootleft": {
					"rotation": {
						"0.0": {
							"post": [-0.07, 0.31, 30.83],
							"lerp_mode": "catmullrom"
						},
						"0.1667": {
							"post": [0, 0, 30],
							"lerp_mode": "catmullrom"
						},
						"0.5": {
							"post": [2.5, -7.5, 30],
							"lerp_mode": "catmullrom"
						},
						"0.75": {
							"post": [-7.5474, 9.85164, 27.71688],
							"lerp_mode": "catmullrom"
						},
						"1.0": {
							"post": [0, 0, 37.5],
							"lerp_mode": "catmullrom"
						},
						"2.0": {
							"post": [-0.07, 0.31, 30.83],
							"lerp_mode": "catmullrom"
						}
					}
				},
				"frontlegright": {
					"rotation": {
						"0.0": {
							"post": [36.204, -51.71005, -43.00309],
							"lerp_mode": "catmullrom"
						},
						"0.375": {
							"post": [22.10525, -35.11816, -33.22793],
							"lerp_mode": "catmullrom"
						},
						"0.8333": {
							"post": [2.83211, -6.96886, -25.9402],
							"lerp_mode": "catmullrom"
						},
						"1.1667": {
							"post": [-1.24891, 5.36048, -27.00051],
							"lerp_mode": "catmullrom"
						},
						"1.5": {
							"post": [1.97098, -4.23658, -12.37268],
							"lerp_mode": "catmullrom"
						},
						"1.8333": {
							"post": [-13.45174, -47.47042, 5.1872],
							"lerp_mode": "catmullrom"
						},
						"2.0": {
							"post": [36.204, -51.71005, -43.00309],
							"lerp_mode": "catmullrom"
						}
					}
				},
				"frontlegright2": {
					"rotation": {
						"0.0": {
							"post": [0, 0, -27.5],
							"lerp_mode": "catmullrom"
						},
						"1.1667": {
							"post": [0, 0, -32.5],
							"lerp_mode": "catmullrom"
						},
						"1.5": {
							"post": [7.5, 10, -17.5],
							"lerp_mode": "catmullrom"
						},
						"1.8333": {
							"post": [-5, -7.5, -17.5],
							"lerp_mode": "catmullrom"
						},
						"2.0": {
							"post": [0, 0, -27.5],
							"lerp_mode": "catmullrom"
						}
					}
				},
				"fontfootright": {
					"rotation": {
						"0.0": {
							"post": [0, 0, -37.5],
							"lerp_mode": "catmullrom"
						},
						"1.1667": {
							"post": [0, 0, -30],
							"lerp_mode": "catmullrom"
						},
						"1.5": {
							"post": [2.5, 7.5, -30],
							"lerp_mode": "catmullrom"
						},
						"1.75": {
							"post": [-7.5474, -9.85164, -27.71688],
							"lerp_mode": "catmullrom"
						},
						"2.0": {
							"post": [0, 0, -37.5],
							"lerp_mode": "catmullrom"
						}
					}
				},
				"drednaw": {
					"position": {
						"0.0": [0, -1, 0],
						"0.0833": [0, 0, 0],
						"0.4167": [0, 0, 0],
						"0.5417": [0, -0.5, 0],
						"0.6667": [0, 0, 0],
						"0.9583": [0, 0, 0],
						"1.0417": [0, -1, 0],
						"1.125": [0, 0, 0],
						"1.4167": [0, 0, 0],
						"1.5417": [0, -0.5, 0],
						"1.6667": [0, 0, 0],
						"1.9167": [0, 0, 0],
						"2.0": [0, -1, 0]
					}
				},
				"body": {
					"rotation": [1, 0, 0],
					"position": [0, -1.2, "-math.cos(q.anim_time *90*4-20)*0.5"]
				},
				"neck2": {
					"rotation": ["math.sin(q.anim_time *90*4-120)*2", "-math.sin(q.anim_time *90*2-120)", 0]
				},
				"neck3": {
					"rotation": ["math.sin(q.anim_time *90*4-130)", "-math.sin(q.anim_time *90*2-130)", 0]
				},
				"tail1": {
					"rotation": ["5+math.sin(q.anim_time *90*4-20)*4", "-math.sin(q.anim_time *90*2-20)*5", 0]
				},
				"torso": {
					"rotation": ["math.sin(q.anim_time *90*4-20)*3", "-math.sin(q.anim_time *90*2)*5", "math.cos(q.anim_time *90*2)*6"],
					"position": [0, "-math.sin(q.anim_time *90*4-20)*1", 0]
				}
			}
		},
		"animation.drednaw.cry": {
			"animation_length": 2,
			"bones": {
				"body": {
					"position": {
						"0.0833": [0, 0, 0],
						"0.25": [0, -0.25, 0],
						"0.4583": [0, 0, 0],
						"1.5417": [0, 0, 0],
						"1.625": [0, -0.5, 0],
						"1.7083": [0, 0, 0]
					},
					"scale": {
						"0.6667": {
							"pre": [1, 1, 1],
							"post": [1, 1, 1],
							"lerp_mode": "catmullrom"
						},
						"0.75": {
							"post": [1.02, 1.02, 1.02],
							"lerp_mode": "catmullrom"
						},
						"0.8333": {
							"post": [1, 1, 1],
							"lerp_mode": "catmullrom"
						},
						"0.9167": {
							"post": [1.02, 1.02, 1.02],
							"lerp_mode": "catmullrom"
						},
						"1.0": {
							"post": [1, 1, 1],
							"lerp_mode": "catmullrom"
						},
						"1.0833": {
							"post": [1.025, 1.025, 1.025],
							"lerp_mode": "catmullrom"
						},
						"1.1667": {
							"post": [1, 1, 1],
							"lerp_mode": "catmullrom"
						},
						"1.25": {
							"post": [1.03, 1.03, 1.03],
							"lerp_mode": "catmullrom"
						},
						"1.3333": {
							"post": [1, 1, 1],
							"lerp_mode": "catmullrom"
						},
						"1.4167": {
							"post": [1.04, 1.04, 1.04],
							"lerp_mode": "catmullrom"
						},
						"1.5": {
							"post": [1, 1, 1],
							"lerp_mode": "catmullrom"
						},
						"1.5833": {
							"post": [0.98, 0.98, 0.98],
							"lerp_mode": "catmullrom"
						},
						"1.7083": {
							"post": [1, 1, 1],
							"lerp_mode": "catmullrom"
						}
					}
				},
				"neck": {
					"rotation": {
						"0.0": {
							"post": [0, 0, 0],
							"lerp_mode": "catmullrom"
						},
						"0.2083": {
							"post": [-2.5, 0, 0],
							"lerp_mode": "catmullrom"
						},
						"0.4167": {
							"post": [0, 0, 0],
							"lerp_mode": "catmullrom"
						},
						"0.7083": {
							"post": [-7.5, 0, 0],
							"lerp_mode": "catmullrom"
						},
						"1.4167": {
							"post": [-12.5, 0, 0],
							"lerp_mode": "catmullrom"
						},
						"1.7083": {
							"post": [-2.5, 0, 0],
							"lerp_mode": "catmullrom"
						},
						"1.9583": {
							"post": [0, 0, 0],
							"lerp_mode": "catmullrom"
						}
					}
				},
				"neck3": {
					"rotation": {
						"0.0": {
							"post": [0, 0, 0],
							"lerp_mode": "catmullrom"
						},
						"0.4583": {
							"post": [10, 0, 0],
							"lerp_mode": "catmullrom"
						},
						"0.75": {
							"post": [0, 0, 0],
							"lerp_mode": "catmullrom"
						}
					}
				},
				"head": {
					"rotation": {
						"0.0": {
							"post": [0, 0, 0],
							"lerp_mode": "catmullrom"
						},
						"0.25": {
							"post": [-2.5, 0, 0],
							"lerp_mode": "catmullrom"
						},
						"0.5417": {
							"post": [12.5, 0, 0],
							"lerp_mode": "catmullrom"
						},
						"0.75": {
							"post": [-10, 0, 0],
							"lerp_mode": "catmullrom"
						},
						"1.4167": {
							"post": [-7.5, 0, 0],
							"lerp_mode": "catmullrom"
						},
						"1.7083": {
							"post": [7.5, 0, 0],
							"lerp_mode": "catmullrom"
						},
						"1.9583": {
							"post": [0, 0, 0],
							"lerp_mode": "catmullrom"
						}
					}
				},
				"lowerjaw": {
					"rotation": {
						"0.0": {
							"post": [0, 0, 0],
							"lerp_mode": "catmullrom"
						},
						"0.25": {
							"post": [2.5, 0, 0],
							"lerp_mode": "catmullrom"
						},
						"0.4583": {
							"post": [-4, 0, 0],
							"lerp_mode": "catmullrom"
						},
						"0.75": {
							"post": [22.5, 0, 0],
							"lerp_mode": "catmullrom"
						},
						"1.4167": {
							"post": [30, 0, 0],
							"lerp_mode": "catmullrom"
						},
						"1.7083": {
							"post": [-6.5, 0, 0],
							"lerp_mode": "catmullrom"
						},
						"2.0": {
							"post": [0, 0, 0],
							"lerp_mode": "catmullrom"
						}
					}
				},
				"torso": {
					"rotation": {
						"0.0": {
							"post": [0, 0, 0],
							"lerp_mode": "catmullrom"
						},
						"0.2083": {
							"post": [2.5, 0, 0],
							"lerp_mode": "catmullrom"
						},
						"0.5": {
							"post": [-5, 0, 0],
							"lerp_mode": "catmullrom"
						},
						"1.375": {
							"post": [-10, 0, 0],
							"lerp_mode": "catmullrom"
						},
						"1.625": {
							"post": [2.5, 0, 0],
							"lerp_mode": "catmullrom"
						},
						"1.9583": {
							"post": [0, 0, 0],
							"lerp_mode": "catmullrom"
						}
					},
					"position": {
						"0.0": {
							"post": [0, 0, 0],
							"lerp_mode": "catmullrom"
						},
						"0.2083": {
							"post": [0, -0.5, 0.25],
							"lerp_mode": "catmullrom"
						},
						"0.5": {
							"post": [0, 0.75, -0.75],
							"lerp_mode": "catmullrom"
						},
						"1.375": {
							"post": [0, 1.5, -0.75],
							"lerp_mode": "catmullrom"
						},
						"1.625": {
							"post": [0, -0.5, 0.25],
							"lerp_mode": "catmullrom"
						},
						"1.9583": {
							"post": [0, 0, 0],
							"lerp_mode": "catmullrom"
						}
					}
				}
			},
			"sound_effects": {
				"0.6667": {
					"effect": "pokemon.cry.drednaw"
				}
			}
		}
	}
}