{
	"format_version": "1.8.0",
	"animations": {
		"animation.kangaskhan2.ground_idle": {
			"loop": true,
			"bones": {
				"body": {
					"rotation": [0, "math.sin(q.anim_time*90*1)*1", "math.sin(q.anim_time*90*1)*2"],
					"position": [0, "-0.5*math.cos(q.anim_time*90*2-40)", -1]
				},
				"torso": {
					"rotation": ["2.5+math.sin(q.anim_time*90*2-45)*2", 0, 0]
				},
				"head": {
					"rotation": ["2.5-math.sin(q.anim_time*90*2-45)*4", "0-math.sin(q.anim_time*90*1-45)*2", 0]
				},
				"leftear": {
					"rotation": [0, 0, -17.5]
				},
				"rightear": {
					"rotation": [0, 0, 17.5]
				},
				"left_shoulder": {
					"rotation": [0, 0, 12.5]
				},
				"right_shoulder": {
					"rotation": [0, 0, -12.5]
				},
				"left_arm": {
					"rotation": [0, 0, "22.5+math.sin(q.anim_time*90*2)*4"]
				},
				"left_arm2": {
					"rotation": [0, 65, 0]
				},
				"finger_left_index": {
					"rotation": ["31.9174-math.sin(q.anim_time*90*2-250)*12", -29.1512, 12.67418],
					"position": [0, -0.5, 0]
				},
				"finger_left_index2": {
					"rotation": ["20-math.sin(q.anim_time*90*2-280)*12", 0, 0]
				},
				"finger_left_middle": {
					"rotation": ["32.5-math.sin(q.anim_time*90*2-250)*12", 0, 0],
					"position": [0, -0.5, 0]
				},
				"finger_left_middle2": {
					"rotation": ["20-math.sin(q.anim_time*90*2-280)*12", 0, 0]
				},
				"finger_left_ring": {
					"rotation": ["31.9174-math.sin(q.anim_time*90*2-250)*12", -29.1512, 12.67418],
					"position": [0, -0.5, 0]
				},
				"finger_left_ring2": {
					"rotation": ["20-math.sin(q.anim_time*90*2-280)*12", 0, 0]
				},
				"right_arm": {
					"rotation": [0, 0, "-22.5-math.sin(q.anim_time*90*2)*4"]
				},
				"right_arm2": {
					"rotation": [0, -65, 0]
				},
				"finger_right_index": {
					"rotation": ["31.9174-math.sin(q.anim_time*90*2-250)*12", 29.1512, -12.67418],
					"position": [0, -0.5, 0]
				},
				"finger_right_index2": {
					"rotation": ["20-math.sin(q.anim_time*90*2-280)*12", 0, 0]
				},
				"finger_right_middle": {
					"rotation": ["32.5-math.sin(q.anim_time*90*2-250)*12", 0, 0],
					"position": [0, -0.5, 0]
				},
				"finger_right_middle2": {
					"rotation": ["20-math.sin(q.anim_time*90*2-280)*12", 0, 0]
				},
				"finger_right_ring": {
					"rotation": ["31.9174-math.sin(q.anim_time*90*2-250)*12", 29.1512, -12.67418],
					"position": [0, -0.5, 0]
				},
				"finger_right_ring2": {
					"rotation": ["20-math.sin(q.anim_time*90*2-280)*12", 0, 0]
				},
				"headbaby": {
					"rotation": ["2.5-0.5*math.sin(q.anim_time*90*2-75)*4", "-0.5*math.sin(q.anim_time*90*1-75)*2", 0]
				},
				"leftarmbaby": {
					"rotation": [0, 62.5, 0],
					"position": [0.5, 0, 0]
				},
				"rightarmbaby": {
					"rotation": [0, -62.5, 0],
					"position": [-0.5, 0, 0]
				},
				"tail": {
					"rotation": ["-10+math.sin(q.anim_time*90*2-45)*2", 0, 0]
				},
				"tail2": {
					"rotation": [10, "math.sin(q.anim_time*90*1-45)*8", 0]
				},
				"tail3": {
					"rotation": [17.5, "math.sin(q.anim_time*90*1-135)*8", 0]
				},
				"leg_left": {
					"rotation": ["-5*math.cos(q.anim_time*90*2-40)-5", -17.5, 0.00002],
					"position": [0, "-0.4*math.cos(q.anim_time*90*2-40)-0.4", "0.4*math.cos(q.anim_time*90*2-40)-0.4"]
				},
				"leg_left2": {
					"rotation": ["5*math.cos(q.anim_time*90*2-40)+5", 0, 0]
				},
				"leg_right": {
					"rotation": ["-5*math.cos(q.anim_time*90*2-40)-5", 17.5, -0.00002],
					"position": [0, "-0.4*math.cos(q.anim_time*90*2-40)-0.4", "0.4*math.cos(q.anim_time*90*2-40)-0.4"]
				},
				"leg_right2": {
					"rotation": ["5*math.cos(q.anim_time*90*2-40)+5", 0, 0]
				}
			}
		},
		"animation.kangaskhan2.ground_walk": {
			"loop": true,
			"animation_length": 4,
			"bones": {
				"kangaskhan2": {
					"position": {
						"0.0": [0, 0.5, 0],
						"0.12": [0, 0, 0],
						"0.16": [0, -1, 0],
						"0.2": [0, 0.57, 0],
						"0.24": [0, -0.61, 0],
						"0.32": [0, 0.33, 0],
						"0.4": [0, -0.2, 0],
						"0.6": [0, 0, 0],
						"0.64": [0, -1, 0],
						"0.68": [0, 0.57, 0],
						"0.72": [0, -0.61, 0],
						"0.8": [0, 0.33, 0],
						"0.88": [0, -0.2, 0],
						"1.12": [0, 0, 0],
						"1.16": [0, -1, 0],
						"1.2": [0, 0.57, 0],
						"1.24": [0, -0.61, 0],
						"1.32": [0, 0.33, 0],
						"1.4": [0, -0.2, 0],
						"1.6": [0, 0, 0],
						"1.64": [0, -1, 0],
						"1.68": [0, 0.57, 0],
						"1.72": [0, -0.61, 0],
						"1.8": [0, 0.33, 0],
						"1.88": [0, -0.2, 0],
						"2.12": [0, 0, 0],
						"2.16": [0, -1, 0],
						"2.2": [0, 0.57, 0],
						"2.24": [0, -0.61, 0],
						"2.32": [0, 0.33, 0],
						"2.4": [0, -0.2, 0],
						"2.6": [0, 0, 0],
						"2.64": [0, -1, 0],
						"2.68": [0, 0.57, 0],
						"2.72": [0, -0.61, 0],
						"2.8": [0, 0.33, 0],
						"2.88": [0, -0.2, 0],
						"3.12": [0, 0, 0],
						"3.16": [0, -1, 0],
						"3.2": [0, 0.57, 0],
						"3.24": [0, -0.61, 0],
						"3.32": [0, 0.33, 0],
						"3.4": [0, -0.2, 0],
						"3.6": [0, 0, 0],
						"3.64": [0, -1, 0],
						"3.68": [0, 0.57, 0],
						"3.72": [0, -0.61, 0],
						"3.8": [0, 0.33, 0],
						"3.88": [0, -0.2, 0],
						"4.0": [0, 0.5, 0]
					}
				},
				"body": {
					"rotation": ["2.5+5*math.cos(q.anim_time*90*8-60)", "-7*math.cos(q.anim_time*90*4-40)", "-3*math.sin(q.anim_time*90*4-40)"],
					"position": [0, "1*math.cos(q.anim_time*90*8+60)", "-1.1-1*math.cos(q.anim_time*90*8)"]
				},
				"torso": {
					"rotation": ["11.5-1*math.cos(q.anim_time*90*8-40)", "7*math.cos(q.anim_time*90*4-40)", 0]
				},
				"head": {
					"rotation": ["50-1*(55+5*math.cos(q.anim_time*90*8-60))", "0+3.5*math.cos(q.anim_time*90*4-40)", "0+3*math.sin(q.anim_time*90*4-40)"]
				},
				"leftear": {
					"rotation": [0, -10, "-10-7.5*math.cos(q.anim_time*90*8+30)"]
				},
				"rightear": {
					"rotation": [0, 10, "10+7.5*math.cos(q.anim_time*90*8+30)"]
				},
				"mouth": {
					"rotation": ["22.5+5*math.cos(q.anim_time*90*8+30)", 0, 0]
				},
				"left_shoulder": {
					"rotation": [0, 0, 25]
				},
				"right_shoulder": {
					"rotation": [-4.59466, -40.11485, -23.15411]
				},
				"left_arm": {
					"rotation": [-4.94113, "6.0477-math.sin(q.anim_time*90*4-45)*20", "45.2125-5*math.cos(q.anim_time*90*8+30)"]
				},
				"left_arm2": {
					"rotation": [0, 47.5, 0]
				},
				"right_arm": {
					"rotation": [53.39234, -29.50461, "-56.4467+5*math.cos(q.anim_time*90*8+30)"],
					"position": [0, 0, -3]
				},
				"right_arm2": {
					"rotation": [-14.33743, "-64.73-5*math.cos(q.anim_time*90*8+30)", 5.05105]
				},
				"finger_right_index": {
					"rotation": [-31.41713, -3.31117, -40.79482]
				},
				"finger_right_index2": {
					"rotation": [2.41492, 0.64686, -14.98637]
				},
				"finger_right_middle": {
					"rotation": [17.5, 0, 0]
				},
				"finger_right_middle2": {
					"rotation": [15, 0, 0]
				},
				"finger_right_ring": {
					"rotation": [-17.5, 25, 0]
				},
				"finger_right_ring2": {
					"rotation": [30, 0, 0]
				},
				"pouch": {
					"rotation": ["-2.5*math.cos(q.anim_time*90*8+30)", 0, 0],
					"position": [0, "0.25*math.cos(q.anim_time*90*8+30)", 0]
				},
				"bodybaby": {
					"position": [0, "0.5*math.cos(q.anim_time*90*8+30)", 0]
				},
				"headbaby": {
					"rotation": ["5*math.cos(q.anim_time*90*8+30)", 0, 0]
				},
				"babyear_left": {
					"rotation": [0, -10, "-15*math.cos(q.anim_time*90*8)"]
				},
				"babyear_right": {
					"rotation": [0, 10, "15*math.cos(q.anim_time*90*8)"]
				},
				"leftarmbaby": {
					"rotation": {
						"0.0": [0, 62.5, 0],
						"3.96": [0, 62.5, 0]
					},
					"position": [0.5, 0, 0]
				},
				"tail": {
					"rotation": ["-2*math.sin(q.anim_time*90*8)", "-math.cos(q.anim_time*90*4)", "2*math.sin(q.anim_time*90*4)"]
				},
				"tail2": {
					"rotation": ["15-1*math.sin(q.anim_time*90*8-120)", "-5*math.cos(q.anim_time*90*4-120)", "2*math.sin(q.anim_time*90*4)"]
				},
				"tail3": {
					"rotation": ["15-5*math.sin(q.anim_time*90*8-180)", "-10*math.cos(q.anim_time*90*4-180)", 0]
				},
				"leg_left": {
					"rotation": ["25-math.sin(q.anim_time*90*4-45)*48", 0, 0],
					"position": {
						"0.0": [0, 1, 0],
						"0.32": [0, 1.4, 0],
						"0.44": [0, 0, 0],
						"0.6": [0, 0.6, 0],
						"0.68": [0, 0.5, 0.5],
						"0.72": [0, 0.4, 0],
						"0.96": [0, 1.4, 0],
						"1.32": [0, 1.4, 0],
						"1.44": [0, 0, 0],
						"1.6": [0, 0.6, 0],
						"1.68": [0, 0.5, 0.5],
						"1.72": [0, 0.4, 0],
						"1.96": [0, 1.4, 0],
						"2.32": [0, 1.4, 0],
						"2.44": [0, 0, 0],
						"2.6": [0, 0.6, 0],
						"2.68": [0, 0.5, 0.5],
						"2.72": [0, 0.4, 0],
						"2.96": [0, 1.4, 0],
						"3.32": [0, 1.4, 0],
						"3.44": [0, 0, 0],
						"3.6": [0, 0.6, 0],
						"3.68": [0, 0.5, 0.5],
						"3.72": [0, 0.4, 0],
						"4.0": [0, 1.4, 0]
					}
				},
				"leg_left2": {
					"rotation": ["math.clamp(-math.sin(q.anim_time*90*4-135)*36, 0, 25)", 0, 0]
				},
				"toe_right3": {
					"rotation": ["-0.5*math.sin(q.anim_time*90*4-135)*36", 0, 0]
				},
				"toe_left2": {
					"rotation": ["-0.5*math.sin(q.anim_time*90*4-135)*36", 0, 0]
				},
				"toe_left3": {
					"rotation": ["-0.5*math.sin(q.anim_time*90*4-135)*36", 0, 0]
				},
				"leg_right": {
					"rotation": ["25+math.sin(q.anim_time*90*4-45)*48", 0, 0],
					"position": {
						"0.0": [0, 0.3, 0],
						"0.08": [0, 0.6, 0],
						"0.16": [0, 0.5, 0.5],
						"0.2": [0, 0.4, 0],
						"0.44": [0, 1.4, 0],
						"0.8": [0, 1.4, 0],
						"0.92": [0, 0, 0],
						"1.08": [0, 0.6, 0],
						"1.16": [0, 0.5, 0.5],
						"1.2": [0, 0.4, 0],
						"1.44": [0, 1.4, 0],
						"1.8": [0, 1.4, 0],
						"1.92": [0, 0, 0],
						"2.08": [0, 0.6, 0],
						"2.16": [0, 0.5, 0.5],
						"2.2": [0, 0.4, 0],
						"2.44": [0, 1.4, 0],
						"2.8": [0, 1.4, 0],
						"2.92": [0, 0, 0],
						"3.08": [0, 0.6, 0],
						"3.16": [0, 0.5, 0.5],
						"3.2": [0, 0.4, 0],
						"3.44": [0, 1.4, 0],
						"3.8": [0, 1.4, 0],
						"3.92": [0, 0, 0],
						"4.0": [0, 0.3, 0]
					}
				},
				"leg_right2": {
					"rotation": ["math.clamp(math.sin(q.anim_time*90*4-135)*36, 0, 25)", 0, 0]
				},
				"toe_right2": {
					"rotation": ["0.5*math.sin(q.anim_time*90*4-135)*36", 0, 0]
				},
				"toe_left4": {
					"rotation": ["0.5*math.sin(q.anim_time*90*4-135)*36", 0, 0]
				},
				"toe_left5": {
					"rotation": ["0.5*math.sin(q.anim_time*90*4-135)*36", 0, 0]
				}
			}
		},
		"animation.kangaskhan2.sleep": {
			"loop": true,
			"bones": {
				"kangaskhan2": {
					"position": [0, -6, 0]
				},
				"body": {
					"rotation": ["-90+math.sin(q.anim_time*90*1)*1", 0, 0]
				},
				"torso": {
					"rotation": ["-5-math.sin(q.anim_time*90*1)*1", 0, 0]
				},
				"neck": {
					"rotation": [-10, 0, 0]
				},
				"head": {
					"rotation": [-35, 0, 0]
				},
				"eyelid_left": {
					"position": [0.1, 0, 0]
				},
				"eyelid_right": {
					"position": [-0.1, 0, 0]
				},
				"mouth": {
					"rotation": ["30+math.sin(q.anim_time*90*1-60)*4", 0, 0]
				},
				"left_arm": {
					"rotation": [72.3749, -11.03121, "4.1016-math.cos(q.anim_time*90*1)*3"]
				},
				"left_arm2": {
					"rotation": [10, 22.5, 0]
				},
				"right_arm": {
					"rotation": [72.3749, 11.03121, "-4.1016+math.cos(q.anim_time*90*1)*3"]
				},
				"right_arm2": {
					"rotation": [10, -22.5, 0]
				},
				"pouch": {
					"position": [0, 0, 1]
				},
				"bodybaby": {
					"rotation": [-180, -355, 90],
					"position": [1, 9, 1.1]
				},
				"headbaby": {
					"rotation": [-82.5, 0, 0],
					"position": [0, 1, -1]
				},
				"babymouth_closed": {
					"position": [0, 0, 0.2]
				},
				"babymouth_open": {
					"position": [0, 0, -0.1]
				},
				"babyeyelid_left": {
					"position": [0.1, 0, 0]
				},
				"babyeyelid_right": {
					"position": [-0.1, 0, 0]
				},
				"leftarmbaby": {
					"rotation": [0, "NaN-math.cos(q.anim_time*90*1)*3", -37.5],
					"position": [0, 0.5, -0.5]
				},
				"rightarmbaby": {
					"rotation": [0, "-math.cos(q.anim_time*90*1)*3", 37.5],
					"position": [0, 0.5, -0.5]
				},
				"leftlegbaby": {
					"rotation": [0, "NaN-math.cos(q.anim_time*90*1)*3", -37.5],
					"position": [0, -0.5, -0.5]
				},
				"rightlegbaby": {
					"rotation": [0, "-math.cos(q.anim_time*90*1)*3", 37.5],
					"position": [0, -0.5, -0.5]
				},
				"tail": {
					"rotation": [-82.5, 0, "math.sin(q.anim_time*90*1)*5"],
					"position": [0, -5, -6]
				},
				"tail2": {
					"rotation": [-7.5, "-math.sin(q.anim_time*90*1-30)*5", 0]
				},
				"tail3": {
					"rotation": [10, "0-math.sin(q.anim_time*90*1-60)*5", 0]
				},
				"leg_left": {
					"rotation": [-87.20403, -33.50904, "3.0119-math.cos(q.anim_time*90*1)*3"],
					"position": [1, 0, -1]
				},
				"leg_left2": {
					"rotation": [17.5, 0, 0]
				},
				"leg_right": {
					"rotation": [-87.20403, 33.50904, "-3.0119+math.cos(q.anim_time*90*1)*3"],
					"position": [-1, 0, -1]
				},
				"leg_right2": {
					"rotation": [17.5, 0, 0]
				},
				"babytail": {
					"rotation": [-67.5, 0, "math.sin(q.anim_time*90*1)*5"],
					"position": [0, -1, -1]
				}
			}
		},
		"animation.kangaskhan2.blink1": {
			"animation_length": 0.1667,
			"bones": {
				"eyelid_left": {
					"position": {
						"0.0": [0.1, 0, 0],
						"0.12": [0.1, 0, 0],
						"0.16": [0, 0, 0]
					}
				},
				"eyelid_right": {
					"position": {
						"0.0": [-0.1, 0, 0],
						"0.12": [-0.1, 0, 0],
						"0.16": [0, 0, 0]
					}
				}
			}
		},
		"animation.kangaskhan2.blink2": {
			"animation_length": 0.1667,
			"bones": {
				"babyeyelid_left": {
					"position": {
						"0.0": [0.1, 0, 0],
						"0.12": [0.1, 0, 0],
						"0.16": [0, 0, 0]
					}
				},
				"babyeyelid_right": {
					"position": {
						"0.0": [-0.1, 0, 0],
						"0.12": [-0.1, 0, 0],
						"0.16": [0, 0, 0]
					}
				}
			}
		},
		"animation.kangaskhan2.cry": {
			"animation_length": 1.5,
			"bones": {
				"body": {
					"rotation": {
						"0.0": {
							"post": [0, 0, 0],
							"lerp_mode": "catmullrom"
						},
						"0.16": {
							"post": [17.5, 0, 0],
							"lerp_mode": "catmullrom"
						},
						"0.32": {
							"post": [-10, 0, 0],
							"lerp_mode": "catmullrom"
						},
						"0.92": {
							"post": [-10.09, 0, 0],
							"lerp_mode": "catmullrom"
						},
						"1.24": {
							"post": [0, 0, 0],
							"lerp_mode": "catmullrom"
						}
					}
				},
				"torso": {
					"rotation": {
						"0.0": {
							"post": [0, 0, 0],
							"lerp_mode": "catmullrom"
						},
						"0.16": {
							"post": [17.5, 0, 0],
							"lerp_mode": "catmullrom"
						},
						"0.32": {
							"post": [-10, 0, 0],
							"lerp_mode": "catmullrom"
						},
						"0.92": {
							"post": [-10.09, 0, 0],
							"lerp_mode": "catmullrom"
						},
						"1.24": {
							"post": [0, 0, 0],
							"lerp_mode": "catmullrom"
						}
					}
				},
				"neck": {
					"rotation": {
						"0.0": {
							"post": [0, 0, 0],
							"lerp_mode": "catmullrom"
						},
						"0.24": {
							"post": [10, 0, 0],
							"lerp_mode": "catmullrom"
						},
						"1.24": {
							"post": [10, 0, 0],
							"lerp_mode": "catmullrom"
						},
						"1.52": {
							"post": [0, 0, 0],
							"lerp_mode": "catmullrom"
						}
					}
				},
				"head": {
					"rotation": {
						"0.0": {
							"post": [0, 0, 0],
							"lerp_mode": "catmullrom"
						},
						"0.16": {
							"post": [17.5, 0, 0],
							"lerp_mode": "catmullrom"
						},
						"0.32": {
							"post": [-52.5, 0, 0],
							"lerp_mode": "catmullrom"
						},
						"0.92": {
							"post": [-62.59, 0, 0],
							"lerp_mode": "catmullrom"
						},
						"1.24": {
							"post": [0, 0, 0],
							"lerp_mode": "catmullrom"
						}
					}
				},
				"eyelid_left": {
					"position": {
						"0.0": [0.1, 0, 0],
						"0.16": [0.1, 0, 0],
						"0.2": [0, 0, 0]
					}
				},
				"eyelid_right": {
					"position": {
						"0.0": [-0.1, 0, 0],
						"0.16": [-0.1, 0, 0],
						"0.2": [0, 0, 0]
					}
				},
				"mouth": {
					"rotation": {
						"0.0": {
							"post": [0, 0, 0],
							"lerp_mode": "catmullrom"
						},
						"0.08": {
							"post": [0, 0, 0],
							"lerp_mode": "catmullrom"
						},
						"0.32": {
							"post": [45, 0, 0],
							"lerp_mode": "catmullrom"
						},
						"1.0": {
							"post": [67.5, 0, 0],
							"lerp_mode": "catmullrom"
						},
						"1.24": {
							"post": [0, 0, 0],
							"lerp_mode": "catmullrom"
						}
					}
				},
				"left_arm": {
					"rotation": {
						"0.0": {
							"post": [0, 0, 0],
							"lerp_mode": "catmullrom"
						},
						"0.16": {
							"post": [25, 30, -15],
							"lerp_mode": "catmullrom"
						},
						"0.32": {
							"post": [-60, -20, 0],
							"lerp_mode": "catmullrom"
						},
						"0.92": {
							"post": [-65, -21, 0],
							"lerp_mode": "catmullrom"
						},
						"1.24": {
							"post": [0, 0, 0],
							"lerp_mode": "catmullrom"
						}
					}
				},
				"left_arm2": {
					"rotation": {
						"0.0": [0, 0, 0],
						"0.16": [-10, 20, 0],
						"0.32": [0, 0, 0]
					}
				},
				"finger_left_index": {
					"rotation": {
						"0.16": {
							"pre": [0, 0, 0],
							"post": [0, 0, 0],
							"lerp_mode": "catmullrom"
						},
						"0.32": {
							"post": [-52.5, 0, 0],
							"lerp_mode": "catmullrom"
						},
						"0.92": {
							"post": [-57.5, 0, 0],
							"lerp_mode": "catmullrom"
						},
						"1.24": {
							"post": [0, 0, 0],
							"lerp_mode": "catmullrom"
						}
					}
				},
				"finger_left_middle": {
					"rotation": {
						"0.16": {
							"pre": [0, 0, 0],
							"post": [0, 0, 0],
							"lerp_mode": "catmullrom"
						},
						"0.32": {
							"post": [-52.5, 0, 0],
							"lerp_mode": "catmullrom"
						},
						"0.92": {
							"post": [-57.5, 0, 0],
							"lerp_mode": "catmullrom"
						},
						"1.24": {
							"post": [0, 0, 0],
							"lerp_mode": "catmullrom"
						}
					}
				},
				"finger_left_ring": {
					"rotation": {
						"0.16": {
							"pre": [0, 0, 0],
							"post": [0, 0, 0],
							"lerp_mode": "catmullrom"
						},
						"0.32": {
							"post": [-52.5, 0, 0],
							"lerp_mode": "catmullrom"
						},
						"0.92": {
							"post": [-57.5, 0, 0],
							"lerp_mode": "catmullrom"
						},
						"1.24": {
							"post": [0, 0, 0],
							"lerp_mode": "catmullrom"
						}
					}
				},
				"right_arm": {
					"rotation": {
						"0.0": {
							"post": [0, 0, 0],
							"lerp_mode": "catmullrom"
						},
						"0.16": {
							"post": [25, -30, 15],
							"lerp_mode": "catmullrom"
						},
						"0.32": {
							"post": [-60, 20, 0],
							"lerp_mode": "catmullrom"
						},
						"0.92": {
							"post": [-65, 21, 0],
							"lerp_mode": "catmullrom"
						},
						"1.24": {
							"post": [0, 0, 0],
							"lerp_mode": "catmullrom"
						}
					}
				},
				"right_arm2": {
					"rotation": {
						"0.0": [0, 0, 0],
						"0.16": [-10, -20, 0],
						"0.32": [0, 0, 0]
					}
				},
				"finger_right_index": {
					"rotation": {
						"0.16": {
							"pre": [0, 0, 0],
							"post": [0, 0, 0],
							"lerp_mode": "catmullrom"
						},
						"0.32": {
							"post": [-52.5, 0, 0],
							"lerp_mode": "catmullrom"
						},
						"0.92": {
							"post": [-57.5, 0, 0],
							"lerp_mode": "catmullrom"
						},
						"1.24": {
							"post": [0, 0, 0],
							"lerp_mode": "catmullrom"
						}
					}
				},
				"finger_right_middle": {
					"rotation": {
						"0.16": {
							"pre": [0, 0, 0],
							"post": [0, 0, 0],
							"lerp_mode": "catmullrom"
						},
						"0.32": {
							"post": [-52.5, 0, 0],
							"lerp_mode": "catmullrom"
						},
						"0.92": {
							"post": [-57.5, 0, 0],
							"lerp_mode": "catmullrom"
						},
						"1.24": {
							"post": [0, 0, 0],
							"lerp_mode": "catmullrom"
						}
					}
				},
				"finger_right_ring": {
					"rotation": {
						"0.16": {
							"pre": [0, 0, 0],
							"post": [0, 0, 0],
							"lerp_mode": "catmullrom"
						},
						"0.32": {
							"post": [-52.5, 0, 0],
							"lerp_mode": "catmullrom"
						},
						"0.92": {
							"post": [-57.5, 0, 0],
							"lerp_mode": "catmullrom"
						},
						"1.24": {
							"post": [0, 0, 0],
							"lerp_mode": "catmullrom"
						}
					}
				},
				"bodybaby": {
					"rotation": {
						"0.12": {
							"pre": [0, 0, 0],
							"post": [0, 0, 0],
							"lerp_mode": "catmullrom"
						},
						"0.28": {
							"post": [17.5, 0, 0],
							"lerp_mode": "catmullrom"
						},
						"0.44": {
							"post": [-10, 0, 0],
							"lerp_mode": "catmullrom"
						},
						"1.04": {
							"post": [-10.09, 0, 0],
							"lerp_mode": "catmullrom"
						},
						"1.36": {
							"post": [0, 0, 0],
							"lerp_mode": "catmullrom"
						}
					}
				},
				"headbaby": {
					"rotation": {
						"0.12": {
							"pre": [0, 0, 0],
							"post": [0, 0, 0],
							"lerp_mode": "catmullrom"
						},
						"0.28": {
							"post": [17.5, 0, 0],
							"lerp_mode": "catmullrom"
						},
						"0.44": {
							"post": [-30, 0, 0],
							"lerp_mode": "catmullrom"
						},
						"1.04": {
							"post": [-32.59, 0, 0],
							"lerp_mode": "catmullrom"
						},
						"1.36": {
							"post": [0, 0, 0],
							"lerp_mode": "catmullrom"
						}
					}
				},
				"babymouth_closed": {
					"position": {
						"0.0": [0, 0, 0],
						"0.2": [0, 0, 0.1],
						"1.12": [0, 0, 0]
					}
				},
				"babymouth_open": {
					"position": {
						"0.0": [0, 0, 0],
						"0.2": [0, 0, -0.1],
						"1.12": [0, 0, -0.1],
						"1.16": [0, 0, 0]
					}
				},
				"babyeyelid_left": {
					"position": {
						"0.0": [0, 0, 0],
						"0.12": [0.1, 0, 0],
						"0.28": [0.1, 0, 0],
						"0.32": [0, 0, 0]
					}
				},
				"babyeyelid_right": {
					"position": {
						"0.0": [0, 0, 0],
						"0.12": [-0.1, 0, 0],
						"0.28": [-0.1, 0, 0],
						"0.32": [0, 0, 0]
					}
				},
				"leftarmbaby": {
					"rotation": {
						"0.0": {
							"post": [0, 0, 0],
							"lerp_mode": "catmullrom"
						},
						"0.16": {
							"post": [25, 30, -15],
							"lerp_mode": "catmullrom"
						},
						"0.32": {
							"post": [-54.70558, -12.53131, -56.34566],
							"lerp_mode": "catmullrom"
						},
						"0.44": {
							"post": [-54.87382, -21.34114, -44.66637],
							"lerp_mode": "catmullrom"
						},
						"0.56": {
							"post": [-54.70558, -12.53131, -56.34566],
							"lerp_mode": "catmullrom"
						},
						"0.68": {
							"post": [-54.87382, -21.34114, -44.66637],
							"lerp_mode": "catmullrom"
						},
						"0.8": {
							"post": [-54.70558, -12.53131, -56.34566],
							"lerp_mode": "catmullrom"
						},
						"0.92": {
							"post": [-54.87382, -21.34114, -44.66637],
							"lerp_mode": "catmullrom"
						},
						"1.24": {
							"post": [0, 0, 0],
							"lerp_mode": "catmullrom"
						}
					}
				},
				"rightarmbaby": {
					"rotation": {
						"0.0": {
							"post": [0, 0, 0],
							"lerp_mode": "catmullrom"
						},
						"0.16": {
							"post": [25, -30, 15],
							"lerp_mode": "catmullrom"
						},
						"0.32": {
							"post": [-55.27556, -8.05229, 42.0686],
							"lerp_mode": "catmullrom"
						},
						"0.44": {
							"post": [-57.59218, 0.45099, 30.59246],
							"lerp_mode": "catmullrom"
						},
						"0.56": {
							"post": [-55.27556, -8.05229, 42.0686],
							"lerp_mode": "catmullrom"
						},
						"0.68": {
							"post": [-57.59218, 0.45099, 30.59246],
							"lerp_mode": "catmullrom"
						},
						"0.8": {
							"post": [-55.27556, -8.05229, 42.0686],
							"lerp_mode": "catmullrom"
						},
						"0.92": {
							"post": [-57.59218, 0.45099, 30.59246],
							"lerp_mode": "catmullrom"
						},
						"1.24": {
							"post": [0, 0, 0],
							"lerp_mode": "catmullrom"
						}
					}
				},
				"tail": {
					"rotation": {
						"0.0": {
							"post": [0, 0, 0],
							"lerp_mode": "catmullrom"
						},
						"0.16": {
							"post": [-17.5, 0, 0],
							"lerp_mode": "catmullrom"
						},
						"0.32": {
							"post": [10, 0, 0],
							"lerp_mode": "catmullrom"
						},
						"0.92": {
							"post": [10.09, 0, 0],
							"lerp_mode": "catmullrom"
						},
						"1.24": {
							"post": [0, 0, 0],
							"lerp_mode": "catmullrom"
						}
					}
				}
			},
			"sound_effects": {
				"0.24": {
					"effect": "kangaskhan2"
				}
			}
		},
		"animation.kangaskhan2.baby_quirk": {
			"animation_length": 1.52,
			"bones": {
				"head": {
					"rotation": {
						"0.0": {
							"post": [0, 0, 0],
							"lerp_mode": "catmullrom"
						},
						"0.4": {
							"post": [0, 0, 0],
							"lerp_mode": "catmullrom"
						},
						"0.6": {
							"post": [7.5, 0, 0],
							"lerp_mode": "catmullrom"
						},
						"1.12": {
							"post": [15, 0, 0],
							"lerp_mode": "catmullrom"
						},
						"1.52": [0, 0, 0]
					}
				},
				"eyelid_left": {
					"position": {
						"0.2": [0, 0, 0],
						"0.24": [0.1, 0, 0],
						"1.16": [0.1, 0, 0],
						"1.2": [0, 0, 0]
					}
				},
				"eyelid_right": {
					"position": {
						"0.2": [0, 0, 0],
						"0.24": [-0.1, 0, 0],
						"1.16": [-0.1, 0, 0],
						"1.2": [0, 0, 0]
					}
				},
				"mouth": {
					"rotation": {
						"0.36": {
							"pre": [0, 0, 0],
							"post": [0, 0, 0],
							"lerp_mode": "catmullrom"
						},
						"0.6": {
							"post": [22.5, 0, 0],
							"lerp_mode": "catmullrom"
						},
						"1.16": {
							"post": [27.5, 0, 0],
							"lerp_mode": "catmullrom"
						},
						"1.48": {
							"post": [0, 0, 0],
							"lerp_mode": "catmullrom"
						}
					}
				},
				"bodybaby": {
					"rotation": {
						"0.0": {
							"post": [0, 0, 0],
							"lerp_mode": "catmullrom"
						},
						"0.16": {
							"post": [-11.25, 0, 0],
							"lerp_mode": "catmullrom"
						},
						"0.32": {
							"post": [12.5, 0, 0],
							"lerp_mode": "catmullrom"
						},
						"0.84": {
							"post": [10, 0, 0],
							"lerp_mode": "catmullrom"
						},
						"1.0": {
							"post": [-11.25, 0, 0],
							"lerp_mode": "catmullrom"
						},
						"1.32": {
							"post": [0, 0, 0],
							"lerp_mode": "catmullrom"
						}
					},
					"position": {
						"0.0": {
							"post": [0, 0, 0],
							"lerp_mode": "catmullrom"
						},
						"0.16": {
							"post": [0, -1, 0],
							"lerp_mode": "catmullrom"
						},
						"0.32": {
							"post": [0, 3, 0],
							"lerp_mode": "catmullrom"
						},
						"0.84": {
							"post": [0, 2.5, 0],
							"lerp_mode": "catmullrom"
						},
						"1.0": {
							"post": [0, -1, 0],
							"lerp_mode": "catmullrom"
						},
						"1.32": {
							"post": [0, 0, 0],
							"lerp_mode": "catmullrom"
						}
					}
				},
				"headbaby": {
					"rotation": {
						"0.0": {
							"post": [0, 0, 0],
							"lerp_mode": "catmullrom"
						},
						"0.16": {
							"post": [22.5, 0, 0],
							"lerp_mode": "catmullrom"
						},
						"0.32": {
							"post": [-15, 0, 0],
							"lerp_mode": "catmullrom"
						},
						"0.48": {
							"post": [-24.15, 0, 0],
							"lerp_mode": "catmullrom"
						},
						"0.84": {
							"post": [-10, 0, 0],
							"lerp_mode": "catmullrom"
						},
						"1.0": {
							"post": [2.5, 0, 0],
							"lerp_mode": "catmullrom"
						},
						"1.16": {
							"post": [22.03, 0, 0],
							"lerp_mode": "catmullrom"
						},
						"1.32": {
							"post": [0, 0, 0],
							"lerp_mode": "catmullrom"
						}
					}
				},
				"babymouth_closed": {
					"position": {
						"0.0": [0, 0, 0],
						"0.28": [0, 0, 0],
						"0.32": [0, 0, 0.1],
						"0.76": [0, 0, 0.1],
						"0.8": [0, 0, 0]
					}
				},
				"babymouth_open": {
					"position": {
						"0.28": [0, 0, 0],
						"0.32": [0, 0, -0.1],
						"0.76": [0, 0, -0.1],
						"0.8": [0, 0, 0]
					}
				},
				"babyeyelid_left": {
					"position": [0, 0, 0]
				},
				"leftarmbaby": {
					"rotation": {
						"0.0": {
							"post": [0, 0, 0],
							"lerp_mode": "catmullrom"
						},
						"0.16": {
							"post": [-40, 0, -40],
							"lerp_mode": "catmullrom"
						},
						"0.32": {
							"post": [61.67841, 13.27207, 82.94691],
							"lerp_mode": "catmullrom"
						},
						"0.84": {
							"post": [61.67841, 13.27207, 82.94691],
							"lerp_mode": "catmullrom"
						},
						"1.0": {
							"post": [-40, 0, -40],
							"lerp_mode": "catmullrom"
						},
						"1.32": {
							"post": [0, 0, 0],
							"lerp_mode": "catmullrom"
						}
					},
					"position": {
						"0.0": [0, 0, 0],
						"0.16": [0, 0, 0],
						"0.32": [0.5, -1, -1],
						"0.84": [0.5, -1, -1],
						"1.0": [0, 0, 0],
						"1.32": [0, 0, 0]
					}
				},
				"rightarmbaby": {
					"rotation": {
						"0.0": {
							"post": [0, 0, 0],
							"lerp_mode": "catmullrom"
						},
						"0.16": {
							"post": [-40, 0, 40],
							"lerp_mode": "catmullrom"
						},
						"0.32": {
							"post": [61.67841, -13.27207, -82.94691],
							"lerp_mode": "catmullrom"
						},
						"0.84": {
							"post": [61.67841, -13.27207, -82.94691],
							"lerp_mode": "catmullrom"
						},
						"1.0": {
							"post": [-40, 0, 40],
							"lerp_mode": "catmullrom"
						},
						"1.32": {
							"post": [0, 0, 0],
							"lerp_mode": "catmullrom"
						}
					},
					"position": {
						"0.0": [0, 0, 0],
						"0.16": [0, 0, 0],
						"0.32": [-0.5, -1, -1],
						"0.84": [-0.5, -1, -1],
						"1.0": [0, 0, 0],
						"1.32": [0, 0, 0]
					}
				}
			},
			"sound_effects": {
				"0.32": {
					"effect": "kangaskhan2baby"
				},
				"0.6": {
					"effect": "kangaskhan2"
				}
			}
		}
	}
}