{
    "implemented": true,
    "name": "Drapion",
    "nationalPokedexNumber": 452,
    "primaryType": "poison",
    "secondaryType": "dark",
    "abilities": [
      "battlearmor",
      "sniper",
      "h:keeneye"
    ],
    "drops": {
      "amount": 2,
      "entries": [
        {
          "item": "cobblemon:poison_barb",
          "percentage": 5.0
        },
        {
          "item": "cobblemon:bluk_berry",
          "percentage": 5.0
        }
      ]
    },
    "baseStats": {
      "hp": 70,
      "attack": 90,
      "defence": 110,
      "special_attack": 60,
      "special_defence": 75,
      "speed": 95
    },
    "catchRate": 45,
    "maleRatio": 0.5,
    "shoulderMountable": false,
    "baseExperienceYield": 175,
    "experienceGroup": "slow",
    "eggCycles": 20,
    "eggGroups": [
      "bug",
      "water_3"
    ],
    "moves": [
      "1:bite",
      "1:fellstinger",
      "1:firefang",
      "1:honeclaws",
      "1:icefang",
      "1:knockoff",
      "1:leer",
      "1:pinmissile",
      "1:poisonsting",
      "1:thunderfang",
      "9:pinmissile",
      "9:poisonfang",
      "12:bite",
      "12:pinmissile",
      "13:acupressure",
      "15:toxicspikes",
      "16:pursuit",
      "17:acupressure",
      "18:bugbite",
      "20:bugbite",
      "21:venoshock",
      "23:poisonfang",
      "23:scaryface",
      "24:knockoff",
      "27:scaryface",
      "27:venoshock",
      "28:toxicspikes",
      "30:honeclaws",
      "30:pinmissile",
      "33:toxic",
      "34:bugbite",
      "34:toxicspikes",
      "36:nightslash",
      "38:nightslash",
      "39:crosspoison",
      "39:poisonfang",
      "43:scaryface",
      "44:xscissor",
      "48:honeclaws",
      "49:acupressure",
      "49:crunch",
      "53:fellstinger",
      "54:crunch",
      "56:venoshock",
      "57:crosspoison",
      "58:crosspoison",
      "65:crunch",
      "73:crosspoison",
      "tm:aerialace",
      "tm:agility",
      "tm:assurance",
      "tm:attract",
      "tm:brickbreak",
      "tm:brutalswing",
      "tm:bugbuzz",
      "tm:bulldoze",
      "tm:captivate",
      "tm:confide",
      "tm:crosspoison",
      "tm:crunch",
      "tm:cut",
      "tm:darkpulse",
      "tm:dig",
      "tm:doubleteam",
      "tm:earthquake",
      "tm:endure",
      "tm:facade",
      "tm:falseswipe",
      "tm:firefang",
      "tm:flash",
      "tm:fling",
      "tm:frustration",
      "tm:gigaimpact",
      "tm:hiddenpower",
      "tm:honeclaws",
      "tm:hyperbeam",
      "tm:icefang",
      "tm:infestation",
      "tm:irondefense",
      "tm:irontail",
      "tm:leechlife",
      "tm:naturalgift",
      "tm:payback",
      "tm:pinmissile",
      "tm:poisonjab",
      "tm:protect",
      "tm:raindance",
      "tm:rest",
      "tm:retaliate",
      "tm:return",
      "tm:roar",
      "tm:rockclimb",
      "tm:rockslide",
      "tm:rocksmash",
      "tm:rocktomb",
      "tm:round",
      "tm:sandtomb",
      "tm:scaryface",
      "tm:screech",
      "tm:secretpower",
      "tm:shadowball",
      "tm:sleeptalk",
      "tm:sludgebomb",
      "tm:snarl",
      "tm:snore",
      "tm:stompingtantrum",
      "tm:strength",
      "tm:strugglebug",
      "tm:substitute",
      "tm:sunnyday",
      "tm:swagger",
      "tm:swordsdance",
      "tm:taunt",
      "tm:thief",
      "tm:throatchop",
      "tm:thunderfang",
      "tm:torment",
      "tm:toxic",
      "tm:toxicspikes",
      "tm:venomdrench",
      "tm:venoshock",
      "tm:xscissor",
      "tutor:aquatail",
      "tutor:bugbite",
      "tutor:darkpulse",
      "tutor:furycutter",
      "tutor:headbutt",
      "tutor:irontail",
      "tutor:knockoff",
      "tutor:lashout",
      "tutor:mudslap",
      "tutor:skittersmack",
      "tutor:sleeptalk",
      "tutor:snore",
      "tutor:stompingtantrum",
      "tutor:throatchop"
    ],
    "labels": [
      "gen4"
    ],
    "pokedex": [
      "cobblemon.species.drapion.desc"
    ],
    "preEvolution": "skorupi",
    "evolutions": [],
    "baseScale": 1,
    "hitbox": {
      "width": 1,
      "height": 1,
      "fixed": false
    },
    "baseFriendship": 50,
    "evYield": {
      "hp": 0,
      "attack": 0,
      "defence": 2,
      "special_attack": 0,
      "special_defence": 0,
      "speed": 0
    },
    "height": 13,
    "weight": 615,
    "aspects": [],
    "cannotDynamax": false
  }
  