{
    "implemented": true,
    "name": "Shaymin",
    "nationalPokedexNumber": 492,
    "primaryType": "grass",
    "abilities": [
      "naturalcure"
    ],
    "drops": {
      "amount": 7,
      "entries": [
        {
          "item": "cobblemon:rare_candy",
          "quantityRange": "5-10"
        },
        {
          "item": "minecraft:spore_blossom",
          "quantityRange": "2-9"
        },
        {
          "item": "cobblemon:miracle_seed",
          "percentage": 50.0
        },
        {
          "item": "cobblemon:max_revive",
          "quantityRange": "3-9"
        },
        {
          "item": "minecraft:pitcher_pod",
          "quantityRange": "2-12"
        },
        {
          "item": "cobblemon:ability_capsule",
          "percentage": 25.0
        },
        {
          "item": "cobblemon:ability_patch",
          "percentage": 5.0
        }
      ]
    },
    "baseStats": {
      "hp": 100,
      "attack": 100,
      "defence": 100,
      "special_attack": 100,
      "special_defence": 100,
      "speed": 100
    },
    "catchRate": 3,
    "maleRatio": -1,
    "shoulderMountable": false,
    "baseExperienceYield": 270,
    "baseFriendship": 100,
    "evYield": {
      "hp": 3,
      "attack": 0,
      "defence": 0,
      "special_attack": 0,
      "special_defence": 0,
      "speed": 0
    },
    "experienceGroup": "medium_slow",
    "eggCycles": 120,
    "eggGroups": [
      "undiscovered"
    ],
    "behaviour": {
        "resting": {
            "canSleep": true,
            "depth": "normal",
            "light": "0-4"
        },
        "moving": {
            "canLook": false,
            "walk": {
				"walkSpeed": 0.250,
                "canWalk": true,
                "avoidsLand": false
            },
            "swim": {
                "swimSpeed": 0.1,
                "canSwimInWater": false,
                "canBreatheUnderwater": false
            }
        }
    },
    "features": ["sky"],
    "moves": [
      "1:defensecurl",
      "1:growth",
      "10:magicalleaf",
      "19:leechseed",
      "28:quickattack",
      "28:synthesis",
      "37:sweetscent",
      "46:naturalgift",
      "46:playrough",
      "55:worryseed",
      "64:airslash",
      "64:aromatherapy",
      "64:grassyterrain",
      "73:energyball",
      "82:grasswhistle",
      "82:sweetkiss",
      "91:healingwish",
      "91:leafstorm",
      "91:luckychant",
      "100:seedflare",
      "tm:aircutter",
      "tm:airslash",
      "tm:batonpass",
      "tm:bulletseed",
      "tm:confide",
      "tm:dazzlinggleam",
      "tm:disarmingvoice",
      "tm:doubleedge",
      "tm:doubleteam",
      "tm:earthpower",
      "tm:endeavor",
      "tm:endure",
      "tm:energyball",
      "tm:facade",
      "tm:flash",
      "tm:frustration",
      "tm:gigadrain",
      "tm:gigaimpact",
      "tm:grassknot",
      "tm:grassyglide",
      "tm:grassyterrain",
      "tm:hiddenpower",
      "tm:hyperbeam",
      "tm:leafstorm",
      "tm:magicalleaf",
      "tm:naturalgift",
      "tm:naturepower",
      "tm:petalblizzard",
      "tm:playrough",
      "tm:protect",
      "tm:psychic",
      "tm:psychup",
      "tm:rest",
      "tm:return",
      "tm:round",
      "tm:safeguard",
      "tm:secretpower",
      "tm:seedbomb",
      "tm:sleeptalk",
      "tm:solarbeam",
      "tm:substitute",
      "tm:sunnyday",
      "tm:swagger",
      "tm:swift",
      "tm:swordsdance",
      "tm:tailwind",
      "tm:takedown",
      "tm:terablast",
      "tm:toxic",
      "tm:trailblaze",
      "tm:zenheadbutt",
      "tutor:aircutter",
      "tutor:airslash",
      "tutor:aromatherapy",
      "tutor:celebrate",
      "tutor:covet",
      "tutor:earthpower",
      "tutor:endeavor",
      "tutor:energyball",
      "tutor:gigadrain",
      "tutor:growth",
      "tutor:headbutt",
      "tutor:laserfocus",
      "tutor:lastresort",
      "tutor:leechseed",
      "tutor:magicalleaf",
      "tutor:mudslap",
      "tutor:ominouswind",
      "tutor:return",
      "tutor:seedbomb",
      "tutor:seedflare",
      "tutor:sleeptalk",
      "tutor:snore",
      "tutor:substitute",
      "tutor:sweetscent",
      "tutor:swift",
      "tutor:synthesis",
      "tutor:tailwind",
      "tutor:worryseed",
      "tutor:zenheadbutt"
    ],
    "labels": [
      "gen4",
      "mythical",
      "legendary"
    ],
    "pokedex": [
      "cobblemon.species.shaymin.desc"
    ],
    "height": 2,
    "weight": 21,
    "evolutions": [
        {
            "id": "shaymin_shayminsky",
            "variant": "level_up",
            "result": "shaymin sky=true",
            "consumeHeldItem": false,
            "learnableMoves": [],
			"requirements": [
			{
          "variant": "held_item",
          "itemCondition": "minecraft:spore_blossom"
			}
        ]
    }
],
    "baseScale": 0.4,
    "hitbox": {
        "width": 0.6,
        "height": 1,
        "fixed": false
      },
    "forms": [
      {
        "name": "Sky",
        "primaryType": "grass",
        "secondaryType": "flying",
        "abilities": [
          "serenegrace"
        ],
        "baseStats": {
          "hp": 100,
          "attack": 103,
          "defence": 75,
          "special_attack": 120,
          "special_defence": 75,
          "speed": 127
        },
        "catchRate": 3,
        "maleRatio": -1,
        "baseExperienceYield": 270,
        "baseFriendship": 100,
        "evYield": {
          "hp": 0,
          "attack": 0,
          "defence": 0,
          "special_attack": 0,
          "special_defence": 0,
          "speed": 3
        },
        "experienceGroup": "medium_slow",
        "eggCycles": 120,
        "eggGroups": [
          "undiscovered"
        ],
        "labels": [
          "gen4",
          "mythical",
          "legendary"
        ],
        "aspects": [
          "sky"
        ],
        "baseScale": 0.7,
        "hitbox": {
            "width": 0.6,
            "height": 0.8,
            "fixed": false
        },
        "height": 4,
        "weight": 52,
        "cannotDynamax": false,
        "battleOnly": false,
        "evolutions": [
            {
                "id": "shayminsky_shaymin",
                "variant": "level_up",
                "result": "shaymin sky=false",
                "consumeHeldItem": false,
                "learnableMoves": [],
                "requirements": [
                {
              "variant": "held_item",
              "itemCondition": "minecraft:spore_blossom"
                }
            ]
        }
    ]
}
    ],
    "aspects": [],
    "cannotDynamax": false
  }
  