{
    "implemented": true,
    "name": "Skorupi",
    "nationalPokedexNumber": 451,
    "primaryType": "poison",
    "secondaryType": "bug",
    "abilities": [
      "battlearmor",
      "sniper",
      "h:keeneye"
    ],
    "drops": {
      "amount": 2,
      "entries": [
        {
          "item": "cobblemon:poison_barb",
          "percentage": 2.5
        },
        {
          "item": "cobblemon:bluk_berry",
          "percentage": 2.5
        }
      ]
    },
    "baseStats": {
      "hp": 40,
      "attack": 50,
      "defence": 90,
      "special_attack": 30,
      "special_defence": 55,
      "speed": 65
    },
    "catchRate": 120,
    "maleRatio": 0.5,
    "shoulderMountable": false,
    "baseExperienceYield": 66,
    "experienceGroup": "slow",
    "eggCycles": 20,
    "eggGroups": [
      "bug",
      "water_3"
    ],
    "moves": [
      "1:bite",
      "1:leer",
      "1:poisonsting",
      "3:honeclaws",
      "5:knockoff",
      "6:fellstinger",
      "6:knockoff",
      "9:pinmissile",
      "9:poisonfang",
      "12:bite",
      "12:pinmissile",
      "13:acupressure",
      "15:toxicspikes",
      "16:pursuit",
      "17:acupressure",
      "18:bugbite",
      "20:bugbite",
      "21:venoshock",
      "23:poisonfang",
      "23:scaryface",
      "24:knockoff",
      "27:scaryface",
      "27:venoshock",
      "28:toxicspikes",
      "30:honeclaws",
      "30:pinmissile",
      "33:toxic",
      "34:bugbite",
      "34:toxicspikes",
      "36:nightslash",
      "38:nightslash",
      "39:crosspoison",
      "39:poisonfang",
      "41:scaryface",
      "42:xscissor",
      "45:acupressure",
      "45:crunch",
      "45:honeclaws",
      "47:fellstinger",
      "48:crunch",
      "49:crosspoison",
      "50:crosspoison",
      "50:venoshock",
      "56:crunch",
      "61:crosspoison",
      "egg:agility",
      "egg:confuseray",
      "egg:feintattack",
      "egg:irontail",
      "egg:nightslash",
      "egg:poisontail",
      "egg:pursuit",
      "egg:sandattack",
      "egg:screech",
      "egg:slash",
      "egg:twineedle",
      "egg:whirlwind",
      "tm:aerialace",
      "tm:agility",
      "tm:assurance",
      "tm:attract",
      "tm:brickbreak",
      "tm:bugbuzz",
      "tm:captivate",
      "tm:confide",
      "tm:crosspoison",
      "tm:crunch",
      "tm:cut",
      "tm:darkpulse",
      "tm:dig",
      "tm:doubleteam",
      "tm:endure",
      "tm:facade",
      "tm:falseswipe",
      "tm:flash",
      "tm:fling",
      "tm:frustration",
      "tm:hiddenpower",
      "tm:honeclaws",
      "tm:infestation",
      "tm:irontail",
      "tm:naturalgift",
      "tm:payback",
      "tm:pinmissile",
      "tm:poisonjab",
      "tm:protect",
      "tm:raindance",
      "tm:rest",
      "tm:return",
      "tm:rocksmash",
      "tm:rocktomb",
      "tm:round",
      "tm:scaryface",
      "tm:screech",
      "tm:secretpower",
      "tm:shadowball",
      "tm:sleeptalk",
      "tm:sludgebomb",
      "tm:snore",
      "tm:strength",
      "tm:strugglebug",
      "tm:substitute",
      "tm:sunnyday",
      "tm:swagger",
      "tm:swordsdance",
      "tm:taunt",
      "tm:thief",
      "tm:torment",
      "tm:toxic",
      "tm:toxicspikes",
      "tm:venoshock",
      "tm:xscissor",
      "tutor:agility",
      "tutor:aquatail",
      "tutor:bite",
      "tutor:bugbite",
      "tutor:darkpulse",
      "tutor:furycutter",
      "tutor:headbutt",
      "tutor:irontail",
      "tutor:knockoff",
      "tutor:mudslap",
      "tutor:skittersmack",
      "tutor:sleeptalk",
      "tutor:snore"
    ],
    "labels": [
      "gen4"
    ],
    "pokedex": [
      "cobblemon.species.skorupi.desc"
    ],
    "evolutions": [
      {
        "id": "skorupi_drapion",
        "variant": "level_up",
        "result": "drapion",
        "consumeHeldItem": false,
        "learnableMoves": [],
        "requirements": [
          {
            "variant": "level",
            "minLevel": 40
          }
        ]
      }
    ],
    "baseScale": 1,
    "hitbox": {
      "width": 1,
      "height": 1,
      "fixed": false
    },
    "baseFriendship": 50,
    "evYield": {
      "hp": 0,
      "attack": 0,
      "defence": 1,
      "special_attack": 0,
      "special_defence": 0,
      "speed": 0
    },
    "height": 8,
    "weight": 120,
    "aspects": [],
    "cannotDynamax": false
  }
  