{
    "implemented": true,
    "name": "Skuntank",
    "nationalPokedexNumber": 435,
    "primaryType": "poison",
    "secondaryType": "dark",
    "abilities": [
      "stench",
      "aftermath",
      "h:keeneye"
    ],
    "drops": {
      "amount": 1,
      "entries": [
        {
          "item": "cobblemon:pecha_berry",
          "percentage": 5.0
        }
      ]
    },
    "baseStats": {
      "hp": 103,
      "attack": 93,
      "defence": 67,
      "special_attack": 71,
      "special_defence": 61,
      "speed": 84
    },
    "catchRate": 60,
    "maleRatio": 0.5,
    "shoulderMountable": false,
    "baseExperienceYield": 168,
    "experienceGroup": "medium_fast",
    "eggCycles": 20,
    "eggGroups": [
      "field"
    ],
    "moves": [
      "1:feint",
      "1:flamethrower",
      "1:focusenergy",
      "1:poisongas",
      "1:scratch",
      "1:screech",
      "1:smokescreen",
      "7:screech",
      "9:acidspray",
      "9:furyswipes",
      "10:furyswipes",
      "12:furyswipes",
      "13:smokescreen",
      "14:smokescreen",
      "15:feint",
      "15:focusenergy",
      "18:bite",
      "18:feint",
      "19:acidspray",
      "20:toxic",
      "21:bite",
      "21:venoshock",
      "22:slash",
      "24:screech",
      "25:slash",
      "27:toxic",
      "30:suckerpunch",
      "31:nightslash",
      "32:acidspray",
      "33:memento",
      "34:flamethrower",
      "37:venomdrench",
      "38:nightslash",
      "39:suckerpunch",
      "41:memento",
      "41:nightslash",
      "43:belch",
      "45:explosion",
      "48:explosion",
      "48:venomdrench",
      "51:memento",
      "52:explosion",
      "53:explosion",
      "56:belch",
      "61:explosion",
      "tm:acidspray",
      "tm:assurance",
      "tm:attract",
      "tm:bodyslam",
      "tm:burningjealousy",
      "tm:captivate",
      "tm:confide",
      "tm:crunch",
      "tm:cut",
      "tm:darkpulse",
      "tm:defog",
      "tm:dig",
      "tm:doubleedge",
      "tm:doubleteam",
      "tm:endeavor",
      "tm:endure",
      "tm:explosion",
      "tm:facade",
      "tm:fireblast",
      "tm:firespin",
      "tm:flamethrower",
      "tm:focusenergy",
      "tm:foulplay",
      "tm:frustration",
      "tm:gigaimpact",
      "tm:gunkshot",
      "tm:haze",
      "tm:helpinghand",
      "tm:hex",
      "tm:hiddenpower",
      "tm:honeclaws",
      "tm:hyperbeam",
      "tm:incinerate",
      "tm:irontail",
      "tm:knockoff",
      "tm:lashout",
      "tm:nastyplot",
      "tm:naturalgift",
      "tm:payback",
      "tm:playrough",
      "tm:poisonjab",
      "tm:poisontail",
      "tm:protect",
      "tm:raindance",
      "tm:rest",
      "tm:return",
      "tm:roar",
      "tm:rocksmash",
      "tm:round",
      "tm:scaryface",
      "tm:screech",
      "tm:secretpower",
      "tm:shadowball",
      "tm:shadowclaw",
      "tm:sleeptalk",
      "tm:sludgebomb",
      "tm:sludgewave",
      "tm:snarl",
      "tm:snatch",
      "tm:snore",
      "tm:strength",
      "tm:substitute",
      "tm:sunnyday",
      "tm:superfang",
      "tm:swagger",
      "tm:swift",
      "tm:tailslap",
      "tm:takedown",
      "tm:taunt",
      "tm:temperflare",
      "tm:terablast",
      "tm:thief",
      "tm:throatchop",
      "tm:torment",
      "tm:toxic",
      "tm:toxicspikes",
      "tm:trailblaze",
      "tm:venomdrench",
      "tm:venoshock",
      "tutor:burningjealousy",
      "tutor:corrosivegas",
      "tutor:darkpulse",
      "tutor:defog",
      "tutor:foulplay",
      "tutor:furycutter",
      "tutor:headbutt",
      "tutor:irontail",
      "tutor:lashout",
      "tutor:mudslap",
      "tutor:sleeptalk",
      "tutor:snatch",
      "tutor:snore",
      "tutor:suckerpunch",
      "tutor:swift",
      "tutor:throatchop"
    ],
    "labels": [
      "gen4"
    ],
    "pokedex": [
      "cobblemon.species.skuntank.desc"
    ],
    "preEvolution": "stunky",
    "evolutions": [],
    "baseScale": 1,
    "hitbox": {
      "width": 1,
      "height": 1,
      "fixed": false
    },
    "baseFriendship": 50,
    "evYield": {
      "hp": 2,
      "attack": 0,
      "defence": 0,
      "special_attack": 0,
      "special_defence": 0,
      "speed": 0
    },
    "height": 10,
    "weight": 380,
    "aspects": [],
    "cannotDynamax": false
  }
  