{
	"format_version": "1.12.0",
	"minecraft:geometry": [
		{
			"description": {
				"identifier": "geometry.dialga",
				"texture_width": 512,
				"texture_height": 512,
				"visible_bounds_width": 15,
				"visible_bounds_height": 9.5,
				"visible_bounds_offset": [0, 4.25, 0]
			},
			"bones": [
				{
					"name": "dialga",
					"pivot": [0, 0, 0]
				},
				{
					"name": "body",
					"parent": "dialga",
					"pivot": [0, 0, 0]
				},
				{
					"name": "torso",
					"parent": "body",
					"pivot": [-0.25, 42.5, 21.25],
					"cubes": [
						{"origin": [-11.25, 32.75, 0], "size": [22, 22, 31], "uv": [0, 459]},
						{"origin": [-12.75, 31.75, -27], "size": [25, 25, 27], "uv": [0, 0]}
					]
				},
				{
					"name": "sun_dial",
					"parent": "torso",
					"pivot": [0, 50.75, 15.75],
					"rotation": [-30, 0, 0],
					"cubes": [
						{"origin": [0.01321, 56.35338, 14.08771], "size": [10, 20, 0], "pivot": [5.01321, 68.85338, 13.58771], "rotation": [-0.21803, -2.49048, 15.00474], "uv": [72, 100]},
						{"origin": [-10.51321, 56.10338, 13.96271], "size": [10, 20, 0], "pivot": [-5.51321, 68.60338, 13.46271], "rotation": [-0.28319, 2.48392, -16.50614], "uv": [52, 136]},
						{"origin": [-17.21321, 53.85338, 15.33771], "size": [7, 18, 0], "pivot": [-16.21321, 66.35338, 14.83771], "rotation": [-0.72678, 12.39621, -26.64117], "uv": [187, 235]},
						{"origin": [7.51321, 55.10338, 15.33771], "size": [8, 18, 0], "pivot": [12.51321, 63.60338, 14.83771], "rotation": [-1.27527, -12.35252, 29.20025], "uv": [0, 343]}
					]
				},
				{
					"name": "bone3",
					"parent": "sun_dial",
					"pivot": [0, 58.75, 14.75]
				},
				{
					"name": "bone35",
					"parent": "bone3",
					"pivot": [-0.275, 60.325, 13.75],
					"cubes": [
						{"origin": [-3.275, 61.325, 12.75], "size": [6, 21, 2], "uv": [300, 489]},
						{"origin": [-2.275, 82.325, 13.75], "size": [4, 13, 0], "uv": [250, 499]}
					]
				},
				{
					"name": "bone16",
					"parent": "bone3",
					"pivot": [4.75, 57.25, 15.25],
					"rotation": [0, -7.5, 27.5]
				},
				{
					"name": "bone30",
					"parent": "bone16",
					"pivot": [5.45, 59.825, 14.4],
					"rotation": [0, 0, -10],
					"cubes": [
						{"origin": [3.7, 80.825, 14.4], "size": [3, 13, 0], "uv": [238, 257]},
						{"origin": [2.7, 60.825, 13.4], "size": [5, 20, 2], "uv": [202, 235]}
					]
				},
				{
					"name": "bone17",
					"parent": "bone16",
					"pivot": [8.875, 56.25, 14.675],
					"rotation": [-1.24167, -11.10059, 12.18295],
					"cubes": [
						{"origin": [6.475, 61.825, 13.275], "size": [5, 17, 2], "uv": [168, 241]},
						{"origin": [7.475, 78.825, 14.275], "size": [3, 13, 0], "uv": [248, 257]}
					]
				},
				{
					"name": "bone14",
					"parent": "bone3",
					"pivot": [-5.25, 59.25, 15.25],
					"rotation": [0, 7.5, -27.5]
				},
				{
					"name": "bone29",
					"parent": "bone14",
					"pivot": [-7.1156, 60.05098, 14.27946],
					"rotation": [0, 0, 10],
					"cubes": [
						{"origin": [-8.1156, 81.05098, 14.27946], "size": [3, 13, 0], "uv": [238, 257], "mirror": true},
						{"origin": [-9.1156, 61.05098, 13.27946], "size": [5, 20, 2], "uv": [202, 235], "mirror": true}
					]
				},
				{
					"name": "bone15",
					"parent": "bone14",
					"pivot": [-10.2406, 57.42598, 14.55446],
					"rotation": [-1.24167, 11.10059, -12.18295],
					"cubes": [
						{"origin": [-12.8406, 62.00098, 13.15446], "size": [5, 17, 2], "uv": [168, 241], "mirror": true},
						{"origin": [-11.8406, 79.00098, 14.15446], "size": [3, 13, 0], "uv": [248, 257], "mirror": true}
					]
				},
				{
					"name": "bone",
					"parent": "sun_dial",
					"pivot": [0.25, 60.25, 14.5],
					"rotation": [15, 0, 0],
					"cubes": [
						{"origin": [-11.25, 54.25, 12.5], "size": [22, 4, 3], "inflate": 0.03, "uv": [219, 21]}
					]
				},
				{
					"name": "bone9",
					"parent": "torso",
					"pivot": [-0.25, 56.49118, -14.78407],
					"rotation": [12.5, 0, 0],
					"cubes": [
						{"origin": [-7.25, 53.85295, -28.58735], "size": [14, 12, 15], "uv": [453, 485]},
						{"origin": [-1.25, 57.60295, -15.08735], "size": [2, 11, 2], "uv": [258, 103]},
						{"origin": [-0.75, 59.60295, -13.83735], "size": [1, 7, 9], "uv": [216, 241]},
						{"origin": [-0.75, 60.57795, -4.83735], "size": [1, 5, 2], "uv": [266, 264]}
					]
				},
				{
					"name": "neck",
					"parent": "bone9",
					"pivot": [-0.25, 67.11177, -20.55327],
					"cubes": [
						{"origin": [-5.75, 63.85295, -27.38735], "size": [11, 19, 12], "uv": [184, 176]},
						{"origin": [-1.25, 70.35295, -15.83735], "size": [2, 11, 3], "uv": [108, 257]},
						{"origin": [-0.75, 72.35295, -13.83735], "size": [1, 7, 9], "uv": [100, 171]},
						{"origin": [-0.75, 73.35295, -4.83735], "size": [1, 5, 2], "uv": [142, 264]}
					]
				},
				{
					"name": "bone2",
					"parent": "neck",
					"pivot": [-0.75, 82.85295, -19.98735],
					"cubes": [
						{"origin": [-1.25, 82.85295, -15.98735], "size": [2, 11, 3], "uv": [256, 252]},
						{"origin": [-0.75, 84.85295, -13.48735], "size": [1, 7, 9], "uv": [148, 241]},
						{"origin": [-0.75, 85.85295, -4.48735], "size": [1, 5, 2], "uv": [20, 245]},
						{"origin": [-5.75, 80.85295, -26.98735], "size": [11, 17, 11], "inflate": -0.03, "uv": [0, 203]}
					]
				},
				{
					"name": "head",
					"parent": "bone2",
					"pivot": [-0.25, 95.85295, -19.91235],
					"rotation": [12.5, 0, 0],
					"cubes": [
						{"origin": [-6.675, 98.17993, -33.26379], "size": [10, 8, 10], "inflate": -0.03, "pivot": [-1.675, 100.17993, -26.26379], "rotation": [0, -45, 0], "uv": [224, 28]},
						{"origin": [-5.95, 103.17993, -33.23879], "size": [10, 2, 2], "inflate": -0.025, "pivot": [-0.95, 106.17993, -27.23879], "rotation": [0, -45, 0], "uv": [104, 48]},
						{"origin": [0.325, 103.17993, -23.43879], "size": [6, 2, 2], "inflate": 0.02, "pivot": [5.825, 105.17993, -22.43879], "rotation": [0, -90, 0], "uv": [258, 190]},
						{"origin": [-11.825, 103.17993, -23.43879], "size": [6, 2, 2], "inflate": 0.02, "pivot": [-6.325, 105.17993, -22.43879], "rotation": [0, -90, 0], "uv": [258, 194]},
						{"origin": [-7.60381, 103.17993, -30.71392], "size": [8, 2, 2], "inflate": -0.025, "pivot": [-4.10381, 105.17993, -29.71392], "rotation": [0, 45, 0], "uv": [131, 48]},
						{"origin": [-7.25, 95.15493, -24.68879], "size": [14, 11, 11], "inflate": 0.025, "uv": [100, 188]},
						{"origin": [-1.25, 106.17993, -31.68879], "size": [2, 0, 4], "uv": [152, 47]},
						{"origin": [-7.25, 98.15493, -27.68879], "size": [14, 8, 3], "inflate": 0.025, "uv": [224, 46]}
					]
				},
				{
					"name": "bone4",
					"parent": "head",
					"pivot": [8.825, 105.62993, -20.93879],
					"cubes": [
						{"origin": [6.825, 101.62993, -23.43879], "size": [1, 4, 9], "uv": [492, 0]},
						{"origin": [7.325, 104.16758, -15.08623], "size": [0, 5, 35], "uv": [96, 52]},
						{"origin": [6.825, 101.59958, -32.38945], "size": [1, 4, 9], "inflate": -0.02, "pivot": [7.325, 105.57993, -23.38879], "rotation": [72.5, 0, 0], "uv": [108, 244]},
						{"origin": [6.825, 106.32816, -25.17475], "size": [1, 3, 7], "inflate": -0.03, "pivot": [7.325, 111.32993, -16.58879], "rotation": [72.5, 0, 0], "uv": [249, 120]},
						{"origin": [7.575, 110.09958, -21.93562], "size": [0, 4, 10], "pivot": [8.075, 114.07993, -22.93627], "rotation": [-72.5, 0, 0], "uv": [52, 156]}
					]
				},
				{
					"name": "bone5",
					"parent": "bone4",
					"pivot": [7.775, 98.17993, -22.96379],
					"rotation": [0, 4, 0],
					"cubes": [
						{"origin": [6.775, 95.87458, -30.41445], "size": [1, 4, 8], "inflate": -0.03, "uv": [493, 14]},
						{"origin": [7.675, 91.79958, -34.33945], "size": [0, 8, 4], "pivot": [7.675, 98.79958, -30.33945], "rotation": [0, 12.5, 0], "uv": [62, 259]}
					]
				},
				{
					"name": "bone6",
					"parent": "bone4",
					"pivot": [-9.425, 105.62993, -20.93879],
					"cubes": [
						{"origin": [-8.425, 101.62993, -23.43879], "size": [1, 4, 9], "uv": [492, 0]},
						{"origin": [-7.925, 104.16758, -15.08623], "size": [0, 5, 35], "uv": [96, 52]},
						{"origin": [-8.425, 101.59958, -32.38945], "size": [1, 4, 9], "inflate": -0.02, "pivot": [-7.925, 105.57993, -23.38879], "rotation": [72.5, 0, 0], "uv": [108, 244]},
						{"origin": [-8.425, 106.32816, -25.17475], "size": [1, 3, 7], "inflate": -0.03, "pivot": [-7.925, 111.32993, -16.58879], "rotation": [72.5, 0, 0], "uv": [249, 131]},
						{"origin": [-8.175, 110.09958, -21.93562], "size": [0, 4, 10], "pivot": [-8.675, 114.07993, -22.93627], "rotation": [-72.5, 0, 0], "uv": [52, 156]}
					]
				},
				{
					"name": "bone7",
					"parent": "bone6",
					"pivot": [-8.375, 98.17993, -22.96379],
					"rotation": [0, -4, 0],
					"cubes": [
						{"origin": [-8.375, 95.87458, -30.41445], "size": [1, 4, 8], "inflate": -0.03, "uv": [493, 14]},
						{"origin": [-8.3, 91.79958, -34.31445], "size": [0, 8, 4], "pivot": [-8.3, 98.79958, -30.31445], "rotation": [0, -12.5, 0], "uv": [62, 259]}
					]
				},
				{
					"name": "bone31",
					"parent": "head",
					"pivot": [-0.15, 95.12993, -12.68879],
					"rotation": [5, 0, 0],
					"cubes": [
						{"origin": [-7.25, 95.87993, -14.68879], "size": [14, 10, 15], "inflate": -0.025, "uv": [166, 33]},
						{"origin": [-6.35, 96.35493, 0.31121], "size": [12, 9, 7], "uv": [220, 103]},
						{"origin": [-4.9, 97.35493, 7.31121], "size": [9, 7, 6], "uv": [220, 228]},
						{"origin": [-3.525, 97.85493, 13.31121], "size": [6, 6, 4], "uv": [80, 245]}
					]
				},
				{
					"name": "bone28",
					"parent": "head",
					"pivot": [-7.275, 105.15493, -26.68879],
					"cubes": [
						{"origin": [-7.3, 100.90493, -27.68879], "size": [0, 3, 2], "uv": [216, 235]},
						{"origin": [-7.325, 101.40493, -27.18879], "size": [0, 2, 1], "uv": [90, 124]}
					]
				},
				{
					"name": "bone27",
					"parent": "head",
					"pivot": [6.775, 105.15493, -26.68879],
					"cubes": [
						{"origin": [6.8, 100.90493, -27.68879], "size": [0, 3, 2], "uv": [94, 205]},
						{"origin": [6.825, 101.40493, -27.18879], "size": [0, 2, 1], "uv": [90, 120]}
					]
				},
				{
					"name": "jaw",
					"parent": "head",
					"pivot": [-0.25, 97.52993, -24.76379],
					"rotation": [-2.5, 0, 0],
					"cubes": [
						{"origin": [-7.25, 95.2537, -27.65945], "size": [14, 3, 4], "pivot": [-0.25, 96.7537, -25.65945], "rotation": [-0.75, 0, 0], "uv": [184, 228]},
						{"origin": [-6.65, 95.25493, -33.26379], "size": [10, 3, 10], "inflate": -0.025, "pivot": [-1.65, 92.25493, -26.26379], "rotation": [0, -45, 0], "uv": [144, 228]},
						{"origin": [-7.62881, 96.25493, -30.83892], "size": [9, 2, 1], "pivot": [-4.12881, 97.25493, -29.83892], "rotation": [0, 45, 0], "uv": [256, 187]},
						{"origin": [-5.975, 96.25493, -33.36379], "size": [10, 2, 1], "pivot": [-0.975, 98.25493, -27.36379], "rotation": [0, -45, 0], "uv": [234, 171]},
						{"origin": [-0.7, 96.25493, -22.58879], "size": [4, 2, 1], "inflate": 0.025, "pivot": [5.8, 97.25493, -21.58879], "rotation": [0, -90, 0], "uv": [212, 28]},
						{"origin": [-12.8, 96.25493, -21.58879], "size": [4, 2, 1], "inflate": 0.025, "pivot": [-6.3, 97.25493, -21.58879], "rotation": [0, -90, 0], "uv": [82, 226]},
						{"origin": [1.15, 97.27993, -31.28879], "size": [2, 2, 0], "pivot": [2.15, 98.27993, -31.28879], "rotation": [-35.26439, -30, 54.73561], "uv": [90, 130]},
						{"origin": [-3.6, 97.27993, -31.31379], "size": [2, 2, 0], "pivot": [-2.6, 98.27993, -31.31379], "rotation": [-35.26439, 30, -54.73561], "uv": [44, 203]}
					]
				},
				{
					"name": "bone8",
					"parent": "torso",
					"pivot": [-4.75, 46.75, -21],
					"cubes": [
						{"origin": [-10.75, 34.75, -33], "size": [21, 17, 6], "uv": [299, 0]},
						{"origin": [-5.75, 36.75, -36], "size": [11, 11, 9], "uv": [472, 57]},
						{"origin": [-5.25, 47.69704, -35.92827], "size": [10, 11, 5], "pivot": [-0.25, 47.725, -35.9], "rotation": [-32.5, 0, 0], "uv": [229, 176]},
						{"origin": [5.4753, 42.88471, -34.55481], "size": [3, 12, 2], "inflate": -0.025, "pivot": [6.45, 44.3, -34.5], "rotation": [-18.38132, 1.07393, 89.79742], "uv": [256, 238]},
						{"origin": [-8.9753, 42.88471, -34.30481], "size": [3, 12, 2], "inflate": -0.025, "pivot": [-6.95, 44.3, -34.25], "rotation": [-18.38132, -1.07393, -89.79742], "uv": [256, 238], "mirror": true},
						{"origin": [-4.75, 27.80296, -35.82827], "size": [9, 9, 8], "pivot": [0.25, 36.775, -36.8], "rotation": [27.5, 0, 0], "uv": [478, 77]},
						{"origin": [-4.25, 20.35296, -31.80327], "size": [8, 9, 5], "pivot": [-0.25, 29.325, -31.775], "rotation": [72.5, 0, 0], "uv": [108, 230]}
					]
				},
				{
					"name": "diamond",
					"parent": "bone8",
					"pivot": [-0.75, 46.25, -30.75],
					"cubes": [
						{"origin": [-2.25, 41.25, -37.25], "size": [4, 4, 2], "pivot": [-0.25, 43.25, -36.25], "rotation": [0, 0, 45], "uv": [258, 198]}
					]
				},
				{
					"name": "bone11",
					"parent": "bone8",
					"pivot": [-5.325, 48.025, -35.025],
					"rotation": [9.00653, -7.2209, -6.29171],
					"cubes": [
						{"origin": [-4, 48.52204, -37.47827], "size": [3, 15, 1], "inflate": -0.025, "pivot": [-3, 44.55, -37.45], "rotation": [-27.85967, -15.81217, -31.90565], "uv": [256, 171], "mirror": true},
						{"origin": [-11.325, 57.99704, -30.80327], "size": [2, 15, 0], "pivot": [-10.325, 54.025, -30.775], "rotation": [-27.09244, -9.15597, -35.44781], "uv": [92, 100], "mirror": true}
					]
				},
				{
					"name": "bone34",
					"parent": "bone8",
					"pivot": [4.325, 48.025, -35.025],
					"rotation": [9.00653, 7.2209, 6.29171],
					"cubes": [
						{"origin": [0, 48.52204, -37.47827], "size": [3, 15, 1], "inflate": -0.025, "pivot": [2, 44.55, -37.45], "rotation": [-27.85967, 15.81217, 31.90565], "uv": [256, 171]},
						{"origin": [8.325, 57.99704, -30.80327], "size": [2, 15, 0], "pivot": [9.325, 54.025, -30.775], "rotation": [-27.09244, 9.15597, 35.44781], "uv": [92, 100]}
					]
				},
				{
					"name": "tail",
					"parent": "torso",
					"pivot": [-0.725, 45, 23.25],
					"cubes": [
						{"origin": [-9.225, 36.5, 23.25], "size": [17, 17, 19], "uv": [0, 100]}
					]
				},
				{
					"name": "tail2",
					"parent": "tail",
					"pivot": [-0.475, 44.5, 38.25],
					"cubes": [
						{"origin": [-7.725, 37.5, 38.25], "size": [14, 15, 18], "uv": [104, 0]}
					]
				},
				{
					"name": "tail3",
					"parent": "tail2",
					"pivot": [-0.475, 44.5, 53.25],
					"cubes": [
						{"origin": [-6.725, 38.5, 53.25], "size": [12, 13, 18], "uv": [124, 132]}
					]
				},
				{
					"name": "tail4",
					"parent": "tail3",
					"pivot": [-1.475, 44.5, 69.25],
					"cubes": [
						{"origin": [-5.725, 39.5, 68.25], "size": [10, 11, 17], "uv": [166, 92]}
					]
				},
				{
					"name": "tail5",
					"parent": "tail4",
					"pivot": [-1.475, 44.5, 83.25],
					"cubes": [
						{"origin": [-3.975, 41.5, 82.25], "size": [7, 7, 14], "uv": [218, 0]}
					]
				},
				{
					"name": "bone32",
					"parent": "tail5",
					"pivot": [-0.975, 44.5, 95.25],
					"cubes": [
						{"origin": [-2.975, 42.5, 93.25], "size": [5, 5, 13], "uv": [45, 227]}
					]
				},
				{
					"name": "bone21",
					"parent": "body",
					"pivot": [7.925, 40.4, 24.5],
					"rotation": [-0.78276, -2.9187, -24.6357],
					"cubes": [
						{"origin": [2.42725, 19.2138, 16.03303], "size": [13, 26, 13], "uv": [72, 132]}
					]
				},
				{
					"name": "bone23",
					"parent": "bone21",
					"pivot": [11.59299, 19.2558, 16.4245],
					"rotation": [2.58807, -14.98539, 24.33037],
					"cubes": [
						{"origin": [3.3826, 4.28261, 16.12478], "size": [12, 15, 13], "uv": [0, 175]},
						{"origin": [4.8826, 4.28261, 15.37478], "size": [1, 14, 1], "uv": [217, 258]},
						{"origin": [5.3826, 4.23261, 13.32478], "size": [0, 8, 2], "uv": [33, 261]},
						{"origin": [13.3826, 4.23261, 13.07478], "size": [0, 8, 2], "uv": [33, 261]},
						{"origin": [12.8826, 4.28261, 15.12478], "size": [1, 14, 1], "uv": [223, 258]},
						{"origin": [8.8826, 4.28261, 15.12478], "size": [1, 6, 3], "uv": [135, 232]}
					]
				},
				{
					"name": "bone24",
					"parent": "bone23",
					"pivot": [9.20118, 0.29479, 21.82478],
					"rotation": [0, 0, 0],
					"cubes": [
						{"origin": [3.367, -3.78717, 16.12627], "size": [12, 8, 13], "inflate": 0.03, "uv": [150, 207]},
						{"origin": [4.3826, -3.74239, 14.37478], "size": [2, 8, 2], "uv": [264, 171]},
						{"origin": [8.3826, -3.76739, 14.07478], "size": [2, 8, 2], "uv": [266, 103]},
						{"origin": [9.3826, -3.81739, 9.07478], "size": [0, 8, 5], "uv": [52, 259]},
						{"origin": [12.3826, -3.74239, 14.07478], "size": [2, 8, 2], "uv": [266, 113]},
						{"origin": [13.3826, -3.74239, 10.07478], "size": [0, 8, 4], "uv": [18, 261]},
						{"origin": [5.3826, -3.74239, 10.32478], "size": [0, 8, 4], "uv": [18, 261]}
					]
				},
				{
					"name": "bone22",
					"parent": "body",
					"pivot": [-8.35, 40.4, 24.5],
					"rotation": [-0.78276, 2.9187, 24.6357],
					"cubes": [
						{"origin": [-15.85225, 19.2138, 16.03303], "size": [13, 26, 13], "uv": [72, 132], "mirror": true}
					]
				},
				{
					"name": "bone25",
					"parent": "bone22",
					"pivot": [-12.01799, 19.2558, 16.4245],
					"rotation": [2.58807, 14.98539, -24.33037],
					"cubes": [
						{"origin": [-15.8076, 4.28261, 16.12478], "size": [12, 15, 13], "uv": [0, 175], "mirror": true},
						{"origin": [-6.3076, 4.28261, 15.37478], "size": [1, 14, 1], "uv": [223, 258]},
						{"origin": [-5.8076, 4.23261, 13.32478], "size": [0, 8, 2], "uv": [33, 261]},
						{"origin": [-13.8076, 4.23261, 13.32478], "size": [0, 8, 2], "uv": [33, 261]},
						{"origin": [-14.3076, 4.28261, 15.12478], "size": [1, 14, 1], "uv": [217, 258]},
						{"origin": [-10.3076, 4.28261, 15.12478], "size": [1, 6, 3], "uv": [135, 232]}
					]
				},
				{
					"name": "bone26",
					"parent": "bone25",
					"pivot": [-9.62618, 0.31979, 21.82478],
					"rotation": [0, 0, 0],
					"cubes": [
						{"origin": [-15.792, -3.76217, 16.12627], "size": [12, 8, 13], "inflate": 0.03, "uv": [150, 207], "mirror": true},
						{"origin": [-6.8076, -3.71739, 14.37478], "size": [2, 8, 2], "uv": [266, 153]},
						{"origin": [-10.8076, -3.74239, 14.07478], "size": [2, 8, 2], "uv": [266, 216]},
						{"origin": [-9.8076, -3.79239, 9.07478], "size": [0, 8, 5], "uv": [52, 259]},
						{"origin": [-14.8076, -3.71739, 14.07478], "size": [2, 8, 2], "uv": [266, 226]},
						{"origin": [-13.8076, -3.71739, 10.07478], "size": [0, 8, 4], "uv": [18, 261]},
						{"origin": [-5.8076, -3.71739, 10.32478], "size": [0, 8, 4], "uv": [18, 261]}
					]
				},
				{
					"name": "bone18",
					"parent": "body",
					"pivot": [-10.6, 38.275, -18.5],
					"rotation": [0, 0, 27.15564],
					"cubes": [
						{"origin": [-17.4222, 20.38789, -25.18279], "size": [12, 22, 12], "uv": [166, 58], "mirror": true}
					]
				},
				{
					"name": "bone19",
					"parent": "bone18",
					"pivot": [-12.33794, 20.40489, -25.19131],
					"rotation": [0.19645, 7.44357, -27.49935],
					"cubes": [
						{"origin": [-17.37755, 5.43171, -25.19103], "size": [12, 15, 13], "uv": [168, 0], "mirror": true},
						{"origin": [-7.87755, 5.43171, -25.94103], "size": [1, 14, 1], "uv": [39, 253], "mirror": true},
						{"origin": [-15.87755, 5.38171, -25.94103], "size": [1, 14, 1], "uv": [145, 211], "mirror": true},
						{"origin": [-15.37755, 5.38171, -28.94103], "size": [0, 7, 3], "uv": [12, 266]},
						{"origin": [-7.37755, 5.38171, -28.94103], "size": [0, 7, 3], "uv": [12, 266]},
						{"origin": [-11.87755, 5.43171, -26.19103], "size": [1, 5, 4], "uv": [7, 258], "mirror": true}
					]
				},
				{
					"name": "bone20",
					"parent": "bone19",
					"pivot": [-11.39613, 5.16888, -26.99103],
					"rotation": [0, 0, 0],
					"cubes": [
						{"origin": [-17.36195, -2.63807, -25.18954], "size": [12, 8, 13], "inflate": 0.03, "uv": [44, 205], "mirror": true},
						{"origin": [-8.37755, -2.59329, -26.94103], "size": [2, 8, 2], "uv": [134, 264]},
						{"origin": [-12.37755, -2.59329, -26.99103], "size": [2, 8, 2], "uv": [88, 264]},
						{"origin": [-11.37755, -2.56829, -32.24103], "size": [0, 8, 5], "uv": [202, 266]},
						{"origin": [-16.37755, -2.61829, -26.94103], "size": [2, 8, 2], "uv": [100, 245]},
						{"origin": [-15.37755, -2.61829, -30.94103], "size": [0, 8, 4], "uv": [260, 0]},
						{"origin": [-7.37755, -2.61829, -30.94103], "size": [0, 8, 4], "uv": [260, 0]}
					]
				},
				{
					"name": "bone10",
					"parent": "body",
					"pivot": [10.1, 38.275, -18.5],
					"rotation": [0, 0, -27.15564],
					"cubes": [
						{"origin": [4.9222, 20.38789, -25.18279], "size": [12, 22, 12], "uv": [166, 58]}
					]
				},
				{
					"name": "bone12",
					"parent": "bone10",
					"pivot": [11.83794, 20.40489, -25.19131],
					"rotation": [0.19645, -7.44357, 27.49935],
					"cubes": [
						{"origin": [4.87755, 5.43171, -25.19103], "size": [12, 15, 13], "uv": [168, 0]},
						{"origin": [6.37755, 5.43171, -25.94103], "size": [1, 14, 1], "uv": [145, 211]},
						{"origin": [14.37755, 5.38171, -25.94103], "size": [1, 14, 1], "uv": [39, 253]},
						{"origin": [14.87755, 5.38171, -28.94103], "size": [0, 7, 3], "uv": [12, 266]},
						{"origin": [6.87755, 5.38171, -28.94103], "size": [0, 7, 3], "uv": [12, 266]},
						{"origin": [10.37755, 5.43171, -26.19103], "size": [1, 5, 4], "uv": [6, 258]}
					]
				},
				{
					"name": "bone13",
					"parent": "bone12",
					"pivot": [10.89613, 5.16888, -26.99103],
					"rotation": [0, 0, 0],
					"cubes": [
						{"origin": [4.86195, -2.63807, -25.18954], "size": [12, 8, 13], "inflate": 0.03, "uv": [44, 205]},
						{"origin": [5.87755, -2.59329, -26.94103], "size": [2, 8, 2], "uv": [100, 245]},
						{"origin": [9.87755, -2.59329, -26.99103], "size": [2, 8, 2], "uv": [88, 264]},
						{"origin": [10.87755, -2.56829, -31.99103], "size": [0, 8, 5], "uv": [202, 266]},
						{"origin": [13.87755, -2.61829, -26.94103], "size": [2, 8, 2], "uv": [134, 264]},
						{"origin": [14.87755, -2.61829, -30.94103], "size": [0, 8, 4], "uv": [260, 0]},
						{"origin": [6.87755, -2.61829, -30.94103], "size": [0, 8, 4], "uv": [260, 0]}
					]
				}
			]
		}
	]
}