{
	"format_version": "1.8.0",
	"animations": {
		"animation.ursaluna.ground_idle": {
			"loop": true,
			"bones": {
				"body": {
					"position": [0, -0.4, 0]
				},
				"leg_left": {
					"rotation": [-15.91527, "19.291+math.sin(query.anim_time*100+120)*1", -5.38152],
					"position": [0, "-math.sin(query.anim_time*100+120)*0.15", "math.sin(query.anim_time*100+120)*0.15"]
				},
				"leg_left2": {
					"rotation": [0, "-25-math.sin(query.anim_time*100+120)*1", 0]
				},
				"feet_left": {
					"rotation": [0, 5, 0]
				},
				"leg_right": {
					"rotation": [-15.91527, "-19.291-math.sin(query.anim_time*100+120)*1", 5.3815],
					"position": [0, "-math.sin(query.anim_time*100+120)*0.15", "math.sin(query.anim_time*100+120)*0.15"]
				},
				"leg_right2": {
					"rotation": [0, "25+math.sin(query.anim_time*100+120)*1", 0]
				},
				"feet_right": {
					"rotation": [0, -5, 0]
				},
				"torso": {
					"rotation": ["-10-math.sin(query.anim_time*100+100)*1", 0, 0]
				},
				"upper_body": {
					"rotation": ["5+math.sin(query.anim_time*100+100)*1", 0, 0]
				},
				"upper_body2": {
					"rotation": ["2.5+math.sin(query.anim_time*100+120)*3", 0, 0]
				},
				"arm_left": {
					"rotation": [5, -10, 45],
					"position": [0, "math.sin(query.anim_time*100+120)*0.2", 0]
				},
				"bone2": {
					"rotation": [0, 0, -12.5]
				},
				"bone3": {
					"rotation": [0, 0, -22.5]
				},
				"bone7": {
					"rotation": [0, 0, -12.5]
				},
				"arm_left2": {
					"rotation": [7, "-5+math.sin(query.anim_time*100+120)*4", 4]
				},
				"arm_left3": {
					"rotation": [0, 32.5, 0]
				},
				"hand_left": {
					"rotation": [2, "70-math.sin(query.anim_time*100+120)*1", -5]
				},
				"thumb_left": {
					"rotation": [-65, 0, 0]
				},
				"finger_left": {
					"rotation": [-7.5, 0, 0]
				},
				"finger_left2": {
					"rotation": [-2.5, 0, 0]
				},
				"finger_left3": {
					"rotation": [2.5, 0, 0]
				},
				"finger_left4": {
					"rotation": [7.5, 0, 0]
				},
				"arm_right": {
					"rotation": [5, 10, -45],
					"position": [0, "math.sin(query.anim_time*100+120)*0.2", 0]
				},
				"bone4": {
					"rotation": [0, 0, 12.5]
				},
				"bone5": {
					"rotation": [0, 0, 22.5]
				},
				"bone6": {
					"rotation": [0, 0, 12.5]
				},
				"arm_right2": {
					"rotation": [7, "5-math.sin(query.anim_time*100+120)*4", -4]
				},
				"arm_right3": {
					"rotation": [0, -32.5, 0]
				},
				"hand_right": {
					"rotation": [2, "-70+math.sin(query.anim_time*100+120)*1", 5]
				},
				"thumb_right": {
					"rotation": [-65, 0, 0]
				},
				"finger_right": {
					"rotation": [-7.5, 0, 0]
				},
				"finger_right2": {
					"rotation": [-2.5, 0, 0]
				},
				"finger_right3": {
					"rotation": [2.5, 0, 0]
				},
				"finger_right4": {
					"rotation": [10, 0, 0]
				},
				"upper_body3": {
					"rotation": ["7.5+math.sin(query.anim_time*100)*2", 0, 0]
				},
				"head": {
					"rotation": ["12.5+math.sin(query.anim_time*100+60)*3", 0, 0]
				},
				"tail": {
					"rotation": ["5-math.sin(query.anim_time*100+70)*3", "-math.sin(query.anim_time*50+70)*3", 0]
				}
			}
		},
		"animation.ursaluna.pose": {
			"loop": true,
			"bones": {
				"body": {
					"position": [0, -0.4, 0]
				},
				"leg_left": {
					"rotation": [-15.91527, 19.291, -5.38152]
				},
				"leg_left2": {
					"rotation": [0, -25, 0]
				},
				"feet_left": {
					"rotation": [0, 5, 0]
				},
				"leg_right": {
					"rotation": [-15.91527, -19.291, 5.3815]
				},
				"leg_right2": {
					"rotation": [0, 25, 0]
				},
				"feet_right": {
					"rotation": [0, -5, 0]
				},
				"torso": {
					"rotation": [-10, 0, 0]
				},
				"upper_body": {
					"rotation": [5, 0, 0]
				},
				"upper_body2": {
					"rotation": [2.5, 0, 0]
				},
				"arm_left": {
					"rotation": [-5, -7.5, 45]
				},
				"bone2": {
					"rotation": [0, 0, -12.5]
				},
				"bone3": {
					"rotation": [0, 0, -22.5]
				},
				"bone7": {
					"rotation": [0, 0, -12.5]
				},
				"arm_left2": {
					"rotation": [-5, 0, 0]
				},
				"arm_left3": {
					"rotation": [0, 30, 0]
				},
				"hand_left": {
					"rotation": [0, 65, 0]
				},
				"thumb_left": {
					"rotation": [-65, 0, 0]
				},
				"finger_left": {
					"rotation": [-7.5, 0, 0]
				},
				"finger_left2": {
					"rotation": [-2.5, 0, 0]
				},
				"finger_left3": {
					"rotation": [2.5, 0, 0]
				},
				"finger_left4": {
					"rotation": [7.5, 0, 0]
				},
				"arm_right": {
					"rotation": [-5, 7.5, -45]
				},
				"bone4": {
					"rotation": [0, 0, 12.5]
				},
				"bone5": {
					"rotation": [0, 0, 22.5]
				},
				"bone6": {
					"rotation": [0, 0, 12.5]
				},
				"arm_right2": {
					"rotation": [-5, 0, 0]
				},
				"arm_right3": {
					"rotation": [0, -30, 0]
				},
				"hand_right": {
					"rotation": [0, -65, 0]
				},
				"thumb_right": {
					"rotation": [-65, 0, 0]
				},
				"finger_right": {
					"rotation": [-7.5, 0, 0]
				},
				"finger_right2": {
					"rotation": [-2.5, 0, 0]
				},
				"finger_right3": {
					"rotation": [2.5, 0, 0]
				},
				"finger_right4": {
					"rotation": [10, 0, 0]
				},
				"upper_body3": {
					"rotation": [7.5, 0, 0]
				},
				"head": {
					"rotation": [20.91393, -22.96977, 0.20279]
				},
				"tail": {
					"rotation": [12.5, 0, 0]
				},
				"pupil2": {
					"rotation": [-2, 0, 0],
					"position": [0.5, 0, 0]
				}
			}
		},
		"animation.ursaluna.dance_pose": {
			"loop": true,
			"bones": {
				"leg_left": {
					"rotation": [-14.81956, 19.7094, -14.00916]
				},
				"leg_left2": {
					"rotation": [0, -35, 0]
				},
				"feet_left": {
					"rotation": [2.20462, 12.3071, 10.23772]
				},
				"leg_right": {
					"rotation": [-14.81956, -19.70944, 14.0092]
				},
				"leg_right2": {
					"rotation": [0, 35, 0]
				},
				"feet_right": {
					"rotation": [2.20462, -12.3071, -10.23772]
				},
				"torso": {
					"rotation": [-80, 0, 0]
				},
				"upper_body": {
					"rotation": [5, 0, 0]
				},
				"upper_body2": {
					"rotation": [7.5, 0, 0]
				},
				"arm_left": {
					"rotation": [-13.73597, -46.2574, 30.10411]
				},
				"arm_left3": {
					"rotation": [0, 80, 0]
				},
				"hand_left": {
					"rotation": [-149.94586, 17.31318, 139.35626]
				},
				"thumb_left": {
					"rotation": [-59.3531, -14.0761, -5.23619]
				},
				"finger_left": {
					"rotation": [-17.5, -35, 0]
				},
				"finger_left2": {
					"rotation": [0, -25, 0]
				},
				"finger_left3": {
					"rotation": [7.5, -20, 0]
				},
				"finger_left4": {
					"rotation": [14.89912, 4.42902, 3.74291]
				},
				"arm_right": {
					"rotation": [19.51082, 43.07952, -24.24643]
				},
				"arm_right3": {
					"rotation": [11.88242, -66.97934, -12.87759]
				},
				"hand_right": {
					"rotation": [-76.43719, -27.57473, -81.08785]
				},
				"thumb_right": {
					"rotation": [-64.74687, 9.53274, 3.03513]
				},
				"upper_body3": {
					"rotation": [12.5, 0, 0]
				},
				"head": {
					"rotation": [32.47088, -10.5765, 2.50768]
				},
				"tail": {
					"rotation": [25, 0, 0]
				},
				"ursaluna": {
					"position": [-3, -1, -18]
				},
				"claw_left": {
					"rotation": [-12.5, 0, 0]
				},
				"claw_left3": {
					"rotation": [10, 0, 0]
				},
				"claw_right": {
					"rotation": [-7.5, 0, 0]
				},
				"claw_right3": {
					"rotation": [7.5, 0, 0]
				},
				"arm_left2": {
					"rotation": [10.43688, -4.98093, -5.019]
				},
				"arm_right2": {
					"rotation": [0, -10, 0]
				},
				"finger_right": {
					"rotation": [-10.34745, 29.9553, -0.75232]
				},
				"finger_right2": {
					"rotation": [0, 20, 0]
				},
				"finger_right3": {
					"rotation": [7.5, 12.5, 0]
				},
				"finger_right4": {
					"rotation": [7.5, -5, 0]
				},
				"eye_left": {
					"position": [0, 0, 1]
				},
				"eye_right": {
					"position": [0, 0, 1]
				},
				"mouth": {
					"rotation": [2.5, 0, 0]
				}
			}
		},
		"animation.ursaluna.blink": {
			"animation_length": 0.1667,
			"bones": {
				"eye_left": {
					"position": {
						"0.0": [0, 0, 1],
						"0.125": [0, 0, 1],
						"0.1667": [0, 0, 0]
					}
				},
				"eye_right": {
					"position": {
						"0.0": [0, 0, 1],
						"0.125": [0, 0, 1],
						"0.1667": [0, 0, 0]
					}
				}
			}
		},
		"animation.ursaluna.pose2": {
			"loop": true,
			"bones": {
				"body": {
					"position": [0, -0.4, 0]
				},
				"leg_left": {
					"rotation": [-15.91527, 19.291, -5.38152]
				},
				"leg_left2": {
					"rotation": [0, -25, 0]
				},
				"feet_left": {
					"rotation": [0, 5, 0]
				},
				"leg_right": {
					"rotation": [-15.91527, -19.291, 5.3815]
				},
				"leg_right2": {
					"rotation": [0, 25, 0]
				},
				"feet_right": {
					"rotation": [0, -5, 0]
				},
				"torso": {
					"rotation": [-10, 0, 0]
				},
				"upper_body": {
					"rotation": [5, 0, 0]
				},
				"upper_body2": {
					"rotation": [2.5, 0, 0]
				},
				"arm_left": {
					"rotation": [-5.03364, -9.99043, 45.22117]
				},
				"bone2": {
					"rotation": [0, 0, -12.5]
				},
				"bone3": {
					"rotation": [0, 0, -22.5]
				},
				"bone7": {
					"rotation": [0, 0, -12.5]
				},
				"arm_left2": {
					"rotation": [7.60091, -10.56587, 3.64122]
				},
				"arm_left3": {
					"rotation": [0, 35, 0]
				},
				"hand_left": {
					"rotation": [2.21221, 72.59576, -5.19559]
				},
				"thumb_left": {
					"rotation": [-65, 0, 0]
				},
				"finger_left": {
					"rotation": [-7.5, 0, 0]
				},
				"finger_left2": {
					"rotation": [-2.5, 0, 0]
				},
				"finger_left3": {
					"rotation": [2.5, 0, 0]
				},
				"finger_left4": {
					"rotation": [7.5, 0, 0]
				},
				"arm_right": {
					"rotation": [-5.03364, 9.9904, -45.2212]
				},
				"bone4": {
					"rotation": [0, 0, 12.5]
				},
				"bone5": {
					"rotation": [0, 0, 22.5]
				},
				"bone6": {
					"rotation": [0, 0, 12.5]
				},
				"arm_right2": {
					"rotation": [7.60091, 10.5659, -3.6412]
				},
				"arm_right3": {
					"rotation": [0, -35, 0]
				},
				"hand_right": {
					"rotation": [2.21221, -72.5958, 5.1956]
				},
				"thumb_right": {
					"rotation": [-65, 0, 0]
				},
				"finger_right": {
					"rotation": [-7.5, 0, 0]
				},
				"finger_right2": {
					"rotation": [-2.5, 0, 0]
				},
				"finger_right3": {
					"rotation": [2.5, 0, 0]
				},
				"finger_right4": {
					"rotation": [10, 0, 0]
				},
				"upper_body3": {
					"rotation": [7.5, 0, 0]
				},
				"head": {
					"rotation": [12.5, 0, 0]
				},
				"tail": {
					"rotation": [12.5, 0, 0]
				}
			}
		},
		"animation.ursaluna.sleep": {
			"loop": true,
			"bones": {
				"body": {
					"rotation": [-7.5, 0, 0],
					"position": [0, -5.4, 0]
				},
				"leg_left": {
					"rotation": [-17.62528, -31.26463, 9.36302]
				},
				"leg_left2": {
					"rotation": [0, -82.5, 0]
				},
				"feet_left": {
					"rotation": [0, -22.5, 0]
				},
				"leg_right": {
					"rotation": [-23.17665, 37.95882, -11.31951]
				},
				"leg_right2": {
					"rotation": [0, 72.5, 0]
				},
				"feet_right": {
					"rotation": [0, 22.5, 0]
				},
				"torso": {
					"rotation": ["-10-math.sin(query.anim_time*90)*0.5", 0, 0]
				},
				"upper_body": {
					"rotation": ["7.5-math.sin(query.anim_time*90)", 0, 0]
				},
				"upper_body2": {
					"rotation": ["5+math.sin(query.anim_time*90)*4", 0, 0]
				},
				"arm_left": {
					"rotation": [-3.7162, "12.9995+math.sin(query.anim_time*90)*2", 50.90961]
				},
				"bone2": {
					"rotation": [0, 0, 17.5]
				},
				"bone3": {
					"rotation": [0, 0, 10]
				},
				"bone7": {
					"rotation": [0, 5, 17.5]
				},
				"arm_left2": {
					"rotation": [10.40462, 17.97622, 15.46806]
				},
				"arm_left3": {
					"rotation": [7.12284, "29.2189+math.sin(query.anim_time*90)", 14.35885]
				},
				"hand_left": {
					"rotation": [28.96275, 16.6666, -4.74372]
				},
				"thumb_left": {
					"rotation": [-64.66239, -9.05478, -4.26175]
				},
				"finger_left": {
					"rotation": [-7.85952, -17.34551, 2.35666]
				},
				"finger_left2": {
					"rotation": [-2.53852, -9.99038, 0.44067]
				},
				"finger_left3": {
					"rotation": [2.56062, -12.48791, -0.55404]
				},
				"finger_left4": {
					"rotation": [7.61435, -9.91358, -1.31845]
				},
				"arm_right": {
					"rotation": [-4.32983, "-7.8505-math.sin(query.anim_time*90)*2", -48.72465]
				},
				"bone4": {
					"rotation": [0, 0, -12.5]
				},
				"bone5": {
					"rotation": [0, 0, -7.5]
				},
				"bone6": {
					"rotation": [0, 0, -12.5]
				},
				"arm_right2": {
					"rotation": [20.13189, -11.7406, -6.60471]
				},
				"arm_right3": {
					"rotation": [9.19131, "-38.9943-math.sin(query.anim_time*90)", -16.1065]
				},
				"hand_right": {
					"rotation": [33.35369, -23.69328, 18.77865]
				},
				"thumb_right": {
					"rotation": [-65, 0, 0]
				},
				"finger_right": {
					"rotation": [-7.5, 0, 0]
				},
				"finger_right2": {
					"rotation": [-2.5, 0, 0]
				},
				"finger_right3": {
					"rotation": [2.5, 0, 0]
				},
				"finger_right4": {
					"rotation": [10, 0, 0]
				},
				"upper_body3": {
					"rotation": ["7.5-math.sin(query.anim_time*90)*2", 0, 0]
				},
				"head": {
					"rotation": ["10.3091-math.sin(query.anim_time*90)*2", -14.83448, -2.2257]
				},
				"tail": {
					"rotation": ["-15-math.sin(query.anim_time*90-39)*3", 0, 0]
				},
				"eye_left": {
					"position": [0, 0, 1]
				},
				"eye_right": {
					"position": [0, 0, 1]
				},
				"Whiskers": {
					"rotation": [0, 0, -22.5]
				},
				"Whiskers2": {
					"rotation": [0, 0, 22.5]
				},
				"ear_left": {
					"rotation": [0, 0, 25]
				},
				"ear_right": {
					"rotation": [0, 0, -25]
				}
			}
		},
		"animation.ursaluna.ground_run": {
			"loop": true,
			"bones": {
				"body": {
					"rotation": ["math.sin(query.anim_time*90*4)*4", 0, 0],
					"position": [0, 1, 0]
				},
				"leg_left": {
					"rotation": [-3.7758, "-1.6845+math.sin(query.anim_time*90*4-60)*25", -4.77065],
					"position": [0, "math.sin(query.anim_time*90*4+60)*0.5", 0]
				},
				"leg_left2": {
					"rotation": [0, "-25-math.sin(query.anim_time*90*4-0)*20", 0]
				},
				"feet_left": {
					"rotation": [0, "5-math.sin(query.anim_time*90*4-30)*10", 0]
				},
				"leg_right": {
					"rotation": [-15.91527, "1.6845-math.sin(query.anim_time*90*4-60)*25", 5.3815]
				},
				"leg_right2": {
					"rotation": [0, "25+math.sin(query.anim_time*90*4-0)*20", 0]
				},
				"feet_right": {
					"rotation": [0, "-5+math.sin(query.anim_time*90*4-30)*10", 0]
				},
				"torso": {
					"rotation": [-10, 0, 0]
				},
				"upper_body": {
					"rotation": [5, 0, 0]
				},
				"upper_body2": {
					"rotation": ["2.5-math.sin(query.anim_time*90*4+120)*4", 0, 0]
				},
				"arm_left": {
					"rotation": [-5.03364, "-math.sin(query.anim_time*90*4-90)*10", 43.77883],
					"position": [0, "-math.sin(query.anim_time*90*4+90)*2", 0]
				},
				"bone2": {
					"rotation": [0, 0, -12.5]
				},
				"bone3": {
					"rotation": [0, 0, -22.5]
				},
				"bone7": {
					"rotation": [0, 0, -12.5]
				},
				"arm_left2": {
					"rotation": [7.10689, "-math.sin(query.anim_time*90*4-90)*10", 5.23103]
				},
				"arm_left3": {
					"rotation": [0, "30+math.sin(query.anim_time*90*4-130)*15", 0]
				},
				"hand_left": {
					"rotation": [2.43, "49.0128+math.sin(query.anim_time*90*4+0)*20", -6.79659]
				},
				"thumb_left": {
					"rotation": [-65, "math.sin(query.anim_time*90*4-30)*7", 0]
				},
				"finger_left": {
					"rotation": [-7.5, "math.sin(query.anim_time*90*4-30)*7", 0]
				},
				"finger_left2": {
					"rotation": [-2.5, "math.sin(query.anim_time*90*4-30)*7", 0]
				},
				"finger_left3": {
					"rotation": [2.5, "math.sin(query.anim_time*90*4-30)*7", 0]
				},
				"finger_left4": {
					"rotation": [7.5, "math.sin(query.anim_time*90*4-30)*7", 0]
				},
				"arm_right": {
					"rotation": [-4.92385, "math.sin(query.anim_time*90*4-90)*10", -44.13283],
					"position": [0, "-math.sin(query.anim_time*90*4+90)*2", 0]
				},
				"bone4": {
					"rotation": [0, 0, 12.5]
				},
				"bone5": {
					"rotation": [0, 0, 22.5]
				},
				"bone6": {
					"rotation": [0, 0, 12.5]
				},
				"arm_right2": {
					"rotation": [7, "math.sin(query.anim_time*90*4-90)*10", -4]
				},
				"arm_right3": {
					"rotation": [0, "-30-math.sin(query.anim_time*90*4-130)*15", 0]
				},
				"hand_right": {
					"rotation": [2, "-49.0128-math.sin(query.anim_time*90*4+0)*20", 6]
				},
				"thumb_right": {
					"rotation": [-65, 0, 0]
				},
				"finger_right": {
					"rotation": [-7.5, 0, 0]
				},
				"finger_right2": {
					"rotation": [-2.5, 0, 0]
				},
				"finger_right3": {
					"rotation": [2.5, 0, 0]
				},
				"finger_right4": {
					"rotation": [10, 0, 0]
				},
				"upper_body3": {
					"rotation": ["7.5+math.sin(query.anim_time*90*4+60)*3", 0, 0]
				},
				"head": {
					"rotation": ["7.5-math.sin(query.anim_time*90*4-60)*4", 0, 0]
				},
				"tail": {
					"rotation": ["12.5-math.sin(query.anim_time*90*4+60)*7", 0, 0]
				},
				"mouth": {
					"rotation": ["12.5-math.sin(query.anim_time*90*4+90)*2", 0, 0]
				}
			}
		},
		"animation.ursaluna.battle_idle": {
			"loop": true,
			"bones": {
				"body": {
					"rotation": ["math.sin(query.anim_time*80*2+160)*1", 0, 0],
					"position": [0, "math.sin(query.anim_time*80*2+160)*0.28", "-math.sin(query.anim_time*80*2+160)*0.56"]
				},
				"leg_left": {
					"rotation": [-7.61435, "9.9136-math.sin(query.anim_time*80*2+160)*4", -1.31845]
				},
				"leg_left2": {
					"rotation": [0, "-22.5+math.sin(query.anim_time*80*2+160)*7", 0]
				},
				"feet_left": {
					"rotation": [0, "12.5-math.sin(query.anim_time*80*2+160)*2", 0]
				},
				"leg_right": {
					"rotation": [-7.61435, "-9.9136+math.sin(query.anim_time*80*2+160)*4", 1.3184]
				},
				"leg_right2": {
					"rotation": [0, "22.5-math.sin(query.anim_time*80*2+160)*7", 0]
				},
				"feet_right": {
					"rotation": [0, "-12.5+math.sin(query.anim_time*80*2+160)*2", 0]
				},
				"torso": {
					"rotation": ["-2.5-math.sin(query.anim_time*80*2+160)*1", 0, 0]
				},
				"upper_body": {
					"rotation": [2.5, 0, 0],
					"position": [0, "-0.3+math.sin(query.anim_time*80*2+170)*0.1", "math.sin(query.anim_time*80*2+140)*0.2"]
				},
				"upper_body2": {
					"rotation": ["2.5-math.sin(query.anim_time*80*2+140)*2", 0, 0]
				},
				"arm_left": {
					"rotation": [0, 0, 45],
					"position": ["-math.sin(query.anim_time*80*2+170)*0.2", 0, "-math.sin(query.anim_time*80*2+170)*0.4"]
				},
				"bone2": {
					"rotation": [0, 0, "math.sin(query.anim_time*80*2+180)*5"]
				},
				"bone3": {
					"rotation": [0, 0, "math.sin(query.anim_time*80*2+180)*5"]
				},
				"bone7": {
					"rotation": [0, 0, "math.sin(query.anim_time*80*2+180)*5"]
				},
				"arm_left2": {
					"rotation": [-3.93756, "-14.6583-math.sin(query.anim_time*80*2+160)*3", -7.24976],
					"position": ["-0.3+math.sin(query.anim_time*80*2+150)*0.3", 0, 0]
				},
				"arm_left3": {
					"rotation": [0, "45-math.sin(query.anim_time*80*2+160)*5", 0]
				},
				"hand_left": {
					"rotation": [-3.76861, "61.3+math.sin(query.anim_time*80*2+170)*6.7", 8.44025]
				},
				"thumb_left": {
					"rotation": [-60, 0, 0]
				},
				"finger_left": {
					"rotation": [-7.5, 0, 0]
				},
				"finger_left2": {
					"rotation": [-2.5, 0, 0]
				},
				"finger_left3": {
					"rotation": [2.5, 0, 0]
				},
				"finger_left4": {
					"rotation": [7.5, 0, 0]
				},
				"arm_right": {
					"rotation": [0, 0, -45],
					"position": ["math.sin(query.anim_time*80*2+170)*0.2", 0.6, "-math.sin(query.anim_time*80*2+170)*0.4"]
				},
				"arm_right2": {
					"rotation": [-3.93756, "14.6583+math.sin(query.anim_time*80*2+160)*3", 7.2498],
					"position": ["-0.3-math.sin(query.anim_time*80*2+150)*0.3", 0, 0]
				},
				"arm_right3": {
					"rotation": [0, "-45+math.sin(query.anim_time*80*2+160)*5", 0]
				},
				"hand_right": {
					"rotation": [-3.76861, "-61.3-math.sin(query.anim_time*80*2+170)*6.7", -8.4403]
				},
				"thumb_right": {
					"rotation": [-60, 0, 0]
				},
				"finger_right": {
					"rotation": [-7.5, 0, 0]
				},
				"finger_right2": {
					"rotation": [-2.5, 0, 0]
				},
				"finger_right3": {
					"rotation": [2.5, 0, 0]
				},
				"finger_right4": {
					"rotation": [7.5, 0, 0]
				},
				"upper_body3": {
					"rotation": ["5-math.sin(query.anim_time*80*2+100)*1", 0, 0]
				},
				"head": {
					"rotation": ["-math.sin(query.anim_time*80*2+30)*4", 0, 0]
				},
				"tail": {
					"rotation": ["10+math.sin(query.anim_time*80*2+90)*8", 0, 0]
				},
				"mouth": {
					"rotation": ["17.5-math.sin(query.anim_time*80*2+30)*4", 0, 0]
				},
				"spike_right": {
					"rotation": ["-2.5+math.sin(query.anim_time*80*2+170)*2", 0, 0]
				},
				"spike_right2": {
					"rotation": ["-2.5+math.sin(query.anim_time*80*2+170)*2", 0, 0]
				},
				"spike_right3": {
					"rotation": ["-2.5+math.sin(query.anim_time*80*2+160)*2", 0, 0]
				},
				"spike_right4": {
					"rotation": ["-5+math.sin(query.anim_time*80*2+160)*2", 0, 0]
				},
				"spike_middle": {
					"rotation": ["-2.5+math.sin(query.anim_time*80*2+180)*2", 0, 0]
				},
				"spike_left": {
					"rotation": ["-2.5+math.sin(query.anim_time*80*2+170)*2", 0, 0]
				},
				"spike_left2": {
					"rotation": ["-2.5+math.sin(query.anim_time*80*2+170)*2", 0, 0]
				},
				"spike_left3": {
					"rotation": ["-2.5+math.sin(query.anim_time*80*2+160)*2", 0, 0]
				},
				"spike_left4": {
					"rotation": ["-5+math.sin(query.anim_time*80*2+160)*2", 0, 0]
				},
				"bone4": {
					"rotation": [0, 0, "-math.sin(query.anim_time*80*2+180)*5"]
				},
				"bone5": {
					"rotation": [0, 0, "-math.sin(query.anim_time*80*2+180)*5"]
				},
				"bone6": {
					"rotation": [0, 0, "-math.sin(query.anim_time*80*2+180)*5"]
				},
				"Whiskers": {
					"rotation": [0, 0, "-math.sin(query.anim_time*80*2+180)*4"]
				},
				"Whiskers2": {
					"rotation": [0, 0, "math.sin(query.anim_time*80*2+180)*4"]
				},
				"ear_left": {
					"rotation": [0, 0, "math.sin(query.anim_time*80*2+170)*4"]
				},
				"ear_right": {
					"rotation": [0, 0, "-math.sin(query.anim_time*80*2+170)*4"]
				},
				"eye_left": {
					"rotation": [0, 0, -10]
				},
				"eye_right": {
					"rotation": [0, 0, 7.5]
				}
			}
		},
		"animation.ursaluna.ground_walk": {
			"loop": true,
			"bones": {
				"body": {
					"rotation": [0, 0, "-math.sin(query.anim_time*90*4+190)*1"],
					"position": [0, "-9.4+math.sin(query.anim_time*90*8+170)*0.3+math.clamp(math.sin(query.anim_time*90*8-60)*10,9.8,10)", 0]
				},
				"leg_left": {
					"rotation": [-7.88864, "15.3758-math.sin(query.anim_time*90*4+210)*15", -2.5],
					"position": [0, "0.6-math.sin(query.anim_time*90*4-20)*0.8", 0]
				},
				"leg_left2": {
					"rotation": [0, "-22.5-math.sin(query.anim_time*90*4+120)*15", 0]
				},
				"feet_left": {
					"rotation": [0, "0.7049+math.sin(query.anim_time*90*4-170)*18", 2]
				},
				"leg_right": {
					"rotation": [-7.88864, "-15.3758-math.sin(query.anim_time*90*4+210)*15", 2.5],
					"position": [0, "0.6+math.sin(query.anim_time*90*4-20)*0.8", 0]
				},
				"leg_right2": {
					"rotation": [0, "22.5-math.sin(query.anim_time*90*4+120)*15", 0]
				},
				"feet_right": {
					"rotation": [0, "-0.7049+math.sin(query.anim_time*90*4-170)*18", -2]
				},
				"torso": {
					"rotation": [-10, "math.sin(query.anim_time*90*4+200)", 0]
				},
				"upper_body": {
					"rotation": [5, 0, 0]
				},
				"upper_body2": {
					"rotation": [2.5, "-math.sin(query.anim_time*90*4+200)*2", "math.sin(query.anim_time*90*4+200)*3"]
				},
				"arm_left": {
					"rotation": [-5.03364, "-9.9904+math.sin(query.anim_time*90*4+150)*10", "45.2212+math.sin(query.anim_time*90*4+200)"],
					"position": [0, "0.9-math.sin(query.anim_time*90*4-170)*1.5", 0]
				},
				"bone2": {
					"rotation": [0, 0, "-12.5+math.clamp(math.sin(query.anim_time*90*8+290)*10,8,10)"]
				},
				"bone3": {
					"rotation": [0, 0, "-22.5+math.clamp(math.sin(query.anim_time*90*8+290)*10,8,10)"]
				},
				"bone7": {
					"rotation": [0, 0, "-12.5+math.clamp(math.sin(query.anim_time*90*8+290)*10,8,10)"]
				},
				"arm_left2": {
					"rotation": [2.60092, "-10.5659+math.sin(query.anim_time*90*4+180)*10", 3.64122]
				},
				"arm_left3": {
					"rotation": [0, "37.5-math.sin(query.anim_time*90*4+110)*20", 0]
				},
				"hand_left": {
					"rotation": [1.88822, "61.9096-math.sin(query.anim_time*90*4-100)*20", -3.06298]
				},
				"thumb_left": {
					"rotation": [-65, 0, 0]
				},
				"finger_left": {
					"rotation": [-7.5, 0, 0]
				},
				"finger_left2": {
					"rotation": [-2.5, 0, 0]
				},
				"finger_left3": {
					"rotation": [2.5, 0, 0]
				},
				"finger_left4": {
					"rotation": [7.5, 0, 0]
				},
				"arm_right": {
					"rotation": [-5.03364, "9.9904+math.sin(query.anim_time*90*4+150)*10", "-45.2212+math.sin(query.anim_time*90*4+200)"],
					"position": [0, "0.9+math.sin(query.anim_time*90*4-170)*1.5", 0]
				},
				"bone4": {
					"rotation": [0, 0, "12.5-math.clamp(math.sin(query.anim_time*90*8+290)*10,8,10)"]
				},
				"bone5": {
					"rotation": [0, 0, "22.5-math.clamp(math.sin(query.anim_time*90*8+290)*10,8,10)"]
				},
				"bone6": {
					"rotation": [0, 0, "12.5-math.clamp(math.sin(query.anim_time*90*8+290)*10,8,10)"]
				},
				"arm_right2": {
					"rotation": [2.60092, "10.5659+math.sin(query.anim_time*90*4+180)*10", -3.6412]
				},
				"arm_right3": {
					"rotation": [0, "-37.5-math.sin(query.anim_time*90*4+110)*20", 0]
				},
				"hand_right": {
					"rotation": [1.88822, "-61.9096-math.sin(query.anim_time*90*4-100)*20", 3.063]
				},
				"thumb_right": {
					"rotation": [-65, 0, 0]
				},
				"finger_right": {
					"rotation": [-7.5, 0, 0]
				},
				"finger_right2": {
					"rotation": [-2.5, 0, 0]
				},
				"finger_right3": {
					"rotation": [2.5, 0, 0]
				},
				"finger_right4": {
					"rotation": [10, 0, 0]
				},
				"upper_body3": {
					"rotation": [7.5, 0, 0]
				},
				"head": {
					"rotation": [15, "-math.sin(query.anim_time*90*4-0)*3", 0]
				},
				"tail": {
					"rotation": ["12.5+math.clamp(math.sin(query.anim_time*90*8+290)*10,9,10)", "math.sin(query.anim_time*90*4+250)*4", 0]
				},
				"spike_right6": {
					"rotation": ["-5+math.sin(query.anim_time*90*4+190)*15", "math.sin(query.anim_time*90*4+190)*10", -5]
				},
				"spike_right7": {
					"rotation": ["-34.6-math.sin(query.anim_time*90*4+50)*20", "-5.2-math.sin(query.anim_time*90*4+160)*10", -19.5978],
					"position": [0, 0, "math.sin(query.anim_time*90*4+160)*0.67"]
				},
				"spike_left6": {
					"rotation": ["-5-math.sin(query.anim_time*90*4+190)*15", "math.sin(query.anim_time*90*4+190)*10", 5]
				},
				"spike_left7": {
					"rotation": ["-34.6+math.sin(query.anim_time*90*4+50)*20", "5.2+math.sin(query.anim_time*90*4+160)*10", 19.5978],
					"position": [0, 0, "-math.sin(query.anim_time*90*4+160)*0.67"]
				},
				"spike_right": {
					"rotation": ["7.5-math.clamp(math.sin(query.anim_time*90*8+295)*10,9.2,10)+math.sin(query.anim_time*90*4+160)*3", 0, 0]
				},
				"spike_right2": {
					"rotation": ["7.5-math.clamp(math.sin(query.anim_time*90*8+295)*10,9.2,10)+math.sin(query.anim_time*90*4+160)*2", 0, 0]
				},
				"spike_right3": {
					"rotation": ["7.5-math.clamp(math.sin(query.anim_time*90*8+300)*10,9.2,10)+math.sin(query.anim_time*90*4+160)*2", 0, 0]
				},
				"spike_right4": {
					"rotation": ["-math.clamp(math.sin(query.anim_time*90*8+300)*10,9.2,10)+math.sin(query.anim_time*90*4+160)*3", 0, 0]
				},
				"spike_middle": {
					"rotation": ["7.5-math.clamp(math.sin(query.anim_time*90*8+290)*10,9.2,10)+math.sin(query.anim_time*90*4+160)*3", 0, 0]
				},
				"spike_left": {
					"rotation": ["7.5-math.clamp(math.sin(query.anim_time*90*8+295)*10,9.2,10)+math.sin(query.anim_time*90*4+160)*3", 0, 0]
				},
				"spike_left2": {
					"rotation": ["7.5-math.clamp(math.sin(query.anim_time*90*8+295)*10,9.2,10)+math.sin(query.anim_time*90*4+160)*2", 0, 0]
				},
				"spike_left3": {
					"rotation": ["7.5-math.clamp(math.sin(query.anim_time*90*8+300)*10,9.2,10)+math.sin(query.anim_time*90*4+160)*2", 0, 0]
				},
				"spike_left4": {
					"rotation": ["-math.clamp(math.sin(query.anim_time*90*8+300)*10,9.2,10)+math.sin(query.anim_time*90*4+160)*3", 0, 0]
				},
				"Whiskers": {
					"rotation": [0, 0, "-math.clamp(math.sin(query.anim_time*90*8+290)*10,8,10)"]
				},
				"Whiskers2": {
					"rotation": [0, 0, "math.clamp(math.sin(query.anim_time*90*8+290)*10,8,10)"]
				}
			}
		}
	}
}