{
	"format_version": "1.8.0",
	"animations": {
		"animation.ursaluna_bloodmoon.pose": {
			"loop": true,
			"bones": {
				"leg_left": {
					"rotation": [-9.29029, 11.4113, -5.98356]
				},
				"leg_left2": {
					"rotation": [0, -22.5, 0]
				},
				"feet_left": {
					"rotation": [0.03539, 10.07921, 2.89448]
				},
				"torso": {
					"rotation": [-87.5, 0, 0],
					"position": [0, 0, 0]
				},
				"upper_body": {
					"rotation": [22.5, 0, 0]
				},
				"upper_body2": {
					"rotation": [42.5, 0, 0],
					"position": [0, -1, -3]
				},
				"arm_left": {
					"rotation": [-10.0326, -16.41964, 35.95907]
				},
				"arm_left2": {
					"rotation": [-15.59394, -5.69102, 7.98725]
				},
				"arm_left3": {
					"rotation": [0, 0, 0],
					"position": [0, 0, 0]
				},
				"thumb_left": {
					"rotation": [-80, 0, 0]
				},
				"upper_body3": {
					"rotation": [5, 0, 0]
				},
				"head": {
					"rotation": [35, 0, 0]
				},
				"tail": {
					"rotation": [67.5, 0, 0]
				},
				"leg_right": {
					"rotation": [-9.2903, -11.4113, 5.9836]
				},
				"leg_right2": {
					"rotation": [0, 22.5, 0]
				},
				"feet_right": {
					"rotation": [0.03539, -10.0792, -2.8945]
				},
				"finger_left": {
					"rotation": [0, -5, 0]
				},
				"finger_left2": {
					"rotation": [0, -2.5, 0]
				},
				"finger_left3": {
					"rotation": [0, -5, 0]
				},
				"finger_left4": {
					"rotation": [0, -5, 0]
				},
				"arm_right": {
					"rotation": [-15.51498, 22.57966, -40.96352]
				},
				"arm_right2": {
					"rotation": [-22.5, 0, 0]
				},
				"arm_right3": {
					"rotation": [0, 0, -5]
				},
				"finger_right4": {
					"rotation": [-173.10982, -7.352, -174.59345]
				},
				"finger_right3": {
					"rotation": [0, 5, 0]
				},
				"thumb_right": {
					"rotation": [90, -7.5, 162.5]
				}
			}
		},
		"animation.ursaluna_bloodmoon.sleep": {
			"loop": true,
			"bones": {
				"leg_left": {
					"rotation": [-9.35701, -13.26861, -1.96398]
				},
				"leg_left2": {
					"rotation": [0, -47.5, 0]
				},
				"feet_left": {
					"rotation": [0.0377, -22.42078, 2.87391]
				},
				"torso": {
					"rotation": [-87.5, 0, 0],
					"position": [0, 0, 0]
				},
				"upper_body": {
					"rotation": ["12.5-math.sin(query.anim_time*90)", 0, 0]
				},
				"upper_body2": {
					"rotation": ["30-math.sin(query.anim_time*90)", 0, 0],
					"position": [0, -1, -3]
				},
				"arm_left": {
					"rotation": [20.60557, "12.9068-math.sin(query.anim_time*90)*2", 33.46897]
				},
				"arm_left2": {
					"rotation": [2.52179, 36.05866, 7.46043]
				},
				"arm_left3": {
					"rotation": [-7.5, "50-math.sin(query.anim_time*90)", 0],
					"position": [0, 0, 0]
				},
				"thumb_left": {
					"rotation": [-80, 0, 0]
				},
				"upper_body3": {
					"rotation": ["-10+math.sin(query.anim_time*90)*3", 0, 0]
				},
				"head": {
					"rotation": ["18.6735+math.sin(query.anim_time*90)", -21.69365, -6.1191]
				},
				"tail": {
					"rotation": ["67.5+math.sin(query.anim_time*90)*3", 0, 0]
				},
				"leg_right": {
					"rotation": [-9.15341, 5.86596, 3.18643]
				},
				"leg_right2": {
					"rotation": [0, 60, 0]
				},
				"feet_right": {
					"rotation": [0.03652, 17.42079, -2.87737]
				},
				"finger_left": {
					"rotation": [0, -5, 0]
				},
				"finger_left2": {
					"rotation": [0, -2.5, 0]
				},
				"finger_left3": {
					"rotation": [0, -5, 0]
				},
				"finger_left4": {
					"rotation": [0, -5, 0]
				},
				"arm_right": {
					"rotation": [22.91237, "-11.2905+math.sin(query.anim_time*90)*2", -31.96239]
				},
				"arm_right2": {
					"rotation": [-8.46919, -42.17959, -14.00299]
				},
				"arm_right3": {
					"rotation": [0, "-45+math.sin(query.anim_time*90)", -5]
				},
				"finger_right4": {
					"rotation": [-173.10982, -7.352, -174.59345]
				},
				"finger_right3": {
					"rotation": [0, 5, 0]
				},
				"thumb_right": {
					"rotation": [90, -7.5, 162.5]
				},
				"body": {
					"rotation": [52.5, 0, 0],
					"position": [0, -16, 0]
				},
				"bone2": {
					"rotation": [0, 0, 22.5]
				},
				"bone3": {
					"rotation": [0, 0, 15]
				},
				"bone7": {
					"rotation": [5.019, 4.98093, 15.43688]
				},
				"bone8": {
					"rotation": [0, 0, -17.5]
				},
				"bone9": {
					"rotation": [0, 0, -15]
				},
				"bone10": {
					"rotation": [0, 0, -12.5]
				},
				"eye_left": {
					"position": [0, 0, 1]
				},
				"eye_right": {
					"position": [0, 0, 1]
				}
			}
		},
		"animation.ursaluna_bloodmoon.blink": {
			"loop": "hold_on_last_frame",
			"animation_length": 0.1667,
			"bones": {
				"eye_left": {
					"position": {
						"0.0": [0, 0, 1],
						"0.125": [0, 0, 1],
						"0.1667": [0, 0, 0]
					}
				},
				"eye_right": {
					"position": {
						"0.0": [0, 0, 1],
						"0.125": [0, 0, 1],
						"0.1667": [0, 0, 0]
					}
				}
			}
		},
		"animation.ursaluna_bloodmoon.ground_walk": {
			"loop": true,
			"bones": {
				"leg_left": {
					"rotation": [-9, "11+math.sin(query.anim_time*90*3+140)*16", -6],
					"position": [0, "math.sin(query.anim_time*90*3+170)*0.6", "-math.sin(query.anim_time*90*3+150)*0.3"]
				},
				"leg_left2": {
					"rotation": [0, "-22.5+math.sin(query.anim_time*90*3+20)*10", 0]
				},
				"feet_left": {
					"rotation": [0.03556, "0.0792-math.sin(query.anim_time*90*3+150)*12", 2.88829]
				},
				"torso": {
					"rotation": [-87.5, 0, "math.sin(query.anim_time*90*3+140)*1"],
					"position": [0, 0, 0]
				},
				"upper_body": {
					"rotation": ["22.5-math.sin(query.anim_time*90*6+150)", 0, "math.sin(query.anim_time*90*3+120)*0.5"]
				},
				"upper_body2": {
					"rotation": ["42.5", 0, "math.sin(query.anim_time*90*3+120)*0.5"],
					"position": [0, -1, -3]
				},
				"arm_left": {
					"rotation": ["-10.0326+math.sin(query.anim_time*90*3+150)*4", "-16.4196-math.sin(query.anim_time*90*3+150)*3", 35.95907]
				},
				"arm_left2": {
					"rotation": [-15.33962, "-6.3578-math.sin(query.anim_time*90*3+150)*3", 5.5645]
				},
				"arm_left3": {
					"rotation": [0, 0, "2.5-math.sin(query.anim_time*90*3+150)*3"],
					"position": [0, 0, 0]
				},
				"thumb_left": {
					"rotation": [-80, 0, 0]
				},
				"upper_body3": {
					"rotation": [5, 0, 0]
				},
				"head": {
					"rotation": ["35-math.sin(query.anim_time*90*6+100)*1", 0, 0]
				},
				"tail": {
					"rotation": ["70+math.sin(query.anim_time*90*6+180)*4", "0+math.sin(query.anim_time*90*3+140)*4", 0]
				},
				"leg_right": {
					"rotation": [-9, "-11+math.sin(query.anim_time*90*3+140)*16", 6],
					"position": [0, "-math.sin(query.anim_time*90*3+170)*0.6", "math.sin(query.anim_time*90*3+150)*0.3"]
				},
				"leg_right2": {
					"rotation": [0, "22.5+math.sin(query.anim_time*90*3+20)*10", 0]
				},
				"feet_right": {
					"rotation": [0.03481, "-2.5792-math.sin(query.anim_time*90*3+150)*12", -2.88978]
				},
				"finger_left": {
					"rotation": [0, -5, 0]
				},
				"finger_left2": {
					"rotation": [0, -2.5, 0]
				},
				"finger_left3": {
					"rotation": [0, -5, 0]
				},
				"finger_left4": {
					"rotation": [0, -5, 0]
				},
				"arm_right": {
					"rotation": ["-15.515+math.sin(query.anim_time*90*3+150)*4", "22.5797-math.sin(query.anim_time*90*3+150)*3", -40.96352]
				},
				"arm_right2": {
					"rotation": [-15.515, "0.9564-math.sin(query.anim_time*90*3+150)*3", 2.3099]
				},
				"arm_right3": {
					"rotation": [0, 0, "-5-math.sin(query.anim_time*90*3+150)*3"]
				},
				"finger_right4": {
					"rotation": [-173.10982, -7.352, -174.59345]
				},
				"finger_right3": {
					"rotation": [0, 5, 0]
				},
				"thumb_right": {
					"rotation": [90, -7.5, 162.5]
				},
				"body": {
					"rotation": [0, "math.sin(query.anim_time*90*3+140)*1.5", 0],
					"position": [0, "-math.sin(query.anim_time*90*6+50)*0.6+11-math.clamp(math.sin(query.anim_time*90*6+30)*10,9.8,10)", 0]
				}
			}
		},
		"animation.ursaluna_bloodmoon.ground_idle": {
			"loop": true,
			"bones": {
				"leg_left": {
					"rotation": [-9.29029, "11.4113+math.sin(query.anim_time*90*1.5+140)*3", "-5.9836-math.sin(query.anim_time*90*1.5+140)*0.3"]
				},
				"leg_left2": {
					"rotation": [0, "-22.5-math.sin(query.anim_time*90*1.5+140)*3", 0]
				},
				"feet_left": {
					"rotation": [0.03539, 10.07921, 2.89448]
				},
				"torso": {
					"rotation": ["-92.5+math.sin(query.anim_time*90*1.5+150)*1", 0, 0],
					"position": [0, 0, 0]
				},
				"upper_body": {
					"rotation": ["22.5+math.sin(query.anim_time*90*1.5+170)*0.5", 0, 0]
				},
				"upper_body2": {
					"rotation": ["42.5+math.sin(query.anim_time*90*1.5+190)*0.5", 0, 0],
					"position": [0, -1, -3]
				},
				"arm_left": {
					"rotation": [-10.0326, -16.41964, 35.95907]
				},
				"arm_left2": {
					"rotation": [-15.59394, "-5.691+math.sin(query.anim_time*90*1.5+140)*3", 7.98725]
				},
				"arm_left3": {
					"rotation": [0, 0, 0],
					"position": [0, 0, 0]
				},
				"thumb_left": {
					"rotation": [-80, 0, 0]
				},
				"upper_body3": {
					"rotation": [5, 0, 0]
				},
				"head": {
					"rotation": ["35+math.sin(query.anim_time*90*1.5+80)*2", 0, 0]
				},
				"tail": {
					"rotation": ["67.5+math.sin(query.anim_time*90*1.5+170)*3", 0, 0]
				},
				"leg_right": {
					"rotation": [-9.2903, "-11.4113-math.sin(query.anim_time*90*1.5+140)*3", "5.9836+math.sin(query.anim_time*90*1.5+140)*0.3"]
				},
				"leg_right2": {
					"rotation": [0, "22.5+math.sin(query.anim_time*90*1.5+140)*3", 0]
				},
				"feet_right": {
					"rotation": [0.03539, -10.0792, -2.8945]
				},
				"finger_left": {
					"rotation": [0, -5, 0]
				},
				"finger_left2": {
					"rotation": [0, -2.5, 0]
				},
				"finger_left3": {
					"rotation": [0, -5, 0]
				},
				"finger_left4": {
					"rotation": [0, -5, 0]
				},
				"arm_right": {
					"rotation": [-15.51498, 22.57966, -40.96352]
				},
				"arm_right2": {
					"rotation": [-22.5, "-math.sin(query.anim_time*90*1.5+150)*3", 0]
				},
				"arm_right3": {
					"rotation": [0, 0, -5]
				},
				"finger_right4": {
					"rotation": [-173.10982, -7.352, -174.59345]
				},
				"finger_right3": {
					"rotation": [0, 5, 0]
				},
				"thumb_right": {
					"rotation": [90, -7.5, 162.5]
				},
				"body": {
					"position": [0, "-math.sin(query.anim_time*90*1.5+140)*0.3", "math.sin(query.anim_time*90*1.5+140)*0.4"]
				}
			}
		},
		"animation.ursaluna_bloodmoon.battle_idle": {
			"loop": true,
			"bones": {
				"leg_left": {
					"rotation": [-12.28703, "21.8399+math.sin(query.anim_time*90*2+140)*3", "-18.751-math.sin(query.anim_time*90*2+140)*0.5"]
				},
				"leg_left2": {
					"rotation": [-2.58057, "-34.8899-math.sin(query.anim_time*90*2+140)*3", 6.10152]
				},
				"feet_left": {
					"rotation": [0.92281, 10.03737, 7.9724]
				},
				"torso": {
					"rotation": ["-87.5+math.sin(query.anim_time*90*2+150)*0", 0, 0],
					"position": [0, 0, 0]
				},
				"upper_body": {
					"rotation": ["25+math.sin(query.anim_time*90*2+170)*2", 0, 0]
				},
				"upper_body2": {
					"rotation": ["47.5+math.sin(query.anim_time*90*2+190)*2", 0, 0],
					"position": [0, -1, -3]
				},
				"arm_left": {
					"rotation": [-4.62571, -14.3622, 12.16386]
				},
				"arm_left2": {
					"rotation": [6.16546, "-4.9325+math.sin(query.anim_time*90*2+140)*3", 20.48619]
				},
				"arm_left3": {
					"rotation": [0, "60+math.sin(query.anim_time*90*2-80)*3", 0],
					"position": [0, 0, 0]
				},
				"thumb_left": {
					"rotation": [90, 17.5, -170]
				},
				"upper_body3": {
					"rotation": [5, 0, 0]
				},
				"head": {
					"rotation": ["35+math.sin(query.anim_time*90*2+80)*2", 0, 0]
				},
				"tail": {
					"rotation": ["67.5-math.sin(query.anim_time*90*2+50)*5", 0, 0]
				},
				"leg_right": {
					"rotation": [-12.28704, "-21.8399-math.sin(query.anim_time*90*2+140)*3", "18.7511+math.sin(query.anim_time*90*2+140)*0.5"]
				},
				"leg_right2": {
					"rotation": [-2.58057, "34.8899+math.sin(query.anim_time*90*2+140)*3", -6.10152]
				},
				"feet_right": {
					"rotation": [0.92281, -10.03736, -7.97242]
				},
				"finger_left": {
					"rotation": [172.5, 30, -180]
				},
				"finger_left2": {
					"rotation": [0, -17.5, 0]
				},
				"finger_left3": {
					"rotation": [-175, 5, -180]
				},
				"finger_left4": {
					"rotation": [15, 10, 0]
				},
				"arm_right": {
					"rotation": [-8.63758, 19.45541, -18.36263]
				},
				"arm_right2": {
					"rotation": [10.56652, "-0.6822-math.sin(query.anim_time*90*2+150)*3", -17.4959]
				},
				"arm_right3": {
					"rotation": [0, "-60-math.sin(query.anim_time*90*2-80)*3", 0]
				},
				"finger_right4": {
					"rotation": [11.0053, -12.73045, -5.32433]
				},
				"finger_right3": {
					"rotation": [-170, -5, -180]
				},
				"thumb_right": {
					"rotation": [90, -22.5, 162.5]
				},
				"body": {
					"position": [0, "-2-math.sin(query.anim_time*90*2+140)*0.3", "math.sin(query.anim_time*90*2+140)*0.4"]
				},
				"finger_right2": {
					"rotation": [0, 12.5, 0]
				},
				"finger_right": {
					"rotation": [172.5, -25, -180]
				},
				"mouth": {
					"rotation": ["20-math.sin(query.anim_time*90*2-80)*3", 0, 0]
				},
				"bone2": {
					"rotation": [0, 0, 17.5]
				},
				"bone3": {
					"rotation": [0, 0, 10]
				},
				"bone7": {
					"rotation": [0, 0, 12.5]
				},
				"bone8": {
					"rotation": [0, 0, -17.5]
				},
				"bone9": {
					"rotation": [0, 0, -10]
				},
				"bone10": {
					"rotation": [0, 0, -15]
				}
			}
		}
	}
}