{
	"format_version": "1.8.0",
	"animations": {
		"animation.ironcrown.pose": {
			"loop": true,
			"bones": {
				"neck": {
					"rotation": [5, 0, 0]
				},
				"head": {
					"rotation": [2.53852, 9.99038, 0.44067]
				},
				"leg_front_right": {
					"rotation": [-5, 17.5, 0]
				},
				"leg_knee_front_right": {
					"rotation": [7.5, 0, 0]
				},
				"leg_front_right2": {
					"rotation": [5.07673, 9.96156, 0.88045],
					"position": [0, 0, 1]
				},
				"leg_knee_front_right2": {
					"rotation": [-0.03741, 0.15746, 0.40452]
				},
				"leg_front_left": {
					"rotation": [-52.07555, -7.9185, -6.12673]
				},
				"leg_knee_front_left": {
					"rotation": [72.5, 0, 0]
				},
				"leg_foot_front_left": {
					"rotation": [5, 0, 0]
				},
				"body": {
					"rotation": [0, -32.5, 0]
				},
				"leg_foot_front_right4": {
					"rotation": [-4.85027, 0.12094, -1.49505]
				}
			}
		},
		"animation.ironcrown.ground_idle": {
			"loop": true,
			"bones": {
				"body": {
					"position": [0, "-0.05-math.sin(q.anim_time*90*1)*0.1", 0]
				},
				"torso": {
					"rotation": ["math.sin(q.anim_time*90*3-90)*0.5+1", "math.sin(q.anim_time*90*2+33*1)*0.5", 0],
					"position": [0, "-math.sin(q.anim_time*90*3-45)*0.15", 0]
				},
				"tail": {
					"rotation": [0, 0, "(math.sin((q.anim_time - 1.25 + (math.sin((q.anim_time - 0.2) * 180 ) * 0.6))) * 12)"]
				},
				"wing_right": {
					"rotation": ["math.sin(q.anim_time*90-10)*1", "math.sin(q.anim_time*90-10)*1", 0]
				},
				"wing_left": {
					"rotation": ["math.sin(q.anim_time*90-10)*1", "math.sin(q.anim_time*90-10)*1", 0]
				},
				"head": {
					"rotation": ["math.sin(q.anim_time*90*3-20)*0.5", 0, 0],
					"position": [0, "math.sin(q.anim_time*90*3+60)*0.05", 0]
				},
				"horn_right": {
					"rotation": [0, 0, "math.sin(q.anim_time*90*2-110)*5"]
				},
				"horn_left": {
					"rotation": [0, 0, "math.sin(q.anim_time*90*2-110)*5"]
				},
				"leg_front_right": {
					"rotation": ["-math.sin(q.anim_time*90*3-66)*1", 0, -1],
					"position": [0, "-0.15-math.sin(q.anim_time*90*3-75)*0.12-math.sin(q.anim_time*90*3+15)*0.02", 0]
				},
				"leg_foot_front_right": {
					"rotation": ["math.sin(q.anim_time*90)*1", "math.sin(q.anim_time*90)*1", 0],
					"position": [0, 0.2, 0]
				},
				"leg_foot_front_right2": {
					"rotation": ["-math.sin(q.anim_time*90*3-66)*1-2", 0, 1],
					"position": [0, "math.sin(q.anim_time*90*3-66)*0.05", "-math.sin(q.anim_time*90*3-66)*0.04"]
				},
				"leg_front_left": {
					"rotation": ["-math.sin(q.anim_time*90*3-3)*1", 0, 0],
					"position": [0, "-0.15-math.sin(q.anim_time*90*3-75)*0.12-math.sin(q.anim_time*90*3+15)*0.02", 0]
				},
				"leg_front_right2": {
					"rotation": ["math.sin(q.anim_time*90*3-90)*1+3", 0, -2],
					"position": [0, "-math.sin(q.anim_time*90*3-75)*0.15-0.25-math.sin(q.anim_time*90*3+15)*0.04", "math.sin(q.anim_time*90*3+60)*0.02"]
				},
				"leg_front_left2": {
					"rotation": ["math.sin(q.anim_time*90*2-90)", 0, 0],
					"position": [0, "math.sin(q.anim_time*90*3-75)*0.15-0.25-math.sin(q.anim_time*90*3+15)*0.04", "math.sin(q.anim_time*90*3+60)*0.02"]
				}
			}
		},
		"animation.ironcrown.ground_walk": {
			"loop": true,
			"bones": {
				"body": {
					"rotation": [0, 0, "math.clamp(math.sin(q.anim_time*90*4-90)*1,-0.5,0.5)+math.sin(q.anim_time*90*4-180)*1"],
					"position": [0, "-1.5+math.clamp(math.sin(q.anim_time*90*4)*1.5,0.5,2)+math.clamp(math.sin(q.anim_time*90*4+180)*1.3,0.5,2)", 0]
				},
				"torso": {
					"rotation": ["math.sin(q.anim_time*90*8-90)*1+0.5", 0, 0]
				},
				"wing_right": {
					"rotation": [0, "-8 + math.sin(q.anim_time*90*8)*-2-2", 0]
				},
				"wing_left": {
					"rotation": [0, "10 + math.sin(q.anim_time*90*8)*-2-2", 0]
				},
				"neck": {
					"rotation": ["math.sin(q.anim_time*90*8-90)*1+0.5", 0, 0]
				},
				"head": {
					"rotation": ["math.sin(q.anim_time*90*10)*1+5", 0, "-math.clamp(math.sin(q.anim_time*90*4-90)*1,-0.8,0.8)-math.sin(q.anim_time*90*4-180)*1"],
					"position": ["math.sin(q.anim_time*90*4-45)*0.1", "math.sin(-q.anim_time*90*4*2-45)*0.1", 0]
				},
				"horn_left": {
					"rotation": [0, "0+math.sin(q.anim_time*90*4)*3", "0+math.sin(q.anim_time*90*10)*1"]
				},
				"leg_front_right": {
					"rotation": [
						"20-math.clamp(20*(math.sin(q.anim_time*90*4-90+33+180)*1+1),-0,60)",
						0,
						"math.clamp(math.sin(q.anim_time*90*4-90+180)*1,-0.8,0.8)+math.sin(q.anim_time*90*4-180*0)*1"
					],
					"position": [0, "(math.clamp(math.sin(q.anim_time*90*4-10)*-0.1,-0.5,1)+0.2)+(math.clamp(math.sin(q.anim_time*90*4-150)*0.8,0,1)-0)", 0]
				},
				"leg_knee_front_right": {
					"rotation": ["math.clamp(math.sin(q.anim_time * 90) * 40, 0, 40) + math.clamp(math.sin(q.anim_time * 90), 0, 40)", 0, 0]
				},
				"leg_foot_front_right": {
					"rotation": ["-20+math.clamp(10*(math.sin(q.anim_time*90*4-90-180*1)*1+2),0,60)+math.clamp(math.sin(q.anim_time*90*4-120*1+40)*30,-2,30)", 0, 0],
					"position": [0, "math.clamp(math.sin(q.anim_time*90*4-120+180)*1.1,0.9,1)-0.9+math.clamp(math.sin(q.anim_time*90*2-130+90)*1.3,0.9,1)-0.9", 0]
				},
				"leg_front_left": {
					"rotation": [
						"20-math.clamp(20*(math.sin(q.anim_time*90*4-90+33)*1+1),-0,60)",
						0,
						"math.clamp(math.sin(q.anim_time*90*4-90+180)*1,-0.8,0.8)+math.sin(q.anim_time*90*4-180*0)*1"
					],
					"position": [0, "(math.clamp(math.sin(q.anim_time*90*4-10)*-0.1,-0.5,1)+0.2)+(math.clamp(math.sin(q.anim_time*90*4-150+180)*0.8,0,1)-0)", 0]
				},
				"leg_knee_front_left": {
					"rotation": ["math.clamp(math.sin(q.anim_time * 90) * 40, 0, 40) + math.clamp(math.sin(q.anim_time * 90), 0, 40)", 0, 0]
				},
				"leg_foot_front_left": {
					"rotation": ["-20+math.clamp(10*(-math.sin(q.anim_time*90*4-90)*1+2)+25,0,60)-math.clamp(math.sin(q.anim_time*90*4-220*1+40)*30,-2.5,30)", 0, 0],
					"position": [0, "math.clamp(math.sin(q.anim_time*90*4-120)*1.1,0.9,1)-0.9+math.clamp(math.sin(q.anim_time*90*2-130)*1.3,0.9,1)-0.9", 0]
				},
				"leg_front_right2": {
					"rotation": ["-20+math.clamp(20*(math.sin(q.anim_time*90*4-90+190)*1+1),-0,60)", 0, 0],
					"position": [
						0,
						"-0.5+math.clamp(-math.sin(q.anim_time*90*4+90+180*0)*0.01,0,0.01)+math.clamp(-math.sin(q.anim_time*90*4+20+180*1)*1.5,0.4,2)-0.4+math.clamp(math.sin(q.anim_time*90*4-100+180*1)*1.5,0.4,1)-0.3+(math.clamp(-math.sin(q.anim_time*90*2+70+180*0)*1,0.5,1)-0.5)*0.5+(math.clamp(-math.sin(q.anim_time*90*2+70+180*1)*1,0.5,1)+0)*0.5",
						0
					]
				},
				"leg_knee_front_right2": {
					"rotation": [
						"math.clamp(math.sin(q.anim_time*90*4+180)*10,0,10)-math.clamp(math.sin(q.anim_time*90*4-95+180)*20,0,45)-math.clamp(math.sin(q.anim_time*90*4+180*0)*15,0,45)",
						0,
						0
					],
					"position": [0, "math.clamp(math.sin(q.anim_time*90*4-140+180)*1.3,0.7,2)-math.clamp(math.sin(q.anim_time*90*4-40+180)*1,0.75,2)+0.25", 0]
				},
				"leg_foot_front_right3": {
					"rotation": [
						"-math.clamp(math.sin(q.anim_time*90*4+180*1)*10,0,10)+math.clamp(math.sin(q.anim_time*90*4+65)*35,0,45)-(-20+math.clamp(11*(math.sin(q.anim_time*90*4-90+180*1)*1+1),-0,60))+math.clamp(math.sin(q.anim_time*90*4-130+180*1)*00,50,100)-50",
						0,
						0
					],
					"position": [0, "(math.clamp(math.sin(q.anim_time*90*4-110+180*0)*1,0.5,1)-0.5)*0.7", 0]
				},
				"leg_front_left2": {
					"rotation": ["-20+math.clamp(20*(math.sin(q.anim_time*90*4-90+10)*1+1),-0,60)", 0, 0],
					"position": [
						0,
						"-0.5+math.clamp(-math.sin(q.anim_time*90*4+90+180*0)*0.01,0,0.01)+math.clamp(-math.sin(q.anim_time*90*4+50+180*0)*1.5,0.4,2)-0.4+math.clamp(math.sin(q.anim_time*90*4-100+180*0)*1.5,0.4,1)-0.3+(math.clamp(-math.sin(q.anim_time*90*2+70+180*0)*1,0.5,1)-0.5)*0.5+(math.clamp(-math.sin(q.anim_time*90*2+70+180*1)*1,0.5,1)+0)*0.5",
						0
					]
				},
				"leg_knee_front_left2": {
					"rotation": [
						"math.clamp(math.sin(q.anim_time*90*4)*10,0,10)-math.clamp(math.sin(q.anim_time*90*4-95)*15,0,45)-math.clamp(math.sin(q.anim_time*90*4+180)*15,0,45)",
						0,
						0
					],
					"position": [0, "math.clamp(math.sin(q.anim_time*90*4-180)*1.3,0.7,2)-math.clamp(math.sin(q.anim_time*90*4-80)*1,0.75,1)+0.25", 0]
				},
				"leg_foot_front_left3": {
					"rotation": [
						"-math.clamp(math.sin(q.anim_time*90*4+180*0)*10,0,10)+math.clamp(math.sin(q.anim_time*90*4+65+180*1)*35,0,45)-(-20+math.clamp(11*(math.sin(q.anim_time*90*4-90+180*0)*1+1),-0,60))+math.clamp(math.sin(q.anim_time*90*4-130+180*0)*00,50,100)-50",
						0,
						0
					],
					"position": [0, "(math.clamp(math.sin(q.anim_time*90*4-110+180)*1,0.5,1)-0.5)*0.7", 0]
				}
			}
		},
		"animation.ironcrown.blink": {
			"loop": true
		}
	}
}