{
	"format_version": "1.12.0",
	"minecraft:geometry": [
		{
			"description": {
				"identifier": "geometry.snover",
				"texture_width": 128,
				"texture_height": 128,
				"visible_bounds_width": 4,
				"visible_bounds_height": 3.5,
				"visible_bounds_offset": [0, 1.25, 0]
			},
			"bones": [
				{
					"name": "snover",
					"pivot": [0, 0, 2]
				},
				{
					"name": "body",
					"parent": "snover",
					"pivot": [0, 8, 1]
				},
				{
					"name": "torso",
					"parent": "body",
					"pivot": [0, 9.9, 1],
					"cubes": [
						{"origin": [-6, 1.4, -4], "size": [12, 10, 10], "uv": [0, 16]},
						{"origin": [-5.5, 11.4, -4], "size": [11, 4, 10], "uv": [34, 26]},
						{"origin": [-4, 9.9, 5], "size": [3, 3, 3], "uv": [58, 20]},
						{"origin": [-3.5, 10.4, 7.5], "size": [2, 2, 2], "uv": [8, 57]},
						{"origin": [1.5, 10.4, 7.5], "size": [2, 2, 2], "uv": [12, 46]},
						{"origin": [1, 9.9, 5], "size": [3, 3, 3], "uv": [0, 7]}
					]
				},
				{
					"name": "eyes",
					"parent": "body",
					"pivot": [-3.5, 13.4, -4],
					"cubes": [
						{"origin": [2, 12.4, -4], "size": [2, 3, 0], "inflate": 0.01, "uv": [8, 0]},
						{"origin": [2.5, 12.9, -4], "size": [1, 2, 0], "inflate": 0.02, "uv": [9, 7]},
						{"origin": [-3.5, 12.9, -4], "size": [1, 2, 0], "inflate": 0.02, "uv": [0, 7]},
						{"origin": [-4, 12.4, -4], "size": [2, 3, 0], "inflate": 0.01, "uv": [0, 0]}
					]
				},
				{
					"name": "eyelid",
					"parent": "body",
					"pivot": [0, 13.9, -2.6],
					"cubes": [
						{"origin": [2, 12.4, -3.1], "size": [2, 3, 1], "inflate": 0.01, "uv": [53, 3]},
						{"origin": [-4, 12.4, -3.1], "size": [2, 3, 1], "inflate": 0.01, "uv": [45, 3]}
					]
				},
				{
					"name": "left_arm",
					"parent": "body",
					"pivot": [5, 12.4, 1],
					"cubes": [
						{"origin": [5.5, 10.4, -1], "size": [7, 4, 4], "uv": [24, 41]}
					]
				},
				{
					"name": "left_arm_joint",
					"parent": "left_arm",
					"pivot": [12.6, 12.4, 1],
					"cubes": [
						{"origin": [12.5, 9.9, -1.5], "size": [7, 5, 5], "uv": [0, 36]},
						{"origin": [16.5, 13.7, -2.3], "size": [3, 2, 2], "pivot": [18, 14.7, -1.3], "rotation": [35.26439, 30, -35.26439], "uv": [44, 57]},
						{"origin": [16.5, 9.1, -2.3], "size": [3, 2, 2], "pivot": [18, 10.1, -1.3], "rotation": [-35.26439, 30, 35.26439], "uv": [28, 49]},
						{"origin": [16.5, 9.1, 2.3], "size": [3, 2, 2], "pivot": [18, 10.1, 3.3], "rotation": [35.26439, -30, 35.26439], "uv": [28, 49]},
						{"origin": [16.5, 13.7, 2.3], "size": [3, 2, 2], "pivot": [18, 14.7, 3.3], "rotation": [-35.26439, -30, -35.26439], "uv": [44, 57]}
					]
				},
				{
					"name": "left_arm_hand",
					"parent": "left_arm_joint",
					"pivot": [19, 12.4, 1],
					"cubes": [
						{"origin": [18.5, 10.4, -1], "size": [5, 4, 4], "uv": [54, 41]}
					]
				},
				{
					"name": "right_arm",
					"parent": "body",
					"pivot": [-5, 12.4, 1],
					"cubes": [
						{"origin": [-12.5, 10.4, -1], "size": [7, 4, 4], "uv": [24, 41], "mirror": true}
					]
				},
				{
					"name": "right_arm_joint",
					"parent": "right_arm",
					"pivot": [-12.6, 12.4, 1],
					"cubes": [
						{"origin": [-19.5, 9.9, -1.5], "size": [7, 5, 5], "uv": [0, 36], "mirror": true},
						{"origin": [-19.5, 13.7, -2.3], "size": [3, 2, 2], "pivot": [-18, 14.7, -1.3], "rotation": [35.26439, -30, 35.26439], "uv": [44, 57], "mirror": true},
						{"origin": [-19.5, 9.1, -2.3], "size": [3, 2, 2], "pivot": [-18, 10.1, -1.3], "rotation": [-35.26439, -30, -35.26439], "uv": [28, 49], "mirror": true},
						{"origin": [-19.5, 9.1, 2.3], "size": [3, 2, 2], "pivot": [-18, 10.1, 3.3], "rotation": [35.26439, 30, -35.26439], "uv": [28, 49], "mirror": true},
						{"origin": [-19.5, 13.7, 2.3], "size": [3, 2, 2], "pivot": [-18, 14.7, 3.3], "rotation": [-35.26439, 30, 35.26439], "uv": [44, 57], "mirror": true}
					]
				},
				{
					"name": "right_arm_hand",
					"parent": "right_arm_joint",
					"pivot": [-19, 12.4, 1],
					"cubes": [
						{"origin": [-23.5, 10.4, -1], "size": [5, 4, 4], "uv": [54, 41], "mirror": true}
					]
				},
				{
					"name": "hat",
					"parent": "body",
					"pivot": [0, 16.025, 1.375],
					"cubes": [
						{"origin": [-7, 15.4, -5.5], "size": [14, 3, 13], "uv": [0, 0]},
						{"origin": [2, 17.4, -0.5], "size": [4, 7, 4], "pivot": [4, 20.9, 1.5], "rotation": [0, 0, -10], "uv": [0, 46]},
						{"origin": [-2, 17.4, -0.5], "size": [4, 8, 4], "pivot": [0, 21.4, 1.5], "rotation": [0, 45, 0], "uv": [42, 45]},
						{"origin": [-6, 17.4, -0.5], "size": [4, 7, 4], "pivot": [-4, 20.9, 1.5], "rotation": [0, 0, 10], "uv": [16, 49]}
					]
				},
				{
					"name": "tail",
					"parent": "body",
					"pivot": [0, 4.7, 6.16667],
					"cubes": [
						{"origin": [-2.5, 2.2, 5], "size": [5, 5, 5], "uv": [34, 16]}
					]
				},
				{
					"name": "tail_segment_1",
					"parent": "tail",
					"pivot": [0, 4.7, 9.5],
					"cubes": [
						{"origin": [-1.5, 3.2, 9], "size": [3, 3, 3], "uv": [51, 14]},
						{"origin": [-1, 3.7, 11], "size": [2, 2, 3], "uv": [54, 9]}
					]
				},
				{
					"name": "legs",
					"parent": "snover",
					"pivot": [0, 0, 0]
				},
				{
					"name": "left_leg",
					"parent": "legs",
					"pivot": [4.34698, 2.90092, 2],
					"cubes": [
						{"origin": [2.98481, 0.07549, -2], "size": [4, 4, 4], "pivot": [6.34698, 1.90092, 0], "rotation": [9.85108, 44.13603, 14.00194], "uv": [28, 56]},
						{"origin": [6.65814, -0.00753, -2], "size": [2, 3, 4], "pivot": [6.34698, 1.90092, 0], "rotation": [0, 45, 0], "uv": [0, 57]}
					]
				},
				{
					"name": "right_leg",
					"parent": "legs",
					"pivot": [-4.34698, 2.90092, 2],
					"cubes": [
						{"origin": [-6.98481, 0.07549, -2], "size": [4, 4, 4], "pivot": [-6.34698, 1.90092, 0], "rotation": [9.85108, -44.13603, -14.00194], "uv": [28, 56], "mirror": true},
						{"origin": [-8.65814, -0.00753, -2], "size": [2, 3, 4], "pivot": [-6.34698, 1.90092, 0], "rotation": [0, -45, 0], "uv": [0, 57], "mirror": true}
					]
				}
			]
		}
	]
}