{
	"format_version": "1.12.0",
	"minecraft:geometry": [
		{
			"description": {
				"identifier": "geometry.MoltresNew",
				"texture_width": 256,
				"texture_height": 256,
				"visible_bounds_width": 9,
				"visible_bounds_height": 5.5,
				"visible_bounds_offset": [0, 2.25, 0]
			},
			"bones": [
				{
					"name": "moltres",
					"pivot": [0, 0, 0]
				},
				{
					"name": "body",
					"parent": "moltres",
					"pivot": [0, 26, 1]
				},
				{
					"name": "torso",
					"parent": "body",
					"pivot": [0, 26, 1],
					"cubes": [
						{"origin": [-5.5, 14, 2], "size": [11, 12, 11], "pivot": [0, 2, 2], "rotation": [15, 0, 0], "uv": [37, 70]}
					]
				},
				{
					"name": "upper_torso",
					"parent": "torso",
					"pivot": [0, 26, 1],
					"rotation": [5, 0, 0],
					"cubes": [
						{"origin": [-4.5, 21.00417, 0.90446], "size": [9, 12, 9], "pivot": [0, 2.00417, -0.09554], "rotation": [10, 0, 0], "uv": [81, 82]}
					]
				},
				{
					"name": "wing_open_left",
					"parent": "upper_torso",
					"pivot": [4, 32.00417, 0.90446],
					"cubes": [
						{"origin": [4, 31.50417, -2.09554], "size": [17, 2, 4], "uv": [92, 64]}
					]
				},
				{
					"name": "wing_left4",
					"parent": "wing_open_left",
					"pivot": [21, 32.50417, 1.90446],
					"cubes": [
						{"origin": [4, 32.50417, -0.09554], "size": [17, 0, 11], "uv": [63, 25]}
					]
				},
				{
					"name": "wing_open_left2",
					"parent": "wing_open_left",
					"pivot": [21, 32.00417, -0.09554],
					"cubes": [
						{"origin": [21, 32.00417, -2.09554], "size": [20, 1, 4], "uv": [92, 53]}
					]
				},
				{
					"name": "fire_left",
					"parent": "wing_open_left2",
					"pivot": [31, 32.50417, 1.40446],
					"cubes": [
						{"origin": [21, 32.50417, 1.90446], "size": [20, 0, 15], "uv": [37, 55]}
					]
				},
				{
					"name": "wing_open_left3",
					"parent": "wing_open_left2",
					"pivot": [41, 32.50417, -0.09554],
					"cubes": [
						{"origin": [41, 32.50417, -3.09554], "size": [11, 0, 5], "inflate": 0.01, "uv": [98, 75]}
					]
				},
				{
					"name": "wing_open_left4",
					"parent": "wing_open_left3",
					"pivot": [52, 32.5, -1],
					"cubes": [
						{"origin": [52, 32.50417, -3.09554], "size": [11, 0, 5], "uv": [98, 70]}
					]
				},
				{
					"name": "fire_end_left",
					"parent": "wing_open_left4",
					"pivot": [54, 32.50417, 1.90446],
					"cubes": [
						{"origin": [53, 32.50417, -3.09554], "size": [27, 0, 20], "inflate": -0.01, "pivot": [52, 32.50417, -2.09554], "rotation": [0, -12.5, 0], "uv": [0, 20]}
					]
				},
				{
					"name": "fire_left2",
					"parent": "wing_open_left3",
					"pivot": [49.5, 32.50417, 1.90446],
					"cubes": [
						{"origin": [41, 32.50417, 1.90446], "size": [17, 0, 14], "uv": [60, 0]}
					]
				},
				{
					"name": "wing_open_right",
					"parent": "upper_torso",
					"pivot": [-4, 32.00417, 0.90446],
					"cubes": [
						{"origin": [-21, 31.50417, -2.09554], "size": [17, 2, 4], "uv": [92, 58]}
					]
				},
				{
					"name": "fire_right3",
					"parent": "wing_open_right",
					"pivot": [-21, 32.50417, 1.90446],
					"cubes": [
						{"origin": [-21, 32.50417, -0.09554], "size": [17, 0, 11], "uv": [63, 14]}
					]
				},
				{
					"name": "wing_open_right2",
					"parent": "wing_open_right",
					"pivot": [-21, 32.00417, -0.09554],
					"cubes": [
						{"origin": [-41, 32.00417, -2.09554], "size": [20, 1, 4], "uv": [92, 48]}
					]
				},
				{
					"name": "fire_right",
					"parent": "wing_open_right2",
					"pivot": [-31, 32.50417, 1.40446],
					"cubes": [
						{"origin": [-41, 32.50417, 1.90446], "size": [20, 0, 15], "uv": [37, 40]}
					]
				},
				{
					"name": "wing_open_right3",
					"parent": "wing_open_right2",
					"pivot": [-41, 32.50417, -0.09554],
					"cubes": [
						{"origin": [-52, 32.50417, -3.09554], "size": [11, 0, 5], "inflate": 0.01, "uv": [54, 98]}
					]
				},
				{
					"name": "wing_open_right4",
					"parent": "wing_open_right3",
					"pivot": [-52, 32.5, -1],
					"cubes": [
						{"origin": [-63, 32.50417, -3.09554], "size": [11, 0, 5], "uv": [45, 93]}
					]
				},
				{
					"name": "fire_end_right",
					"parent": "wing_open_right4",
					"pivot": [-61.20834, 32.50417, 1.8295],
					"cubes": [
						{"origin": [-80, 32.50417, -3.09554], "size": [27, 0, 20], "inflate": -0.01, "pivot": [-52, 32.50417, -2.09554], "rotation": [0, 12.5, 0], "uv": [0, 0]}
					]
				},
				{
					"name": "fire_right2",
					"parent": "wing_open_right3",
					"pivot": [-49.5, 32.50417, 1.90446],
					"cubes": [
						{"origin": [-58, 32.50417, 1.90446], "size": [17, 0, 14], "uv": [0, 58]}
					]
				},
				{
					"name": "neck",
					"parent": "upper_torso",
					"pivot": [0, 33.00417, -0.09554],
					"cubes": [
						{"origin": [-2, 32.00417, -2.09554], "size": [4, 10, 4], "uv": [0, 0]}
					]
				},
				{
					"name": "head",
					"parent": "neck",
					"pivot": [0, 41.00417, -0.09554],
					"cubes": [
						{"origin": [-4, 41.00417, -6.09554], "size": [8, 7, 9], "uv": [25, 93]}
					]
				},
				{
					"name": "eye_left",
					"parent": "head",
					"pivot": [0, 2.00417, -0.09554],
					"cubes": [
						{"origin": [1.75, 44.00417, -6.09554], "size": [1, 2, 0], "inflate": 0.005, "uv": [2, 2]},
						{"origin": [12.22, 43.50417, -6.09554], "size": [3, 1, 4], "inflate": 0.03, "pivot": [0, 2.00417, -0.09554], "rotation": [0, 0, -15], "uv": [8, 112]}
					]
				},
				{
					"name": "pupil_left",
					"parent": "eye_left",
					"pivot": [0, 2.00417, -0.09554],
					"cubes": [
						{"origin": [2.25, 44.00417, -6.09554], "size": [1, 2, 0], "inflate": 0.02, "uv": [2, 0]},
						{"origin": [2.75, 45.30417, -6.09554], "size": [1, 1, 0], "inflate": 0.025, "uv": [12, 1]}
					]
				},
				{
					"name": "eyelid_left",
					"parent": "eye_left",
					"pivot": [2.47, 45.00417, -5.57],
					"cubes": [
						{"origin": [0.97, 44.00417, -6.07], "size": [3, 2, 3], "inflate": 0.02, "uv": [36, 119]}
					]
				},
				{
					"name": "eye_right",
					"parent": "head",
					"pivot": [0, 2.00417, -0.09554],
					"cubes": [
						{"origin": [-15.22, 43.50417, -6.09554], "size": [3, 1, 4], "inflate": 0.03, "pivot": [0, 2.00417, -0.09554], "rotation": [0, 0, 15], "uv": [34, 72]},
						{"origin": [-2.75, 44.00417, -6.09554], "size": [1, 2, 0], "inflate": 0.005, "uv": [0, 2]}
					]
				},
				{
					"name": "pupil_right",
					"parent": "eye_right",
					"pivot": [0, 2.00417, -0.09554],
					"cubes": [
						{"origin": [-3.25, 44.00417, -6.09554], "size": [1, 2, 0], "inflate": 0.02, "uv": [0, 0]},
						{"origin": [-3.75, 45.30417, -6.09554], "size": [1, 1, 0], "inflate": 0.025, "uv": [12, 0]}
					]
				},
				{
					"name": "eyelid_right",
					"parent": "eye_right",
					"pivot": [-2.47, 45.00417, -5.57],
					"cubes": [
						{"origin": [-3.97, 44.00417, -6.07], "size": [3, 2, 3], "inflate": 0.02, "uv": [36, 119], "mirror": true}
					]
				},
				{
					"name": "beak",
					"parent": "head",
					"pivot": [0, 2.00417, -0.09554],
					"cubes": [
						{"origin": [-1.5, 42.00417, -12.09554], "size": [3, 3, 9], "uv": [15, 109]},
						{"origin": [-1, 42.50417, -19.09554], "size": [2, 2, 7], "uv": [108, 80]},
						{"origin": [0, 42.50417, -21.09554], "size": [0, 2, 3], "uv": [80, 33]}
					]
				},
				{
					"name": "jaw",
					"parent": "beak",
					"pivot": [0, 41.75441, -6.10644],
					"rotation": [-5, 0, 0],
					"cubes": [
						{"origin": [-1, 41.25441, -12.10644], "size": [2, 1, 8], "uv": [0, 14]},
						{"origin": [-0.5, 41.25441, -19.10644], "size": [1, 1, 7], "inflate": -0.01, "uv": [108, 28]}
					]
				},
				{
					"name": "head_fire",
					"parent": "head",
					"pivot": [0, 48.00417, -5.09554],
					"rotation": [5, 0, 0],
					"cubes": [
						{"origin": [-2.5, 41.56151, -5.45703], "size": [5, 7, 7], "pivot": [0, 48.06151, -5.95703], "rotation": [22.5, 0, 0], "uv": [108, 14]}
					]
				},
				{
					"name": "head_fire2",
					"parent": "head_fire",
					"pivot": [0, 49.29039, 6.61108],
					"rotation": [-22.5, 0, 0],
					"cubes": [
						{"origin": [-3.5, 42.64861, -0.15637], "size": [7, 7, 10], "pivot": [0, 50.14861, 0.84363], "rotation": [22.5, 0, 0], "uv": [0, 84]},
						{"origin": [0, 42.52397, -6.72831], "size": [0, 18, 26], "pivot": [0, 52.52397, 5.27169], "rotation": [20, 0, 0], "uv": [0, 14]}
					]
				},
				{
					"name": "fire",
					"parent": "torso",
					"pivot": [0, 18.09477, 9.17051],
					"rotation": [5, 0, 0],
					"cubes": [
						{"origin": [-2, 16.09477, 7.17051], "size": [4, 4, 4], "uv": [0, 124]}
					]
				},
				{
					"name": "fire2",
					"parent": "fire",
					"pivot": [0, 17.69381, 11.45023],
					"cubes": [
						{"origin": [-4, 14.09477, 11.17051], "size": [8, 8, 9], "uv": [0, 132]}
					]
				},
				{
					"name": "fire3",
					"parent": "fire2",
					"pivot": [0, 17.69381, 20.45023],
					"cubes": [
						{"origin": [-5.9594, 18.18017, 26.17262], "size": [0, 4, 11], "pivot": [-5.9594, 20.18017, 31.67262], "rotation": [24.80624, 6.45347, -63.5834], "uv": [13, 164]},
						{"origin": [-0.0406, 25.18017, 21.17262], "size": [0, 4, 11], "pivot": [5.9594, 20.18017, 31.67262], "rotation": [28.51994, 1.51037, 0.42737], "uv": [13, 164], "mirror": true},
						{"origin": [10.9594, 20.18017, 30.17262], "size": [0, 4, 11], "pivot": [5.9594, 20.18017, 31.67262], "rotation": [9.74437, 13.43907, 121.79691], "uv": [13, 164], "mirror": true},
						{"origin": [-5, 13.09477, 20.17051], "size": [10, 10, 14], "uv": [0, 149]}
					]
				},
				{
					"name": "bone",
					"parent": "fire3",
					"pivot": [0, 17.69381, 33.45023],
					"cubes": [
						{"origin": [-4, 14.09477, 34.17051], "size": [8, 8, 7], "uv": [0, 194]},
						{"origin": [0, 10.09477, 34.17051], "size": [0, 17, 22], "uv": [2, 153]}
					]
				},
				{
					"name": "leg_left",
					"parent": "body",
					"pivot": [4, 18, 4],
					"cubes": [
						{"origin": [3, 12, 2], "size": [6, 8, 6], "pivot": [-2, 0, 0], "rotation": [5, 0, 0], "uv": [108, 0]}
					]
				},
				{
					"name": "leg_left2",
					"parent": "leg_left",
					"pivot": [6, 12, 4],
					"cubes": [
						{"origin": [4, 9.5, 3], "size": [4, 3, 4], "pivot": [-2, 0, 0], "rotation": [5, 0, 0], "uv": [46, 110]}
					]
				},
				{
					"name": "leg_left3",
					"parent": "leg_left2",
					"pivot": [6, 10, 4],
					"cubes": [
						{"origin": [5, 2, 0], "size": [2, 10, 2], "pivot": [9, 0, -4], "rotation": [-15, 0, 0], "uv": [0, 72], "mirror": true}
					]
				},
				{
					"name": "foot_left",
					"parent": "leg_left3",
					"pivot": [6, 2, 2],
					"cubes": [
						{"origin": [3.5, 0, -1], "size": [5, 2, 5], "inflate": 0.01, "uv": [0, 23], "mirror": true}
					]
				},
				{
					"name": "toe_middle_left",
					"parent": "foot_left",
					"pivot": [6, 1, -1],
					"cubes": [
						{"origin": [5, 0, -3.5], "size": [2, 2, 3], "uv": [0, 84], "mirror": true}
					]
				},
				{
					"name": "toe_middle_left2",
					"parent": "toe_middle_left",
					"pivot": [6, 2, -3.5],
					"cubes": [
						{"origin": [5, 0, -5.5], "size": [2, 2, 2], "uv": [12, 14], "mirror": true}
					]
				},
				{
					"name": "claw_middle_left",
					"parent": "toe_middle_left2",
					"pivot": [6, 1, -5],
					"cubes": [
						{"origin": [6, 0, -8.5], "size": [0, 2, 3], "uv": [40, 76]}
					]
				},
				{
					"name": "toe_back_left",
					"parent": "foot_left",
					"pivot": [6, 1, 4],
					"cubes": [
						{"origin": [5, 0, 3.5], "size": [2, 2, 5], "uv": [0, 58], "mirror": true}
					]
				},
				{
					"name": "claw_back_left",
					"parent": "toe_back_left",
					"pivot": [6, 1, 8],
					"cubes": [
						{"origin": [6, 0, 8.5], "size": [0, 2, 3], "uv": [34, 76]}
					]
				},
				{
					"name": "toe_outer_left",
					"parent": "foot_left",
					"pivot": [8, 1, -1],
					"rotation": [0, -20, 0],
					"cubes": [
						{"origin": [6.91363, 0, -3.1611], "size": [2, 2, 3], "uv": [70, 75], "mirror": true}
					]
				},
				{
					"name": "toe_outer_left2",
					"parent": "toe_outer_left",
					"pivot": [7.91363, 1, -3.1611],
					"cubes": [
						{"origin": [6.91363, 0, -5.1611], "size": [2, 2, 2], "uv": [0, 14], "mirror": true}
					]
				},
				{
					"name": "claw_outer_left",
					"parent": "toe_outer_left2",
					"pivot": [7.91363, 1, -5.1611],
					"cubes": [
						{"origin": [7.91363, 0, -8.1611], "size": [0, 2, 3], "uv": [40, 74]}
					]
				},
				{
					"name": "toe_inner_left",
					"parent": "foot_left",
					"pivot": [4, 1, -1],
					"rotation": [0, 20, 0],
					"cubes": [
						{"origin": [3.08637, 0, -3.1611], "size": [2, 2, 3], "uv": [70, 70], "mirror": true}
					]
				},
				{
					"name": "toe_inner_left2",
					"parent": "toe_inner_left",
					"pivot": [4.08637, 2, -3.1611],
					"cubes": [
						{"origin": [3.08637, 0, -5.1611], "size": [2, 2, 2], "uv": [12, 0], "mirror": true}
					]
				},
				{
					"name": "claw_inner_left",
					"parent": "toe_inner_left2",
					"pivot": [4.08637, 1, -5.1611],
					"cubes": [
						{"origin": [4.08637, 0, -8.1611], "size": [0, 2, 3], "uv": [34, 74]}
					]
				},
				{
					"name": "leg_right",
					"parent": "body",
					"pivot": [-4, 18, 4],
					"cubes": [
						{"origin": [-9, 12, 2], "size": [6, 8, 6], "pivot": [2, 0, 0], "rotation": [5, 0, 0], "uv": [107, 103]}
					]
				},
				{
					"name": "leg_right2",
					"parent": "leg_right",
					"pivot": [-6, 12, 4],
					"cubes": [
						{"origin": [-8, 9.5, 3], "size": [4, 3, 4], "pivot": [2, 0, 0], "rotation": [5, 0, 0], "uv": [30, 109]}
					]
				},
				{
					"name": "leg_right3",
					"parent": "leg_right2",
					"pivot": [-6, 10, 4],
					"cubes": [
						{"origin": [-7, 2, 0], "size": [2, 10, 2], "pivot": [-9, 0, -4], "rotation": [-15, 0, 0], "uv": [0, 72]}
					]
				},
				{
					"name": "foot_right",
					"parent": "leg_right3",
					"pivot": [-6, 2, 2],
					"cubes": [
						{"origin": [-8.5, 0, -1], "size": [5, 2, 5], "inflate": 0.01, "uv": [0, 23]}
					]
				},
				{
					"name": "toe_middle_right",
					"parent": "foot_right",
					"pivot": [-6, 1, -1],
					"cubes": [
						{"origin": [-7, 0, -3.5], "size": [2, 2, 3], "uv": [0, 84]}
					]
				},
				{
					"name": "toe_middle_right2",
					"parent": "toe_middle_right",
					"pivot": [-6, 2, -3.5],
					"cubes": [
						{"origin": [-7, 0, -5.5], "size": [2, 2, 2], "uv": [12, 14]}
					]
				},
				{
					"name": "claw_middle_right",
					"parent": "toe_middle_right2",
					"pivot": [-6, 1, -5],
					"cubes": [
						{"origin": [-6, 0, -8.5], "size": [0, 2, 3], "uv": [6, 69]}
					]
				},
				{
					"name": "toe_back_right",
					"parent": "foot_right",
					"pivot": [-6, 1, 4],
					"cubes": [
						{"origin": [-7, 0, 3.5], "size": [2, 2, 5], "uv": [0, 58]}
					]
				},
				{
					"name": "claw_back_right",
					"parent": "toe_back_right",
					"pivot": [-6, 1, 8],
					"cubes": [
						{"origin": [-6, 0, 8.5], "size": [0, 2, 3], "uv": [12, 34]}
					]
				},
				{
					"name": "toe_outer_right",
					"parent": "foot_right",
					"pivot": [-8, 1, -1],
					"rotation": [0, 20, 0],
					"cubes": [
						{"origin": [-8.91363, 0, -3.1611], "size": [2, 2, 3], "uv": [70, 75]}
					]
				},
				{
					"name": "toe_outer_right2",
					"parent": "toe_outer_right",
					"pivot": [-7.91363, 1, -3.1611],
					"cubes": [
						{"origin": [-8.91363, 0, -5.1611], "size": [2, 2, 2], "uv": [0, 14]}
					]
				},
				{
					"name": "claw_outer_right",
					"parent": "toe_outer_right2",
					"pivot": [-7.91363, 1, -5.1611],
					"cubes": [
						{"origin": [-7.91363, 0, -8.1611], "size": [0, 2, 3], "uv": [6, 34]}
					]
				},
				{
					"name": "toe_inner_right",
					"parent": "foot_right",
					"pivot": [-4, 1, -1],
					"rotation": [0, -20, 0],
					"cubes": [
						{"origin": [-5.08637, 0, -3.1611], "size": [2, 2, 3], "uv": [70, 70]}
					]
				},
				{
					"name": "toe_inner_right2",
					"parent": "toe_inner_right",
					"pivot": [-4.08637, 2, -3.1611],
					"cubes": [
						{"origin": [-5.08637, 0, -5.1611], "size": [2, 2, 2], "uv": [12, 0]}
					]
				},
				{
					"name": "claw_inner_right",
					"parent": "toe_inner_right2",
					"pivot": [-4.08637, 1, -5.1611],
					"cubes": [
						{"origin": [-4.08637, 0, -8.1611], "size": [0, 2, 3], "uv": [0, 34]}
					]
				}
			]
		}
	]
}