{
	"format_version": "1.8.0",
	"animations": {
		"animation.slowbro_mega.ground_idle": {
			"loop": true,
			"bones": {
				"tail": {
					"rotation": [-38.15, "14.08-math.cos(q.anim_time*90*1.5-60)*5", -5.24]
				},
				"tail2": {
					"rotation": [35, "0-math.cos(q.anim_time*90*1.5-120)*1", 0]
				},
				"leftarm": {
					"rotation": [110.94102, 40.7895, 110.3612]
				},
				"rightarm": {
					"rotation": [110.94102, -40.78947, -110.3612]
				},
				"torso": {
					"rotation": ["10-math.cos(q.anim_time*90*1.5)*1", 0, 0],
					"position": [0, "0-math.sin(q.anim_time*90*1.5)*0.3", 0]
				},
				"head": {
					"rotation": ["-5-math.cos(q.anim_time*90*1.5-30)*1", 0, 0]
				},
				"arm_left": {
					"rotation": [-20, 48, "41-math.cos(q.anim_time*90*1.5-30)*3"]
				},
				"arm_left2": {
					"rotation": [0, 0, "62.5-math.cos(q.anim_time*90*1.5-60)*2"]
				},
				"arm_right": {
					"rotation": [-20, -48, "-41+math.cos(q.anim_time*90*1.5-30)*3"]
				},
				"arm_right2": {
					"rotation": [0, 0, "-62.5+math.cos(q.anim_time*90*1.5-60)*2"]
				},
				"ear_left": {
					"rotation": ["0-math.cos(q.anim_time*90*1.5-60)*6", 0, 0]
				},
				"ear_right": {
					"rotation": ["0-math.cos(q.anim_time*90*1.5-60)*6", 0, 0]
				},
				"jaw": {
					"rotation": ["25-math.cos(q.anim_time*90*1.5-60)*5", 0, 0]
				},
				"finger_left": {
					"rotation": [0, 0, 40]
				},
				"finger_left2": {
					"rotation": [0, 0, 40]
				},
				"finger_left3": {
					"rotation": [0, 0, 40]
				},
				"finger_right": {
					"rotation": [0, 0, -40]
				},
				"finger_right2": {
					"rotation": [0, 0, -40]
				},
				"finger_right3": {
					"rotation": [0, 0, -40]
				}
			}
		},
		"animation.slowbro_mega.battle_idle": {
			"loop": true,
			"bones": {
				"tail": {
					"rotation": [-33.4569, "-11.1657-math.cos(q.anim_time*90*1.5-60)*5", 11.10272]
				},
				"tail2": {
					"rotation": [35, "0-math.cos(q.anim_time*90*1.5-120)*1", 0]
				},
				"leftarm": {
					"rotation": [110.94102, 40.7895, 110.3612]
				},
				"rightarm": {
					"rotation": [110.94102, -40.78947, -110.3612]
				},
				"torso": {
					"rotation": ["12.5-math.cos(q.anim_time*90*1.5)*1", 0, 0],
					"position": [0, "0-math.sin(q.anim_time*90*1.5)*0.3", 0]
				},
				"head": {
					"rotation": ["-7.8959-math.cos(q.anim_time*90*1.5-30)*1", 17.33034, -2.40854]
				},
				"arm_left": {
					"rotation": [-20, 48, "41-math.cos(q.anim_time*90*1.5-30)*3"]
				},
				"arm_left2": {
					"rotation": [0, 0, "62.5-math.cos(q.anim_time*90*1.5-60)*2"]
				},
				"arm_right": {
					"rotation": [-20, -48, "-41+math.cos(q.anim_time*90*1.5-30)*3"]
				},
				"arm_right2": {
					"rotation": [0, 0, "-62.5+math.cos(q.anim_time*90*1.5-60)*2"]
				},
				"ear_left": {
					"rotation": ["0-math.cos(q.anim_time*90*1.5-60)*6", 0, 0]
				},
				"ear_right": {
					"rotation": ["0-math.cos(q.anim_time*90*1.5-60)*6", 0, 0]
				},
				"jaw": {
					"rotation": ["25-math.cos(q.anim_time*90*1.5-60)*5", 0, 0]
				},
				"finger_left": {
					"rotation": [0, 0, 40]
				},
				"finger_left2": {
					"rotation": [0, 0, 40]
				},
				"finger_left3": {
					"rotation": [0, 0, 40]
				},
				"finger_right": {
					"rotation": [0, 0, -40]
				},
				"finger_right2": {
					"rotation": [0, 0, -40]
				},
				"finger_right3": {
					"rotation": [0, 0, -40]
				},
				"body": {
					"rotation": [0, -15, 0]
				}
			}
		},
		"animation.slowbro_mega.ground_walk": {
			"loop": true,
			"animation_length": 2,
			"bones": {
				"torso": {
					"rotation": ["12.5+math.cos(q.anim_time*90*2*2)*2", "-math.cos(q.anim_time*90*2)*5", "-math.sin(q.anim_time*90*2)*5"],
					"position": [0, "0+math.sin(q.anim_time*90*2*2)*0.2", 0]
				},
				"head": {
					"rotation": ["-10-math.cos(q.anim_time*90*2*2-60)*3", "0+math.cos(q.anim_time*90*2-60)*8", "0+math.sin(q.anim_time*90*2-60)*2"]
				},
				"ear_left": {
					"rotation": ["0-math.cos(q.anim_time*90*2*2-120)*4", 0, 0]
				},
				"ear_right": {
					"rotation": ["0-math.cos(q.anim_time*90*2*2-120)*4", 0, 0]
				},
				"jaw": {
					"rotation": ["20+math.cos(q.anim_time*90*2*2-60)*2", 0, 0]
				},
				"arm_left": {
					"rotation": ["-20+math.sin(q.anim_time*90*2-30)*4", 48, 41]
				},
				"arm_left2": {
					"rotation": [0, 0, "50+math.sin(q.anim_time*90*2-60)*2"]
				},
				"arm_right": {
					"rotation": ["-20+math.sin(q.anim_time*90*2-30)*4", -48, -41]
				},
				"arm_right2": {
					"rotation": [0, 0, "-50-math.sin(q.anim_time*90*2-60)*2"]
				},
				"finger_right": {
					"rotation": [0, 0, -40]
				},
				"finger_right2": {
					"rotation": [0, 0, -40]
				},
				"finger_right3": {
					"rotation": [0, 0, -40]
				},
				"tail": {
					"rotation": ["-18.3076+math.sin(q.anim_time*90*2*2-60)*2", "16.8595-math.cos(q.anim_time*90*2-60)*4", -4.28583]
				},
				"tail2": {
					"rotation": ["20+math.sin(q.anim_time*90*2*2-120)*1", "0-math.cos(q.anim_time*90*2-120)*4", 0]
				},
				"finger_left": {
					"rotation": [0, 0, "40+math.sin(q.anim_time*90*3-90)*2"]
				},
				"finger_left2": {
					"rotation": [0, 0, 40]
				},
				"finger_left3": {
					"rotation": [0, 0, 40]
				},
				"body": {
					"rotation": [0, "0-math.cos(q.anim_time*90*2)*3", 0]
				}
			}
		},
		"animation.slowbro_mega.water_idle": {
			"loop": true,
			"animation_length": 2.6667,
			"bones": {
				"body": {
					"rotation": ["60-math.sin(q.anim_time*90*1.5)*2", 0, 0],
					"position": [0, "0+math.cos(q.anim_time*90*1.5)*0.3", 0]
				},
				"head": {
					"rotation": ["-60-math.sin(q.anim_time*90*1.5-30)*1", 0, 0],
					"position": [0, 1, -3]
				},
				"tail": {
					"rotation": ["-52.5-math.sin(q.anim_time*90*1.5-30)*1", 0, 0],
					"position": [0, -1, -1]
				},
				"tail2": {
					"rotation": ["20-math.sin(q.anim_time*90*1.5-60)*2", 0, 0]
				},
				"fesh": {
					"rotation": [5, 0, 0]
				},
				"leftarm": {
					"rotation": [0, 15, 30]
				},
				"rightarm": {
					"rotation": [0, -15, -30]
				},
				"leftleg": {
					"rotation": [0, 0, 15]
				},
				"rightleg": {
					"rotation": [0, 0, -15]
				},
				"arm_left": {
					"rotation": [-67.29, "18.56+math.sin(q.anim_time*90*1.5-30)*4", 24.46]
				},
				"arm_right": {
					"rotation": [-67.29, "-18.56-math.sin(q.anim_time*90*1.5-30)*4", -24.46]
				},
				"jaw": {
					"rotation": ["25-math.sin(q.anim_time*90*1.5-60)*5", 0, 0]
				},
				"arm_left2": {
					"rotation": [0, 0, "10+math.sin(q.anim_time*90*1.5-60)*2"]
				},
				"arm_right2": {
					"rotation": [0, 0, "-10-math.sin(q.anim_time*90*1.5-60)*2"]
				},
				"torso": {
					"rotation": ["0-math.sin(q.anim_time*90*1.5)*1", 0, 0]
				},
				"ear_left": {
					"rotation": ["0-math.sin(q.anim_time*90*1.5-30)*4", 0, 0]
				},
				"ear_right": {
					"rotation": ["0-math.sin(q.anim_time*90*1.5-30)*4", 0, 0]
				}
			}
		},
		"animation.slowbro_mega.water_swim": {
			"loop": true,
			"bones": {
				"body": {
					"rotation": ["75-math.sin(q.anim_time*90*2.5)*2", 0, "0-math.cos(q.anim_time*90*2.5-30)*1"],
					"position": [0, "0+math.cos(q.anim_time*90*2.5)*0.3", 0]
				},
				"head": {
					"rotation": ["-70-math.sin(q.anim_time*90*2.5-30)*1.5", 0, 0],
					"position": [0, 2, -3]
				},
				"tail": {
					"rotation": ["-65-math.sin(q.anim_time*90*2.5-30)*1", "0-math.cos(q.anim_time*90*2.5-30)*3", 0],
					"position": [0, -1, -1]
				},
				"tail2": {
					"rotation": ["5-math.sin(q.anim_time*90*2.5-30)*1", "0-math.cos(q.anim_time*90*2.5-30)*3", 0]
				},
				"fesh": {
					"rotation": [5, 0, 0]
				},
				"leftarm": {
					"rotation": [0, 15, 45]
				},
				"rightarm": {
					"rotation": [0, -15, -45]
				},
				"arm_left": {
					"rotation": [0, "27.5+math.cos(q.anim_time*90*2.5-30)*8", "32-math.sin(q.anim_time*90*2.5-30)*20"]
				},
				"arm_right": {
					"rotation": [0, "-27.5-math.cos(q.anim_time*90*2.5-30)*8", "-32+math.sin(q.anim_time*90*2.5-30)*20"]
				},
				"torso": {
					"rotation": ["0-math.sin(q.anim_time*90*2.5)*1", "0-math.cos(q.anim_time*90*2.5)*3", 0]
				},
				"ear_left": {
					"rotation": ["0-math.sin(q.anim_time*90*2.5-60)*6", 0, 0]
				},
				"ear_right": {
					"rotation": ["0-math.sin(q.anim_time*90*2.5-60)*6", 0, 0]
				},
				"jaw": {
					"rotation": ["15-math.sin(q.anim_time*90*2.5-30)*5", 0, 0]
				},
				"arm_left2": {
					"rotation": [0, "0+math.cos(q.anim_time*90*2.5-30)*4", 17.5]
				},
				"finger_left": {
					"rotation": [0, 0, "12.5-math.sin(q.anim_time*90*2.5-30)*20"]
				},
				"finger_left2": {
					"rotation": [0, 0, "12.5-math.sin(q.anim_time*90*2.5-30)*20"]
				},
				"finger_left3": {
					"rotation": [0, 0, "12.5-math.sin(q.anim_time*90*2.5-30)*20"]
				},
				"arm_right2": {
					"rotation": [0, 0, "-17.5-math.cos(q.anim_time*90*2.5-30)*4"]
				},
				"finger_right": {
					"rotation": [0, 0, "-12.5+math.sin(q.anim_time*90*2.5-30)*20"]
				},
				"finger_right2": {
					"rotation": [0, 0, "-12.5+math.sin(q.anim_time*90*2.5-30)*20"]
				},
				"finger_right3": {
					"rotation": [0, 0, "-12.5+math.sin(q.anim_time*90*2.5-30)*20"]
				}
			}
		},
		"animation.slowbro_mega.sleep": {
			"loop": true,
			"bones": {
				"body": {
					"position": [0, -2.5, 0]
				},
				"torso": {
					"rotation": ["-7.5+math.sin(q.anim_time*90*1)*1", 0, 0]
				},
				"head": {
					"rotation": ["12.5+math.sin(q.anim_time*90*1-30)*2", 0, 0]
				},
				"eyelid_left": {
					"position": [0.1, 0, -0.1]
				},
				"eyelid_right": {
					"position": [-0.1, 0, -0.1]
				},
				"arm_left": {
					"rotation": [-20, 48, "41-math.cos(q.anim_time*90*1)*3"]
				},
				"arm_left2": {
					"rotation": [9.42, 6, "65-math.sin(q.anim_time*90*1)*2"]
				},
				"finger_left": {
					"rotation": [0, 0, 27.5]
				},
				"finger_left2": {
					"rotation": [0, 0, 27.5]
				},
				"finger_left3": {
					"rotation": [0, 0, 27.5]
				},
				"arm_right": {
					"rotation": [-20, -48, "-41+math.cos(q.anim_time*90*1)*3"]
				},
				"arm_right2": {
					"rotation": [9.42, -6, "-65+math.sin(q.anim_time*90*1)*2"]
				},
				"finger_right": {
					"rotation": [0, 0, -27.5]
				},
				"finger_right2": {
					"rotation": [0, 0, -27.5]
				},
				"finger_right3": {
					"rotation": [0, 0, -27.5]
				},
				"tail": {
					"rotation": [-7.5, "0+math.cos(q.anim_time*90*1-30)*2", 0]
				},
				"tail2": {
					"rotation": [27.5, 0, 0]
				},
				"jaw": {
					"rotation": ["17.5+math.sin(q.anim_time*90*1-60)*4", 0, 0]
				}
			}
		},
		"animation.slowbro_mega.blink1": {
			"animation_length": 0.1667,
			"bones": {
				"eyelid_left": {
					"position": {
						"0.0": [0.1, 0, -0.1],
						"0.125": [0.1, 0, -0.1],
						"0.1667": [0, 0, 0]
					}
				},
				"eyelid_right": {
					"position": {
						"0.0": [-0.1, 0, -0.1],
						"0.125": [-0.1, 0, -0.1],
						"0.1667": [0, 0, 0]
					}
				}
			}
		},
		"animation.slowbro_mega.blink2": {
			"animation_length": 0.1667
		},
		"animation.slowbro_mega.cry": {
			"animation_length": 2,
			"bones": {
				"head": {
					"rotation": {
						"0.0": [0, 0, 0],
						"0.125": {
							"pre": [-2, 0, 0],
							"post": [-2, 0, 0],
							"lerp_mode": "catmullrom"
						},
						"0.5833": {
							"post": [-12.5, 0, 0],
							"lerp_mode": "catmullrom"
						},
						"1.0417": {
							"post": [-12.5, 0, 0],
							"lerp_mode": "catmullrom"
						},
						"1.5": {
							"post": [1, 0, 0],
							"lerp_mode": "catmullrom"
						},
						"2.0": [0, 0, 0]
					}
				},
				"ear_left": {
					"rotation": {
						"0.0": [0, 0, 0],
						"0.125": {
							"pre": [-2, 0, 0],
							"post": [-2, 0, 0],
							"lerp_mode": "catmullrom"
						},
						"0.5833": {
							"post": [-12.5, 0, 0],
							"lerp_mode": "catmullrom"
						},
						"1.0417": {
							"post": [-12.5, 0, 0],
							"lerp_mode": "catmullrom"
						},
						"1.5": [0, 0, 0]
					}
				},
				"ear_right": {
					"rotation": {
						"0.0": [0, 0, 0],
						"0.125": {
							"pre": [-2, 0, 0],
							"post": [-2, 0, 0],
							"lerp_mode": "catmullrom"
						},
						"0.5833": {
							"post": [-12.5, 0, 0],
							"lerp_mode": "catmullrom"
						},
						"1.0417": {
							"post": [-12.5, 0, 0],
							"lerp_mode": "catmullrom"
						},
						"1.5": [0, 0, 0]
					}
				},
				"jaw": {
					"rotation": {
						"0.0": [0, 0, 0],
						"0.125": {
							"pre": [2, 0, 0],
							"post": [2, 0, 0],
							"lerp_mode": "catmullrom"
						},
						"0.5833": {
							"post": [25, 0, 0],
							"lerp_mode": "catmullrom"
						},
						"1.125": {
							"post": [25, 0, 0],
							"lerp_mode": "catmullrom"
						},
						"1.5": [0, 0, 0]
					}
				}
			}
		},
		"animation.slowbro_mega.bite_quirk": {
			"animation_length": 1.6667,
			"bones": {
				"head": {
					"rotation": {
						"0.0": [0, 0, 0],
						"0.25": [0, 0, 0],
						"0.5417": {
							"pre": [0.88045, 9.96156, 5.07673],
							"post": [0.88045, 9.96156, 5.07673],
							"lerp_mode": "catmullrom"
						},
						"0.9167": {
							"post": [0.81845, 10.91358, 7.61435],
							"lerp_mode": "catmullrom"
						},
						"1.2917": {
							"post": [0, -2, 0],
							"lerp_mode": "catmullrom"
						},
						"1.6667": [0, 0, 0]
					}
				},
				"eyelid_left": {
					"position": {
						"0.0": [0, 0, 0],
						"0.25": [0, 0, 0],
						"0.2917": [0.1, 0, -0.1],
						"0.4167": [0.1, 0, -0.1],
						"0.4583": [0, 0, 0]
					}
				},
				"eyelid_right": {
					"position": {
						"0.0": [0, 0, 0],
						"0.25": [0, 0, 0],
						"0.2917": [-0.1, 0, -0.1],
						"0.4167": [-0.1, 0, -0.1],
						"0.4583": [0, 0, 0]
					}
				},
				"jaw": {
					"rotation": {
						"0.0": [0, 0, 0],
						"0.25": [0, 0, 0],
						"0.625": {
							"pre": [10, 0, 0],
							"post": [10, 0, 0],
							"lerp_mode": "catmullrom"
						},
						"1.0": {
							"post": [21, 0, 0],
							"lerp_mode": "catmullrom"
						},
						"1.3333": {
							"post": [10, 0, 0],
							"lerp_mode": "catmullrom"
						},
						"1.5417": [0, 0, 0]
					}
				},
				"tail": {
					"rotation": [0, 0, 0]
				},
				"pupil_right": {
					"position": {
						"0.25": [0, 0, 0],
						"0.625": {
							"pre": [-0.15, -0.25, 0],
							"post": [-0.15, -0.25, 0],
							"lerp_mode": "catmullrom"
						},
						"1.125": {
							"post": [-0.15, -0.25, 0],
							"lerp_mode": "catmullrom"
						},
						"1.6667": [0, 0, 0]
					}
				},
				"pupil_left": {
					"position": {
						"0.25": [0, 0, 0],
						"0.625": {
							"pre": [-0.5, -0.25, 0],
							"post": [-0.5, -0.25, 0],
							"lerp_mode": "catmullrom"
						},
						"1.125": {
							"post": [-0.5, -0.25, 0],
							"lerp_mode": "catmullrom"
						},
						"1.625": [0, 0, 0]
					}
				},
				"torso": {
					"rotation": {
						"0.0": [0, 0, 0],
						"0.125": {
							"pre": [0, -1, 0],
							"post": [0, -1, 0],
							"lerp_mode": "catmullrom"
						},
						"0.7083": {
							"post": [0, 1, 0],
							"lerp_mode": "catmullrom"
						},
						"1.6667": [0, 0, 0]
					}
				}
			}
		}
	}
}