{
  "target": "cobblemon:magearna",
  "implemented": true,
  "baseScale": 0.6,
  "hitbox": {
    "width": 1.2,
    "height": 2.5,
    "fixed": false
  },
  "behaviour": {
    "resting": {
      "canSleep": true,
      "depth": "normal",
      "light": "4-15"
    },
    "moving": {
      "canLook": true,
      "walk": {
        "walkSpeed": 0.25,
        "canWalk": true,
        "avoidsLand": false
      },
      "swim": {
        "swimSpeed": 0.1,
        "canSwimInWater": true,
        "canBreatheUnderwater": false
      }
    }
  },
  "drops": {
    "amount": 5,
    "entries": [
      {
        "item": "cobblemon:rare_candy",
        "quantityRange": "3-6"
      },
      {
        "item": "cobblemon:metal_coat",
        "percentage": 50.0
      },
      {
        "item": "cobblemon:fairy_feather",
        "percentage": 50.0
      },
      {
        "item": "cobblemon:ability_capsule",
        "percentage": 25.0
      },
      {
        "item": "cobblemon:ability_patch",
        "percentage": 5.0
      }
    ]
  }
}
