{
  "target": "cobblemon:marshadow",
  "implemented": true,
  "baseScale": 0.6,
  "hitbox": {
    "width": 0.5,
    "height": 0.8,
    "fixed": false
  },
  "shoulderMountable": true,
  "behaviour": {
    "resting": {
      "canSleep": false,
      "depth": "normal",
      "light": "4-15"
    },
    "moving": {
      "canLook": true,
        "walk": {
          "canWalk": true,
	      "walkSpeed": 0.195,
          "avoidsLand": false
        },
        "swim": {
          "swimSpeed": 0.1,
          "canSwimInWater": true,
          "canBreatheUnderwater": false
        },
	    "fly": {
	      "canFly": false
	    }
     }
  },
  "drops": {
    "amount": 5,
    "entries": [
      {
        "item": "cobblemon:rare_candy",
        "quantityRange": "3-6"
      },
      {
        "item": "cobblemon:spell_tag",
        "percentage": 50.0
      },
      {
        "item": "cobblemon:black_belt",
        "percentage": 50.0
      },
      {
        "item": "cobblemon:ability_capsule",
        "percentage": 25.0
      },
      {
        "item": "cobblemon:ability_patch",
        "percentage": 5.0
      }
    ]
  }
}
