{
  "target": "cobblemon:rockruff",
  "implemented": true,
  "baseScale": 0.7,
  "evolutions": [
    {
      "id": "rockruff_lycanrocdusk",
      "variant": "level_up",
      "result": "lycanroc wolf_form=dusk",
      "consumeHeldItem": false,
      "learnableMoves": [
        "thrash",
        "crushclaw"
      ],
      "requirements": [
        {
          "variant": "level",
          "minLevel": 25
        },
        {
          "variant": "time_range",
          "range": "dusk"
        }
      ]
    }
  ]
}
