{
  "target": "cobblemon:stakataka",
  "implemented": true,
  "hitbox": {
    "width": 3.7,
    "height": 5.6,
    "fixed": false
  },
  "behaviour": {
    "resting": {
      "canSleep": true,
      "depth": "normal",
      "light": "4-15"
    },
    "moving": {
      "canLook": true,
      "walk": {
        "walkSpeed": 0.195,
        "canWalk": true,
        "avoidsLand": false
      },
      "swim": {
        "swimSpeed": 0.1,
        "canSwimInWater": true,
        "canBreatheUnderwater": false
        }
     }
   }
}
