{
  "target": "cobblemon:togedemaru",
  "implemented": true,
  "behaviour": {
    "resting": {
      "canSleep": true,
      "depth": "normal",
      "light": "0-4"
    },
    "moving": {
      "canLook": false,
      "walk": {
        "canWalk": true,
        "avoidsLand": false
      },
      "swim": {
        "swimSpeed": 0.1,
        "canSwimInWater": false,
        "canBreatheUnderwater": false
        }
      }
    },
	"baseScale": 0.7,
    "hitbox": {
      "width": 0.5,
      "height": 1.0,
      "fixed": false
    }
}
