{
  "target": "cobblemon:xurkitree",
  "implemented": true,
  "baseScale": 0.9,
  "hitbox": {
    "width": 2.0,
    "height": 6.0,
    "fixed": false
  },
  "behaviour": {
    "resting": {
      "canSleep": true,
      "depth": "normal",
      "light": "0-4"
    },
    "moving": {
      "canLook": false,
      "walk": {
        "canWalk": true,
        "avoidsLand": false
      },
      "swim": {
        "swimSpeed": 0.1,
        "canSwimInWater": false,
        "canBreatheUnderwater": false
        }
     }
   }
}
