{
  "implemented": true,
  "target": "cobblemon:zeraora",   
  "shoulderMountable": false,
  "baseScale": 0.7,
  "hitbox": {
    "width": 0.7,
    "height": 2.4,
    "fixed": false
  },
  "behaviour": {
    "resting": {
      "canSleep": true,
      "willSleepOnBed": true,
      "depth": "normal",
      "light": "0-4"
    }
  },
  "drops": {
    "amount": 5,
    "entries": [
      {
        "item": "cobblemon:rare_candy",
        "quantityRange": "3-6"
      },
      {
        "item": "cobblemon:magnet",
        "percentage": 50.0
      },
      {
        "item": "cobblemon:magnet",
        "percentage": 50.0
      },
      {
        "item": "cobblemon:ability_capsule",
        "percentage": 25.0
      },
      {
        "item": "cobblemon:ability_patch",
        "percentage": 5.0
      }
    ]
  }
}
