{
	"format_version": "1.12.0",
	"minecraft:geometry": [
		{
			"description": {
				"identifier": "geometry.Mewtwo",
				"texture_width": 128,
				"texture_height": 128,
				"visible_bounds_width": 10,
				"visible_bounds_height": 5,
				"visible_bounds_offset": [0, 1.5, 0]
			},
			"bones": [
				{
					"name": "mewtwo",
					"pivot": [0, 0, 0]
				},
				{
					"name": "body",
					"parent": "mewtwo",
					"pivot": [0, 0, 0]
				},
				{
					"name": "torso",
					"parent": "body",
					"pivot": [0, 18.5, 0],
					"cubes": [
						{"origin": [-3.5, 15.5, -4], "size": [7, 6, 8], "inflate": 0.01, "uv": [24, 26]}
					]
				},
				{
					"name": "tail",
					"parent": "torso",
					"pivot": [0, 19.92406, -1.50076],
					"rotation": [-27.5, 0, 0],
					"cubes": [
						{"origin": [-3.5, 14.92406, -1.50076], "size": [7, 9, 9], "inflate": -0.01, "uv": [0, 0]}
					]
				},
				{
					"name": "tail2",
					"parent": "tail",
					"pivot": [0, 19.42406, 7.49924],
					"cubes": [
						{"origin": [-3, 15.92406, 7.49924], "size": [6, 7, 9], "uv": [23, 9]}
					]
				},
				{
					"name": "tail3",
					"parent": "tail2",
					"pivot": [0, 19.42406, 16.49924],
					"cubes": [
						{"origin": [-2.5, 16.42406, 16.49924], "size": [5, 6, 9], "uv": [0, 34]}
					]
				},
				{
					"name": "tail4",
					"parent": "tail3",
					"pivot": [0, 19.42406, 25.49924],
					"cubes": [
						{"origin": [-2, 17.42406, 25.49924], "size": [4, 4, 9], "uv": [46, 16]}
					]
				},
				{
					"name": "tail5",
					"parent": "tail4",
					"pivot": [0, 19.42406, 34.49924],
					"cubes": [
						{"origin": [-1.5, 17.92406, 34.49924], "size": [3, 3, 9], "uv": [0, 61]}
					]
				},
				{
					"name": "tail6",
					"parent": "tail5",
					"pivot": [0, 19.42406, 43.49924],
					"cubes": [
						{"origin": [-1.5, 17.92406, 43.49924], "size": [3, 3, 9], "uv": [56, 60]}
					]
				},
				{
					"name": "tail7",
					"parent": "tail6",
					"pivot": [0, 19.42406, 52.49924],
					"cubes": [
						{"origin": [-1.5, 17.92406, 52.49924], "size": [3, 3, 9], "uv": [41, 57]}
					]
				},
				{
					"name": "tail8",
					"parent": "tail7",
					"pivot": [0, 19.42406, 61.49924],
					"cubes": [
						{"origin": [-2.5, 16.92406, 61.49924], "size": [5, 5, 11], "uv": [0, 18]}
					]
				},
				{
					"name": "middle_torso",
					"parent": "torso",
					"pivot": [0, 21.47, -4.0066],
					"rotation": [-35, 0, 0],
					"cubes": [
						{"origin": [-3.5, 21.47, -4.0066], "size": [7, 6, 6], "uv": [0, 49]},
						{"origin": [-2.5, 18.42, -5.0066], "size": [5, 3, 1], "inflate": 0.5, "pivot": [0, 22.97, -3.5066], "rotation": [35, 0, 0], "uv": [110, 76]},
						{"origin": [-1.5, 14.42, -5.0066], "size": [3, 3, 1], "inflate": 0.5, "pivot": [0, 22.97, -3.5066], "rotation": [35, 0, 0], "uv": [120, 72]},
						{"origin": [-1, 10.67, -5.2066], "size": [2, 3, 1], "inflate": 0.25, "pivot": [0, 22.97, -3.5066], "rotation": [35, 0, 0], "uv": [122, 76]},
						{"origin": [-3.5, 21.47, -4.0066], "size": [7, 3, 1], "inflate": 0.5, "uv": [112, 80]},
						{"origin": [-2, 21.47, -5.0066], "size": [4, 4, 1], "uv": [115, 84]}
					]
				},
				{
					"name": "bone8",
					"parent": "middle_torso",
					"pivot": [3.25, 23.89159, -3.8467],
					"cubes": [
						{"origin": [2.25, 23.39159, -3.3467], "size": [2, 1, 6], "inflate": 0.5, "pivot": [3.25, 23.89159, -3.8467], "rotation": [40, 0, 0], "uv": [94, 66]}
					]
				},
				{
					"name": "bone9",
					"parent": "middle_torso",
					"pivot": [-3.25, 23.89159, -3.8467],
					"cubes": [
						{"origin": [-4.25, 23.39159, -3.3467], "size": [2, 1, 6], "inflate": 0.5, "pivot": [-3.25, 23.89159, -3.8467], "rotation": [40, 0, 0], "uv": [94, 66], "mirror": true}
					]
				},
				{
					"name": "upper_torso",
					"parent": "middle_torso",
					"pivot": [0, 26.36836, -1.08909],
					"rotation": [35, 0, 0],
					"cubes": [
						{"origin": [-3, 25.86836, -3.58909], "size": [6, 5, 5], "uv": [64, 41]}
					]
				},
				{
					"name": "back_armor",
					"parent": "upper_torso",
					"pivot": [0, 2.36836, -2.08909],
					"cubes": [
						{"origin": [-1.5, 24.86836, 1.41091], "size": [3, 2, 1], "uv": [99, 80]},
						{"origin": [-4, 29.86836, 1.41091], "size": [8, 4, 2], "uv": [108, 27]},
						{"origin": [3, 31.86836, 2.91091], "size": [8, 2, 1], "pivot": [3, 30.86836, 3.91091], "rotation": [26.56505, -37.76124, -39.23152], "uv": [109, 34]},
						{"origin": [-11, 31.86836, 2.91091], "size": [8, 2, 1], "pivot": [-3, 30.86836, 3.91091], "rotation": [26.56505, 37.76124, 39.23152], "uv": [109, 34], "mirror": true},
						{"origin": [-2.5, 26.86836, 0.66091], "size": [5, 3, 2], "uv": [113, 39]}
					]
				},
				{
					"name": "chest_shake",
					"parent": "upper_torso",
					"pivot": [0, 33.01211, -0.43673]
				},
				{
					"name": "chest",
					"parent": "chest_shake",
					"pivot": [0, 33.01211, -0.43673],
					"rotation": [10, 0, 0],
					"cubes": [
						{"origin": [-3.5, 30.26211, -4.43673], "size": [7, 4, 7], "inflate": -0.2, "uv": [44, 0]},
						{"origin": [-3.5, 30.26211, -4.43673], "size": [7, 4, 7], "inflate": 0.2, "uv": [28, 40]},
						{"origin": [-3.5, 30.26211, -4.43673], "size": [7, 4, 7], "inflate": 0.5, "uv": [100, 89]},
						{"origin": [-0.5, 30.26211, -4.81173], "size": [1, 3, 2], "pivot": [0, 32.26211, -3.43673], "rotation": [-17.5, 0, 0], "uv": [0, 49]}
					]
				},
				{
					"name": "bone11",
					"parent": "chest",
					"pivot": [0, 33.01211, -0.43673],
					"cubes": [
						{"origin": [3, 29.76211, -2.68673], "size": [1, 1, 5], "inflate": 0.5, "uv": [90, 85]}
					]
				},
				{
					"name": "bone10",
					"parent": "chest",
					"pivot": [0, 33.01211, -0.43673],
					"cubes": [
						{"origin": [-4, 29.76211, -2.68673], "size": [1, 1, 5], "inflate": 0.5, "uv": [90, 85], "mirror": true}
					]
				},
				{
					"name": "synergy_crystal",
					"parent": "chest",
					"pivot": [3, 32.52259, -2.41394],
					"cubes": [
						{"origin": [2.27542, 35.11571, -1.82956], "size": [1, 4, 2], "inflate": 0.1, "pivot": [3, 32.52259, -2.41394], "rotation": [-2.74715, 12.19908, 17.20638], "uv": [3, 84]},
						{"origin": [2.77542, 35.36571, -3.82956], "size": [0, 6, 4], "pivot": [3, 32.52259, -2.41394], "rotation": [-2.74715, 12.19908, 17.20638], "uv": [0, 86]},
						{"origin": [3.91583, 33.31654, -2.19946], "size": [1, 4, 2], "pivot": [4.39517, 36.83893, -1.09264], "rotation": [-40.24715, 12.19908, 17.20638], "uv": [3, 84]},
						{"origin": [2.27542, 33.61571, -4.82956], "size": [1, 2, 5], "inflate": 0.2, "pivot": [3, 32.52259, -2.41394], "rotation": [-2.74715, 12.19908, 17.20638], "uv": [0, 81]},
						{"origin": [1.86595, 31.56252, -4.52048], "size": [1, 2, 0], "inflate": 0.2, "pivot": [2.36595, 32.93752, -4.72048], "rotation": [9.75285, 12.19908, 17.20638], "uv": [5, 86]}
					]
				},
				{
					"name": "neck",
					"parent": "chest",
					"pivot": [0, 34.06092, -0.14205],
					"rotation": [-7.5, 0, 0],
					"cubes": [
						{"origin": [-1, 34.06092, -1.14205], "size": [2, 2, 2], "inflate": 0.2, "uv": [0, 65]}
					]
				},
				{
					"name": "head",
					"parent": "neck",
					"pivot": [0, 34.06092, -0.14205],
					"cubes": [
						{"origin": [-3.5, 36.06092, -0.64205], "size": [7, 7, 5], "uv": [54, 29]},
						{"origin": [2.19878, 42.50251, -0.66457], "size": [1, 3, 2], "inflate": 0.2, "pivot": [2.69878, 42.50251, 0.08543], "rotation": [-20, 0, 15], "uv": [29, 40]},
						{"origin": [-3.19878, 42.50251, -0.66457], "size": [1, 3, 2], "inflate": 0.2, "pivot": [-2.69878, 42.50251, 0.08543], "rotation": [-20, 0, -15], "uv": [23, 0]},
						{"origin": [-1.75, 36.06092, -3.39205], "size": [5, 7, 5], "inflate": -0.01, "pivot": [0, 40.06092, -1.64205], "rotation": [0, -45, 0], "uv": [63, 11]}
					]
				},
				{
					"name": "helmet",
					"parent": "head",
					"pivot": [0.5, 34.06092, -0.14205],
					"cubes": [
						{"origin": [-3.5, 36.18383, -1.73773], "size": [7, 7, 6], "inflate": 0.3, "uv": [98, 115]},
						{"origin": [-2.80965, 36.12635, -4.4517], "size": [5, 7, 5], "inflate": 0.2, "pivot": [0, 40.06092, -1.64205], "rotation": [0, -45, 0], "uv": [108, 100]}
					]
				},
				{
					"name": "bone3",
					"parent": "helmet",
					"pivot": [0, 43.18788, -3.91681],
					"rotation": [-10, 0, 0],
					"cubes": [
						{"origin": [-1.5, 44.714, -0.12583], "size": [3, 1, 7], "inflate": 0.3, "pivot": [0, 39.68383, 1.26227], "rotation": [42.5, 0, 0], "uv": [94, 107]}
					]
				},
				{
					"name": "bone2",
					"parent": "bone3",
					"pivot": [0, 48.20575, 1.42228],
					"rotation": [-10, 0, 0],
					"cubes": [
						{"origin": [-2, 47.72804, 2.40094], "size": [2, 1, 2], "inflate": 0.3, "pivot": [0, 48.22804, 2.40094], "rotation": [52.34365, 31.42176, 34.04258], "uv": [93, 104]},
						{"origin": [-1, 44.714, 6.87417], "size": [2, 1, 2], "inflate": 0.2, "pivot": [0, 39.68383, 1.26227], "rotation": [42.5, 0, 0], "uv": [94, 101]}
					]
				},
				{
					"name": "snout",
					"parent": "head",
					"pivot": [0, 37.24267, -2.87494],
					"rotation": [15, 0, 0],
					"cubes": [
						{"origin": [-1, 36.74267, -4.87494], "size": [2, 2, 3], "inflate": -0.1, "uv": [80, 51]}
					]
				},
				{
					"name": "jaw",
					"parent": "snout",
					"pivot": [0, 36.74267, -3.12494],
					"cubes": [
						{"origin": [-0.5, 36.24267, -4.37494], "size": [1, 1, 3], "uv": [56, 61]}
					]
				},
				{
					"name": "eye_left_full",
					"parent": "head",
					"pivot": [0.71602, 39.59363, -0.96726],
					"rotation": [10.18593, 1.49941, -12.30487],
					"cubes": [
						{"origin": [0.18899, 39.27148, -4.11318], "size": [4, 2, 1], "pivot": [-0.06101, 40.77148, -3.61318], "rotation": [12.5666, -36.42038, -15.42749], "uv": [19, 40]}
					]
				},
				{
					"name": "eye_left",
					"parent": "eye_left_full",
					"pivot": [0.71602, 39.59363, -0.96726],
					"cubes": [
						{"origin": [1.76849, 38.99688, -1.92466], "size": [1, 1, 0], "pivot": [2.26849, 39.24688, -1.91908], "rotation": [-14.51082, -43.07952, 20.75357], "uv": [8, 19]},
						{"origin": [-0.78398, 38.36863, -2.71806], "size": [3, 3, 0], "pivot": [0.71602, 39.59363, -0.96726], "rotation": [-14.51082, -43.07952, 20.75357], "uv": [45, 0]}
					]
				},
				{
					"name": "pupil_left",
					"parent": "eye_left",
					"pivot": [2.26849, 39.24688, -1.91908],
					"cubes": [
						{"origin": [1.26849, 38.24688, -1.91908], "size": [1, 2, 0], "pivot": [2.26849, 39.24688, -1.91908], "rotation": [-14.51082, -43.07952, 20.75357], "uv": [6, 18]}
					]
				},
				{
					"name": "pupil_left2",
					"parent": "pupil_left",
					"pivot": [0.71602, 39.59363, -0.96726],
					"cubes": [
						{"origin": [-0.53398, 38.36863, -2.72806], "size": [1, 2, 0], "pivot": [0.71602, 39.59363, -0.96726], "rotation": [-14.51082, -43.07952, 20.75357], "uv": [0, 18]}
					]
				},
				{
					"name": "eyelid_left",
					"parent": "eye_left",
					"pivot": [0.68058, 39.37511, 0.00793],
					"cubes": [
						{"origin": [-0.81942, 38.15011, -1.79947], "size": [3, 3, 0], "pivot": [0.68058, 39.37511, 0.00793], "rotation": [-14.51082, -43.07952, 20.75357], "uv": [52, 2]}
					]
				},
				{
					"name": "eye_left_glow",
					"parent": "eye_left_full",
					"pivot": [0.68235, 39.38604, -0.04083],
					"cubes": [
						{"origin": [1.23483, 38.03929, -0.99265], "size": [1, 2, 0], "pivot": [2.23483, 39.03929, -0.99265], "rotation": [-14.51082, -43.07952, 20.75357], "uv": [126, 4]},
						{"origin": [-0.81765, 38.16104, -1.79163], "size": [3, 3, 0], "pivot": [0.68235, 39.38604, -0.04083], "rotation": [-14.51082, -43.07952, 20.75357], "uv": [122, 0]}
					]
				},
				{
					"name": "pupil_left_glow",
					"parent": "eye_left_glow",
					"pivot": [0.68235, 39.38604, -0.04083],
					"cubes": [
						{"origin": [-0.56765, 38.16104, -1.80163], "size": [1, 2, 0], "pivot": [0.68235, 39.38604, -0.04083], "rotation": [-14.51082, -43.07952, 20.75357], "uv": [121, 8]}
					]
				},
				{
					"name": "eye_right_full",
					"parent": "head",
					"pivot": [-0.71602, 39.59363, -0.96726],
					"rotation": [10.18593, -1.49941, 12.30487],
					"cubes": [
						{"origin": [-4.18899, 39.27148, -4.11318], "size": [4, 2, 1], "pivot": [0.06101, 40.77148, -3.61318], "rotation": [12.5666, 36.42038, 15.42749], "uv": [19, 40], "mirror": true}
					]
				},
				{
					"name": "eye_right",
					"parent": "eye_right_full",
					"pivot": [-0.71602, 39.59363, -0.96726],
					"cubes": [
						{"origin": [-2.76849, 38.99688, -1.92466], "size": [1, 1, 0], "pivot": [-2.26849, 39.24688, -1.91908], "rotation": [-14.51082, 43.07952, -20.75357], "uv": [8, 19], "mirror": true},
						{"origin": [-2.21602, 38.36863, -2.71806], "size": [3, 3, 0], "pivot": [-0.71602, 39.59363, -0.96726], "rotation": [-14.51082, 43.07952, -20.75357], "uv": [45, 0], "mirror": true}
					]
				},
				{
					"name": "pupil_right",
					"parent": "eye_right",
					"pivot": [-0.71602, 39.59363, -0.96726],
					"cubes": [
						{"origin": [-2.26849, 38.24688, -1.91908], "size": [1, 2, 0], "pivot": [-2.26849, 39.24688, -1.91908], "rotation": [-14.51082, 43.07952, -20.75357], "uv": [6, 18], "mirror": true}
					]
				},
				{
					"name": "bone7",
					"parent": "pupil_right",
					"pivot": [-0.71602, 39.59363, -0.96726],
					"cubes": [
						{"origin": [-0.46602, 38.36863, -2.72806], "size": [1, 2, 0], "pivot": [-0.71602, 39.59363, -0.96726], "rotation": [-14.51082, 43.07952, -20.75357], "uv": [0, 18], "mirror": true}
					]
				},
				{
					"name": "eye_right_glow",
					"parent": "eye_right_full",
					"pivot": [-0.68235, 39.38604, -0.04083],
					"cubes": [
						{"origin": [-2.23483, 38.03929, -0.99265], "size": [1, 2, 0], "pivot": [-2.23483, 39.03929, -0.99265], "rotation": [-14.51082, 43.07952, -20.75357], "uv": [126, 4], "mirror": true},
						{"origin": [-2.18235, 38.16104, -1.79163], "size": [3, 3, 0], "pivot": [-0.68235, 39.38604, -0.04083], "rotation": [-14.51082, 43.07952, -20.75357], "uv": [122, 0], "mirror": true}
					]
				},
				{
					"name": "pupil_right_glow",
					"parent": "eye_right_glow",
					"pivot": [-0.68235, 39.38604, -0.04083],
					"cubes": [
						{"origin": [-0.43235, 38.16104, -1.80163], "size": [1, 2, 0], "pivot": [-0.68235, 39.38604, -0.04083], "rotation": [-14.51082, 43.07952, -20.75357], "uv": [121, 8], "mirror": true}
					]
				},
				{
					"name": "eyelid_right",
					"parent": "eye_right_full",
					"pivot": [-0.68058, 39.37511, 0.00793],
					"cubes": [
						{"origin": [-2.18058, 38.15011, -1.79947], "size": [3, 3, 0], "pivot": [-0.68058, 39.37511, 0.00793], "rotation": [-14.51082, 43.07952, -20.75357], "uv": [52, 2], "mirror": true}
					]
				},
				{
					"name": "neck_thing",
					"parent": "head",
					"pivot": [0, 33.26211, 3.56327],
					"cubes": [
						{"origin": [-1, 32.76211, 2.06327], "size": [2, 2, 3], "pivot": [0, 33.26211, 3.56327], "rotation": [30, 0, 0], "uv": [13, 80]},
						{"origin": [-1, 34.61211, -1.18673], "size": [2, 2, 3], "pivot": [0, 33.26211, 3.56327], "rotation": [-60, 0, 0], "uv": [78, 31]},
						{"origin": [-1, 32.76211, 0.06327], "size": [2, 2, 3], "inflate": 0.01, "pivot": [0, 33.26211, 3.56327], "rotation": [-100, 0, 0], "uv": [78, 36]}
					]
				},
				{
					"name": "arm_left",
					"parent": "chest",
					"pivot": [3.5, 33.26211, -0.43673],
					"cubes": [
						{"origin": [3.43085, 31.48569, -1.43673], "size": [7, 2, 2], "uv": [72, 4]}
					]
				},
				{
					"name": "arm_left2",
					"parent": "arm_left",
					"pivot": [9.43209, 32.50365, -0.39032],
					"cubes": [
						{"origin": [13.93085, 31.48569, -2.18673], "size": [2, 2, 3], "inflate": 0.01, "uv": [116, 46]},
						{"origin": [9.18209, 31.50365, -1.39032], "size": [8, 2, 2], "inflate": -0.15, "uv": [44, 11]}
					]
				},
				{
					"name": "hand_left",
					"parent": "arm_left2",
					"pivot": [16.93209, 32.50365, -0.39032],
					"cubes": [
						{"origin": [16.93209, 31.50365, -1.89032], "size": [3, 2, 3], "uv": [46, 29]}
					]
				},
				{
					"name": "spoon",
					"parent": "hand_left",
					"pivot": [18.43209, 31.50365, 0.60968],
					"cubes": [
						{"origin": [17.43209, 31.50365, -10.89032], "size": [2, 0, 23], "uv": [-23, 105]}
					]
				},
				{
					"name": "spoon2",
					"parent": "spoon",
					"pivot": [18.43209, 31.50365, -11.07782],
					"cubes": [
						{"origin": [11.93209, 31.50365, -29.89032], "size": [13, 0, 19], "uv": [-3, 109]},
						{"origin": [13.93209, 30.50365, -27.89032], "size": [9, 1, 15], "uv": [44, 112]},
						{"origin": [14.93209, 29.50365, -25.89032], "size": [7, 1, 11], "uv": [50, 116]}
					]
				},
				{
					"name": "finger_middle_left",
					"parent": "hand_left",
					"pivot": [19.93209, 32.50365, -0.39032],
					"cubes": [
						{"origin": [19.93209, 32.00365, -0.89032], "size": [2, 1, 1], "inflate": 0.1, "uv": [49, 40]}
					]
				},
				{
					"name": "finger_middle_left2",
					"parent": "finger_middle_left",
					"pivot": [21.43209, 32.50365, -0.39032],
					"cubes": [
						{"origin": [21.43209, 31.50365, -1.39032], "size": [2, 2, 2], "inflate": -0.1, "uv": [26, 55]}
					]
				},
				{
					"name": "finger_back_left",
					"parent": "hand_left",
					"pivot": [19.93209, 32.12865, 0.48468],
					"cubes": [
						{"origin": [19.93209, 31.62865, -0.01532], "size": [2, 1, 1], "inflate": 0.1, "uv": [28, 45]}
					]
				},
				{
					"name": "finger_back_left2",
					"parent": "finger_back_left",
					"pivot": [21.43209, 32.12865, 0.48468],
					"cubes": [
						{"origin": [21.43209, 31.12865, -0.51532], "size": [2, 2, 2], "inflate": -0.1, "uv": [0, 38]}
					]
				},
				{
					"name": "finger_front_left",
					"parent": "hand_left",
					"pivot": [19.93209, 32.12865, -1.26532],
					"cubes": [
						{"origin": [19.93209, 31.62865, -1.76532], "size": [2, 1, 1], "inflate": 0.1, "uv": [0, 27]}
					]
				},
				{
					"name": "finger_front_left2",
					"parent": "finger_front_left",
					"pivot": [21.43209, 32.12865, -1.26532],
					"cubes": [
						{"origin": [21.43209, 31.12865, -2.26532], "size": [2, 2, 2], "inflate": -0.1, "uv": [0, 34]}
					]
				},
				{
					"name": "bone4",
					"parent": "hand_left",
					"pivot": [18.43085, 33.48569, -0.43673],
					"cubes": [
						{"origin": [15.93085, 31.48569, -2.43673], "size": [3, 2, 4], "inflate": 0.01, "uv": [114, 45]},
						{"origin": [13.93085, 32.48569, -2.93673], "size": [5, 4, 5], "pivot": [18.43085, 33.48569, -0.43673], "rotation": [0, 0, 7.5], "uv": [106, 52]},
						{"origin": [10.93085, 34.48569, -1.93673], "size": [6, 2, 3], "pivot": [18.43085, 35.48569, -0.43673], "rotation": [0, 0, 7.5], "uv": [108, 54]},
						{"origin": [18.93085, 32.48569, -1.93673], "size": [1, 3, 3], "inflate": 0.01, "pivot": [18.43085, 33.48569, -0.43673], "rotation": [0, 0, 7.5], "uv": [108, 54]}
					]
				},
				{
					"name": "arm_pad_left",
					"parent": "arm_left",
					"pivot": [3.75, 33.01211, -0.18673],
					"cubes": [
						{"origin": [2.75, 32.01211, -2.18673], "size": [2, 2, 4], "inflate": 0.2, "uv": [20, 49]},
						{"origin": [3.75, 33.01211, -2.43673], "size": [3, 3, 4], "uv": [106, 69]},
						{"origin": [3.75, 32.01211, -2.43673], "size": [5, 2, 4], "inflate": 0.21, "uv": [110, 61]}
					]
				},
				{
					"name": "arm_right",
					"parent": "chest",
					"pivot": [-3.5, 33.26211, -0.43673],
					"cubes": [
						{"origin": [-10.43085, 31.48569, -1.43673], "size": [7, 2, 2], "uv": [72, 4], "mirror": true}
					]
				},
				{
					"name": "arm_pad_right",
					"parent": "arm_right",
					"pivot": [-3.75, 33.01211, -0.18673],
					"cubes": [
						{"origin": [-4.75, 32.01211, -2.18673], "size": [2, 2, 4], "inflate": 0.2, "uv": [20, 49], "mirror": true},
						{"origin": [-6.75, 33.01211, -2.43673], "size": [3, 3, 4], "uv": [106, 69], "mirror": true},
						{"origin": [-8.75, 32.01211, -2.43673], "size": [5, 2, 4], "inflate": 0.21, "uv": [110, 61], "mirror": true}
					]
				},
				{
					"name": "arm_right2",
					"parent": "arm_right",
					"pivot": [-9.43085, 32.48569, -0.43673],
					"cubes": [
						{"origin": [-17.18085, 31.48569, -1.43673], "size": [8, 2, 2], "inflate": -0.15, "uv": [44, 11], "mirror": true},
						{"origin": [-15.93085, 31.48569, -2.18673], "size": [2, 2, 3], "inflate": 0.01, "uv": [116, 46], "mirror": true}
					]
				},
				{
					"name": "hand_right",
					"parent": "arm_right2",
					"pivot": [-16.93085, 32.48569, -0.43673],
					"cubes": [
						{"origin": [-19.93085, 31.48569, -1.93673], "size": [3, 2, 3], "uv": [46, 29], "mirror": true}
					]
				},
				{
					"name": "bone",
					"parent": "hand_right",
					"pivot": [-18.43085, 33.48569, -0.43673],
					"cubes": [
						{"origin": [-18.93085, 31.48569, -2.43673], "size": [3, 2, 4], "inflate": 0.01, "uv": [114, 45], "mirror": true},
						{"origin": [-18.93085, 32.48569, -2.93673], "size": [5, 4, 5], "pivot": [-18.43085, 33.48569, -0.43673], "rotation": [0, 0, -7.5], "uv": [106, 52], "mirror": true},
						{"origin": [-16.93085, 34.48569, -1.93673], "size": [6, 2, 3], "pivot": [-18.43085, 35.48569, -0.43673], "rotation": [0, 0, -7.5], "uv": [108, 54], "mirror": true},
						{"origin": [-19.93085, 32.48569, -1.93673], "size": [1, 3, 3], "inflate": 0.01, "pivot": [-18.43085, 33.48569, -0.43673], "rotation": [0, 0, -7.5], "uv": [108, 54], "mirror": true}
					]
				},
				{
					"name": "finger_middle_right",
					"parent": "hand_right",
					"pivot": [-19.93085, 32.48569, -0.43673],
					"cubes": [
						{"origin": [-21.93085, 31.98569, -0.93673], "size": [2, 1, 1], "inflate": 0.1, "uv": [49, 40], "mirror": true}
					]
				},
				{
					"name": "finger_middle_right2",
					"parent": "finger_middle_right",
					"pivot": [-21.43085, 32.48569, -0.43673],
					"cubes": [
						{"origin": [-23.43085, 31.48569, -1.43673], "size": [2, 2, 2], "inflate": -0.1, "uv": [26, 55], "mirror": true}
					]
				},
				{
					"name": "finger_back_right",
					"parent": "hand_right",
					"pivot": [-19.93085, 32.11069, 0.43827],
					"cubes": [
						{"origin": [-21.93085, 31.61069, -0.06173], "size": [2, 1, 1], "inflate": 0.1, "uv": [28, 45], "mirror": true}
					]
				},
				{
					"name": "finger_back_right2",
					"parent": "finger_back_right",
					"pivot": [-21.43085, 32.11069, 0.43827],
					"cubes": [
						{"origin": [-23.43085, 31.11069, -0.56173], "size": [2, 2, 2], "inflate": -0.1, "uv": [0, 38], "mirror": true}
					]
				},
				{
					"name": "finger_front_right",
					"parent": "hand_right",
					"pivot": [-19.93085, 32.11069, -1.31173],
					"cubes": [
						{"origin": [-21.93085, 31.61069, -1.81173], "size": [2, 1, 1], "inflate": 0.1, "uv": [0, 27], "mirror": true}
					]
				},
				{
					"name": "finger_front_right2",
					"parent": "finger_front_right",
					"pivot": [-21.43085, 32.11069, -1.31173],
					"cubes": [
						{"origin": [-23.43085, 31.11069, -2.31173], "size": [2, 2, 2], "inflate": -0.1, "uv": [0, 34], "mirror": true}
					]
				},
				{
					"name": "leg_rotation_right",
					"parent": "body",
					"pivot": [-4.44002, 21.51131, 1.60895]
				},
				{
					"name": "thigh_right",
					"parent": "leg_rotation_right",
					"pivot": [-4.44002, 21.51131, 1.60895],
					"cubes": [
						{"origin": [-5.5, 21, -0.75], "size": [3, 3, 5], "inflate": 0.2, "uv": [58, 72]},
						{"origin": [-6.5, 11.5, -2], "size": [4, 5, 6], "pivot": [-4.5, 13.5, 2.75], "rotation": [-40, 0, 0], "uv": [24, 65]},
						{"origin": [-6.5, 15, -2.25], "size": [4, 6, 8], "inflate": 0.2, "uv": [48, 43]}
					]
				},
				{
					"name": "leg_right",
					"parent": "thigh_right",
					"pivot": [-4.5, 12, 3],
					"cubes": [
						{"origin": [-5.5, 6, 3.75], "size": [2, 7, 2], "inflate": 0.2, "pivot": [-4.5, 8, 4], "rotation": [20, 0, 0], "uv": [0, 0]}
					]
				},
				{
					"name": "bone6",
					"parent": "leg_right",
					"pivot": [-4.5, 8, 4],
					"cubes": [
						{"origin": [-6.5, 5, 1.75], "size": [4, 3, 5], "inflate": 0.21, "pivot": [-4.5, 8, 4], "rotation": [20, 0, 0], "uv": [94, 75], "mirror": true},
						{"origin": [-4.675, 4.00905, -0.19496], "size": [2, 2, 2], "inflate": 0.2, "pivot": [-4.5, 5.00905, 1.63004], "rotation": [27.23631, 41.64114, 18.88172], "uv": [99, 78], "mirror": true},
						{"origin": [-6, 5, -0.25], "size": [3, 2, 2], "inflate": 0.21, "pivot": [-4.5, 8, 4], "rotation": [20, 0, 0], "uv": [98, 78], "mirror": true}
					]
				},
				{
					"name": "foot_right",
					"parent": "leg_right",
					"pivot": [-4.5, 7, 5],
					"cubes": [
						{"origin": [-6.5, 3, 3], "size": [4, 4, 4], "uv": [71, 60]},
						{"origin": [-2.75, 3.5, 3.5], "size": [1, 3, 3], "uv": [77, 24], "mirror": true}
					]
				},
				{
					"name": "foot_right2",
					"parent": "foot_right",
					"pivot": [-4.5, 4.91654, 3.11299],
					"cubes": [
						{"origin": [-6.5, -0.17514, -0.88516], "size": [4, 3, 6], "inflate": -0.2, "pivot": [-4.5, 1.32486, -0.66016], "rotation": [35, 0, 0], "uv": [23, 0]}
					]
				},
				{
					"name": "toe_right_outer",
					"parent": "foot_right2",
					"pivot": [-5.5, 2.5, 0],
					"cubes": [
						{"origin": [-6, 0, -4], "size": [2, 3, 4], "pivot": [-4.5, 1.5, 0], "rotation": [0, 25, 0], "uv": [16, 73]}
					]
				},
				{
					"name": "toe_right_inner",
					"parent": "foot_right2",
					"pivot": [-3.56699, 2.5, 0.25],
					"cubes": [
						{"origin": [-5.06699, 0, -3.75], "size": [2, 3, 4], "pivot": [-4.06699, 1.5, 0.25], "rotation": [0, -25, 0], "uv": [15, 61]}
					]
				},
				{
					"name": "leg_rotation_left",
					"parent": "body",
					"pivot": [4.44002, 21.51131, 1.60895]
				},
				{
					"name": "thigh_left",
					"parent": "leg_rotation_left",
					"pivot": [4.44002, 21.51131, 1.60895],
					"cubes": [
						{"origin": [2.5, 21, -0.75], "size": [3, 3, 5], "inflate": 0.2, "uv": [0, 73]},
						{"origin": [2.5, 11.5, -2], "size": [4, 5, 6], "pivot": [4.5, 13.5, 2.75], "rotation": [-40, 0, 0], "uv": [38, 70]},
						{"origin": [2.5, 15, -2.25], "size": [4, 6, 8], "inflate": 0.2, "uv": [26, 51]}
					]
				},
				{
					"name": "leg_left",
					"parent": "thigh_left",
					"pivot": [4.5, 12, 3],
					"cubes": [
						{"origin": [3.5, 6, 3.75], "size": [2, 7, 2], "inflate": 0.2, "pivot": [4.5, 8, 4], "rotation": [20, 0, 0], "uv": [0, 18]}
					]
				},
				{
					"name": "bone5",
					"parent": "leg_left",
					"pivot": [4.5, 8, 4],
					"cubes": [
						{"origin": [2.5, 5, 1.75], "size": [4, 3, 5], "inflate": 0.21, "pivot": [4.5, 8, 4], "rotation": [20, 0, 0], "uv": [94, 75]},
						{"origin": [2.675, 4.00905, -0.19496], "size": [2, 2, 2], "inflate": 0.2, "pivot": [4.5, 5.00905, 1.63004], "rotation": [27.23631, -41.64114, -18.88172], "uv": [99, 78]},
						{"origin": [3, 5, -0.25], "size": [3, 2, 2], "inflate": 0.21, "pivot": [4.5, 8, 4], "rotation": [20, 0, 0], "uv": [98, 78]}
					]
				},
				{
					"name": "foot_left",
					"parent": "leg_left",
					"pivot": [4.5, 7, 5],
					"cubes": [
						{"origin": [2.5, 3, 3], "size": [4, 4, 4], "uv": [73, 23]},
						{"origin": [1.75, 3.5, 3.5], "size": [1, 3, 3], "uv": [77, 24]}
					]
				},
				{
					"name": "foot_left2",
					"parent": "foot_left",
					"pivot": [4.5, 4.91654, 3.11299],
					"cubes": [
						{"origin": [2.5, -0.17514, -0.88516], "size": [4, 3, 6], "inflate": -0.2, "pivot": [4.5, 1.32486, -0.66016], "rotation": [35, 0, 0], "uv": [66, 51]}
					]
				},
				{
					"name": "toe_left_outer",
					"parent": "foot_left2",
					"pivot": [5.5, 2.5, 0],
					"cubes": [
						{"origin": [4, 0, -4], "size": [2, 3, 4], "pivot": [4.5, 1.5, 0], "rotation": [0, -25, 0], "uv": [70, 76]}
					]
				},
				{
					"name": "toe_left_inner",
					"parent": "foot_left2",
					"pivot": [3.56699, 2.5, 0.25],
					"cubes": [
						{"origin": [3.06699, 0, -3.75], "size": [2, 3, 4], "pivot": [4.06699, 1.5, 0.25], "rotation": [0, 25, 0], "uv": [24, 76]}
					]
				},
				{
					"name": "aura",
					"parent": "body",
					"pivot": [0, 26.36836, -0.08909],
					"cubes": [
						{"origin": [0.5, 25.86836, -0.58909], "size": [-1, 1, 1], "uv": [85, 13]}
					]
				}
			]
		}
	]
}