{
  "implemented": true,
  "nationalPokedexNumber": 492,
  "name": "Shaymin",
  "primaryType": "grass",
  "maleRatio": -1,
  "height": 2,
  "weight": 21,
  "pokedex": [
    "cobblemon.species.shaymin.desc"
  ],
  "labels": [
    "gen4",
    "mythical"
  ],
  "aspects": [
    "land-forme"
  ],
  "abilities": [
    "naturalcure",
    "h:naturalcure"
  ],
  "eggGroups": [
    "undiscovered"
  ],
  "baseStats": {
    "hp": 100,
    "attack": 100,
    "defence": 100,
    "special_attack": 100,
    "special_defence": 100,
    "speed": 100
  },
  "evYield": {
    "hp": 3,
    "attack": 0,
    "defence": 0,
    "special_attack": 0,
    "special_defence": 0,
    "speed": 0
  },
  "baseExperienceYield": 300,
  "experienceGroup": "medium_slow",
  "catchRate": 45,
  "drops": {
    "amount": 5,
    "entries": [
      {
        "item": "cobblemon:rare_candy",
        "quantityRange": "5-10"
      },
      {
        "item": "cobblemon:miracle_seed",
        "percentage": 50.0
      },
      {
        "item": "cobblemon:max_revive",
        "quantityRange": "2-4"
      },
      {
        "item": "cobblemon:ability_capsule",
        "percentage": 25.0
      },
      {
        "item": "cobblemon:ability_patch",
        "percentage": 5.0
      }
    ]
  },
  "eggCycles": 120,
  "baseFriendship": 100,
  "baseScale": 0.4,
  "hitbox": {
    "width": 0.6,
    "height": 1,
    "fixed": false
  },
  "behaviour": {
    "resting": {
      "canSleep": true,
      "depth": "normal",
      "light": "0-4"
    },
    "moving": {
      "canLook": false,
        "walk": {
		  "walkSpeed": 0.250,
          "canWalk": true,
          "avoidsLand": false
        },
        "swim": {
          "swimSpeed": 0.1,
          "canSwimInWater": false,
          "canBreatheUnderwater": false
        }
     }
  },
  "moves": [
    "1:growth",
    "10:magicalleaf",
    "19:leechseed",
    "28:synthesis",
    "37:sweetscent",
    "46:naturalgift",
    "55:worryseed",
    "64:grassyterrain",
    "73:energyball",
    "82:sweetkiss",
    "91:healingwish",
    "100:seedflare",
    "tm:aircutter",
    "tm:airslash",
    "tm:aromatherapy",
    "tm:babydolleyes",
    "tm:batonpass",
    "tm:bulletseed",
    "tm:confide",
    "tm:covet",
    "tm:dazzlinggleam",
    "tm:defensecurl",
    "tm:disarmingvoice",
    "tm:doubleedge",
    "tm:doubleteam",
    "tm:earthpower",
    "tm:endeavor",
    "tm:endure",
    "tm:energyball",
    "tm:facade",
    "tm:flash",
    "tm:frustration",
    "tm:gigadrain",
    "tm:gigaimpact",
    "tm:grassknot",
    "tm:grasswhistle",
    "tm:grassyglide",
    "tm:grassyterrain",
    "tm:headbutt",
    "tm:hiddenpower",
    "tm:hyperbeam",
    "tm:laserfocus",
    "tm:lastresort",
    "tm:leafstorm",
    "tm:luckychant",
    "tm:magicalleaf",
    "tm:mudslap",
    "tm:naturalgift",
    "tm:naturepower",
    "tm:ominouswind",
    "tm:petalblizzard",
    "tm:playrough",
    "tm:protect",
    "tm:psychic",
    "tm:psychup",
    "tm:quickattack",
    "tm:rest",
    "tm:round",
    "tm:safeguard",
    "tm:secretpower",
    "tm:seedbomb",
    "tm:sleeptalk",
    "tm:snore",
    "tm:solarbeam",
    "tm:substitute",
    "tm:sunnyday",
    "tm:swagger",
    "tm:swift",
    "tm:swordsdance",
    "tm:synthesis",
    "tm:tailwind",
    "tm:takedown",
    "tm:terablast",
    "tm:toxic",
    "tm:trailblaze",
    "tm:worryseed",
    "tm:zenheadbutt",
    "tutor:aircutter",
    "tutor:babydolleyes",
    "tutor:celebrate",
    "tutor:covet",
    "tutor:dazzlinggleam",
    "tutor:earthpower",
    "tutor:endeavor",
    "tutor:energyball",
    "tutor:gigadrain",
    "tutor:gigaimpact",
    "tutor:grassyglide",
    "tutor:hyperbeam",
    "tutor:laserfocus",
    "tutor:lastresort",
    "tutor:magicalleaf",
    "tutor:ominouswind",
    "tutor:playrough",
    "tutor:psychic",
    "tutor:rest",
    "tutor:return",
    "tutor:seedbomb",
    "tutor:sleeptalk",
    "tutor:swift",
    "tutor:synthesis",
    "tutor:tailwind",
    "tutor:worryseed",
    "tutor:zenheadbutt"
  ],
  "evolutions": [
    {
      "id": "shaymin_shayminsky",
      "variant": "level_up",
      "result": "shaymin gracidea_forme=sky",
      "consumeHeldItem": false,
      "learnableMoves": [],
      "requirements": [
        {
          "variant": "held_item",
          "itemCondition": "minecraft:spore_blossom"
        }          
      ]
    }
  ],
  "forms": [
    {
      "name": "Sky",
      "primaryType": "grass",
      "secondaryType": "flying",
      "maleRatio": -1,
      "height": 4,
      "weight": 52,
      "pokedex": [
        "cobblemon.species.shaymin-sky.desc"
      ],
      "labels": [
        "gen4",
        "mythical"
      ],
      "aspects": [
        "sky-forme"
      ],
      "abilities": [
        "serenegrace",
        "h:serenegrace"
      ],
      "baseStats": {
        "hp": 100,
        "attack": 103,
        "defence": 75,
        "special_attack": 120,
        "special_defence": 75,
        "speed": 127
      },
      "evYield": {
        "hp": 0,
        "attack": 0,
        "defence": 0,
        "special_attack": 0,
        "special_defence": 0,
        "speed": 3
      },
      "moves": [
        "1:growth",
        "10:magicalleaf",
        "19:leechseed",
        "28:quickattack",
        "37:sweetscent",
        "46:naturalgift",
        "55:worryseed",
        "64:airslash",
        "73:energyball",
        "82:sweetkiss",
        "91:leafstorm",
        "100:seedflare",
        "tm:aircutter",
        "tm:airslash",
        "tm:babydolleyes",
        "tm:batonpass",
        "tm:bulletseed",
        "tm:covet",
        "tm:dazzlinggleam",
        "tm:disarmingvoice",
        "tm:doubleedge",
        "tm:earthpower",
        "tm:endeavor",
        "tm:endure",
        "tm:energyball",
        "tm:facade",
        "tm:flash",
        "tm:gigadrain",
        "tm:gigaimpact",
        "tm:grassknot",
        "tm:grassyglide",
        "tm:grassyterrain",
        "tm:headbutt",
        "tm:healingwish",
        "tm:hyperbeam",
        "tm:laserfocus",
        "tm:lastresort",
        "tm:leafstorm",
        "tm:magicalleaf",
        "tm:naturalgift",
        "tm:naturepower",
        "tm:ominouswind",
        "tm:petalblizzard",
        "tm:playrough",
        "tm:protect",
        "tm:psychic",
        "tm:psychup",
        "tm:rest",
        "tm:safeguard",
        "tm:seedbomb",
        "tm:sleeptalk",
        "tm:solarbeam",
        "tm:substitute",
        "tm:sunnyday",
        "tm:swift",
        "tm:swordsdance",
        "tm:synthesis",
        "tm:tailwind",
        "tm:takedown",
        "tm:terablast",
        "tm:trailblaze",
        "tm:worryseed",
        "tm:zenheadbutt",
        "tutor:aircutter",
        "tutor:babydolleyes",
        "tutor:covet",
        "tutor:dazzlinggleam",
        "tutor:earthpower",
        "tutor:endeavor",
        "tutor:energyball",
        "tutor:gigadrain",
        "tutor:gigaimpact",
        "tutor:grassyglide",
        "tutor:hyperbeam",
        "tutor:laserfocus",
        "tutor:lastresort",
        "tutor:magicalleaf",
        "tutor:ominouswind",
        "tutor:playrough",
        "tutor:psychic",
        "tutor:rest",
        "tutor:seedbomb",
        "tutor:sleeptalk",
        "tutor:swift",
        "tutor:synthesis",
        "tutor:tailwind",
        "tutor:worryseed",
        "tutor:zenheadbutt"
      ],
      "evolutions": [
        {
          "id": "shayminsky_shaymin",
          "variant": "level_up",
          "result": "shaymin gracidea_forme=land",
          "consumeHeldItem": false,
          "learnableMoves": [],
          "requirements": [
            {
              "variant": "held_item",
              "itemCondition": "minecraft:spore_blossom"
            }          
          ]        
        }
      ],
      "battleOnly": false
    }
  ]
}
