{
	"format_version": "1.12.0",
	"minecraft:geometry": [
		{
			"description": {
				"identifier": "geometry.articuno",
				"texture_width": 256,
				"texture_height": 256, 
				"visible_bounds_width": 19,
				"visible_bounds_height": 12,
				"visible_bounds_offset": [0, 5, 0]
			},
			"bones": [
				{
					"name": "articuno",
					"pivot": [0, 0, 0]
				},
				{
					"name": "body",
					"parent": "articuno",
					"pivot": [0, 0, 0]
				},
				{
					"name": "torso",
					"parent": "body",
					"pivot": [0, 14.48476, 4.67751],
					"cubes": [
						{"origin": [-6, 13.2, -11.7], "size": [12, 15, 17], "uv": [0, 0]}
					]
				},
				{
					"name": "wing_closed_left",
					"parent": "torso",
					"pivot": [6.5, 22.2, -5.7],
					"rotation": [-90, 0, -90],
					"cubes": [
						{"origin": [5, 15.2, -7.7], "size": [3, 14, 14], "uv": [0, 52]}
					]
				},
				{
					"name": "wing_closed_left2",
					"parent": "wing_closed_left",
					"pivot": [6.5, 15.7, 4.3],
					"cubes": [
						{"origin": [5.5, 15.7, 4.3], "size": [2, 12, 12], "uv": [90, 94]}
					]
				},
				{
					"name": "wing_closed_left3",
					"parent": "wing_closed_left2",
					"pivot": [6.5, 15.7, 16.2],
					"cubes": [
						{"origin": [6, 15.7, 16.2], "size": [1, 10, 10], "uv": [74, 112]}
					]
				},
				{
					"name": "wing_closed_left4",
					"parent": "wing_closed_left3",
					"pivot": [6.5, 16.7, 26.2],
					"cubes": [
						{"origin": [6.5, 16.7, 26.2], "size": [0, 8, 9], "uv": [54, 121]}
					]
				},
				{
					"name": "wing_closed_right",
					"parent": "torso",
					"pivot": [-6.5, 22.2, -5.7],
					"rotation": [-90, 0, 90],
					"cubes": [
						{"origin": [-8, 15.2, -7.7], "size": [3, 14, 14], "uv": [0, 52], "mirror": true}
					]
				},
				{
					"name": "wing_closed_right2",
					"parent": "wing_closed_right",
					"pivot": [-6.5, 15.7, 4.3],
					"cubes": [
						{"origin": [-7.5, 15.7, 4.3], "size": [2, 12, 12], "uv": [90, 94], "mirror": true}
					]
				},
				{
					"name": "wing_closed_right3",
					"parent": "wing_closed_right2",
					"pivot": [-6.5, 15.7, 16.2],
					"cubes": [
						{"origin": [-7, 15.7, 16.2], "size": [1, 10, 10], "uv": [74, 112], "mirror": true}
					]
				},
				{
					"name": "wing_closed_right4",
					"parent": "wing_closed_right3",
					"pivot": [-6.5, 16.7, 26.2],
					"cubes": [
						{"origin": [-6.5, 16.7, 26.2], "size": [0, 8, 9], "uv": [54, 121], "mirror": true}
					]
				},
				{
					"name": "wing_open_right",
					"parent": "torso",
					"pivot": [-4, 24.8, -10.8],
					"cubes": [
						{"origin": [-23, 23.8, -13.3], "size": [19, 2, 7], "uv": [72, 67]}
					]
				},
				{
					"name": "feathers_right",
					"parent": "wing_open_right",
					"pivot": [-15.09554, 29.03601, -9.87284],
					"cubes": [
						{"origin": [-27.5, 24.8, -6.8], "size": [21, 0, 9], "uv": [49, 15]}
					]
				},
				{
					"name": "wing_open_right2",
					"parent": "wing_open_right",
					"pivot": [-23, 24.8, -11.3],
					"cubes": [
						{"origin": [-37, 24.1, -13.3], "size": [14, 1, 7], "uv": [106, 76]}
					]
				},
				{
					"name": "feathers_right2",
					"parent": "wing_open_right2",
					"pivot": [-28.99504, 29.95428, -10.26667],
					"cubes": [
						{"origin": [-42.1, 24.79, -6.3], "size": [19, 0, 15], "uv": [0, 32]}
					]
				},
				{
					"name": "wing_open_right3",
					"parent": "wing_open_right2",
					"pivot": [-37, 25.1, -13.3],
					"cubes": [
						{"origin": [-52, 24.1, -13.3], "size": [15, 1, 7], "uv": [95, 29]}
					]
				},
				{
					"name": "feathers_right3",
					"parent": "wing_open_right3",
					"pivot": [-51.66731, 23.95428, -10.49576]
				},
				{
					"name": "feather_right5",
					"parent": "feathers_right3",
					"pivot": [-36.66731, 29.95428, -6.49576],
					"rotation": [0, 52.5, 0],
					"cubes": [
						{"origin": [-56.5, 24.61, -9.1], "size": [21, 0, 5], "pivot": [-36.7, 29.9, -6.5], "rotation": [0, 7.5, 0], "uv": [59, 81]}
					]
				},
				{
					"name": "feather_right4",
					"parent": "feathers_right3",
					"pivot": [-42.51413, 29.95428, -7.77403],
					"rotation": [0, 46.25, 0],
					"cubes": [
						{"origin": [-64.6, 24.6, -10.3], "size": [22, 0, 5], "pivot": [-29.5, 29.9, -13.7], "rotation": [0, 7.5, 0], "uv": [74, 60]}
					]
				},
				{
					"name": "feather_right3",
					"parent": "feathers_right3",
					"pivot": [-48.32627, 24.95428, -5.63159],
					"rotation": [0, 40, 0],
					"cubes": [
						{"origin": [-68.6, 24.61, -9.2], "size": [23, 0, 5], "pivot": [-33.32627, 29.95428, -12.63159], "rotation": [0, 7.5, 0], "uv": [74, 5]}
					]
				},
				{
					"name": "feather_right2",
					"parent": "feathers_right3",
					"pivot": [-50.05157, 24.95428, -5.52281],
					"rotation": [0, 32.5, 0],
					"cubes": [
						{"origin": [-72.4, 24.6, -11], "size": [23, 0, 5], "pivot": [-37, 30.9, -14.5], "rotation": [0, 7.5, 0], "uv": [74, 0]}
					]
				},
				{
					"name": "feather_right",
					"parent": "feathers_right3",
					"pivot": [-51.99413, 24.95428, -12.10171],
					"rotation": [0, 25, 0],
					"cubes": [
						{"origin": [-78.9, 24.61, -14.1], "size": [27, 0, 5], "pivot": [-43.9, 29.9, -17.1], "rotation": [0, 7.5, 0], "uv": [48, 41]}
					]
				},
				{
					"name": "wing_open_left",
					"parent": "torso",
					"pivot": [4, 24.8, -10.8],
					"cubes": [
						{"origin": [4, 23.8, -13.3], "size": [19, 2, 7], "uv": [65, 51]}
					]
				},
				{
					"name": "feathers_left",
					"parent": "wing_open_left",
					"pivot": [15.09554, 29.03601, -9.87284],
					"cubes": [
						{"origin": [6.5, 24.8, -6.8], "size": [21, 0, 9], "uv": [44, 32]}
					]
				},
				{
					"name": "wing_open_left2",
					"parent": "wing_open_left",
					"pivot": [23, 24.8, -11.3],
					"cubes": [
						{"origin": [23, 24.1, -13.3], "size": [14, 1, 7], "uv": [100, 15]}
					]
				},
				{
					"name": "feathers_left2",
					"parent": "wing_open_left2",
					"pivot": [28.99504, 29.95428, -10.26667],
					"cubes": [
						{"origin": [23.1, 24.79, -6.3], "size": [19, 0, 15], "uv": [26, 0]}
					]
				},
				{
					"name": "wing_open_left3",
					"parent": "wing_open_left2",
					"pivot": [37, 25.1, -13.3],
					"cubes": [
						{"origin": [37, 24.1, -13.3], "size": [15, 1, 7], "uv": [94, 86]}
					]
				},
				{
					"name": "feathers_left3",
					"parent": "wing_open_left3",
					"pivot": [51.66731, 23.95428, -10.49576]
				},
				{
					"name": "feather_left5",
					"parent": "feathers_left3",
					"pivot": [36.66731, 29.95428, -6.49576],
					"rotation": [0, -52.5, 0],
					"cubes": [
						{"origin": [35.5, 24.61, -9.1], "size": [21, 0, 5], "pivot": [36.7, 29.9, -6.5], "rotation": [0, -7.5, 0], "uv": [49, 76]}
					]
				},
				{
					"name": "feather_left4",
					"parent": "feathers_left3",
					"pivot": [42.51413, 29.95428, -7.77403],
					"rotation": [0, -46.25, 0],
					"cubes": [
						{"origin": [42.6, 24.6, -10.3], "size": [22, 0, 5], "pivot": [29.5, 29.9, -13.7], "rotation": [0, -7.5, 0], "uv": [74, 10]}
					]
				},
				{
					"name": "feather_left3",
					"parent": "feathers_left3",
					"pivot": [48.32627, 24.95428, -5.63159],
					"rotation": [0, -40, 0],
					"cubes": [
						{"origin": [45.6, 24.61, -9.2], "size": [23, 0, 5], "pivot": [33.32627, 29.95428, -12.63159], "rotation": [0, -7.5, 0], "uv": [60, 46]}
					]
				},
				{
					"name": "feather_left2",
					"parent": "feathers_left3",
					"pivot": [50.05157, 24.95428, -5.52281],
					"rotation": [0, -32.5, 0],
					"cubes": [
						{"origin": [49.4, 24.6, -11], "size": [23, 0, 5], "pivot": [37, 30.9, -14.5], "rotation": [0, -7.5, 0], "uv": [53, 24]}
					]
				},
				{
					"name": "feather_left",
					"parent": "feathers_left3",
					"pivot": [51.99413, 24.95428, -12.10171],
					"rotation": [0, -25, 0],
					"cubes": [
						{"origin": [51.9, 24.61, -14.1], "size": [27, 0, 5], "pivot": [43.9, 29.9, -17.1], "rotation": [0, -7.5, 0], "uv": [0, 47]}
					]
				},
				{
					"name": "torso_lower",
					"parent": "torso",
					"pivot": [0, 22.24461, -15.12976],
					"cubes": [
						{"origin": [-5, 23.1, 0.7], "size": [10, 13, 6], "pivot": [0, 22.2, -15.1], "rotation": [-25, 0, 0], "uv": [28, 95]}
					]
				},
				{
					"name": "fire",
					"parent": "torso_lower",
					"pivot": [0, 25.1, 9.8],
					"cubes": [
						{"origin": [-3.5, 25.1, 9.8], "size": [7, 0, 8], "uv": [0, 125]}
					]
				},
				{
					"name": "fire02",
					"parent": "fire",
					"pivot": [0, 25.1, 17.81836],
					"cubes": [
						{"origin": [-4, 25.1, 17.8], "size": [8, 0, 8], "uv": [124, 23]}
					]
				},
				{
					"name": "fire03",
					"parent": "fire02",
					"pivot": [0, 25.1, 25.8],
					"cubes": [
						{"origin": [-4, 25.1, 25.8], "size": [8, 0, 8], "uv": [123, 84]}
					]
				},
				{
					"name": "fire04",
					"parent": "fire03",
					"pivot": [0, 25.1, 33.8],
					"cubes": [
						{"origin": [-4, 25.1, 33.8], "size": [8, 0, 8], "uv": [122, 120]}
					]
				},
				{
					"name": "fire05",
					"parent": "fire04",
					"pivot": [0, 25.1, 41.8],
					"cubes": [
						{"origin": [-4, 25.1, 41.8], "size": [8, 0, 8], "uv": [122, 112]}
					]
				},
				{
					"name": "fire06",
					"parent": "fire05",
					"pivot": [0, 25.1, 49.8],
					"cubes": [
						{"origin": [-4, 25.1, 49.8], "size": [8, 0, 8], "uv": [46, 122]}
					]
				},
				{
					"name": "fire07",
					"parent": "fire06",
					"pivot": [0, 25.1, 57.85],
					"cubes": [
						{"origin": [-4, 25.1, 57.8], "size": [8, 0, 8], "uv": [117, 0]}
					]
				},
				{
					"name": "fire08",
					"parent": "fire07",
					"pivot": [0, 25.1, 65.8],
					"cubes": [
						{"origin": [-4, 25.1, 65.8], "size": [8, 0, 8], "uv": [112, 104]}
					]
				},
				{
					"name": "fire09",
					"parent": "fire08",
					"pivot": [0, 25.1, 73.8],
					"cubes": [
						{"origin": [-4, 25.1, 73.8], "size": [8, 0, 8], "uv": [28, 52]}
					]
				},
				{
					"name": "fire10",
					"parent": "fire09",
					"pivot": [0, 25.1, 81.8],
					"cubes": [
						{"origin": [-4, 25.1, 81.8], "size": [8, 0, 8], "uv": [12, 52]}
					]
				},
				{
					"name": "fire11",
					"parent": "fire10",
					"pivot": [0, 25.1, 89.8],
					"cubes": [
						{"origin": [-3.5, 25.1, 89.8], "size": [7, 0, 8], "uv": [124, 37]}
					]
				},
				{
					"name": "fire12",
					"parent": "fire11",
					"pivot": [0, 25.1, 97.8],
					"cubes": [
						{"origin": [-3.5, 25.1, 97.8], "size": [7, 0, 8], "uv": [68, 101]}
					]
				},
				{
					"name": "fire13",
					"parent": "fire12",
					"pivot": [0, 25.1, 105.8],
					"cubes": [
						{"origin": [-3, 25.1, 105.8], "size": [6, 0, 8], "uv": [88, 126]}
					]
				},
				{
					"name": "fire14",
					"parent": "fire13",
					"pivot": [0, 25.1, 113.8],
					"cubes": [
						{"origin": [-3, 25.1, 113.8], "size": [6, 0, 8], "uv": [88, 118]}
					]
				},
				{
					"name": "fire15",
					"parent": "fire14",
					"pivot": [0, 25.1, 121.8],
					"cubes": [
						{"origin": [-2.5, 25.1, 121.8], "size": [5, 0, 8], "uv": [99, 37]}
					]
				},
				{
					"name": "fire16",
					"parent": "fire15",
					"pivot": [0, 25.1, 129.8],
					"cubes": [
						{"origin": [-2.5, 25.1, 129.8], "size": [5, 0, 8], "uv": [26, 60]}
					]
				},
				{
					"name": "chest",
					"parent": "torso",
					"pivot": [0, 12.97941, -12.12939],
					"rotation": [45, 0, 0],
					"cubes": [
						{"origin": [-5, 13.2, -10.2], "size": [10, 11, 10], "inflate": 0.01, "uv": [24, 74]}
					]
				},
				{
					"name": "neck",
					"parent": "chest",
					"pivot": [0, 24.16347, -2.57878],
					"cubes": [
						{"origin": [-3.5, 22.6, -9.3], "size": [7, 7, 8], "uv": [110, 43]}
					]
				},
				{
					"name": "head",
					"parent": "neck",
					"pivot": [0, 28.38042, -2.89228],
					"rotation": [-45, 0, 0],
					"cubes": [
						{"origin": [-4, 23.8, -9.4], "size": [8, 8, 8], "uv": [52, 106]},
						{"origin": [-1.2, 29, -10.7], "size": [3, 4, 3], "pivot": [0.1, 31.3, -8.8], "rotation": [30.3, 40.7, 20.9], "uv": [0, 32]}
					]
				},
				{
					"name": "eye_right",
					"parent": "head",
					"pivot": [0, 23.38042, -2.89228],
					"cubes": [
						{"origin": [-3, 27.4, -9.48], "size": [1, 2, 0], "uv": [0, 0]},
						{"origin": [-4.01, 27.4, -9.47], "size": [3, 2, 2], "uv": [0, 13]}
					]
				},
				{
					"name": "eyelid_right",
					"parent": "eye_right",
					"pivot": [0.025, 23.38042, -2.81728],
					"cubes": [
						{"origin": [-3.95, 27.4, -9.355], "size": [3, 2, 2], "inflate": 0.03, "uv": [13, 65], "mirror": true}
					]
				},
				{
					"name": "eye_left",
					"parent": "head",
					"pivot": [0, 23.38042, -2.89228],
					"cubes": [
						{"origin": [2, 27.4, -9.48], "size": [1, 2, 0], "uv": [0, 0], "mirror": true},
						{"origin": [1.01, 27.4, -9.47], "size": [3, 2, 2], "uv": [0, 13], "mirror": true}
					]
				},
				{
					"name": "eyelid_left",
					"parent": "eye_left",
					"pivot": [-0.025, 23.38042, -2.81728],
					"cubes": [
						{"origin": [0.95, 27.4, -9.355], "size": [3, 2, 2], "inflate": 0.03, "uv": [13, 65]}
					]
				},
				{
					"name": "jaw",
					"parent": "head",
					"pivot": [0, 25.38042, -8.89228],
					"cubes": [
						{"origin": [-1, 24.85464, -11.14687], "size": [2, 1, 3], "uv": [24, 80]}
					]
				},
				{
					"name": "beak",
					"parent": "head",
					"pivot": [0, 27.38042, -9.89228],
					"rotation": [-5, 0, 0],
					"cubes": [
						{"origin": [-1, 25.65464, -11.94687], "size": [2, 2, 3], "inflate": 0.01, "pivot": [0, 27.38042, -9.89228], "rotation": [17.5, 0, 0], "uv": [104, 23]},
						{"origin": [-0.5, 25.15464, -11.94687], "size": [1, 1, 0], "pivot": [0, 27.38042, -9.89228], "rotation": [17.5, 0, 0], "uv": [0, 2]}
					]
				},
				{
					"name": "crown",
					"parent": "head",
					"pivot": [0.1965, 31.98087, -11.34025]
				},
				{
					"name": "bone12",
					"parent": "crown",
					"pivot": [-1.8035, 29.36654, -8.88063],
					"cubes": [
						{"origin": [-2.2, 28, -9.6], "size": [2, 5, 2], "pivot": [-1.8, 29.3, -8.8], "rotation": [0, 45, -50], "uv": [0, 125]}
					]
				},
				{
					"name": "bone13",
					"parent": "bone12",
					"pivot": [-4.25579, 32.17245, -10.53552],
					"rotation": [-58.85143, 25.22687, -86.62879],
					"cubes": [
						{"origin": [-4.25, 32.15464, -10.54687], "size": [0, 7, 2], "pivot": [-4.2, 32.15464, -9.54687], "rotation": [0, 0, 0], "uv": [12, 7]},
						{"origin": [-6.25, 32.15464, -10.54687], "size": [2, 7, 0], "pivot": [-4.2, 32.15464, -9.54687], "rotation": [0, 0, 0], "uv": [10, 58]}
					]
				},
				{
					"name": "crown_mid",
					"parent": "crown",
					"pivot": [0.1965, 31.98087, -11.34025],
					"rotation": [-50, 0, 0]
				},
				{
					"name": "bone24",
					"parent": "crown_mid",
					"pivot": [0.1965, 32.58087, -11.34025],
					"rotation": [0, 45, 0],
					"cubes": [
						{"origin": [0.47183, 32.02433, -11.91165], "size": [0, 10, 3], "inflate": 0.01, "pivot": [-1.22817, 35.52433, -9.91165], "rotation": [0, 0, 0], "uv": [6, 0]}
					]
				},
				{
					"name": "bone25",
					"parent": "crown_mid",
					"pivot": [-0.1965, 32.58087, -11.34025],
					"rotation": [0, -45, 0],
					"cubes": [
						{"origin": [-0.45614, 32.01433, -11.85963], "size": [0, 10, 3], "pivot": [1.24386, 35.51433, -9.85963], "rotation": [0, 0, 0], "uv": [0, 0]}
					]
				},
				{
					"name": "bone2",
					"parent": "crown",
					"pivot": [1.8035, 29.36654, -8.88063],
					"cubes": [
						{"origin": [0.2, 28, -9.6], "size": [2, 5, 2], "pivot": [1.8, 29.3, -8.8], "rotation": [0, -45, 50], "uv": [64, 86]}
					]
				},
				{
					"name": "bone3",
					"parent": "bone2",
					"pivot": [4.25579, 32.17245, -10.53552],
					"rotation": [-58.85143, -25.22687, 86.62879],
					"cubes": [
						{"origin": [4.25, 32.15464, -10.54687], "size": [0, 7, 2], "pivot": [4.2, 32.15464, -9.54687], "rotation": [0, 0, 0], "uv": [12, 0]},
						{"origin": [4.25, 32.15464, -10.54687], "size": [2, 7, 0], "pivot": [4.2, 32.15464, -9.54687], "rotation": [0, 0, 0], "uv": [52, 52]}
					]
				},
				{
					"name": "beard",
					"parent": "chest",
					"pivot": [3, 22.62825, -10.36464],
					"rotation": [-17.5, 0, 0],
					"cubes": [
						{"origin": [-4.5, 11.94341, -10.29698], "size": [9, 11, 6], "inflate": 0.01, "uv": [0, 108]}
					]
				},
				{
					"name": "beard2",
					"parent": "beard",
					"pivot": [4, 11.75301, -10.57314],
					"rotation": [47.5, 0, 0],
					"cubes": [
						{"origin": [-5.5, 4.74341, -10.32198], "size": [11, 7, 8], "inflate": 0.01, "uv": [64, 86]}
					]
				},
				{
					"name": "beard3",
					"parent": "beard",
					"pivot": [3, 6.53979, -5.02136],
					"rotation": [70, 0, 0],
					"cubes": [
						{"origin": [-4.5, 3.94341, -4.32198], "size": [9, 3, 7], "inflate": 0.01, "uv": [106, 94]}
					]
				},
				{
					"name": "beard4",
					"parent": "beard3",
					"pivot": [0, 4.0237, -4.38284],
					"cubes": [
						{"origin": [-1.5, -1.9, -4.3], "size": [3, 6, 0], "uv": [8, 52]}
					]
				},
				{
					"name": "bone5",
					"parent": "beard3",
					"pivot": [-3.3, 4.1, -4],
					"cubes": [
						{"origin": [-3.3, -0.9, -4], "size": [2, 5, 0], "uv": [106, 76]}
					]
				},
				{
					"name": "bone4",
					"parent": "beard3",
					"pivot": [3.3, 4.1, -4],
					"cubes": [
						{"origin": [1.3, -0.9, -4], "size": [2, 5, 0], "uv": [8, 86]}
					]
				},
				{
					"name": "bone",
					"parent": "beard3",
					"pivot": [-3.5, 4.1, -3.5],
					"cubes": [
						{"origin": [-4.5, -0.9, -3.5], "size": [2, 8, 0], "uv": [0, 44]}
					]
				},
				{
					"name": "bone7",
					"parent": "beard3",
					"pivot": [3.5, 4.1, -3.5],
					"cubes": [
						{"origin": [2.5, -0.9, -3.5], "size": [2, 8, 0], "uv": [10, 39]}
					]
				},
				{
					"name": "bone6",
					"parent": "beard3",
					"pivot": [-4.4, 4.5, -3.1],
					"cubes": [
						{"origin": [-5.4, 0.5, -3.1], "size": [2, 6, 0], "uv": [8, 80]}
					]
				},
				{
					"name": "bone8",
					"parent": "beard3",
					"pivot": [4.4, 4.5, -3.1],
					"cubes": [
						{"origin": [3.4, 0.5, -3.1], "size": [2, 6, 0], "uv": [30, 60]}
					]
				},
				{
					"name": "leg_right",
					"parent": "body",
					"pivot": [-3, 20.96593, 3.74118],
					"cubes": [
						{"origin": [-8, 13.9, 0], "size": [5, 9, 7], "uv": [117, 58]}
					]
				},
				{
					"name": "leg_right2",
					"parent": "leg_right",
					"pivot": [-5.5, 14.5, 1.5],
					"cubes": [
						{"origin": [-8, 12.5, 1.5], "size": [5, 2, 5], "inflate": -0.01, "uv": [126, 128]}
					]
				},
				{
					"name": "leg_right3",
					"parent": "leg_right2",
					"pivot": [-5.5, 13.1, 4],
					"cubes": [
						{"origin": [-6.5, 8.1, 3], "size": [2, 5, 2], "uv": [16, 80], "mirror": true}
					]
				},
				{
					"name": "leg_right4",
					"parent": "leg_right3",
					"pivot": [-5.5, 8.1, 5],
					"cubes": [
						{"origin": [-6.5, 1.1, 3], "size": [2, 7, 2], "inflate": -0.001, "uv": [0, 52]}
					]
				},
				{
					"name": "foot_right",
					"parent": "leg_right4",
					"pivot": [-5.5, 2.1, 4],
					"cubes": [
						{"origin": [-7.5, 0.1, 0.5], "size": [4, 2, 5], "uv": [30, 131]}
					]
				},
				{
					"name": "toe_back_right",
					"parent": "foot_right",
					"pivot": [-5.5, 2.1, 5.5],
					"cubes": [
						{"origin": [-6, 0.1, 5.5], "size": [1, 2, 2], "uv": [95, 29], "mirror": true}
					]
				},
				{
					"name": "toe_back_right2",
					"parent": "toe_back_right",
					"pivot": [-5.5, 2.1, 7.5],
					"cubes": [
						{"origin": [-6.5, 0.1, 7.5], "size": [2, 2, 3], "uv": [0, 90], "mirror": true}
					]
				},
				{
					"name": "claw_back_right",
					"parent": "toe_back_right2",
					"pivot": [-5.5, 2.1, 10.5],
					"cubes": [
						{"origin": [-5.5, 0.1, 10.5], "size": [0, 2, 2], "uv": [58, 27]}
					]
				},
				{
					"name": "toe_inner_right3",
					"parent": "foot_right",
					"pivot": [-4, 2.1, 0.5],
					"cubes": [
						{"origin": [-4.5, 0.1, -1.5], "size": [1, 2, 2], "uv": [101, 37]}
					]
				},
				{
					"name": "toe_inner_right4",
					"parent": "toe_inner_right3",
					"pivot": [-4, 2.1, -1.5],
					"cubes": [
						{"origin": [-5, 0.1, -4.5], "size": [2, 2, 3], "uv": [60, 101]}
					]
				},
				{
					"name": "claw_inner_right2",
					"parent": "toe_inner_right4",
					"pivot": [-4, 2.1, -4.5],
					"cubes": [
						{"origin": [-4, 0.1, -6.5], "size": [0, 2, 2], "uv": [53, 13]}
					]
				},
				{
					"name": "toe_inner_right6",
					"parent": "foot_right",
					"pivot": [-5.5, 2.1, 0.5],
					"cubes": [
						{"origin": [-6, 0.1, -1.5], "size": [1, 2, 2], "uv": [100, 15]}
					]
				},
				{
					"name": "toe_inner_right7",
					"parent": "toe_inner_right6",
					"pivot": [-5.5, 2.1, -1.5],
					"cubes": [
						{"origin": [-6.5, 0.1, -4.5], "size": [2, 2, 3], "inflate": 0.01, "uv": [96, 76]}
					]
				},
				{
					"name": "claw_inner_right4",
					"parent": "toe_inner_right7",
					"pivot": [-5.5, 2.1, -4.5],
					"cubes": [
						{"origin": [-5.5, 0.1, -6.5], "size": [0, 2, 2], "uv": [49, 13]}
					]
				},
				{
					"name": "toe_inner_right2",
					"parent": "foot_right",
					"pivot": [-7, 2.1, 0.5],
					"cubes": [
						{"origin": [-7.5, 0.1, -1.5], "size": [1, 2, 2], "uv": [95, 37]}
					]
				},
				{
					"name": "toe_inner_right5",
					"parent": "toe_inner_right2",
					"pivot": [-7, 2.1, -1.5],
					"cubes": [
						{"origin": [-8, 0.1, -4.5], "size": [2, 2, 3], "uv": [54, 95]}
					]
				},
				{
					"name": "claw_inner_right3",
					"parent": "toe_inner_right5",
					"pivot": [-7, 2.1, -4.5],
					"cubes": [
						{"origin": [-7, 0.1, -6.5], "size": [0, 2, 2], "uv": [45, 13]}
					]
				},
				{
					"name": "leg_left",
					"parent": "body",
					"pivot": [3, 20.96593, 3.74118],
					"cubes": [
						{"origin": [3, 13.9, 0], "size": [5, 9, 7], "uv": [30, 115]}
					]
				},
				{
					"name": "leg_left2",
					"parent": "leg_left",
					"pivot": [5.5, 14.5, 1.5],
					"cubes": [
						{"origin": [3, 12.5, 1.5], "size": [5, 2, 5], "inflate": -0.01, "uv": [123, 8]}
					]
				},
				{
					"name": "leg_left3",
					"parent": "leg_left2",
					"pivot": [5.5, 13.1, 4],
					"cubes": [
						{"origin": [4.5, 8.1, 3], "size": [2, 5, 2], "uv": [16, 80]}
					]
				},
				{
					"name": "leg_left4",
					"parent": "leg_left3",
					"pivot": [5.5, 8.1, 5],
					"cubes": [
						{"origin": [4.5, 1.1, 3], "size": [2, 7, 2], "inflate": -0.001, "uv": [0, 52]}
					]
				},
				{
					"name": "foot_left",
					"parent": "leg_left4",
					"pivot": [5.5, 2.1, 4],
					"cubes": [
						{"origin": [3.5, 0.1, 0.5], "size": [4, 2, 5], "uv": [30, 131], "mirror": true}
					]
				},
				{
					"name": "toe_back_left",
					"parent": "foot_left",
					"pivot": [5.5, 2.1, 5.5],
					"cubes": [
						{"origin": [5, 0.1, 5.5], "size": [1, 2, 2], "uv": [95, 29]}
					]
				},
				{
					"name": "toe_back_left2",
					"parent": "toe_back_left",
					"pivot": [5.5, 2.1, 7.5],
					"cubes": [
						{"origin": [4.5, 0.1, 7.5], "size": [2, 2, 3], "uv": [0, 90]}
					]
				},
				{
					"name": "claw_back_left",
					"parent": "toe_back_left2",
					"pivot": [5.5, 2.1, 10.5],
					"cubes": [
						{"origin": [5.5, 0.1, 10.5], "size": [0, 2, 2], "uv": [4, 42]}
					]
				},
				{
					"name": "toe_inner_left3",
					"parent": "foot_left",
					"pivot": [4, 2.1, 0.5],
					"cubes": [
						{"origin": [3.5, 0.1, -1.5], "size": [1, 2, 2], "uv": [28, 95]}
					]
				},
				{
					"name": "toe_inner_left4",
					"parent": "toe_inner_left3",
					"pivot": [4, 2.1, -1.5],
					"cubes": [
						{"origin": [3, 0.1, -4.5], "size": [2, 2, 3], "uv": [34, 68]}
					]
				},
				{
					"name": "claw_inner_left2",
					"parent": "toe_inner_left4",
					"pivot": [4, 2.1, -4.5],
					"cubes": [
						{"origin": [4, 0.1, -6.5], "size": [0, 2, 2], "uv": [41, 13]}
					]
				},
				{
					"name": "toe_inner_left6",
					"parent": "foot_left",
					"pivot": [5.5, 2.1, 0.5],
					"cubes": [
						{"origin": [5, 0.1, -1.5], "size": [1, 2, 2], "uv": [94, 86]}
					]
				},
				{
					"name": "toe_inner_left7",
					"parent": "toe_inner_left6",
					"pivot": [5.5, 2.1, -1.5],
					"cubes": [
						{"origin": [4.5, 0.1, -4.5], "size": [2, 2, 3], "inflate": 0.01, "uv": [20, 60]}
					]
				},
				{
					"name": "claw_inner_left4",
					"parent": "toe_inner_left7",
					"pivot": [5.5, 2.1, -4.5],
					"cubes": [
						{"origin": [5.5, 0.1, -6.5], "size": [0, 2, 2], "uv": [9, 30]}
					]
				},
				{
					"name": "toe_inner_left2",
					"parent": "foot_left",
					"pivot": [7, 2.1, 0.5],
					"cubes": [
						{"origin": [6.5, 0.1, -1.5], "size": [1, 2, 2], "uv": [65, 51]}
					]
				},
				{
					"name": "toe_inner_left5",
					"parent": "toe_inner_left2",
					"pivot": [7, 2.1, -1.5],
					"cubes": [
						{"origin": [6, 0.1, -4.5], "size": [2, 2, 3], "uv": [0, 39]}
					]
				},
				{
					"name": "claw_inner_left3",
					"parent": "toe_inner_left5",
					"pivot": [7, 2.1, -4.5],
					"cubes": [
						{"origin": [7, 0.1, -6.5], "size": [0, 2, 2], "uv": [8, 11]}
					]
				}
			]
		}
	]
}