{
	"format_version": "1.12.0",
	"minecraft:geometry": [
		{
			"description": {
				"identifier": "geometry.manectric",
				"texture_width": 128,
				"texture_height": 128,
				"visible_bounds_width": 3,
				"visible_bounds_height": 3.5,
				"visible_bounds_offset": [0, 1.25, 0]
			},
			"bones": [
				{
					"name": "manectric",
					"pivot": [0, 0, 0]
				},
				{
					"name": "body",
					"parent": "manectric",
					"pivot": [0, 0, 0]
				},
				{
					"name": "torso",
					"parent": "body",
					"pivot": [0, 13.62041, -4.73383],
					"cubes": [
						{"origin": [-4.5, 9.91284, -9.00381], "size": [9, 8, 18], "pivot": [0, 13.91284, -0.00381], "rotation": [-5, 0, 0], "uv": [0, 0]},
						{"origin": [-4.5, 11.27612, -3.61732], "size": [9, 4, 10], "inflate": 0.01, "pivot": [-0.5, 18.27612, -6.11732], "rotation": [39.5, 0, 0], "uv": [88, 12]},
						{"origin": [-2.5, 11.27612, 6.38268], "size": [5, 4, 3], "inflate": 0.01, "pivot": [-0.5, 18.27612, -6.11732], "rotation": [39.5, 0, 0], "uv": [82, 14]},
						{"origin": [0, 12.27612, 9.38268], "size": [0, 3, 3], "inflate": 0.01, "pivot": [-0.5, 18.27612, -6.11732], "rotation": [39.5, 0, 0], "uv": [77, 11]},
						{"origin": [-4.5, 11.27612, -5.61732], "size": [9, 2, 2], "inflate": 0.01, "pivot": [-0.5, 18.27612, -6.11732], "rotation": [39.5, 0, 0], "uv": [64, 24]},
						{"origin": [0, 10.32798, -11.96385], "size": [0, 6, 5], "pivot": [0, 13.32798, -9.46385], "rotation": [5, 0, 0], "uv": [0, 7]}
					]
				},
				{
					"name": "neck",
					"parent": "torso",
					"pivot": [0, 24.56141, -9.46974],
					"cubes": [
						{"origin": [-3, 13.27612, -9.61732], "size": [6, 10, 7], "pivot": [-0.5, 18.27612, -6.11732], "rotation": [49.5, 0, 0], "uv": [0, 41]},
						{"origin": [3, 14.27612, -9.61732], "size": [2, 8, 7], "pivot": [-0.5, 18.27612, -6.11732], "rotation": [49.5, 0, 0], "uv": [7, 41]},
						{"origin": [-5, 14.27612, -9.61732], "size": [2, 8, 7], "pivot": [0.5, 18.27612, -6.11732], "rotation": [49.5, 0, 0], "uv": [7, 41], "mirror": true},
						{"origin": [-3, 13.27612, -2.61732], "size": [6, 10, 7], "pivot": [-0.5, 18.27612, -6.11732], "rotation": [49.5, 0, 0], "uv": [0, 41]},
						{"origin": [-1, 20.27612, 4.38268], "size": [2, 3, 4], "pivot": [-0.5, 18.27612, -6.11732], "rotation": [49.5, 0, 0], "uv": [68, 7]},
						{"origin": [0, 24.55928, -15.81892], "size": [0, 6, 26], "pivot": [0, 27.55928, -0.81892], "rotation": [49.5, 0, 0], "uv": [71, -26]},
						{"origin": [0, 18.55928, -6.81892], "size": [0, 6, 14], "pivot": [0, 27.55928, -0.81892], "rotation": [130.5, 0, 180], "uv": [98, -8]},
						{"origin": [-3, 17.27612, -12.61732], "size": [6, 4, 3], "pivot": [-0.5, 18.27612, -6.11732], "rotation": [49.5, 0, 0], "uv": [80, 6]},
						{"origin": [0, 18.27612, -15.61732], "size": [0, 3, 3], "pivot": [-0.5, 18.27612, -6.11732], "rotation": [49.5, 0, 0], "uv": [76, 3]}
					]
				},
				{
					"name": "head",
					"parent": "neck",
					"pivot": [0, 25.14983, -9.74011]
				},
				{
					"name": "helmet_mainhead",
					"parent": "head",
					"pivot": [1, 24.77612, -10.11732],
					"cubes": [
						{"origin": [-4, 24.27612, -11.61732], "size": [2, 6, 6], "pivot": [-3, 27.27612, -8.61732], "rotation": [45, -35, 0], "uv": [54, 22]},
						{"origin": [-4.5, 17.77612, -10.61732], "size": [9, 8, 7], "inflate": 0.01, "uv": [0, 26]},
						{"origin": [1.5, 25.77612, -9.61732], "size": [2, 8, 2], "pivot": [0, 29.02612, -8.61732], "rotation": [22.5, 0, 0], "uv": [11, 31]},
						{"origin": [-3.5, 25.77612, -9.61732], "size": [2, 8, 2], "pivot": [0, 29.02612, -8.61732], "rotation": [22.5, 0, 0], "uv": [11, 31], "mirror": true},
						{"origin": [-3, 33.77612, -9.11732], "size": [1, 5, 1], "pivot": [0, 29.02612, -8.61732], "rotation": [22.5, 0, 0], "uv": [13, 32], "mirror": true},
						{"origin": [2, 33.77612, -9.11732], "size": [1, 5, 1], "pivot": [0, 29.02612, -8.61732], "rotation": [22.5, 0, 0], "uv": [13, 32]},
						{"origin": [-4.5, 22.36479, -15.31886], "size": [9, 3, 5], "inflate": -0.01, "pivot": [0, 23.86479, -12.81886], "rotation": [10, 0, 0], "uv": [54, 14]},
						{"origin": [2, 24.27612, -11.61732], "size": [2, 6, 6], "pivot": [3, 27.27612, -8.61732], "rotation": [45, 35, 0], "uv": [20, 57]},
						{"origin": [-2, 23.27612, -13.11732], "size": [4, 9, 7], "pivot": [1, 23.77612, -11.11732], "rotation": [37.5, 0, 0], "uv": [50, 41]},
						{"origin": [-1, 29.27612, -17.11732], "size": [2, 3, 4], "pivot": [1, 23.77612, -11.11732], "rotation": [37.5, 0, 0], "uv": [68, 7]},
						{"origin": [-1, 29.27612, -6.11732], "size": [2, 3, 4], "pivot": [1, 23.77612, -11.11732], "rotation": [37.5, 0, 0], "uv": [68, 7]},
						{"origin": [0, 26.27612, -21.11732], "size": [0, 6, 26], "pivot": [1, 23.77612, -11.11732], "rotation": [37.5, 0, 0], "uv": [71, -26]}
					]
				},
				{
					"name": "face",
					"parent": "head",
					"pivot": [1, 24.77612, -10.11732],
					"cubes": [
						{"origin": [-3.5, 18.27612, -14.61732], "size": [7, 7, 8], "uv": [32, 26]}
					]
				},
				{
					"name": "eyes",
					"parent": "face",
					"pivot": [1, 24.77612, -10.11732]
				},
				{
					"name": "righteye",
					"parent": "eyes",
					"pivot": [0, 23.97612, -9.91732]
				},
				{
					"name": "bone",
					"parent": "righteye",
					"pivot": [0, 23.97612, -9.91732],
					"cubes": [
						{"origin": [3.51, 21.27612, -13.91732], "size": [0, 2, 3], "uv": [10, 13]}
					]
				},
				{
					"name": "bone2",
					"parent": "bone",
					"pivot": [0, 23.97612, -9.91732],
					"cubes": [
						{"origin": [3.52, 21.77612, -13.71732], "size": [0, 1, 2], "uv": [13, 0]}
					]
				},
				{
					"name": "bone3",
					"parent": "bone2",
					"pivot": [0, 23.97612, -9.91732],
					"cubes": [
						{"origin": [3.53, 21.97612, -13.41732], "size": [0, 1, 1], "uv": [2, 0]}
					]
				},
				{
					"name": "lefteye",
					"parent": "eyes",
					"pivot": [0, 23.77612, -10.21732]
				},
				{
					"name": "bone4",
					"parent": "lefteye",
					"pivot": [0, 23.77612, -10.21732],
					"cubes": [
						{"origin": [-3.51, 21.27612, -13.91732], "size": [0, 2, 3], "uv": [25, 23]}
					]
				},
				{
					"name": "bone5",
					"parent": "bone4",
					"pivot": [0, 23.77612, -10.21732],
					"cubes": [
						{"origin": [-3.52, 21.77612, -13.71732], "size": [0, 1, 2], "uv": [0, 2]}
					]
				},
				{
					"name": "bone6",
					"parent": "bone5",
					"pivot": [0, 23.77612, -10.21732],
					"cubes": [
						{"origin": [-3.53, 21.97612, -13.41732], "size": [0, 1, 1], "uv": [0, 0]}
					]
				},
				{
					"name": "mouth",
					"parent": "face",
					"pivot": [0, -2, -2]
				},
				{
					"name": "up",
					"parent": "mouth",
					"pivot": [0, 21.27612, -14.11732],
					"cubes": [
						{"origin": [-1.5, 19.01935, -18.53494], "size": [3, 3, 5], "pivot": [0, 20.51935, -16.03494], "rotation": [7.5, 0, 0], "uv": [56, 0]}
					]
				},
				{
					"name": "down",
					"parent": "mouth",
					"pivot": [0, 21.27612, -14.11732],
					"cubes": [
						{"origin": [-1, 18.27612, -18.31732], "size": [2, 1, 5], "uv": [19, 41]}
					]
				},
				{
					"name": "tail",
					"parent": "torso",
					"pivot": [0, 14.91342, 7.77164],
					"rotation": [-22.5, 0, 0],
					"cubes": [
						{"origin": [-2.5, 11.38268, 3.07612], "size": [5, 4, 10], "pivot": [0, 13.38268, 4.07612], "rotation": [47.5, 0, 0], "uv": [36, 0]},
						{"origin": [0, 19.96189, 9.30118], "size": [0, 3, 3], "pivot": [0, 21.46189, 10.80118], "rotation": [132.5, 0, -180], "uv": [76, 3]},
						{"origin": [-1.5, 15.38268, 5.07612], "size": [3, 2, 6], "pivot": [0, 13.38268, 4.07612], "rotation": [47.5, 0, 0], "uv": [64, 28]}
					]
				},
				{
					"name": "tail2",
					"parent": "torso",
					"pivot": [0, 9.17317, 21.62983],
					"rotation": [-22.5, 0, 0]
				},
				{
					"name": "legs",
					"parent": "body",
					"pivot": [0, 0, 0]
				},
				{
					"name": "legrightfront",
					"parent": "legs",
					"pivot": [0, 12, -4]
				},
				{
					"name": "1",
					"parent": "legrightfront",
					"pivot": [0, 0, 0],
					"cubes": [
						{"origin": [2.5, 9, -7], "size": [4, 7, 5], "uv": [0, 0]}
					]
				},
				{
					"name": "2",
					"parent": "1",
					"pivot": [0, 9, -4],
					"cubes": [
						{"origin": [3, 3, -5.5], "size": [3, 6, 3], "uv": [60, 57]}
					]
				},
				{
					"name": "3",
					"parent": "2",
					"pivot": [4.5, 3.4242, -3.71917],
					"cubes": [
						{"origin": [2.5, 0, -6], "size": [4, 3, 4], "uv": [0, 58]},
						{"origin": [4.5, 0.1, -3.2], "size": [0, 4, 6], "pivot": [4.5, 2.1, -2.2], "rotation": [5, 0, 0], "uv": [37, 8]},
						{"origin": [2.5, 3, -6], "size": [4, 3, 0], "pivot": [4.5, 3, -6], "rotation": [15, 0, 0], "uv": [36, 7]},
						{"origin": [6.5, 3, -6], "size": [0, 3, 4], "pivot": [6.5, 3, -4], "rotation": [0, 0, 15], "uv": [36, 0]},
						{"origin": [2.5, 3, -6], "size": [0, 3, 4], "pivot": [2.5, 3, -4], "rotation": [0, 0, -15], "uv": [36, 0], "mirror": true}
					]
				},
				{
					"name": "4",
					"parent": "3",
					"pivot": [4.5, 0.625, -7.05433],
					"cubes": [
						{"origin": [3, 0, -7], "size": [3, 2, 1], "uv": [36, 0]},
						{"origin": [5.6, 0, -8.3], "size": [0, 1, 2], "pivot": [5.1, 0.5, -7.3], "rotation": [0, -22.5, 0], "uv": [0, 0]},
						{"origin": [3.4, 0, -8.3], "size": [0, 1, 2], "pivot": [3.9, 0.5, -7.3], "rotation": [0, 22.5, 0], "uv": [0, 0], "mirror": true},
						{"origin": [4.5, 0, -8.5], "size": [0, 1, 2], "uv": [0, 1], "mirror": true}
					]
				},
				{
					"name": "legrightbehind",
					"parent": "legs",
					"pivot": [0, 0, 0]
				},
				{
					"name": "1_1",
					"parent": "legrightbehind",
					"pivot": [0, 11, 6],
					"cubes": [
						{"origin": [5, 12.76511, 6.85791], "size": [0, 7, 3], "pivot": [5, 11.63589, 6.01633], "rotation": [-70, 0, 0], "uv": [0, 23]},
						{"origin": [5, 13.06062, 6.00018], "size": [0, 8, 3], "pivot": [5, 11.63589, 6.01633], "rotation": [-40, 0, 0], "uv": [0, 62]},
						{"origin": [5, 14.52287, 3.97369], "size": [0, 8, 4], "pivot": [5, 11.63589, 6.51633], "rotation": [-10, 0, 0], "uv": [32, 22]},
						{"origin": [5, 13.24806, 2.45485], "size": [0, 7, 3], "pivot": [5, 11.63589, 6.01633], "rotation": [15, 0, 0], "uv": [0, 23]},
						{"origin": [3, 7.47707, 1.97717], "size": [4, 8, 8], "pivot": [4.5, 11.63589, 6.01633], "rotation": [10, 0, 0], "uv": [26, 41]}
					]
				},
				{
					"name": "2_2",
					"parent": "1_1",
					"pivot": [0, 0, 0],
					"cubes": [
						{"origin": [3.5, 0, 8], "size": [3, 9, 3], "pivot": [5, 8, 9.5], "rotation": [-22.5, 0, 0], "uv": [48, 57]}
					]
				},
				{
					"name": "3_3",
					"parent": "2_2",
					"pivot": [0, 0, 0],
					"cubes": [
						{"origin": [3.5, 0.03494, 3.82435], "size": [3, 2, 3], "inflate": 0.01, "uv": [42, 41]},
						{"origin": [3.9, 0, 2.7], "size": [0, 1, 2], "pivot": [4.4, 0.5, 3.7], "rotation": [0, 22.5, 0], "uv": [0, 0], "mirror": true},
						{"origin": [5, 0, 2.5], "size": [0, 1, 2], "uv": [0, 1], "mirror": true},
						{"origin": [6.1, 0, 2.7], "size": [0, 1, 2], "pivot": [5.6, 0.5, 3.7], "rotation": [0, -22.5, 0], "uv": [0, 0]}
					]
				},
				{
					"name": "legleftfront",
					"parent": "legs",
					"pivot": [0, 12, -4]
				},
				{
					"name": "1111",
					"parent": "legleftfront",
					"pivot": [0, 0, 0],
					"cubes": [
						{"origin": [-6.5, 9, -7], "size": [4, 7, 5], "uv": [0, 0], "mirror": true}
					]
				},
				{
					"name": "2222",
					"parent": "1111",
					"pivot": [0, 9, -4],
					"cubes": [
						{"origin": [-6, 3, -5.5], "size": [3, 6, 3], "uv": [60, 57], "mirror": true}
					]
				},
				{
					"name": "3333",
					"parent": "2222",
					"pivot": [-4.5, 3.4242, -3.71917],
					"cubes": [
						{"origin": [-6.5, 0, -6], "size": [4, 3, 4], "uv": [0, 58], "mirror": true},
						{"origin": [-4.5, 0.1, -3.2], "size": [0, 4, 6], "pivot": [-4.5, 2.1, -2.2], "rotation": [5, 0, 0], "uv": [37, 8], "mirror": true},
						{"origin": [-6.5, 3, -6], "size": [0, 3, 4], "pivot": [-6.5, 3, -4], "rotation": [0, 0, -15], "uv": [36, 0], "mirror": true},
						{"origin": [-2.5, 3, -6], "size": [0, 3, 4], "pivot": [-2.5, 3, -4], "rotation": [0, 0, 15], "uv": [36, 0]},
						{"origin": [-6.5, 3, -6], "size": [4, 3, 0], "pivot": [-4.5, 3, -6], "rotation": [15, 0, 0], "uv": [36, 7], "mirror": true}
					]
				},
				{
					"name": "4444",
					"parent": "3333",
					"pivot": [0, 0, 0],
					"cubes": [
						{"origin": [-6, 0, -7], "size": [3, 2, 1], "uv": [36, 0], "mirror": true},
						{"origin": [-5.6, 0, -8.3], "size": [0, 1, 2], "pivot": [-5.1, 0.5, -7.3], "rotation": [0, 22.5, 0], "uv": [0, 0], "mirror": true},
						{"origin": [-4.5, 0, -8.5], "size": [0, 1, 2], "uv": [0, 1]},
						{"origin": [-3.4, 0, -8.3], "size": [0, 1, 2], "pivot": [-3.9, 0.5, -7.3], "rotation": [0, -22.5, 0], "uv": [0, 0]}
					]
				},
				{
					"name": "legleftbehind",
					"parent": "legs",
					"pivot": [0, 0, 0]
				},
				{
					"name": "1_11",
					"parent": "legleftbehind",
					"pivot": [0, 11, 6],
					"cubes": [
						{"origin": [-7, 7.47707, 1.97717], "size": [4, 8, 8], "pivot": [-4.5, 11.63589, 6.01633], "rotation": [10, 0, 0], "uv": [26, 41], "mirror": true},
						{"origin": [-5, 13.24806, 2.45485], "size": [0, 7, 3], "pivot": [-5, 11.63589, 6.01633], "rotation": [15, 0, 0], "uv": [0, 23], "mirror": true},
						{"origin": [-5, 14.52287, 3.97369], "size": [0, 8, 4], "pivot": [-5, 11.63589, 6.51633], "rotation": [-10, 0, 0], "uv": [32, 22], "mirror": true},
						{"origin": [-5, 13.06062, 6.00018], "size": [0, 8, 3], "pivot": [-5, 11.63589, 6.01633], "rotation": [-40, 0, 0], "uv": [0, 62], "mirror": true},
						{"origin": [-5, 12.76511, 6.85791], "size": [0, 7, 3], "pivot": [-5, 11.63589, 6.01633], "rotation": [-70, 0, 0], "uv": [0, 23], "mirror": true}
					]
				},
				{
					"name": "2_22",
					"parent": "1_11",
					"pivot": [0, 0, 0],
					"cubes": [
						{"origin": [-6.5, 0, 8], "size": [3, 9, 3], "pivot": [-5, 8, 9.5], "rotation": [-22.5, 0, 0], "uv": [48, 57], "mirror": true}
					]
				},
				{
					"name": "3_33",
					"parent": "2_22",
					"pivot": [0, 0, 0],
					"cubes": [
						{"origin": [-6.5, 0.03494, 3.82435], "size": [3, 2, 3], "inflate": 0.01, "uv": [42, 41], "mirror": true},
						{"origin": [-5, 0, 2.5], "size": [0, 1, 2], "uv": [0, 1]},
						{"origin": [-6.1, 0, 2.7], "size": [0, 1, 2], "pivot": [-5.6, 0.5, 3.7], "rotation": [0, 22.5, 0], "uv": [0, 0], "mirror": true},
						{"origin": [-3.9, 0, 2.7], "size": [0, 1, 2], "pivot": [-4.4, 0.5, 3.7], "rotation": [0, -22.5, 0], "uv": [0, 0]}
					]
				}
			]
		}
	]
}