{
  "implemented": true,
  "name": "Eelektross",
  "nationalPokedexNumber": 604,
  "primaryType": "electric",
  "abilities": ["levitate"],
  "drops": {
    "amount": 3,
    "entries": [
      {
        "item": "minecraft:slime_ball",
        "quantityRange": "0-3"
      }
    ]
  },
  "baseStats": {
    "hp": 85,
    "attack": 115,
    "defence": 80,
    "special_attack": 105,
    "special_defence": 80,
    "speed": 50
  },
  "catchRate": 30,
  "maleRatio": 0.5,
  "shoulderMountable": false,
  "baseExperienceYield": 232,
  "experienceGroup": "slow",
  "eggCycles": 20,
  "eggGroups": ["amorphous"],
  "moves": [
    "1:acid",
    "1:coil",
    "1:crunch",
    "1:crushclaw",
    "1:discharge",
    "1:gastroacid",
    "1:headbutt",
    "1:iondeluge",
    "1:thrash",
    "1:zapcannon",
    "5:wildcharge",
    "tm:acidspray",
    "tm:acrobatics",
    "tm:attract",
    "tm:bodypress",
    "tm:bodyslam",
    "tm:brickbreak",
    "tm:bulkup",
    "tm:bulldoze",
    "tm:charge",
    "tm:chargebeam",
    "tm:closecombat",
    "tm:confide",
    "tm:confuseray",
    "tm:crunch",
    "tm:cut",
    "tm:doubleteam",
    "tm:dragonclaw",
    "tm:dragonpulse",
    "tm:dragontail",
    "tm:drainpunch",
    "tm:eerieimpulse",
    "tm:electricterrain",
    "tm:electroball",
    "tm:electroweb",
    "tm:endure",
    "tm:facade",
    "tm:firepunch",
    "tm:flamethrower",
    "tm:flash",
    "tm:flashcannon",
    "tm:focuspunch",
    "tm:frustration",
    "tm:gigadrain",
    "tm:gigaimpact",
    "tm:grassknot",
    "tm:heavyslam",
    "tm:hex",
    "tm:hiddenpower",
    "tm:honeclaws",
    "tm:hyperbeam",
    "tm:knockoff",
    "tm:lightscreen",
    "tm:liquidation",
    "tm:lunge",
    "tm:outrage",
    "tm:poweruppunch",
    "tm:protect",
    "tm:raindance",
    "tm:rest",
    "tm:return",
    "tm:roar",
    "tm:rockslide",
    "tm:rocksmash",
    "tm:rocktomb",
    "tm:round",
    "tm:scaryface",
    "tm:secretpower",
    "tm:sleeptalk",
    "tm:stompingtantrum",
    "tm:strength",
    "tm:substitute",
    "tm:sunnyday",
    "tm:supercellslam",
    "tm:superfang",
    "tm:swagger",
    "tm:swift",
    "tm:takedown",
    "tm:terablast",
    "tm:throatchop",
    "tm:thunder",
    "tm:thunderbolt",
    "tm:thunderfang",
    "tm:thunderpunch",
    "tm:thunderwave",
    "tm:toxic",
    "tm:uturn",
    "tm:voltswitch",
    "tm:wildcharge",
    "tm:zenheadbutt",
    "tutor:aquatail",
    "tutor:bind",
    "tutor:bounce",
    "tutor:dragonpulse",
    "tutor:drainpunch",
    "tutor:firepunch",
    "tutor:focuspunch",
    "tutor:gastroacid",
    "tutor:gigadrain",
    "tutor:irontail",
    "tutor:knockoff",
    "tutor:magnetrise",
    "tutor:outrage",
    "tutor:shockwave",
    "tutor:signalbeam",
    "tutor:sleeptalk",
    "tutor:snore",
    "tutor:superfang",
    "tutor:superpower",
    "tutor:throatchop",
    "tutor:thunderpunch"
  ],
  "labels": ["gen5"],
  "pokedex": ["cobblemon.species.eelektross.desc"],
  "preEvolution": "eelektrik",
  "evolutions": [],
  "baseScale": 1,
  "hitbox": {
    "width": 1,
    "height": 1,
    "fixed": false
  },
  "baseFriendship": 70,
  "evYield": {
    "hp": 0,
    "attack": 3,
    "defence": 0,
    "special_attack": 0,
    "special_defence": 0,
    "speed": 0
  },
  "height": 21,
  "weight": 805,
  "aspects": [],
  "cannotDynamax": false
}
