{
    "implemente": true,
    "name": "Landorus",
    "nationalPokedexNumber": 645,
    "primaryType": "ground",
    "secondaryType": "flying",
    "abilities": [
      "sandforce",
      "h:sheerforce"
    ],
    "drops": {
      "amount": 5,
      "entries": [
        {
          "item": "cobblemon:rare_candy",
          "quantityRange": "5-10"
        },
        {
          "item": "cobblemon:smooth_rock",
          "percentage": 50.0
        },
        {
          "item": "cobblemon:float_stone",
          "percentage": 50.0
        },
        {
          "item": "cobblemon:ability_capsule",
          "percentage": 25.0
        },
        {
          "item": "cobblemon:ability_patch",
          "percentage": 5.0
        }
      ]
    },
    "baseStats": {
      "hp": 89,
      "attack": 125,
      "defence": 90,
      "special_attack": 115,
      "special_defence": 80,
      "speed": 101
    },
    "catchRate": 3,
    "maleRatio": 1,
    "shoulderMountable": false,
    "baseExperienceYield": 300,
    "baseFriendship": 90,
    "evYield": {
      "hp": 0,
      "attack": 0,
      "defence": 0,
      "special_attack": 3,
      "special_defence": 0,
      "speed": 0
    },
    "experienceGroup": "slow",
    "eggCycles": 120,
    "eggGroups": [
      "undiscovered"
    ],
    "moves": [
      "1:mudshot",
      "1:rockthrow",
      "1:sandtomb",
      "1:smackdown",
      "5:leer",
      "7:punishment",
      "10:block",
      "15:bulldoze",
      "20:rocktomb",
      "25:swordsdance",
      "30:imprison",
      "35:rockslide",
      "40:earthpower",
      "45:extrasensory",
      "50:stoneedge",
      "55:hammerarm",
      "60:sandstorm",
      "65:earthquake",
      "70:outrage",
      "75:fissure",
      "80:sandsearstorm",
      "tm:attract",
      "tm:bodyslam",
      "tm:brickbreak",
      "tm:brutalswing",
      "tm:bulkup",
      "tm:bulldoze",
      "tm:calmmind",
      "tm:confide",
      "tm:crunch",
      "tm:dig",
      "tm:doubleteam",
      "tm:earthpower",
      "tm:earthquake",
      "tm:endure",
      "tm:explosion",
      "tm:facade",
      "tm:fling",
      "tm:fly",
      "tm:focusblast",
      "tm:frustration",
      "tm:gigaimpact",
      "tm:grassknot",
      "tm:gravity",
      "tm:hiddenpower",
      "tm:hyperbeam",
      "tm:imprison",
      "tm:irontail",
      "tm:mudshot",
      "tm:mudslap",
      "tm:nastyplot",
      "tm:outrage",
      "tm:payback",
      "tm:protect",
      "tm:psychic",
      "tm:raindance",
      "tm:rest",
      "tm:return",
      "tm:rockpolish",
      "tm:rockslide",
      "tm:rocksmash",
      "tm:rocktomb",
      "tm:round",
      "tm:sandstorm",
      "tm:sandtomb",
      "tm:scaryface",
      "tm:scorchingsands",
      "tm:secretpower",
      "tm:selfdestruct",
      "tm:sleeptalk",
      "tm:sludgebomb",
      "tm:sludgewave",
      "tm:smackdown",
      "tm:snore",
      "tm:stealthrock",
      "tm:stompingtantrum",
      "tm:stoneedge",
      "tm:strength",
      "tm:substitute",
      "tm:sunnyday",
      "tm:superpower",
      "tm:swagger",
      "tm:swordsdance",
      "tm:takedown",
      "tm:taunt",
      "tm:terablast",
      "tm:toxic",
      "tm:uturn",
      "tm:weatherball",
      "tutor:block",
      "tutor:bulldoze",
      "tutor:defog",
      "tutor:earthpower",
      "tutor:earthquake",
      "tutor:extrasensory",
      "tutor:fissure",
      "tutor:focusblast",
      "tutor:gravity",
      "tutor:irontail",
      "tutor:knockoff",
      "tutor:mudshot",
      "tutor:outrage",
      "tutor:rockslide",
      "tutor:rocktomb",
      "tutor:roleplay",
      "tutor:sandstorm",
      "tutor:sandtomb",
      "tutor:sleeptalk",
      "tutor:snore",
      "tutor:stealthrock",
      "tutor:superpower",
      "tutor:swordsdance",
      "tutor:uturn"
    ],
    "labels": [
      "gen5",
      "legendary"
    ],
    "pokedex": [
      "cobblemon.species.landorus.desc"
    ],
    "height": 15,
    "weight": 680,
    "evolutions": [],
    "forms": [
      {
        "name": "Therian",
        "primaryType": "ground",
        "secondaryType": "flying",
        "abilities": [
          "intimidate"
        ],
        "baseStats": {
          "hp": 89,
          "attack": 145,
          "defence": 90,
          "special_attack": 105,
          "special_defence": 80,
          "speed": 91
        },
        "catchRate": 3,
        "maleRatio": 1,
        "baseExperienceYield": 300,
        "baseFriendship": 90,
        "evYield": {
          "hp": 0,
          "attack": 3,
          "defence": 0,
          "special_attack": 0,
          "special_defence": 0,
          "speed": 0
        },
        "experienceGroup": "slow",
        "eggCycles": 120,
        "eggGroups": [
          "undiscovered"
        ],
        "labels": [
          "gen5",
          "legendary"
        ],
        "aspects": [
          "therian"
        ],
        "height": 13,
        "weight": 680,
        "cannotDynamax": false,
        "battleOnly": false
      }
    ],
    "aspects": [],
    "cannotDynamax": false
  }
  