{
	"format_version": "1.8.0",
	"animations": {
		"animation.zygarde.ground_idle": {
			"loop": true,
			"bones": {
				"neck": {
					"rotation": [15, 0, 0]
				},
				"neck2": {
					"rotation": [25, 0, 0]
				},
				"head": {
					"rotation": [37.5, 0, 0]
				},
				"jaw": {
					"rotation": [2.5, 0, 0]
				},
				"body": {
					"position": [0, 1, 0]
				},
				"tail9": {
					"rotation": [-22.5, 0, 0],
					"position": [0, 0.5, 0]
				},
				"tail7": {
					"rotation": [24, 0, 0],
					"position": [0, 1, 0]
				},
				"tail5": {
					"rotation": [30, 0, 0],
					"position": [0, 1.5, -0.86603]
				},
				"tail3": {
					"rotation": [55, 0, 0],
					"position": [0, -0.0041, 0]
				},
				"tail": {
					"rotation": [-45, 0, 0],
					"position": [0, 3, 1.1]
				},
				"tail10": {
					"rotation": [-20, 0, 0],
					"position": [0, 0.4, 0]
				},
				"tail8": {
					"rotation": [20, 0, 0],
					"position": [0, 0.4, 0]
				},
				"tail6": {
					"rotation": [12.5, 0, 0],
					"position": [0, 0.5, 0]
				},
				"tail4": {
					"rotation": [12.5, 0, 0],
					"position": [0, -0.30891, -0.08428]
				},
				"tail2": {
					"rotation": [15, 0, 0],
					"position": [0, 1, 0]
				},
				"tail_end3": {
					"rotation": [0, 0, 0]
				},
				"tail_end4": {
					"rotation": [-10, 0, 0]
				},
				"tail_end10": {
					"rotation": [-10, 0, 0]
				},
				"tail_end9": {
					"rotation": [0, 0, 0]
				},
				"tail_end2": {
					"rotation": [-5, 0, 0]
				},
				"tail_end": {
					"rotation": [-5, 0, 0]
				},
				"tail_end6": {
					"rotation": [-12.5, 0, 0]
				},
				"tail_end5": {
					"rotation": [-5, 0, 0]
				},
				"tail_end7": {
					"rotation": [-7.5, 0, 0]
				},
				"tail_end8": {
					"rotation": [-7.5, 0, 0]
				}
			}
		},
		"animation.zygarde.cry": {
			"animation_length": 1.75,
			"bones": {
				"neck": {
					"rotation": {
						"0.0": {
							"post": [0, 0, 0],
							"lerp_mode": "catmullrom"
						},
						"0.25": {
							"post": [5, 0, 0],
							"lerp_mode": "catmullrom"
						},
						"0.4167": {
							"post": [-20.038, 9.31025, -5.83124],
							"lerp_mode": "catmullrom"
						},
						"1.25": {
							"post": [-17.5, 0, 0],
							"lerp_mode": "catmullrom"
						},
						"1.75": {
							"post": [0, 0, 0],
							"lerp_mode": "catmullrom"
						}
					}
				},
				"neck2": {
					"rotation": {
						"0.0": {
							"post": [0, 0, 0],
							"lerp_mode": "catmullrom"
						},
						"0.4167": {
							"post": [-17.42442, -0.86717, -9.96271],
							"lerp_mode": "catmullrom"
						},
						"1.25": {
							"post": [-17.48107, 0.43523, 4.98107],
							"lerp_mode": "catmullrom"
						},
						"1.75": {
							"post": [0, 0, 0],
							"lerp_mode": "catmullrom"
						}
					}
				},
				"head": {
					"rotation": {
						"0.0": {
							"post": [0, 0, 0],
							"lerp_mode": "catmullrom"
						},
						"0.25": {
							"post": [12.5, 0, 0],
							"lerp_mode": "catmullrom"
						},
						"0.4167": {
							"post": [-19.93656, -0.9762, -7.43656],
							"lerp_mode": "catmullrom"
						},
						"1.25": {
							"post": [-19.93656, 0.9762, 7.43656],
							"lerp_mode": "catmullrom"
						},
						"1.75": {
							"post": [0, 0, 0],
							"lerp_mode": "catmullrom"
						}
					}
				},
				"frill_right_inner": {
					"rotation": {
						"0.25": [0, 0, 0],
						"0.2917": [0, 0, -5],
						"0.3333": [0, 0, 0],
						"0.375": [0, 0, -5],
						"0.4167": [0, 0, 0],
						"0.4583": [0, 0, -5],
						"0.5": [0, 0, 0],
						"0.5417": [0, 0, -5],
						"0.5833": [0, 0, 0],
						"0.625": [0, 0, -5],
						"0.6667": [0, 0, 0],
						"0.7083": [0, 0, -5],
						"0.75": [0, 0, 0],
						"0.7917": [0, 0, -5],
						"0.8333": [0, 0, 0],
						"0.875": [0, 0, -5],
						"0.9167": [0, 0, 0],
						"0.9583": [0, 0, -5],
						"1.0": [0, 0, 0],
						"1.0417": [0, 0, -5],
						"1.0833": [0, 0, 0],
						"1.125": [0, 0, -5],
						"1.1667": [0, 0, 0],
						"1.2083": [0, 0, -5],
						"1.25": [0, 0, 0],
						"1.2917": [0, 0, -5],
						"1.3333": [0, 0, 0]
					}
				},
				"frill_middle": {
					"rotation": {
						"0.25": [0, 0, 0],
						"0.2917": [0, 0, -2.5],
						"0.3333": [0, 0, 2.5],
						"0.375": [0, 0, -2.5],
						"0.4167": [0, 0, 2.5],
						"0.4583": [0, 0, -2.5],
						"0.5": [0, 0, 2.5],
						"0.5417": [0, 0, -2.5],
						"0.5833": [0, 0, 2.5],
						"0.625": [0, 0, -2.5],
						"0.6667": [0, 0, 2.5],
						"0.7083": [0, 0, -2.5],
						"0.75": [0, 0, 2.5],
						"0.7917": [0, 0, -2.5],
						"0.8333": [0, 0, 2.5],
						"0.875": [0, 0, -2.5],
						"0.9167": [0, 0, 2.5],
						"0.9583": [0, 0, -2.5],
						"1.0": [0, 0, 2.5],
						"1.0417": [0, 0, -2.5],
						"1.0833": [0, 0, 2.5],
						"1.125": [0, 0, -2.5],
						"1.1667": [0, 0, 2.5],
						"1.2083": [0, 0, -2.5],
						"1.25": [0, 0, 2.5],
						"1.2917": [0, 0, -2.5],
						"1.3333": [0, 0, 0]
					}
				},
				"frill_left_inner": {
					"rotation": {
						"0.25": [0, 0, 0],
						"0.2917": [0, 0, 5],
						"0.3333": [0, 0, 0],
						"0.375": [0, 0, 5],
						"0.4167": [0, 0, 0],
						"0.4583": [0, 0, 5],
						"0.5": [0, 0, 0],
						"0.5417": [0, 0, 5],
						"0.5833": [0, 0, 0],
						"0.625": [0, 0, 5],
						"0.6667": [0, 0, 0],
						"0.7083": [0, 0, 5],
						"0.75": [0, 0, 0],
						"0.7917": [0, 0, 5],
						"0.8333": [0, 0, 0],
						"0.875": [0, 0, 5],
						"0.9167": [0, 0, 0],
						"0.9583": [0, 0, 5],
						"1.0": [0, 0, 0],
						"1.0417": [0, 0, 5],
						"1.0833": [0, 0, 0],
						"1.125": [0, 0, 5],
						"1.1667": [0, 0, 0],
						"1.2083": [0, 0, 5],
						"1.25": [0, 0, 0],
						"1.2917": [0, 0, 5],
						"1.3333": [0, 0, 0]
					}
				},
				"frill_left_outer": {
					"rotation": {
						"0.25": [0, 0, 0],
						"0.2917": [0, 0, 5],
						"0.3333": [0, 0, 0],
						"0.375": [0, 0, 5],
						"0.4167": [0, 0, 0],
						"0.4583": [0, 0, 5],
						"0.5": [0, 0, 0],
						"0.5417": [0, 0, 5],
						"0.5833": [0, 0, 0],
						"0.625": [0, 0, 5],
						"0.6667": [0, 0, 0],
						"0.7083": [0, 0, 5],
						"0.75": [0, 0, 0],
						"0.7917": [0, 0, 5],
						"0.8333": [0, 0, 0],
						"0.875": [0, 0, 5],
						"0.9167": [0, 0, 0],
						"0.9583": [0, 0, 5],
						"1.0": [0, 0, 0],
						"1.0417": [0, 0, 5],
						"1.0833": [0, 0, 0],
						"1.125": [0, 0, 5],
						"1.1667": [0, 0, 0],
						"1.2083": [0, 0, 5],
						"1.25": [0, 0, 0],
						"1.2917": [0, 0, 5],
						"1.3333": [0, 0, 0]
					}
				},
				"frill_right_outer": {
					"rotation": {
						"0.25": [0, 0, 0],
						"0.2917": [0, 0, -5],
						"0.3333": [0, 0, 0],
						"0.375": [0, 0, -5],
						"0.4167": [0, 0, 0],
						"0.4583": [0, 0, -5],
						"0.5": [0, 0, 0],
						"0.5417": [0, 0, -5],
						"0.5833": [0, 0, 0],
						"0.625": [0, 0, -5],
						"0.6667": [0, 0, 0],
						"0.7083": [0, 0, -5],
						"0.75": [0, 0, 0],
						"0.7917": [0, 0, -5],
						"0.8333": [0, 0, 0],
						"0.875": [0, 0, -5],
						"0.9167": [0, 0, 0],
						"0.9583": [0, 0, -5],
						"1.0": [0, 0, 0],
						"1.0417": [0, 0, -5],
						"1.0833": [0, 0, 0],
						"1.125": [0, 0, -5],
						"1.1667": [0, 0, 0],
						"1.2083": [0, 0, -5],
						"1.25": [0, 0, 0],
						"1.2917": [0, 0, -5],
						"1.3333": [0, 0, 0]
					}
				},
				"chest": {
					"rotation": {
						"0.0": {
							"post": [0, 0, 0],
							"lerp_mode": "catmullrom"
						},
						"0.25": {
							"post": [7.5, 0, 0],
							"lerp_mode": "catmullrom"
						},
						"0.4167": {
							"post": [-7.5, 0, 0],
							"lerp_mode": "catmullrom"
						},
						"1.75": {
							"post": [0, 0, 0],
							"lerp_mode": "catmullrom"
						}
					}
				},
				"chest_frill_right": {
					"rotation": {
						"0.25": [0, 0, 0],
						"0.2917": [0, 0, 5],
						"0.3333": [0, 0, 0],
						"0.375": [0, 0, 5],
						"0.4167": [0, 0, 0],
						"0.4583": [0, 0, 5],
						"0.5": [0, 0, 0],
						"0.5417": [0, 0, 5],
						"0.5833": [0, 0, 0],
						"0.625": [0, 0, 5],
						"0.6667": [0, 0, 0],
						"0.7083": [0, 0, 5],
						"0.75": [0, 0, 0],
						"0.7917": [0, 0, 5],
						"0.8333": [0, 0, 0],
						"0.875": [0, 0, 5],
						"0.9167": [0, 0, 0],
						"0.9583": [0, 0, 5],
						"1.0": [0, 0, 0],
						"1.0417": [0, 0, 5],
						"1.0833": [0, 0, 0],
						"1.125": [0, 0, 5],
						"1.1667": [0, 0, 0],
						"1.2083": [0, 0, 5],
						"1.25": [0, 0, 0],
						"1.2917": [0, 0, 5],
						"1.3333": [0, 0, 0]
					}
				},
				"chest_frill_right2": {
					"rotation": {
						"0.25": [0, 0, 0],
						"0.2917": [0, 0, 5],
						"0.3333": [0, 0, 0],
						"0.375": [0, 0, 5],
						"0.4167": [0, 0, 0],
						"0.4583": [0, 0, 5],
						"0.5": [0, 0, 0],
						"0.5417": [0, 0, 5],
						"0.5833": [0, 0, 0],
						"0.625": [0, 0, 5],
						"0.6667": [0, 0, 0],
						"0.7083": [0, 0, 5],
						"0.75": [0, 0, 0],
						"0.7917": [0, 0, 5],
						"0.8333": [0, 0, 0],
						"0.875": [0, 0, 5],
						"0.9167": [0, 0, 0],
						"0.9583": [0, 0, 5],
						"1.0": [0, 0, 0],
						"1.0417": [0, 0, 5],
						"1.0833": [0, 0, 0],
						"1.125": [0, 0, 5],
						"1.1667": [0, 0, 0],
						"1.2083": [0, 0, 5],
						"1.25": [0, 0, 0],
						"1.2917": [0, 0, 5],
						"1.3333": [0, 0, 0]
					}
				},
				"chest_frill_right3": {
					"rotation": {
						"0.25": [0, 0, 0],
						"0.2917": [0, 0, 5],
						"0.3333": [0, 0, 0],
						"0.375": [0, 0, 5],
						"0.4167": [0, 0, 0],
						"0.4583": [0, 0, 5],
						"0.5": [0, 0, 0],
						"0.5417": [0, 0, 5],
						"0.5833": [0, 0, 0],
						"0.625": [0, 0, 5],
						"0.6667": [0, 0, 0],
						"0.7083": [0, 0, 5],
						"0.75": [0, 0, 0],
						"0.7917": [0, 0, 5],
						"0.8333": [0, 0, 0],
						"0.875": [0, 0, 5],
						"0.9167": [0, 0, 0],
						"0.9583": [0, 0, 5],
						"1.0": [0, 0, 0],
						"1.0417": [0, 0, 5],
						"1.0833": [0, 0, 0],
						"1.125": [0, 0, 5],
						"1.1667": [0, 0, 0],
						"1.2083": [0, 0, 5],
						"1.25": [0, 0, 0],
						"1.2917": [0, 0, 5],
						"1.3333": [0, 0, 0]
					}
				},
				"chest_frills_left2": {
					"rotation": {
						"0.25": [0, 0, 0],
						"0.2917": [0, 0, -5],
						"0.3333": [0, 0, 0],
						"0.375": [0, 0, -5],
						"0.4167": [0, 0, 0],
						"0.4583": [0, 0, -5],
						"0.5": [0, 0, 0],
						"0.5417": [0, 0, -5],
						"0.5833": [0, 0, 0],
						"0.625": [0, 0, -5],
						"0.6667": [0, 0, 0],
						"0.7083": [0, 0, -5],
						"0.75": [0, 0, 0],
						"0.7917": [0, 0, -5],
						"0.8333": [0, 0, 0],
						"0.875": [0, 0, -5],
						"0.9167": [0, 0, 0],
						"0.9583": [0, 0, -5],
						"1.0": [0, 0, 0],
						"1.0417": [0, 0, -5],
						"1.0833": [0, 0, 0],
						"1.125": [0, 0, -5],
						"1.1667": [0, 0, 0],
						"1.2083": [0, 0, -5],
						"1.25": [0, 0, 0],
						"1.2917": [0, 0, -5],
						"1.3333": [0, 0, 0]
					}
				},
				"chest_frills_left3": {
					"rotation": {
						"0.25": [0, 0, 0],
						"0.2917": [0, 0, -5],
						"0.3333": [0, 0, 0],
						"0.375": [0, 0, -5],
						"0.4167": [0, 0, 0],
						"0.4583": [0, 0, -5],
						"0.5": [0, 0, 0],
						"0.5417": [0, 0, -5],
						"0.5833": [0, 0, 0],
						"0.625": [0, 0, -5],
						"0.6667": [0, 0, 0],
						"0.7083": [0, 0, -5],
						"0.75": [0, 0, 0],
						"0.7917": [0, 0, -5],
						"0.8333": [0, 0, 0],
						"0.875": [0, 0, -5],
						"0.9167": [0, 0, 0],
						"0.9583": [0, 0, -5],
						"1.0": [0, 0, 0],
						"1.0417": [0, 0, -5],
						"1.0833": [0, 0, 0],
						"1.125": [0, 0, -5],
						"1.1667": [0, 0, 0],
						"1.2083": [0, 0, -5],
						"1.25": [0, 0, 0],
						"1.2917": [0, 0, -5],
						"1.3333": [0, 0, 0]
					}
				},
				"chest_frills_left4": {
					"rotation": {
						"0.25": [0, 0, 0],
						"0.2917": [0, 0, -5],
						"0.3333": [0, 0, 0],
						"0.375": [0, 0, -5],
						"0.4167": [0, 0, 0],
						"0.4583": [0, 0, -5],
						"0.5": [0, 0, 0],
						"0.5417": [0, 0, -5],
						"0.5833": [0, 0, 0],
						"0.625": [0, 0, -5],
						"0.6667": [0, 0, 0],
						"0.7083": [0, 0, -5],
						"0.75": [0, 0, 0],
						"0.7917": [0, 0, -5],
						"0.8333": [0, 0, 0],
						"0.875": [0, 0, -5],
						"0.9167": [0, 0, 0],
						"0.9583": [0, 0, -5],
						"1.0": [0, 0, 0],
						"1.0417": [0, 0, -5],
						"1.0833": [0, 0, 0],
						"1.125": [0, 0, -5],
						"1.1667": [0, 0, 0],
						"1.2083": [0, 0, -5],
						"1.25": [0, 0, 0],
						"1.2917": [0, 0, -5],
						"1.3333": [0, 0, 0]
					}
				}
			}
		},
		"animation.zygarde.recoil": {
			"animation_length": 1.5,
			"bones": {
				"torso2": {
					"rotation": {
						"0.0": [0, 0, 0],
						"0.0833": [4.98, 0, 0],
						"0.4167": {
							"pre": [0, 0, 0],
							"post": [0, 0, 0],
							"lerp_mode": "catmullrom"
						},
						"0.7083": {
							"post": [1.5, 0, 0],
							"lerp_mode": "catmullrom"
						},
						"1.4167": [0, 0, 0]
					}
				},
				"forearm_right": {
					"rotation": {
						"0.0": [0, 0, 0],
						"0.375": [0, -17.5, 0],
						"1.125": [0, 0, 0]
					}
				},
				"forearm_left": {
					"rotation": {
						"0.0": [0, 0, 0],
						"0.375": [0, 17.5, 0],
						"1.125": [0, 0, 0]
					}
				},
				"torso_lower": {
					"rotation": {
						"0.0": [0, 0, 0],
						"0.125": [-12, 0, 0],
						"0.4583": {
							"pre": [2.24067, 0, 0],
							"post": [2.24067, 0, 0],
							"lerp_mode": "catmullrom"
						},
						"0.8333": {
							"post": [2.24067, 0, 0],
							"lerp_mode": "catmullrom"
						},
						"1.2917": [0, 0, 0]
					}
				},
				"arm_right": {
					"rotation": {
						"0.0": [0, 0, 0],
						"0.125": {
							"pre": [0, -30, 0],
							"post": [0, -30, 0],
							"lerp_mode": "catmullrom"
						},
						"0.9167": {
							"post": [0, 0, 0],
							"lerp_mode": "catmullrom"
						},
						"1.2917": [0, 0, 0]
					}
				},
				"eyelid_right": {
					"position": {
						"0.0": [0, 0, -0.25],
						"0.125": [0, 0, -0.25],
						"0.1667": [0, 0, 0]
					}
				},
				"eyelid_left": {
					"position": {
						"0.0": [0, 0, -0.25],
						"0.125": [0, 0, -0.25],
						"0.1667": [0, 0, 0]
					}
				},
				"arm_left": {
					"rotation": {
						"0.0": [0, 0, 0],
						"0.125": {
							"pre": [0, 30, 0],
							"post": [0, 30, 0],
							"lerp_mode": "catmullrom"
						},
						"0.9167": {
							"post": [0, 0, 0],
							"lerp_mode": "catmullrom"
						},
						"1.2917": [0, 0, 0]
					}
				},
				"neck": {
					"rotation": {
						"0.0": [0, 0, 0],
						"0.0833": {
							"pre": [-25, 0, 0],
							"post": [-25, 0, 0],
							"lerp_mode": "catmullrom"
						},
						"0.625": {
							"post": [-12.5, 0, 0],
							"lerp_mode": "catmullrom"
						},
						"1.125": {
							"post": [0, 0, 0],
							"lerp_mode": "catmullrom"
						},
						"1.5": [0, 0, 0]
					},
					"position": {
						"0.0": [0, 0, 0],
						"1.125": [0, 0, 0]
					}
				},
				"neck2": {
					"rotation": {
						"0.0": [0, 0, 0],
						"0.125": {
							"pre": [5, 0, 0],
							"post": [5, 0, 0],
							"lerp_mode": "catmullrom"
						},
						"0.5": {
							"post": [14.85, 0, 0],
							"lerp_mode": "catmullrom"
						},
						"1.1667": [0, 0, 0]
					}
				},
				"torso": {
					"rotation": {
						"0.0": [0, 0, 0],
						"0.125": [-12, 0, 0],
						"0.4583": {
							"pre": [2.24067, 0, 0],
							"post": [2.24067, 0, 0],
							"lerp_mode": "catmullrom"
						},
						"0.8333": {
							"post": [2.24067, 0, 0],
							"lerp_mode": "catmullrom"
						},
						"1.2917": [0, 0, 0]
					}
				}
			}
		}
	}
}