{
	"format_version": "1.12.0",
	"minecraft:geometry": [
		{
			"description": {
				"identifier": "geometry.garchomp_male",
				"texture_width": 128,
				"texture_height": 128,
				"visible_bounds_width": 6,
				"visible_bounds_height": 5,
				"visible_bounds_offset": [0, 1.5, 0]
			},
			"bones": [
				{
					"name": "garchomp",
					"pivot": [0, 0, 0]
				},
				{
					"name": "body",
					"parent": "garchomp",
					"pivot": [0, 24.2, 0]
				},
				{
					"name": "torso",
					"parent": "body",
					"pivot": [0, 17, 0],
					"cubes": [
						{"origin": [-4, 15.7, -3], "size": [8, 11, 7], "uv": [0, 40]}
					]
				},
				{
					"name": "chest",
					"parent": "torso",
					"pivot": [0, 26.2, 0],
					"cubes": [
						{"origin": [-5, 25.2, -4], "size": [10, 7, 8], "inflate": 0.01, "uv": [26, 32]},
						{"origin": [-7.25, 29.2, -4], "size": [2, 2, 0], "pivot": [-5, 29.2, -4], "rotation": [152.5, 0, 90], "uv": [115, 8]},
						{"origin": [-4.75, 29.2, -4], "size": [2, 2, 0], "pivot": [-5, 29.2, -4], "rotation": [152.5, 0, 90], "uv": [111, 8]},
						{"origin": [-4.5, 24.2, -2.5], "size": [2, 2, 0], "pivot": [-3.75, 23.95, -2.5], "rotation": [152.5, 0, 72.5], "uv": [111, 8]},
						{"origin": [-3.25, 21.7, -2.75], "size": [2, 2, 0], "pivot": [-2.5, 21.45, -2.75], "rotation": [152.5, 0, 72.5], "uv": [111, 8]},
						{"origin": [-6.75, 23.95, -4], "size": [2, 2, 0], "pivot": [-5.5, 25.2, -4], "rotation": [152.5, 0, 62.5], "uv": [115, 8]},
						{"origin": [4.75, 23.95, -4], "size": [2, 2, 0], "pivot": [5.5, 25.2, -4], "rotation": [152.5, 0, -62.5], "uv": [115, 8], "mirror": true},
						{"origin": [2.5, 24.2, -2.5], "size": [2, 2, 0], "pivot": [3.75, 23.95, -2.5], "rotation": [152.5, 0, -72.5], "uv": [111, 8], "mirror": true},
						{"origin": [1.25, 21.7, -2.75], "size": [2, 2, 0], "pivot": [2.5, 21.45, -2.75], "rotation": [152.5, 0, -72.5], "uv": [111, 8], "mirror": true},
						{"origin": [2.75, 29.2, -4], "size": [2, 2, 0], "pivot": [5, 29.2, -4], "rotation": [152.5, 0, -90], "uv": [111, 8], "mirror": true},
						{"origin": [5.25, 29.2, -4], "size": [2, 2, 0], "pivot": [5, 29.2, -4], "rotation": [152.5, 0, -90], "uv": [115, 8], "mirror": true}
					]
				},
				{
					"name": "fin",
					"parent": "chest",
					"pivot": [0, 29.7, 2.5],
					"rotation": [-20, 0, 0],
					"cubes": [
						{"origin": [0, 24.2, 1], "size": [0, 9, 21], "uv": [0, 66]}
					]
				},
				{
					"name": "neck0",
					"parent": "chest",
					"pivot": [0, 31.95, -0.5]
				},
				{
					"name": "neck",
					"parent": "neck0",
					"pivot": [0, 30.7, 1.25],
					"cubes": [
						{"origin": [-3.5, 31.7, -3], "size": [7, 7, 7], "uv": [32, 63]}
					]
				},
				{
					"name": "head",
					"parent": "neck",
					"pivot": [0, 38.7, 0.5],
					"cubes": [
						{"origin": [-4, 38.7, -7.5], "size": [6, 2, 6], "inflate": 0.003, "pivot": [0, 37.7, -3.5], "rotation": [0, -45, 0], "uv": [66, 45]},
						{"origin": [-4, 40.7, -7.5], "size": [8, 2, 8], "inflate": 0.004, "pivot": [0, 37.7, -3.5], "rotation": [0, -45, 0], "uv": [0, 63]},
						{"origin": [3.5, 41.2, -4], "size": [4, 1, 3], "uv": [81, 53]},
						{"origin": [-4, 37.2, -7.5], "size": [0, 2, 3], "pivot": [0, 38.2, -3.5], "rotation": [0, -45, 0], "uv": [0, 81]},
						{"origin": [-4, 37.2, -7.5], "size": [3, 2, 0], "pivot": [0, 38.2, -3.5], "rotation": [0, -45, 0], "uv": [7, 84]},
						{"origin": [-4, 38.7, -5], "size": [8, 4, 9], "inflate": 0.002, "uv": [35, 14]},
						{"origin": [-9.5, 40.2, -6], "size": [3, 3, 7], "uv": [0, 73]},
						{"origin": [-7.5, 41.2, -4], "size": [4, 1, 3], "uv": [81, 23]},
						{"origin": [6.5, 40.2, -6], "size": [3, 3, 7], "uv": [60, 69]},
						{"origin": [7, 40.7, -8], "size": [2, 2, 2], "uv": [66, 74]},
						{"origin": [-9, 40.7, -8], "size": [2, 2, 2], "uv": [6, 78]},
						{"origin": [7, 40.7, 1], "size": [2, 2, 2], "uv": [86, 11]},
						{"origin": [-9, 40.7, 1], "size": [2, 2, 2], "uv": [86, 11]},
						{"origin": [-3.5, 36.7, -3.015], "size": [7, 3, 3], "inflate": -0.01, "uv": [13, 74]},
						{"origin": [3.22414, 38.2, -5.19534], "size": [0, 1, 1], "pivot": [3.22414, 38.7, -4.69534], "rotation": [-45, 15, 0], "uv": [10, 8]},
						{"origin": [2.60651, 38.2, -6.72719], "size": [0, 1, 1], "pivot": [2.60651, 38.7, -6.22719], "rotation": [-45, 25, 0], "uv": [8, 10]},
						{"origin": [-3.22414, 38.2, -5.19534], "size": [0, 1, 1], "pivot": [-3.22414, 38.7, -4.69534], "rotation": [-45, -15, 0], "uv": [0, 0]},
						{"origin": [-2.60651, 38.2, -6.72719], "size": [0, 1, 1], "pivot": [-2.60651, 38.7, -6.22719], "rotation": [-45, -25, 0], "uv": [0, 1]}
					]
				},
				{
					"name": "eye_right",
					"parent": "head",
					"pivot": [-2.8355, 39.95, -5.62839],
					"cubes": [
						{"origin": [-3.3355, 38.95, -6.12839], "size": [1, 2, 1], "inflate": 0.001, "pivot": [-2.8355, 39.95, -5.62839], "rotation": [0, -45, 0], "uv": [5, 0]},
						{"origin": [-3.3355, 38.95, -6.87839], "size": [1, 2, 1], "inflate": 0.001, "pivot": [-2.8355, 39.95, -5.62839], "rotation": [0, -45, 0], "uv": [5, 0]},
						{"origin": [-2.37, 39.15, -6.8], "size": [1, 1, 1], "inflate": -0.09, "pivot": [-2.5, 39.75, -7], "rotation": [45, -45, 0], "uv": [8, 7]},
						{"origin": [-2.099, 39.05, -6.7], "size": [1, 1, 1], "inflate": 0.171, "pivot": [-2.5, 39.75, -7], "rotation": [45, -45, 0], "uv": [8, 4]},
						{"origin": [-2.098, 38.1, -6], "size": [1, 1, 1], "inflate": 0.17, "pivot": [-2.5, 39.5, -7], "rotation": [45, -45, 0], "uv": [8, 2]}
					]
				},
				{
					"name": "eyelid_right2",
					"parent": "eye_right",
					"pivot": [-2.8355, 39.95, -5.62839],
					"cubes": [
						{"origin": [-3.33903, 40.2, -7.13193], "size": [1, 1, 3], "inflate": 0.02, "pivot": [-2.83903, 40.45, -5.63193], "rotation": [7.5, -45, 0], "uv": [25, 23]}
					]
				},
				{
					"name": "eyelid_right",
					"parent": "eye_right",
					"pivot": [-2.7355, 40.2, -5.62839],
					"cubes": [
						{"origin": [-3.91, 38.95, -4.5], "size": [1, 2, 3], "inflate": 0.02, "pivot": [0.1, 37.7, -3.5], "rotation": [0, -45, 0], "uv": [0, 0]}
					]
				},
				{
					"name": "eye_left",
					"parent": "head",
					"pivot": [2.8355, 39.95, -5.62839],
					"cubes": [
						{"origin": [2.3355, 38.95, -6.12839], "size": [1, 2, 1], "inflate": 0.001, "pivot": [2.8355, 39.95, -5.62839], "rotation": [0, 45, 0], "uv": [5, 5]},
						{"origin": [2.3355, 38.95, -6.87839], "size": [1, 2, 1], "inflate": 0.001, "pivot": [2.8355, 39.95, -5.62839], "rotation": [0, 45, 0], "uv": [5, 5]},
						{"origin": [1.37, 39.15, -6.8], "size": [1, 1, 1], "inflate": -0.09, "pivot": [2.5, 39.75, -7], "rotation": [45, 45, 0], "uv": [4, 10]},
						{"origin": [1.099, 39.05, -6.7], "size": [1, 1, 1], "inflate": 0.171, "pivot": [2.5, 39.75, -7], "rotation": [45, 45, 0], "uv": [0, 10]},
						{"origin": [1.098, 38.1, -6], "size": [1, 1, 1], "inflate": 0.17, "pivot": [2.5, 39.5, -7], "rotation": [45, 45, 0], "uv": [7, 9]}
					]
				},
				{
					"name": "eyelid_left2",
					"parent": "eye_left",
					"pivot": [2.8355, 39.95, -5.62839],
					"cubes": [
						{"origin": [2.33903, 40.2, -7.13193], "size": [1, 1, 3], "inflate": 0.02, "pivot": [2.83903, 40.45, -5.63193], "rotation": [7.5, 45, 0], "uv": [0, 27]}
					]
				},
				{
					"name": "eyelid_left",
					"parent": "eye_left",
					"pivot": [2.7355, 40.2, -5.62839],
					"cubes": [
						{"origin": [2.91, 38.95, -4.5], "size": [1, 2, 3], "inflate": 0.02, "pivot": [-0.1, 37.7, -3.5], "rotation": [0, 45, 0], "uv": [0, 5]}
					]
				},
				{
					"name": "jaw",
					"parent": "head",
					"pivot": [0, 38.7, -2.25],
					"cubes": [
						{"origin": [-2.5, 36.7, -6.5], "size": [4, 2, 4], "inflate": -0.0265, "pivot": [0, 37.7, -4], "rotation": [0, -45, 0], "uv": [61, 79]},
						{"origin": [-1.91421, 34.7, -6.47487], "size": [2, 2, 2], "pivot": [0, 36.7, -4.56066], "rotation": [-30.36119, -40.78947, 20.94102], "uv": [94, 11]},
						{"origin": [-2.75772, 37.6, -5.7364], "size": [0, 1, 1], "pivot": [-2.75772, 38.7, -4.6364], "rotation": [-45, -45, 0], "uv": [9, 5]},
						{"origin": [-1.3435, 37.7, -7.05061], "size": [0, 1, 1], "pivot": [-1.3435, 38.7, -6.05061], "rotation": [-45, -45, 0], "uv": [3, 9]},
						{"origin": [2.75772, 37.6, -5.7364], "size": [0, 1, 1], "pivot": [2.75772, 38.7, -4.6364], "rotation": [-45, 45, 0], "uv": [9, 0]},
						{"origin": [2.65772, 39, -4.2364], "size": [0, 1, 1], "pivot": [2.75772, 38.7, -4.6364], "rotation": [-45, 0, 0], "uv": [0, 5]},
						{"origin": [-2.65772, 39, -4.2364], "size": [0, 1, 1], "pivot": [-2.75772, 38.7, -4.6364], "rotation": [-45, 0, 0], "uv": [0, 4]},
						{"origin": [1.3435, 37.7, -7.05061], "size": [0, 1, 1], "pivot": [1.3435, 38.7, -6.05061], "rotation": [-45, 45, 0], "uv": [0, 6]},
						{"origin": [-2.5, 37.5, -4.5], "size": [5, 1, 5], "inflate": 0.2, "uv": [66, 53]},
						{"origin": [-2.5, 36.9, -4.5], "size": [5, 1, 5], "inflate": 0.21, "uv": [76, 59]},
						{"origin": [-2, 38.2, -5], "size": [4, 1, 4], "uv": [0, 58]}
					]
				},
				{
					"name": "arm_left",
					"parent": "chest",
					"pivot": [3.75, 30, -1],
					"rotation": [0, 0, -15],
					"cubes": [
						{"origin": [2.75, 28, -3], "size": [5, 4, 4], "uv": [75, 65]},
						{"origin": [7.75, 30, -2], "size": [2, 2, 2], "uv": [86, 11], "mirror": true}
					]
				},
				{
					"name": "arm_left2",
					"parent": "arm_left",
					"pivot": [6.65, 29.1, -1],
					"rotation": [0, 0, 15],
					"cubes": [
						{"origin": [6.15, 28.1, -2], "size": [7, 2, 2], "uv": [25, 27]},
						{"origin": [9.9, 34.1, -1], "size": [2, 2, 0], "pivot": [-0.13412, 31.1, -1], "rotation": [180, 0, 0], "uv": [110, 11]},
						{"origin": [7.4, 34.1, -1], "size": [2, 2, 0], "pivot": [-0.13412, 31.1, -1], "rotation": [180, 0, 0], "uv": [115, 11]}
					]
				},
				{
					"name": "arm_left3",
					"parent": "arm_left2",
					"pivot": [12.65, 29.1, -1],
					"cubes": [
						{"origin": [15.15, 27.6, -2.5], "size": [10, 3, 3], "uv": [62, 39]},
						{"origin": [12.15, 27.6, -2], "size": [3, 3, 2], "inflate": 0.01, "uv": [95, 0], "mirror": true},
						{"origin": [17.15, 11.6, -1], "size": [8, 16, 0], "inflate": 0.01, "uv": [0, 97]},
						{"origin": [16.15, 7.6, -1], "size": [13, 26, 0], "uv": [96, 31], "mirror": true}
					]
				},
				{
					"name": "arm_right",
					"parent": "chest",
					"pivot": [-3.75, 30, -1],
					"rotation": [0, 0, 15],
					"cubes": [
						{"origin": [-7.75, 28, -3], "size": [5, 4, 4], "uv": [76, 75]},
						{"origin": [-9.75, 30, -2], "size": [2, 2, 2], "uv": [86, 11]}
					]
				},
				{
					"name": "arm_right2",
					"parent": "arm_right",
					"pivot": [-6.65, 29.1, -1],
					"rotation": [0, 0, -15],
					"cubes": [
						{"origin": [-13.15, 28.1, -2], "size": [7, 2, 2], "uv": [43, 27]},
						{"origin": [-11.9, 34.1, -1], "size": [2, 2, 0], "pivot": [0.13412, 31.1, -1], "rotation": [180, 0, 0], "uv": [115, 8]},
						{"origin": [-9.4, 34.1, -1], "size": [2, 2, 0], "pivot": [0.13412, 31.1, -1], "rotation": [180, 0, 0], "uv": [111, 8]}
					]
				},
				{
					"name": "arm_right3",
					"parent": "arm_right2",
					"pivot": [-12.65, 29.1, -1],
					"cubes": [
						{"origin": [-25.15, 27.6, -2.5], "size": [10, 3, 3], "uv": [53, 63]},
						{"origin": [-15.15, 27.6, -2], "size": [3, 3, 2], "inflate": 0.01, "uv": [95, 0]},
						{"origin": [-29.15, 7.6, -1], "size": [13, 26, 0], "uv": [96, 31]},
						{"origin": [-25.15, 11.6, -1], "size": [8, 16, 0], "inflate": 0.01, "uv": [17, 97]}
					]
				},
				{
					"name": "tail",
					"parent": "torso",
					"pivot": [0, 17.40711, 0.70711],
					"rotation": [-45, 0, 0],
					"cubes": [
						{"origin": [-5, 11.60711, -2.29289], "size": [10, 11, 12], "uv": [0, 0]}
					]
				},
				{
					"name": "tail2",
					"parent": "tail",
					"pivot": [0, 17.00711, 10.20711],
					"cubes": [
						{"origin": [-4, 13.50711, 8.70711], "size": [8, 8, 9], "uv": [0, 23]}
					]
				},
				{
					"name": "tail3",
					"parent": "tail2",
					"pivot": [0, 17.00711, 17.20711],
					"cubes": [
						{"origin": [-2.5, 15.00711, 25.20711], "size": [5, 5, 7], "uv": [32, 0]},
						{"origin": [-3, 14.50711, 16.20711], "size": [6, 6, 9], "uv": [0, 113]}
					]
				},
				{
					"name": "tail4",
					"parent": "tail3",
					"pivot": [0, 17.00711, 31.70711],
					"cubes": [
						{"origin": [-1.5, 16.00711, 29.95711], "size": [3, 3, 9], "uv": [36, 47]},
						{"origin": [-1, 16.50711, 38.95711], "size": [2, 2, 2], "uv": [0, 23]},
						{"origin": [0, 16.50711, 40.95711], "size": [0, 2, 2], "uv": [14, 82]},
						{"origin": [0, 11.00711, 32.95711], "size": [0, 13, 8], "uv": [34, 89]},
						{"origin": [0, 11.00711, 40.95711], "size": [0, 13, 4], "uv": [50, 93]}
					]
				},
				{
					"name": "leg_left0",
					"parent": "body",
					"pivot": [4, 16.5, 0.25],
					"rotation": [0, 0, -12.5]
				},
				{
					"name": "leg_left1",
					"parent": "leg_left0",
					"pivot": [4, 16.5, 0.25],
					"rotation": [-45, -17.5, 0],
					"cubes": [
						{"origin": [2, 7, -2.75], "size": [6, 12, 7], "uv": [62, 20]},
						{"origin": [5, 3, -7.75], "size": [0, 4, 7], "pivot": [5, 6, -2.75], "rotation": [45, 0, 0], "uv": [86, 0]},
						{"origin": [5, 12, -6.25], "size": [0, 3, 4], "uv": [120, 0]},
						{"origin": [5, 8, -6.25], "size": [0, 3, 4], "uv": [120, -4]}
					]
				},
				{
					"name": "leg_left2",
					"parent": "leg_left1",
					"pivot": [5, 7.1, -0.25],
					"rotation": [-0.01893, -0.43523, 4.98107],
					"cubes": [
						{"origin": [3.5, 5.1, -1.75], "size": [3, 4, 12], "uv": [48, 47]}
					]
				},
				{
					"name": "foot_left",
					"parent": "leg_left2",
					"pivot": [4.82899, 8.27365, 10.71985],
					"rotation": [8.5, -10, 0],
					"cubes": [
						{"origin": [2.52899, 4.27365, 7.71985], "size": [4, 5, 4], "uv": [45, 77]}
					]
				},
				{
					"name": "foot_left2",
					"parent": "foot_left",
					"pivot": [4.52899, 4.27365, 11.71985],
					"rotation": [-50, 0, 0],
					"cubes": [
						{"origin": [2.02899, 0.27365, 8.71985], "size": [5, 4, 3], "uv": [79, 0]},
						{"origin": [4.52899, -3.72635, 8.71985], "size": [0, 4, 3], "uv": [115, 13]},
						{"origin": [3.02899, -3.52635, 8.71985], "size": [0, 4, 3], "pivot": [3.02899, 0.27365, 10.71985], "rotation": [0, 0, 10], "uv": [122, 23]},
						{"origin": [6.02899, -3.52635, 8.71985], "size": [0, 4, 3], "pivot": [6.02899, 0.27365, 10.71985], "rotation": [0, 0, -10], "uv": [115, 23]}
					]
				},
				{
					"name": "leg_right0",
					"parent": "body",
					"pivot": [-4, 16.5, 0.25],
					"rotation": [0, 0, 12.5]
				},
				{
					"name": "leg_right1",
					"parent": "leg_right0",
					"pivot": [-4, 16.5, 0.25],
					"rotation": [-45, 17.5, 0],
					"cubes": [
						{"origin": [-8, 7, -2.75], "size": [6, 12, 7], "uv": [60, 0]},
						{"origin": [-5, 3, -7.75], "size": [0, 4, 7], "pivot": [-5, 6, -2.75], "rotation": [45, 0, 0], "uv": [86, 0], "mirror": true},
						{"origin": [-5, 12, -6.25], "size": [0, 3, 4], "uv": [120, 4]},
						{"origin": [-5, 8, -6.25], "size": [0, 3, 4], "uv": [120, 8]}
					]
				},
				{
					"name": "leg_right2",
					"parent": "leg_right1",
					"pivot": [-5, 7.1, -0.25],
					"rotation": [-0.01893, 0.43523, -4.98107],
					"cubes": [
						{"origin": [-6.5, 5.1, -1.75], "size": [3, 4, 12], "uv": [18, 47]}
					]
				},
				{
					"name": "foot_right",
					"parent": "leg_right2",
					"pivot": [-4.82899, 8.27365, 10.71985],
					"rotation": [8.5, 10, 0],
					"cubes": [
						{"origin": [-6.52899, 4.27365, 7.71985], "size": [4, 5, 4], "uv": [29, 77]}
					]
				},
				{
					"name": "foot_right2",
					"parent": "foot_right",
					"pivot": [-4.52899, 4.27365, 11.71985],
					"rotation": [-50, 0, 0],
					"cubes": [
						{"origin": [-7.02899, 0.27365, 8.71985], "size": [5, 4, 3], "uv": [49, 0]},
						{"origin": [-4.52899, -3.72635, 8.71985], "size": [0, 4, 3], "uv": [115, 18]},
						{"origin": [-3.02899, -3.52635, 8.71985], "size": [0, 4, 3], "pivot": [-3.02899, 0.27365, 10.71985], "rotation": [0, 0, -10], "uv": [122, 13]},
						{"origin": [-6.02899, -3.52635, 8.71985], "size": [0, 4, 3], "pivot": [-6.02899, 0.27365, 10.71985], "rotation": [0, 0, 10], "uv": [122, 18]}
					]
				}
			]
		}
	]
}