{
	"format_version": "1.12.0",
	"minecraft:geometry": [
		{
			"description": {
				"identifier": "geometry.blaziken_male",
				"texture_width": 128,
				"texture_height": 128,
				"visible_bounds_width": 5,
				"visible_bounds_height": 4.5,
				"visible_bounds_offset": [0, 1.75, 0]
			},
			"bones": [
				{
					"name": "blaziken",
					"pivot": [0, 0, 0]
				},
				{
					"name": "body",
					"parent": "blaziken",
					"pivot": [0, 8, 0]
				},
				{
					"name": "torso",
					"parent": "body",
					"pivot": [0, 22, 0],
					"cubes": [
						{"origin": [-2.5, 21, -2], "size": [5, 12, 5], "inflate": 0.02, "uv": [0, 34]}
					]
				},
				{
					"name": "torso2",
					"parent": "torso",
					"pivot": [0, 33, 2],
					"rotation": [5, 0, 0],
					"cubes": [
						{"origin": [-4, 32, -3], "size": [8, 5, 7], "inflate": 0.01, "uv": [0, 22]},
						{"origin": [-4, 26, 4], "size": [8, 6, 0], "inflate": 0.01, "uv": [42, 85]}
					]
				},
				{
					"name": "neck",
					"parent": "torso2",
					"pivot": [0.5, 36, 0],
					"rotation": [5, 0, 0],
					"cubes": [
						{"origin": [-2.5, 35, -2], "size": [5, 7, 5], "uv": [54, 23]}
					]
				},
				{
					"name": "head",
					"parent": "neck",
					"pivot": [0.5, 41, 0],
					"rotation": [12.5, 0, 0],
					"cubes": [
						{"origin": [-3, 40.5, -1], "size": [6, 5, 5], "inflate": 0.01, "uv": [54, 13]},
						{"origin": [-2.5, 40.5, -3], "size": [5, 5, 2], "inflate": 0.01, "uv": [86, 72]},
						{"origin": [-1.5, 42.5, -6], "size": [3, 3, 3], "pivot": [0, 45.5, -3], "rotation": [52.5, 0, 0], "uv": [80, 93]}
					]
				},
				{
					"name": "hair",
					"parent": "head",
					"pivot": [0, 44, 4],
					"rotation": [-60, 0, 0],
					"cubes": [
						{"origin": [0, 38, 2], "size": [0, 8, 14], "uv": [0, 0]}
					]
				},
				{
					"name": "beak",
					"parent": "head",
					"pivot": [0, 44, -3],
					"rotation": [12.5, 0, 0],
					"cubes": [
						{"origin": [-1.5, 41, -7.5], "size": [3, 3, 5], "inflate": 0.01, "uv": [80, 52]},
						{"origin": [-0.5, 44, -7], "size": [1, 6, 1], "inflate": 0.01, "pivot": [0, 44, -7], "rotation": [-27.5, 0, 0], "uv": [50, 98]},
						{"origin": [0, 44, -7], "size": [0, 7, 5], "inflate": 0.01, "pivot": [0, 44, -7], "rotation": [-27.5, 0, 0], "uv": [0, 88]},
						{"origin": [-0.5, 40.25, -7.5], "size": [1, 1, 0], "uv": [28, 21]}
					]
				},
				{
					"name": "whisker_right",
					"parent": "beak",
					"pivot": [0, 44, -5.25],
					"rotation": [-42.5, 0, -35]
				},
				{
					"name": "whisker_left",
					"parent": "beak",
					"pivot": [0, 44, -5.25],
					"rotation": [-42.5, 0, 35]
				},
				{
					"name": "face_right",
					"parent": "head",
					"pivot": [-1.5, 41.25, -5],
					"rotation": [15, -30, -7.5],
					"cubes": [
						{"origin": [-1.5, 38.25, -5], "size": [0, 5, 7], "uv": [74, 23]}
					]
				},
				{
					"name": "eye_right",
					"parent": "face_right",
					"pivot": [-2.5, 40.75, -4.5],
					"cubes": [
						{"origin": [-1.51, 40.75, -4], "size": [0, 2, 3], "uv": [62, 97]}
					]
				},
				{
					"name": "eyelid_right",
					"parent": "eye_right",
					"pivot": [-1.41, 41.75, -2.5],
					"cubes": [
						{"origin": [-1.41, 40.75, -4], "size": [0, 2, 3], "inflate": 0.01, "uv": [98, 38]}
					]
				},
				{
					"name": "face_left",
					"parent": "head",
					"pivot": [1.5, 41.25, -5],
					"rotation": [15, 30, 7.5],
					"cubes": [
						{"origin": [1.5, 38.25, -5], "size": [0, 5, 7], "uv": [0, 76]}
					]
				},
				{
					"name": "eye_left",
					"parent": "face_left",
					"pivot": [2.5, 40.75, -4.5],
					"cubes": [
						{"origin": [1.51, 40.75, -4], "size": [0, 2, 3], "uv": [98, 43]}
					]
				},
				{
					"name": "eyelid_left",
					"parent": "eye_left",
					"pivot": [1.41, 41.75, -2.5],
					"cubes": [
						{"origin": [1.41, 40.75, -4], "size": [0, 2, 3], "inflate": 0.01, "uv": [44, 98]}
					]
				},
				{
					"name": "jaw",
					"parent": "head",
					"pivot": [0, 41, -3],
					"cubes": [
						{"origin": [-1, 40, -6], "size": [2, 1, 3], "uv": [94, 18]}
					]
				},
				{
					"name": "hairpos_right",
					"parent": "head",
					"pivot": [-2.25, 43, -0.5],
					"rotation": [30, -37.5, 0]
				},
				{
					"name": "hair_right",
					"parent": "hairpos_right",
					"pivot": [-2.25, 43, -0.5],
					"rotation": [90, 0, -110],
					"cubes": [
						{"origin": [-5.25, 36, -2], "size": [6, 8, 3], "uv": [0, 65]}
					]
				},
				{
					"name": "hair_right2",
					"parent": "hair_right",
					"pivot": [-1.75, 36, 0],
					"cubes": [
						{"origin": [-4.75, 29, -1.5], "size": [5, 8, 2], "uv": [68, 83]}
					]
				},
				{
					"name": "hairpos_left",
					"parent": "head",
					"pivot": [2.25, 43, -0.5],
					"rotation": [30, 37.5, 0]
				},
				{
					"name": "hair_left",
					"parent": "hairpos_left",
					"pivot": [2.25, 43, -0.5],
					"rotation": [90, 0, 110],
					"cubes": [
						{"origin": [-0.75, 36, -2], "size": [6, 8, 3], "uv": [68, 62]}
					]
				},
				{
					"name": "hair_left2",
					"parent": "hair_left",
					"pivot": [1.75, 36, 0],
					"cubes": [
						{"origin": [-0.25, 29, -1.5], "size": [5, 8, 2], "uv": [82, 83]}
					]
				},
				{
					"name": "jacket_right",
					"parent": "torso2",
					"pivot": [0, 32, 0.5],
					"rotation": [0, 0, 32.5],
					"cubes": [
						{"origin": [-4, 28, -3], "size": [4, 4, 7], "inflate": 0.02, "uv": [42, 53]},
						{"origin": [-4, 24, -2], "size": [3, 4, 6], "inflate": 0.02, "uv": [104, 0]},
						{"origin": [-4, 22, 0], "size": [2, 2, 4], "inflate": 0.02, "uv": [10, 96]},
						{"origin": [-4, 20, 0], "size": [0, 2, 3], "inflate": 0.02, "uv": [10, 91]},
						{"origin": [-4, 26, -3], "size": [0, 2, 7], "uv": [14, 85]},
						{"origin": [-4, 26, 4], "size": [4, 2, 0], "uv": [20, 34]}
					]
				},
				{
					"name": "jacket_left",
					"parent": "torso2",
					"pivot": [0, 32, 0.5],
					"rotation": [0, 0, -32.5],
					"cubes": [
						{"origin": [0, 28, -3], "size": [4, 4, 7], "inflate": 0.02, "uv": [20, 53]},
						{"origin": [1, 24, -2], "size": [3, 4, 6], "inflate": 0.02, "uv": [104, 0], "mirror": true},
						{"origin": [2, 22, 0], "size": [2, 2, 4], "inflate": 0.02, "uv": [10, 96], "mirror": true},
						{"origin": [4, 20, 0], "size": [0, 2, 3], "inflate": 0.02, "uv": [10, 91], "mirror": true},
						{"origin": [4, 26, -3], "size": [0, 2, 7], "uv": [28, 85]},
						{"origin": [0, 26, 4], "size": [4, 2, 0], "uv": [96, 8]}
					]
				},
				{
					"name": "jacket_left2",
					"parent": "torso2",
					"pivot": [2, 33, 0.5],
					"rotation": [0, 0, -115],
					"cubes": [
						{"origin": [2, 29, -3], "size": [4, 4, 7], "uv": [20, 53]},
						{"origin": [6, 27, -3], "size": [0, 2, 7], "uv": [28, 85]},
						{"origin": [2, 27, -3], "size": [4, 2, 0], "uv": [96, 91]},
						{"origin": [2, 27, 4], "size": [4, 2, 0], "uv": [96, 8]}
					]
				},
				{
					"name": "jacket_right2",
					"parent": "torso2",
					"pivot": [-2, 33, 0.5],
					"rotation": [0, 0, 115],
					"cubes": [
						{"origin": [-6, 29, -3], "size": [4, 4, 7], "uv": [20, 53], "mirror": true},
						{"origin": [-6, 27, -3], "size": [0, 2, 7], "uv": [28, 85], "mirror": true},
						{"origin": [-6, 27, -3], "size": [4, 2, 0], "uv": [96, 91], "mirror": true},
						{"origin": [-6, 27, 4], "size": [4, 2, 0], "uv": [96, 8], "mirror": true}
					]
				},
				{
					"name": "arm_right",
					"parent": "torso2",
					"pivot": [-4.5, 34.5, 0.5],
					"cubes": [
						{"origin": [-6, 33, -1], "size": [3, 3, 3], "inflate": 0.01, "uv": [92, 12]}
					]
				},
				{
					"name": "arm_right2",
					"parent": "arm_right",
					"pivot": [-6, 33.75, 0.5],
					"cubes": [
						{"origin": [-13, 33.25, -1], "size": [8, 2, 3], "uv": [74, 0]}
					]
				},
				{
					"name": "arm_right3",
					"parent": "arm_right2",
					"pivot": [-13, 34.25, 1.75],
					"cubes": [
						{"origin": [-20, 33.25, -1], "size": [7, 2, 3], "inflate": 0.02, "uv": [78, 35]}
					]
				},
				{
					"name": "hand_right",
					"parent": "arm_right3",
					"pivot": [-20, 34.25, 0.5],
					"cubes": [
						{"origin": [-23, 33.25, -1.5], "size": [3, 2, 4], "uv": [88, 22]}
					]
				},
				{
					"name": "hand_fire_right1",
					"parent": "hand_right",
					"pivot": [-20, 35.25, 0.5],
					"rotation": [0, 0, 60],
					"cubes": [
						{"origin": [-20, 35.25, -2], "size": [0, 7, 5], "uv": [58, 85]}
					]
				},
				{
					"name": "hand_fire_right2",
					"parent": "hand_right",
					"pivot": [-20, 34.25, -1],
					"rotation": [0, -65, 0],
					"cubes": [
						{"origin": [-20, 31.25, -9], "size": [0, 6, 8], "uv": [36, 64]},
						{"origin": [-19.5, 32.25, -26], "size": [0, 4, 9], "pivot": [-19.5, 34.25, -17], "rotation": [0, -37.5, 0], "uv": [60, 35]},
						{"origin": [-20.5, 33.25, -17], "size": [1, 3, 10], "uv": [52, 0]}
					]
				},
				{
					"name": "hand_fire_right3",
					"parent": "hand_right",
					"pivot": [-20, 34.25, 2],
					"rotation": [0, 65, 0],
					"cubes": [
						{"origin": [-20, 31.25, 2], "size": [0, 6, 8], "uv": [20, 64]},
						{"origin": [-20.5, 32.25, 7], "size": [1, 3, 10], "uv": [52, 0]},
						{"origin": [-19.5, 32.25, 17], "size": [0, 4, 10], "pivot": [-19.5, 34.25, 17], "rotation": [0, 37.5, 0], "uv": [0, 51]}
					]
				},
				{
					"name": "finger_right1",
					"parent": "hand_right",
					"pivot": [-22.5, 34.5, 0.5],
					"cubes": [
						{"origin": [-24.5, 33.5, -0.5], "size": [2, 2, 2], "uv": [96, 0]}
					]
				},
				{
					"name": "finger_right2",
					"parent": "finger_right1",
					"pivot": [-24.5, 35.5, 0.5],
					"cubes": [
						{"origin": [-26.5, 33.5, -0.5], "size": [2, 2, 2], "uv": [96, 4]}
					]
				},
				{
					"name": "finger_right3",
					"parent": "finger_right2",
					"pivot": [-26.5, 35.5, 0.5],
					"cubes": [
						{"origin": [-28.5, 33.5, 0.5], "size": [2, 2, 0], "uv": [60, 48]}
					]
				},
				{
					"name": "finger_right4",
					"parent": "hand_right",
					"pivot": [-22.5, 34, -1],
					"cubes": [
						{"origin": [-24.5, 33, -2], "size": [2, 2, 2], "uv": [96, 52]}
					]
				},
				{
					"name": "finger_right5",
					"parent": "finger_right4",
					"pivot": [-24.5, 35, -1],
					"cubes": [
						{"origin": [-26.5, 33, -2], "size": [2, 2, 2], "uv": [96, 56]}
					]
				},
				{
					"name": "finger_right6",
					"parent": "finger_right5",
					"pivot": [-26.5, 35, -1],
					"cubes": [
						{"origin": [-28.5, 33, -1], "size": [2, 2, 0], "uv": [60, 50]}
					]
				},
				{
					"name": "finger_right7",
					"parent": "hand_right",
					"pivot": [-22.5, 34, 2],
					"cubes": [
						{"origin": [-24.5, 33, 1], "size": [2, 2, 2], "uv": [96, 60]}
					]
				},
				{
					"name": "finger_right8",
					"parent": "finger_right7",
					"pivot": [-24.5, 35, 2],
					"cubes": [
						{"origin": [-26.5, 33, 1], "size": [2, 2, 2], "uv": [96, 64]}
					]
				},
				{
					"name": "finger_right9",
					"parent": "finger_right8",
					"pivot": [-26.5, 35, 2],
					"cubes": [
						{"origin": [-28.5, 33, 2], "size": [2, 2, 0], "uv": [64, 62]}
					]
				},
				{
					"name": "arm_left",
					"parent": "torso2",
					"pivot": [4.5, 34.5, 0.5],
					"cubes": [
						{"origin": [3, 33, -1], "size": [3, 3, 3], "inflate": 0.01, "uv": [68, 93]}
					]
				},
				{
					"name": "arm_left2",
					"parent": "arm_left",
					"pivot": [6, 33.75, 0.5],
					"cubes": [
						{"origin": [5, 33.25, -1], "size": [8, 2, 3], "uv": [74, 5]}
					]
				},
				{
					"name": "arm_left3",
					"parent": "arm_left2",
					"pivot": [13, 34.25, 1.75],
					"cubes": [
						{"origin": [13, 33.25, -1], "size": [7, 2, 3], "inflate": 0.02, "uv": [78, 40]}
					]
				},
				{
					"name": "hand_left",
					"parent": "arm_left3",
					"pivot": [20, 34.25, 0.5],
					"cubes": [
						{"origin": [20, 33.25, -1.5], "size": [3, 2, 4], "uv": [88, 28]}
					]
				},
				{
					"name": "hand_fire_left1",
					"parent": "hand_left",
					"pivot": [20, 35.25, 0.5],
					"rotation": [0, 0, -60],
					"cubes": [
						{"origin": [20, 35.25, -2], "size": [0, 7, 5], "uv": [86, 60]}
					]
				},
				{
					"name": "hand_fire_left2",
					"parent": "hand_left",
					"pivot": [20, 34.25, -1],
					"rotation": [0, 65, 0],
					"cubes": [
						{"origin": [20, 31.25, -9], "size": [0, 6, 8], "uv": [64, 48]},
						{"origin": [19.5, 32.25, -26], "size": [0, 4, 9], "pivot": [19.5, 34.25, -17], "rotation": [0, 37.5, 0], "uv": [60, 35], "mirror": true},
						{"origin": [19.5, 33.25, -17], "size": [1, 3, 10], "uv": [52, 0], "mirror": true}
					]
				},
				{
					"name": "hand_fire_left3",
					"parent": "hand_left",
					"pivot": [20, 34.25, 2],
					"rotation": [0, -65, 0],
					"cubes": [
						{"origin": [20, 31.25, 2], "size": [0, 6, 8], "uv": [52, 64]},
						{"origin": [19.5, 32.25, 17], "size": [0, 4, 10], "pivot": [19.5, 34.25, 17], "rotation": [0, -37.5, 0], "uv": [0, 51], "mirror": true},
						{"origin": [19.5, 32.25, 7], "size": [1, 3, 10], "uv": [52, 0], "mirror": true}
					]
				},
				{
					"name": "finger_left1",
					"parent": "hand_left",
					"pivot": [22.5, 34.5, 0.5],
					"cubes": [
						{"origin": [22.5, 33.5, -0.5], "size": [2, 2, 2], "uv": [96, 68]}
					]
				},
				{
					"name": "finger_left2",
					"parent": "finger_left1",
					"pivot": [24.5, 35.5, 0.5],
					"cubes": [
						{"origin": [24.5, 33.5, -0.5], "size": [2, 2, 2], "uv": [96, 83]}
					]
				},
				{
					"name": "finger_left3",
					"parent": "finger_left2",
					"pivot": [26.5, 35.5, 0.5],
					"cubes": [
						{"origin": [26.5, 33.5, 0.5], "size": [2, 2, 0], "uv": [14, 76]}
					]
				},
				{
					"name": "finger_left4",
					"parent": "hand_left",
					"pivot": [22.5, 34, -1],
					"cubes": [
						{"origin": [22.5, 33, -2], "size": [2, 2, 2], "uv": [96, 87]}
					]
				},
				{
					"name": "finger_left5",
					"parent": "finger_left4",
					"pivot": [24.5, 35, -1],
					"cubes": [
						{"origin": [24.5, 33, -2], "size": [2, 2, 2], "uv": [54, 97]}
					]
				},
				{
					"name": "finger_left6",
					"parent": "finger_left5",
					"pivot": [26.5, 35, -1],
					"cubes": [
						{"origin": [26.5, 33, -1], "size": [2, 2, 0], "uv": [80, 60]}
					]
				},
				{
					"name": "finger_left7",
					"parent": "hand_left",
					"pivot": [22.5, 34, 2],
					"cubes": [
						{"origin": [22.5, 33, 1], "size": [2, 2, 2], "uv": [98, 34]}
					]
				},
				{
					"name": "finger_left8",
					"parent": "finger_left7",
					"pivot": [24.5, 35, 2],
					"cubes": [
						{"origin": [24.5, 33, 1], "size": [2, 2, 2], "uv": [36, 98]}
					]
				},
				{
					"name": "finger_left9",
					"parent": "finger_left8",
					"pivot": [26.5, 35, 2],
					"cubes": [
						{"origin": [26.5, 33, 2], "size": [2, 2, 0], "uv": [10, 88]}
					]
				},
				{
					"name": "tail1",
					"parent": "torso",
					"pivot": [0, 22.75, 1],
					"cubes": [
						{"origin": [-2, 20.25, -0.5], "size": [4, 5, 5], "inflate": 0.02, "uv": [68, 73]}
					]
				},
				{
					"name": "tail2",
					"parent": "tail1",
					"pivot": [0, 20.5, 4.5],
					"cubes": [
						{"origin": [-1.5, 20.5, 4.5], "size": [3, 4, 3], "inflate": 0.02, "uv": [42, 91]}
					]
				},
				{
					"name": "tail3",
					"parent": "tail2",
					"pivot": [0, 20.75, 7.5],
					"cubes": [
						{"origin": [-1, 20.75, 7.5], "size": [2, 3, 3], "inflate": 0.02, "uv": [92, 93]}
					]
				},
				{
					"name": "leg_right",
					"parent": "body",
					"pivot": [-1.25, 22, 0.5],
					"cubes": [
						{"origin": [-5.25, 12, -2.25], "size": [5, 12, 5], "uv": [20, 36]}
					]
				},
				{
					"name": "leg_right2",
					"parent": "leg_right",
					"pivot": [-2.75, 13, -2.25],
					"cubes": [
						{"origin": [-5.75, 1, -2.75], "size": [6, 12, 6], "uv": [28, 0]},
						{"origin": [-6.25, 1, -4.75], "size": [7, 0, 2], "pivot": [-2.75, 1, -2.75], "rotation": [15, 0, 0], "uv": [76, 24]},
						{"origin": [-6.25, 1, 3.25], "size": [7, 0, 2], "pivot": [-2.75, 1, 3.25], "rotation": [-15, 0, 0], "uv": [86, 79]},
						{"origin": [-7.75, 1, -3.25], "size": [2, 0, 7], "pivot": [-5.75, 1, 0.25], "rotation": [0, 0, -15], "uv": [14, 78]},
						{"origin": [0.15, 1, -3.25], "size": [2, 0, 7], "pivot": [0.25, 1, 0.25], "rotation": [0, 0, 15], "uv": [32, 78]},
						{"origin": [-2.75, 10, 2], "size": [0, 2, 4], "pivot": [-2.75, 11, 4.25], "rotation": [25, 0, 0], "uv": [20, 94]}
					]
				},
				{
					"name": "nail_right1",
					"parent": "leg_right2",
					"pivot": [-4.25, 1.5, -1.5],
					"rotation": [-10, 15, 0],
					"cubes": [
						{"origin": [-4.25, -0.5, -1.5], "size": [0, 2, 1], "uv": [28, 18]}
					]
				},
				{
					"name": "nail_right2",
					"parent": "leg_right2",
					"pivot": [-1.25, 1.5, -1.5],
					"rotation": [-10, -15, 0],
					"cubes": [
						{"origin": [-1.25, -0.5, -1.5], "size": [0, 2, 1], "uv": [52, 13]}
					]
				},
				{
					"name": "nail_right3",
					"parent": "leg_right2",
					"pivot": [-2.75, 1.5, 2],
					"rotation": [10, 0, 0],
					"cubes": [
						{"origin": [-2.75, -0.5, 1], "size": [0, 2, 1], "uv": [18, 65]}
					]
				},
				{
					"name": "leg_left",
					"parent": "body",
					"pivot": [1.25, 22, 0.5],
					"cubes": [
						{"origin": [0.25, 12, -2.25], "size": [5, 12, 5], "uv": [40, 36]}
					]
				},
				{
					"name": "leg_left2",
					"parent": "leg_left",
					"pivot": [2.75, 13, -2.25],
					"cubes": [
						{"origin": [-0.25, 1, -2.75], "size": [6, 12, 6], "uv": [30, 18]},
						{"origin": [-0.75, 1, -4.75], "size": [7, 0, 2], "pivot": [2.75, 1, -2.75], "rotation": [15, 0, 0], "uv": [86, 81]},
						{"origin": [-0.75, 1, 3.25], "size": [7, 0, 2], "pivot": [2.75, 1, 3.25], "rotation": [-15, 0, 0], "uv": [92, 10]},
						{"origin": [5.75, 1, -3.25], "size": [2, 0, 7], "pivot": [5.75, 1, 0.25], "rotation": [0, 0, 15], "uv": [50, 78]},
						{"origin": [-2.25, 1, -3.25], "size": [2, 0, 7], "pivot": [-0.25, 1, 0.25], "rotation": [0, 0, -15], "uv": [80, 45]},
						{"origin": [2.75, 10, 2], "size": [0, 2, 4], "pivot": [2.75, 11, 4.25], "rotation": [25, 0, 0], "uv": [28, 94]}
					]
				},
				{
					"name": "nail_left1",
					"parent": "leg_left2",
					"pivot": [4.25, 1.5, -1.5],
					"rotation": [-10, -15, 0],
					"cubes": [
						{"origin": [4.25, -0.5, -1.5], "size": [0, 2, 1], "uv": [18, 68]}
					]
				},
				{
					"name": "nail_left2",
					"parent": "leg_left2",
					"pivot": [1.25, 1.5, -1.5],
					"rotation": [-10, 15, 0],
					"cubes": [
						{"origin": [1.25, -0.5, -1.5], "size": [0, 2, 1], "uv": [18, 71]}
					]
				},
				{
					"name": "nail_left3",
					"parent": "leg_left2",
					"pivot": [2.75, 1.5, 2],
					"rotation": [10, 0, 0],
					"cubes": [
						{"origin": [2.75, -0.5, 1], "size": [0, 2, 1], "uv": [74, 10]}
					]
				}
			]
		}
	]
}