{
  "target": "cobblemon:jirachi",
  "implemented": true,
  "baseScale": 0.35,
  "hitbox": {
    "width": 0.75,
    "height": 1.5,
    "fixed": false
  },
  "drops": {
    "amount": 6,
    "entries": [
      {
        "item": "cobblemon:rare_candy",
        "quantityRange": "3-6"
      },
      {
        "item": "cobblemon:metal_coat",
        "percentage": 50.0
      },
      {
        "item": "cobblemon:twisted_spoon",
        "percentage": 50.0
      },
      {
        "item": "cobblemon:lucky_egg",
        "percentage": 50.0
      },
      {
        "item": "cobblemon:ability_capsule",
        "percentage": 25.0
      },
      {
        "item": "cobblemon:ability_patch",
        "percentage": 5.0
      }
    ]
  }
}
