{
    "enabled": true,
    "neededInstalledMods": [],
    "neededUninstalledMods": [],
    "spawns": [
        {
            "id": "mew-1",
            "pokemon": "mew",
            "presets": [
                "natural"
            ],
            "type": "pokemon",
            "context": "grounded",
            "bucket": "ultra-rare",
            "level": "60",
            "weight": 3,
            "weightMultiplier": {
                "multiplier": 1.5,
                "condition": {
                    "timeRange": "day"
                }
            },
            "condition": {
                "biomes": [
                    "#cobblemon:is_floral",
                    "#cobblemon:is_jungle"
                ],
                "isRaining": false
            }
        }
    ]
}
