{
    "enabled": true,
    "neededInstalledMods": [],
    "neededUninstalledMods": [],
    "spawns": [
        {
            "id": "raikou-1",
            "pokemon": "raikou",
            "presets": [
               "natural"
            ],
            "type": "pokemon",
            "context": "grounded",
            "bucket": "ultra-rare",
            "level": "60",
            "weight": 0.25,
            "condition": {
			    "minY": 60,
                "canSeeSky": true,
                "biomes": [
                    "#cobblemon:is_overworld"
				],
				"dimensions": [
					"minecraft:overworld"
				]
            }
        }
	]
}
