{
   "enabled": true,
   "neededInstalledMods": [],
   "neededUninstalledMods": [],
   "spawns": [
       {
           "id": "lugia-1",
           "pokemon": "lugia",
           "presets": [
               "ocean_monument"
           ],
           "type": "pokemon",
           "context": "submerged",
           "bucket": "ultra-rare",
           "level": "70",
           "weight": 2.0,
           "condition": {
               "biomes": [
                   "#cobblemon:is_ocean"
               ]
           }
       }
   ]
}