{
    "enabled": "true",
    "neededInstalledMods": [],
    "neededUninstalledMods": [],
    "spawns": [
        {
            "id": "hooh-1",
            "pokemon": "hooh",
            "presets": [
                "natural",
				"wild"
            ],
            "type": "pokemon",
            "context": "grounded",
            "bucket": "ultra-rare",
            "level": "70",
            "weight": 4.0,
            "condition": {
                "biomes": [
                    "minecraft:sunflower_plains"
                ]
            }
        }
    ]
}
