{
    "enabled": true,
    "neededInstalledMods": [],
    "neededUninstalledMods": [],
    "spawns": [
        {
            "id": "celebi-1",
            "pokemon": "celebi",
            "type": "pokemon",
            "context": "grounded",
            "bucket": "ultra-rare",
            "level": "65",
            "weight": 2.7,
            "condition": {
                "canSeeSky": true,
                "biomes": [
                    "#cobblemon:is_forest"
				],
				"dimensions": [
					"minecraft:overworld"
				],
                "timeRange": "night"
            }
        }
	]
}