{
    "enabled": true,
    "spawns": [
        {
            "id": "regirock-1",
            "pokemon": "regirock",
            "presets": [
                "natural"
            ],
            "type": "pokemon",
            "context": "grounded",
            "bucket": "ultra-rare",
            "level": "70",
            "weight": 4.5,
            "condition": {
                "biomes": [
                    "#cobblemon:is_sandy"
                ]
            }
        }
    ]
}
