{
    "enabled": true,
    "spawns": [
        {
            "id": "registeel-1",
            "pokemon": "registeel",
            "presets": [
                "natural"
            ],
            "type": "pokemon",
            "context": "grounded",
            "bucket": "ultra-rare",
            "level": "70",
            "weight": 4.5,
            "condition": {
                "biomes": [
                    "#cobblemon:is_mountain"
                ]
            }
        }
    ]
}
