{
    "enabled": true,
    "neededInstalledMods": [],
    "neededUninstalledMods": [],
    "spawns": [
        {
            "id": "kyogre-1",
            "pokemon": "kyogre",
            "type": "pokemon",
            "context": "fishing",
            "bucket": "ultra-rare",
            "level": "70",
            "weight": 1,
            "weightMultipliers": [
                {
                    "multiplier": 2,
                    "condition": {
                        "isRaining": true
                    }
                },
                {
                    "multiplier": 4,
                    "condition": {
                        "isThundering": true
                    }
                }
            ],
            "condition": {
                "biomes": [
                    "#cobblemon:is_ocean"
                ],
                "minLureLevel": 3
            }
        }
    ]
}
