{
	"enabled": true,
	"neededInstalledMods": [],
	"neededUninstalledMods": [],
	"spawns": [
		{
			"id": "jirachi-1",
			"pokemon": "jirachi",
			"presets": [
				"natural"
			],
			"type": "pokemon",
			"context": "grounded",
			"bucket": "ultra-rare",
			"level": "50",
			"weight": 1.5,
			"weightMultiplier": {
				"multiplier": 2.0,
				"condition": {
					"timeRange": "morning"
				}
			},
			"condition": {
				"canSeeSky": true,
				"biomes": [ 
					"#cobblemon:is_mountain",
					"#cobblemon:is_hills"
				] 			
			}
		},
		{
			"id": "jirachi-2",
			"pokemon": "jirachi",
			"presets": [
				"natural"
			],
			"type": "pokemon",
			"context": "grounded",
			"bucket": "ultra-rare",
			"level": "50",
			"weight": 2.0,
			"condition": {
				"biomes": [ 
					"#cobblemon:is_end"
				]
			}
		}
	]
}