{
    "enabled": true,
    "neededInstalledMods": [],
    "neededUninstalledMods": [],
    "spawns": [
        {
            "id": "palkia-1",
            "pokemon": "palkia",
            "presets": [
                "natural"
            ],
            "type": "pokemon",
            "context": "grounded",
            "bucket": "ultra-rare",
            "level": "70",
            "weight": 3.5,
            "condition": {
                "canSeeSky": true,
                "biomes": [
                    "minecraft:jagged_peaks"
                ]
            }
        }
    ]
}
