{
    "enabled": true,
    "neededInstalledMods": [],
    "neededUninstalledMods": [],
    "spawns": [
        {
            "id": "heatran-1",
            "pokemon": "heatran",
            "presets": [
                "natural"
            ],
            "type": "pokemon",
            "context": "grounded",
            "bucket": "ultra-rare",
            "level": "70",
            "weight": 2.5,
            "condition": {
                "canSeeSky": false,
                "biomes": [
                    "#cobblemon:is_badlands"
                ]
            }
        }
    ]
}