{
    "enabled": true,
    "spawns": [
        {
            "id": "regigigas-1",
            "pokemon": "regigigas",
            "type": "pokemon",
            "context": "grounded",
            "bucket": "ultra-rare",
            "level": "70",
            "weight": 2,
            "condition": {
                "biomes": [
                    "#cobblemon:is_sandy"
                ],
                "structures": [
                    "#minecraft:village"
                ]
            }
        }
    ]
}