{
  "implemented": true,
  "nationalPokedexNumber": 229,
  "name": "Houndoom",
  "primaryType": "dark",
  "secondaryType": "fire",
  "maleRatio": 0.5,
  "height": 14,
  "weight": 350,
  "pokedex": [
    "cobblemon.species.houndoom.desc"
  ],
  "labels": [
    "gen2"
  ],
  "aspects": [],
  "abilities": [
    "earlybird",
    "flashfire",
    "h:unnerve"
  ],
  "eggGroups": [
    "field"
  ],
  "baseStats": {
    "hp": 75,
    "attack": 90,
    "defence": 50,
    "special_attack": 110,
    "special_defence": 80,
    "speed": 95
  },
  "evYield": {
    "hp": 0,
    "attack": 0,
    "defence": 0,
    "special_attack": 2,
    "special_defence": 0,
    "speed": 0
  },
  "baseExperienceYield": 175,
  "experienceGroup": "slow",
  "catchRate": 45,
  "eggCycles": 20,
  "baseFriendship": 35,
  "baseScale": 0.575,
  "hitbox": {
    "width": 2,
    "height": 2.5,
    "fixed": false
  },
  "drops": {
    "amount": 6,
    "entries": [
      {
        "item": "minecraft:bone",
        "quantityRange": "0-2"
      },
      {
        "item": "minecraft:rotten_flesh",
        "quantityRange": "0-2"
      },
      {
        "item": "minecraft:blaze_powder",
        "percentage": 5.0
      },
      {
        "item": "cobblemon:rawst_berry",
        "percentage": 5.0
      }
    ]
  },
  "moves": [
    "1:thunderfang",
    "1:leer",
    "1:ember",
    "1:howl",
    "1:smog",
    "1:odorsleuth",
    "1:feintattack",
    "1:nastyplot",
    "13:roar",
    "16:bite",
    "20:incinerate",
    "26:beatup",
    "30:firefang",
    "35:torment",
    "41:comeuppance",
    "45:foulplay",
    "50:flamethrower",
    "56:crunch",
    "62:inferno",
    "egg:counter",
    "egg:destinybond",
    "egg:feint",
    "egg:firespin",
    "egg:punishment",
    "egg:pursuit",
    "egg:rage",
    "egg:reversal",
    "egg:spite",
    "egg:suckerpunch",
    "egg:thunderfang",
    "tm:attract",
    "tm:beatup",
    "tm:bodyslam",
    "tm:burningjealousy",
    "tm:captivate",
    "tm:confide",
    "tm:crunch",
    "tm:curse",
    "tm:darkpulse",
    "tm:detect",
    "tm:doubleedge",
    "tm:doubleteam",
    "tm:dreameater",
    "tm:embargo",
    "tm:endeavor",
    "tm:endure",
    "tm:facade",
    "tm:fireblast",
    "tm:firefang",
    "tm:firespin",
    "tm:flamecharge",
    "tm:flamethrower",
    "tm:flareblitz",
    "tm:foulplay",
    "tm:frustration",
    "tm:gigaimpact",
    "tm:headbutt",
    "tm:heatwave",
    "tm:helpinghand",
    "tm:hiddenpower",
    "tm:hyperbeam",
    "tm:hypervoice",
    "tm:incinerate",
    "tm:irontail",
    "tm:laserfocus",
    "tm:lashout",
    "tm:mimic",
    "tm:mudshot",
    "tm:mudslap",
    "tm:nastyplot",
    "tm:naturalgift",
    "tm:nightmare",
    "tm:overheat",
    "tm:painsplit",
    "tm:payback",
    "tm:protect",
    "tm:psychicfangs",
    "tm:raindance",
    "tm:rest",
    "tm:retaliate",
    "tm:return",
    "tm:reversal",
    "tm:roar",
    "tm:rocksmash",
    "tm:roleplay",
    "tm:round",
    "tm:scaryface",
    "tm:secretpower",
    "tm:shadowball",
    "tm:sleeptalk",
    "tm:sludgebomb",
    "tm:snarl",
    "tm:snatch",
    "tm:snore",
    "tm:solarbeam",
    "tm:spite",
    "tm:strength",
    "tm:substitute",
    "tm:suckerpunch",
    "tm:sunnyday",
    "tm:superfang",
    "tm:swagger",
    "tm:swift",
    "tm:takedown",
    "tm:taunt",
    "tm:temperflare",
    "tm:terablast",
    "tm:thief",
    "tm:throatchop",
    "tm:thunderfang",
    "tm:torment",
    "tm:toxic",
    "tm:trailblaze",
    "tm:uproar",
    "tm:willowisp",
    "tutor:burningjealousy",
    "tutor:darkpulse",
    "tutor:endeavor",
    "tutor:firefang",
    "tutor:flamethrower",
    "tutor:foulplay",
    "tutor:gigaimpact",
    "tutor:heatwave",
    "tutor:helpinghand",
    "tutor:hyperbeam",
    "tutor:hypervoice",
    "tutor:irontail",
    "tutor:laserfocus",
    "tutor:lashout",
    "tutor:mudslap",
    "tutor:painsplit",
    "tutor:psychic",
    "tutor:rest",
    "tutor:rocksmash",
    "tutor:roleplay",
    "tutor:shadowball",
    "tutor:sleeptalk",
    "tutor:sludgebomb",
    "tutor:snarl",
    "tutor:snatch",
    "tutor:spite",
    "tutor:suckerpunch",
    "tutor:superfang",
    "tutor:throatchop",
    "tutor:thunderfang"
  ],
  "preEvolution": "houndour",
  "evolutions": [
    {
      "id": "houndoom_megahoundoom",
      "variant": "level_up",
      "result": "houndoom mega",
      "consumeHeldItem": false,
      "learnableMoves": [],
      "requirements": [
        {
          "variant": "level",
          "minLevel": "50"
        },
        {
          "variant": "friendship",
          "amount": 180
        },
        {
          "variant": "held_item",
          "itemCondition": "minecraft:nether_star"
        }          
      ]
    }
  ],
  "forms": [
    {
      "name": "Mega",
      "primaryType": "dark",
      "secondaryType": "fire",
      "maleRatio": 0.5,
      "height": 19,
      "weight": 495,
      "baseScale": 0.675,
      "pokedex": [
        "cobblemon.species.houndoom-mega.desc"
      ],
      "labels": [
        "gen6",
        "mega"
      ],
      "aspects": [
        "mega"
      ],
      "abilities": [
        "solarpower",
        "h:solarpower"
      ],
      "baseStats": {
        "hp": 75,
        "attack": 90,
        "defence": 90,
        "special_attack": 140,
        "special_defence": 90,
        "speed": 115
      },
      "baseExperienceYield": 210,
      "dynamaxBlocked": true,
      "evolutions": [
        {
          "id": "megahoundoom_houndoom",
          "variant": "level_up",
          "result": "houndoom mega=false",
          "consumeHeldItem": false,
          "learnableMoves": [],
          "requirements": [
            {
              "variant": "held_item",
              "itemCondition": "minecraft:nether_star"
            }
          ]
        }
      ],
      "battleOnly": false
    }
  ]
}
