{
	"format_version": "1.8.0",
	"animations": {
		"pose": {
			"loop": true,
			"bones": {
				"leg_right": {
					"rotation": [0, 0, 40]
				},
				"leg_right2": {
					"rotation": [0, 0, -55]
				},
				"torso": {
					"position": [0, 3.825, 0]
				},
				"leg_left": {
					"rotation": [0, 0, -45]
				},
				"leg_left2": {
					"rotation": [0, 0, 62.5]
				},
				"arm_right": {
					"rotation": [0, 0, -45]
				},
				"arm_right2": {
					"rotation": [0, 0, 82.5]
				},
				"arm_left": {
					"rotation": [0, 0, 50]
				},
				"arm_left2": {
					"rotation": [0, 0, -85]
				}
			}
		},
		"animation.rabsca.ground_idle": {
			"loop": true,
			"animation_length": 20,
			"bones": {
				"leg_right": {
					"rotation": [0, 0, "40+math.sin(query.anim_time*90*2-45)*4"]
				},
				"leg_right2": {
					"rotation": [0, 0, "-55+math.sin(query.anim_time*90*2-90)*4"]
				},
				"torso": {
					"rotation": ["0+math.sin(query.anim_time*90*2-0)*1", "0+math.sin(query.anim_time*90*2/2-0)*2", "0+math.sin(query.anim_time*90*2/2-0)*2"],
					"position": [0, 3.825, 0]
				},
				"leg_left": {
					"rotation": [0, 0, "-45+math.sin(query.anim_time*90*2-45)*4"]
				},
				"leg_left2": {
					"rotation": [0, 0, "62.5+math.sin(query.anim_time*90*2-90)*4"]
				},
				"arm_right": {
					"rotation": ["0+math.sin(query.anim_time*90*2/2-45)*2", 0, "-45+math.sin(query.anim_time*90*2-45)*1"]
				},
				"arm_right2": {
					"rotation": [0, 0, "82.5+math.sin(query.anim_time*90*2-90)*2"]
				},
				"arm_left": {
					"rotation": ["0+math.sin(query.anim_time*90*2/2-45)*2", 0, "45+math.sin(query.anim_time*90*2-45)*1"]
				},
				"arm_left2": {
					"rotation": [0, 0, "-82.5+math.sin(query.anim_time*90*2-90)*2"]
				},
				"body": {
					"position": ["0+math.sin(query.anim_time*90*2/2-0)*0.5", "10+math.sin(query.anim_time*90*2-0)*0.75", "0+math.sin(query.anim_time*90*2/2-0)*0.5"]
				},
				"antennae_left": {
					"rotation": ["0+math.sin(query.anim_time*90*2-45)*1", 0, "0+math.sin(query.anim_time*90*2-45)*2"]
				},
				"antennae_right": {
					"rotation": ["0+math.sin(query.anim_time*90*2-45)*1", 0, "0+math.sin(query.anim_time*90*2-45)*2"]
				},
				"mustache_left": {
					"rotation": ["0+math.sin(query.anim_time*90*2-45)*1", 0, "0+math.sin(query.anim_time*90*2-45)*1"]
				},
				"mustache_left2": {
					"rotation": [0, 0, "0+math.sin(query.anim_time*90*2-90)*2"]
				},
				"mustache_right": {
					"rotation": ["0+math.sin(query.anim_time*90*2-45)*1", 0, "0+math.sin(query.anim_time*90*2-45)*1"]
				},
				"mustache_right2": {
					"rotation": [0, 0, "0+math.sin(query.anim_time*90*2-90)*2"]
				},
				"ball": {
					"rotation": [0, 0, "0+query.anim_time*90*0.2"]
				},
				"ball2": {
					"rotation": [0, 0, "0-query.anim_time*90*0.2"]
				}
			}
		},
		"animation.rabsca.ground_walk": {
			"loop": true,
			"animation_length": 10,
			"bones": {
				"leg_right": {
					"rotation": [0, 0, "40+math.sin(query.anim_time*90*4-45)*4"]
				},
				"leg_right2": {
					"rotation": [0, 0, "-55+math.sin(query.anim_time*90*4-90)*4"]
				},
				"torso": {
					"rotation": ["19.9998+math.sin(query.anim_time*90*4-0)*1", "0.0243+math.sin(query.anim_time*90*4/2-0)*2", "0.0191+math.sin(query.anim_time*90*4/2-0)*2"],
					"position": [0, 3.825, 7]
				},
				"leg_left": {
					"rotation": [0, 0, "-45+math.sin(query.anim_time*90*4-45)*4"]
				},
				"leg_left2": {
					"rotation": [0, 0, "62.5+math.sin(query.anim_time*90*4-90)*4"]
				},
				"arm_right": {
					"rotation": ["0+math.sin(query.anim_time*90*4/2-45)*2", 20, "-45+math.sin(query.anim_time*90*4-45)*1"],
					"position": [0, 0, 0.5]
				},
				"arm_right2": {
					"rotation": [15, 0, "82.5+math.sin(query.anim_time*90*4-90)*2"]
				},
				"arm_left": {
					"rotation": ["0+math.sin(query.anim_time*90*4/2-45)*2", -20, "45+math.sin(query.anim_time*90*4-45)*1"],
					"position": [0, 0, 0.5]
				},
				"arm_left2": {
					"rotation": [15, 0, "-82.5+math.sin(query.anim_time*90*4-90)*2"]
				},
				"body": {
					"position": ["0+math.sin(query.anim_time*90*4/2-0)*0.5", "10+math.sin(query.anim_time*90*4-0)*0.75", "0+math.sin(query.anim_time*90*4/2-0)*1"]
				},
				"antennae_left": {
					"rotation": ["0+math.sin(query.anim_time*90*4-45)*1", 0, "0+math.sin(query.anim_time*90*4-45)*2"]
				},
				"antennae_right": {
					"rotation": ["0+math.sin(query.anim_time*90*4-45)*1", 0, "0+math.sin(query.anim_time*90*4-45)*2"]
				},
				"mustache_left": {
					"rotation": ["0+math.sin(query.anim_time*90*4-45)*1", 9.99924, "-0.1233+math.sin(query.anim_time*90*4-45)*1"]
				},
				"mustache_left2": {
					"rotation": [0, 0, "0+math.sin(query.anim_time*90*4-90)*2"]
				},
				"mustache_right": {
					"rotation": ["0.002+math.sin(query.anim_time*90*4-45)*1", -7.49943, "0.0924+math.sin(query.anim_time*90*4-45)*1"]
				},
				"mustache_right2": {
					"rotation": [0, 0, "0+math.sin(query.anim_time*90*4-90)*2"]
				},
				"ball": {
					"rotation": [-5, 0, "0+query.anim_time*90*0.4"],
					"position": [0, "-1+math.sin(query.anim_time*90*4-90)*0.5", 0]
				},
				"ball2": {
					"rotation": [0, 0, "0-query.anim_time*90*0.4"]
				}
			}
		}
	}
}