{
	"format_version": "1.12.0",
	"minecraft:geometry": [
		{
			"description": {
				"identifier": "geometry.spoink",
				"texture_width": 64,
				"texture_height": 64,
				"visible_bounds_width": 3,
				"visible_bounds_height": 3.5,
				"visible_bounds_offset": [0, 1.25, 0]
			},
			"bones": [
				{
					"name": "spoink",
					"pivot": [0, 0, 0]
				},
				{
					"name": "body",
					"parent": "spoink",
					"pivot": [0, 0, 0],
					"cubes": [
						{"origin": [-5.5, 7, -5], "size": [11, 13, 10], "uv": [0, 0]},
						{"origin": [-5, 20, -2], "size": [3, 3, 4], "pivot": [-5, 20, 0], "rotation": [0, 0, 7.5], "uv": [0, 37]},
						{"origin": [2, 20, -2], "size": [3, 3, 4], "pivot": [5, 20, 0], "rotation": [0, 0, -7.5], "uv": [25, 30]},
						{"origin": [3, 14, -5.03], "size": [2, 1, 0], "uv": [37, 47]},
						{"origin": [-5, 14, -5.03], "size": [2, 1, 0], "uv": [42, 47]}
					]
				},
				{
					"name": "snout",
					"parent": "body",
					"pivot": [0, 13, -5],
					"cubes": [
						{"origin": [-3, 11.5, -6], "size": [6, 3, 2], "uv": [25, 24]},
						{"origin": [0.75, 12.5, -6.01], "size": [1, 1, 0], "uv": [37, 45]},
						{"origin": [-1.75, 12.5, -6.01], "size": [1, 1, 0], "uv": [37, 45]}
					]
				},
				{
					"name": "arm_r",
					"parent": "body",
					"pivot": [-5.5, 12, -0.5],
					"cubes": [
						{"origin": [-8, 11, -2], "size": [3, 3, 3], "uv": [28, 38]}
					]
				},
				{
					"name": "arm_l",
					"parent": "body",
					"pivot": [5.5, 12, -0.5],
					"cubes": [
						{"origin": [5, 11, -2], "size": [3, 3, 3], "uv": [15, 38]}
					]
				},
				{
					"name": "pearl",
					"parent": "body",
					"pivot": [0, 23, 0],
					"cubes": [
						{"origin": [-3, 19.99, -3], "size": [6, 6, 6], "uv": [0, 24]}
					]
				},
				{
					"name": "eye_r",
					"parent": "body",
					"pivot": [-2, 17, -5],
					"cubes": [
						{"origin": [-3.5, 15, -5.01], "size": [2, 2, 0], "uv": [27, 45]},
						{"origin": [-2.75, 15.75, -5.02], "size": [1, 1, 0], "uv": [47, 47]}
					]
				},
				{
					"name": "eye_l",
					"parent": "body",
					"pivot": [2, 17, -5],
					"cubes": [
						{"origin": [1.5, 15, -5.01], "size": [2, 2, 0], "uv": [32, 45]},
						{"origin": [1.75, 15.75, -5.02], "size": [1, 1, 0], "uv": [47, 47]}
					]
				},
				{
					"name": "tail_base",
					"parent": "body",
					"pivot": [2, 8, -4],
					"rotation": [-70, 0, 25],
					"cubes": [
						{"origin": [1.5, 7.5, -4.5], "size": [1, 1, 3], "uv": [40, 30]}
					]
				},
				{
					"name": "curl",
					"parent": "tail_base",
					"pivot": [2.5, 8, -1.5],
					"rotation": [0, 35, 0],
					"cubes": [
						{"origin": [-0.5, 7.5, -2.5], "size": [3, 1, 1], "uv": [40, 35]}
					]
				},
				{
					"name": "curl2",
					"parent": "curl",
					"pivot": [-0.5, 7.5, -2],
					"rotation": [0, 15, 45],
					"cubes": [
						{"origin": [-3.5, 7.5, -2.5], "size": [3, 1, 1], "uv": [41, 38]}
					]
				},
				{
					"name": "curl3",
					"parent": "curl2",
					"pivot": [-3.5, 7.5, -2],
					"rotation": [0, 15, 45],
					"cubes": [
						{"origin": [-6.5, 7.5, -2.5], "size": [3, 1, 1], "uv": [41, 41]}
					]
				},
				{
					"name": "curl4",
					"parent": "curl3",
					"pivot": [-6.5, 7.5, -2],
					"rotation": [0, 15, 45],
					"cubes": [
						{"origin": [-9.5, 7.5, -2.5], "size": [3, 1, 1], "uv": [42, 24]}
					]
				},
				{
					"name": "curl5",
					"parent": "curl4",
					"pivot": [-9.5, 7.5, -2],
					"rotation": [0, 15, 45],
					"cubes": [
						{"origin": [-12.5, 7.5, -2.5], "size": [3, 1, 1], "uv": [42, 27]}
					]
				},
				{
					"name": "curl6",
					"parent": "curl5",
					"pivot": [-12.5, 7.5, -2],
					"rotation": [0, 15, 45],
					"cubes": [
						{"origin": [-15.5, 7.5, -2.5], "size": [3, 1, 1], "uv": [43, 0]}
					]
				},
				{
					"name": "curl7",
					"parent": "curl6",
					"pivot": [-15.5, 7.5, -2],
					"rotation": [0, 15, 45],
					"cubes": [
						{"origin": [-18.5, 7.5, -2.5], "size": [3, 1, 1], "uv": [43, 3]}
					]
				},
				{
					"name": "curl8",
					"parent": "curl7",
					"pivot": [-18.5, 7.5, -2],
					"rotation": [0, 15, 45],
					"cubes": [
						{"origin": [-21.5, 7.5, -2.5], "size": [3, 1, 1], "uv": [43, 6]}
					]
				},
				{
					"name": "curl9",
					"parent": "curl8",
					"pivot": [-21.5, 7.5, -2],
					"rotation": [0, 15, 45],
					"cubes": [
						{"origin": [-24.5, 7.5, -2.5], "size": [3, 1, 1], "uv": [43, 9]}
					]
				},
				{
					"name": "curl10",
					"parent": "curl9",
					"pivot": [-24.5, 7.5, -2],
					"rotation": [0, 15, 45],
					"cubes": [
						{"origin": [-27.5, 7.5, -2.5], "size": [3, 1, 1], "uv": [43, 12]}
					]
				},
				{
					"name": "curl11",
					"parent": "curl10",
					"pivot": [-27.5, 7.5, -2],
					"rotation": [0, 15, 45],
					"cubes": [
						{"origin": [-30.5, 7.5, -2.5], "size": [3, 1, 1], "uv": [43, 15]}
					]
				},
				{
					"name": "curl12",
					"parent": "curl11",
					"pivot": [-30.5, 7.5, -2],
					"rotation": [0, 15, 45],
					"cubes": [
						{"origin": [-33.5, 7.5, -2.5], "size": [3, 1, 1], "uv": [43, 18]}
					]
				},
				{
					"name": "curl13",
					"parent": "curl12",
					"pivot": [-33.5, 7.5, -2],
					"rotation": [0, 15, 45],
					"cubes": [
						{"origin": [-36.5, 7.5, -2.5], "size": [3, 1, 1], "uv": [43, 21]}
					]
				},
				{
					"name": "curl14",
					"parent": "curl13",
					"pivot": [-36.5, 7.5, -2],
					"rotation": [0, 15, 45],
					"cubes": [
						{"origin": [-39.5, 7.5, -2.5], "size": [3, 1, 1], "uv": [41, 44]}
					]
				},
				{
					"name": "curl15",
					"parent": "curl14",
					"pivot": [-39.5, 7.5, -2],
					"rotation": [0, 15, 45],
					"cubes": [
						{"origin": [-42.5, 7.5, -2.5], "size": [3, 1, 1], "uv": [0, 45]}
					]
				},
				{
					"name": "curl16",
					"parent": "curl15",
					"pivot": [-42.5, 7.5, -2],
					"rotation": [0, 15, 45],
					"cubes": [
						{"origin": [-45.5, 7.5, -2.5], "size": [3, 1, 1], "uv": [9, 45]}
					]
				},
				{
					"name": "curl17",
					"parent": "curl16",
					"pivot": [-45.5, 7.5, -2],
					"rotation": [0, 15, 45],
					"cubes": [
						{"origin": [-48.5, 7.5, -2.5], "size": [3, 1, 1], "uv": [18, 45]}
					]
				}
			]
		}
	]
}