{
	"format_version": "1.8.0",
	"animations": {
		"animation.marshadow.ground_idle": {
			"loop": true,
			"bones": {
				"right_shadow_4": {
					"rotation": ["15-math.cos((query.anim_time)*90*2-270)*15", 0, 0]
				},
				"right_shadow_5": {
					"rotation": ["math.cos((query.anim_time)*90*2-315)*15", 0, 0]
				},
				"right_shadow_6": {
					"rotation": ["-math.cos((query.anim_time)*90*2-350)*25", 0, 0]
				},
				"left_shadow_4": {
					"rotation": ["15+math.cos((query.anim_time)*90*2-270)*15", 0, 0]
				},
				"left_shadow_5": {
					"rotation": ["-math.cos((query.anim_time)*90*2-315)*15", 0, 0]
				},
				"left_shadow_6": {
					"rotation": ["math.cos((query.anim_time)*90*2-350)*25", 0, 0]
				},
				"body": {
					"rotation": ["-1+2*math.sin(q.anim_time*90*1-20)", 0, 0],
					"position": [0, "-0.2*math.sin(q.anim_time*90*1)", 0.25]
				},
				"arm_right": {
					"rotation": [0, 0, "-49.953+Math.cos((query.anim_time) * 90 * 1 - 150) * 2"]
				},
				"hand_right_1": {
					"rotation": [0, 0, "-15+Math.cos((query.anim_time) * 90 * 1 - 240) * 3"]
				},
				"flamefist_alternate2": {
					"scale": [0.1, 0.1, 1]
				},
				"hand_right_2": {
					"rotation": [0, 0, -7.5]
				},
				"arm_left": {
					"rotation": [0, 0, "49.953+Math.cos((query.anim_time) * 90 * 1 - 150) * -2"]
				},
				"hand_left_1": {
					"rotation": [0, 0, "15+Math.cos((query.anim_time) * 90 * 1 - 240) * -3"]
				},
				"flamefist_alternate": {
					"scale": [0.1, 0.1, 1]
				},
				"hand_left_2": {
					"rotation": [0, 0, 7.5]
				},
				"scarf": {
					"scale": [1, "2-math.sin(q.anim_time*90*5*1-90)*0.02-1", "1.9-math.sin(q.anim_time*90*6*1)*0.01-1"]
				},
				"in_3": {
					"rotation": ["165.9046-1*math.sin(query.anim_time*180-110)*15", -20, 165.90463]
				},
				"in_4": {
					"rotation": ["5.5981-1*math.sin(query.anim_time*180-130)*20", -38.08904, -13.26799]
				},
				"scarf_alternate": {
					"scale": 0
				},
				"head": {
					"rotation": ["0-2*math.sin(q.anim_time*90*1+50)", 0, 0]
				},
				"hoot_alternate": {
					"scale": 0.1
				},
				"anthena_ball4": {
					"rotation": ["-2.4981+math.sin(q.anim_time*90*3*2-90)*1-1*6", -0.08722, "-2.4985+math.sin(q.anim_time*90*5-150)*2-1)+6*(math.sin(q.anim_time*90*5/2-90)*10"],
					"position": [0, 1, 0],
					"scale": [1, "2-math.sin(q.anim_time*90*5*2-90)*0.02-1", "1.9-math.sin(q.anim_time*90*6*2)*0.02-1"]
				},
				"bone5": {
					"rotation": ["-2.4981+math.sin(q.anim_time*90*3*2-90)*1-1*6", -0.08722, "-2.4985+math.sin(q.anim_time*90*5-150)*2-1)+6*(math.sin(q.anim_time*90*5/2-90)*10"],
					"scale": [1, "2-math.sin(q.anim_time*90*5*2-90)*0.02-1", "1.9-math.sin(q.anim_time*90*6*2)*0.02-1"]
				},
				"bone6": {
					"rotation": ["2.4981+math.sin(q.anim_time*90*3*2-90)*1-1*6", 0.0872, "2.4985+math.sin(q.anim_time*90*5-150)*2-1)+6*(math.sin(q.anim_time*90*5/2-90)*10"],
					"scale": [1, "2-math.sin(q.anim_time*90*5*2-90)*0.02-1", "1.9-math.sin(q.anim_time*90*6*2)*0.02-1"]
				}
			}
		},
		"animation.marshadow.sleep": {
			"loop": true,
			"bones": {
				"right_shadow_4": {
					"rotation": ["15-math.cos((query.anim_time)*90*2-270)*15", 0, 0]
				},
				"right_shadow_5": {
					"rotation": ["math.cos((query.anim_time)*90*2-315)*15", 0, 0]
				},
				"right_shadow_6": {
					"rotation": ["-math.cos((query.anim_time)*90*2-350)*25", 0, 0]
				},
				"left_shadow_4": {
					"rotation": ["15+math.cos((query.anim_time)*90*2-270)*15", 0, 0]
				},
				"left_shadow_5": {
					"rotation": ["-math.cos((query.anim_time)*90*2-315)*15", 0, 0]
				},
				"left_shadow_6": {
					"rotation": ["math.cos((query.anim_time)*90*2-350)*25", 0, 0]
				},
				"body": {
					"rotation": ["-1+2*math.sin(q.anim_time*90*1-20)", 0, 0],
					"position": [0, "-0.2*math.sin(q.anim_time*90*1)", 0.25]
				},
				"arm_right": {
					"rotation": [0, 0, "-49.953+Math.cos((query.anim_time) * 90 * 1 - 150) * 2"]
				},
				"hand_right_1": {
					"rotation": [0, 0, "-15+Math.cos((query.anim_time) * 90 * 1 - 240) * 3"]
				},
				"flamefist_alternate2": {
					"scale": [0.1, 0.1, 1]
				},
				"hand_right_2": {
					"rotation": [0, 0, -7.5]
				},
				"arm_left": {
					"rotation": [0, 0, "49.953+Math.cos((query.anim_time) * 90 * 1 - 150) * -2"]
				},
				"hand_left_1": {
					"rotation": [0, 0, "15+Math.cos((query.anim_time) * 90 * 1 - 240) * -3"]
				},
				"flamefist_alternate": {
					"scale": [0.1, 0.1, 1]
				},
				"hand_left_2": {
					"rotation": [0, 0, 7.5]
				},
				"scarf": {
					"scale": [1, "2-math.sin(q.anim_time*90*5*1-90)*0.02-1", "1.9-math.sin(q.anim_time*90*6*1)*0.01-1"]
				},
				"in_3": {
					"rotation": ["165.9046-1*math.sin(query.anim_time*180-110)*15", -20, 165.90463]
				},
				"in_4": {
					"rotation": ["5.5981-1*math.sin(query.anim_time*180-130)*20", -38.08904, -13.26799]
				},
				"scarf_alternate": {
					"scale": 0
				},
				"head": {
					"rotation": ["20-2*math.sin(q.anim_time*90*1+50)", 0, 0]
				},
				"hoot_alternate": {
					"scale": 0.1
				},
				"anthena_ball4": {
					"rotation": ["-2.4981+math.sin(q.anim_time*90*3*2-90)*1-1*6", -0.08722, "-2.4985+math.sin(q.anim_time*90*5-150)*2-1)+6*(math.sin(q.anim_time*90*5/2-90)*10"],
					"position": [0, 1, 0],
					"scale": [1, "2-math.sin(q.anim_time*90*5*2-90)*0.02-1", "1.9-math.sin(q.anim_time*90*6*2)*0.02-1"]
				},
				"bone5": {
					"rotation": ["-2.4981+math.sin(q.anim_time*90*3*2-90)*1-1*6", -0.08722, "-2.4985+math.sin(q.anim_time*90*5-150)*2-1)+6*(math.sin(q.anim_time*90*5/2-90)*10"],
					"scale": [1, "2-math.sin(q.anim_time*90*5*2-90)*0.02-1", "1.9-math.sin(q.anim_time*90*6*2)*0.02-1"]
				},
				"bone6": {
					"rotation": ["2.4981+math.sin(q.anim_time*90*3*2-90)*1-1*6", 0.0872, "2.4985+math.sin(q.anim_time*90*5-150)*2-1)+6*(math.sin(q.anim_time*90*5/2-90)*10"],
					"scale": [1, "2-math.sin(q.anim_time*90*5*2-90)*0.02-1", "1.9-math.sin(q.anim_time*90*6*2)*0.02-1"]
				},
				"eye_left": {
					"scale": [1, 0, 1]
				},
				"eye_right": {
					"scale": [1, 0, 1]
				}
			}
		},
		"animation.marshadow.battle_idle": {
			"loop": true,
			"bones": {
				"right_shadow_4": {
					"rotation": ["20-math.cos((query.anim_time)*90*2-270)*15", 0, 0],
					"scale": [0.1, 0.1, 0]
				},
				"right_shadow_5": {
					"rotation": ["math.cos((query.anim_time)*90*2-315)*15", 0, 0]
				},
				"right_shadow_6": {
					"rotation": ["-math.cos((query.anim_time)*90*2-350)*25", 0, 0]
				},
				"left_shadow_4": {
					"rotation": ["30+math.cos((query.anim_time)*90*2-270)*15", 0, 0],
					"scale": [0.1, 0.1, 0]
				},
				"left_shadow_5": {
					"rotation": ["-math.cos((query.anim_time)*90*2-315)*15", 0, 0]
				},
				"left_shadow_6": {
					"rotation": ["math.cos((query.anim_time)*90*2-350)*25", 0, 0]
				},
				"body": {
					"rotation": ["5.9139+1*math.sin(q.anim_time*90*8)", "34.0227-5*math.sin(q.anim_time*90*4-20)", "0.2853-1*math.sin(q.anim_time*90*1)"],
					"position": [0, "0.25+0.2*math.sin(q.anim_time*90*8)", 0.25]
				},
				"arm_right": {
					"rotation": [-7.76076, "27.9686-20*math.sin(q.anim_time*90*4)", -46.47272],
					"position": [-1, 0.5, 0.25]
				},
				"hand_right_1": {
					"rotation": [-26.00932, "-74.4271+9*math.sin(q.anim_time*90*4)", 26.44392]
				},
				"flamefist_alternate2": {
					"scale": 1
				},
				"hand_right_2": {
					"rotation": [0, 0, -7.5]
				},
				"arm_left": {
					"rotation": ["-11.011-5*math.sin(q.anim_time*90*4+50)", "22.5029-15*math.sin(q.anim_time*90*4)", "29.5478+5*math.sin(q.anim_time*90*4-20)"],
					"position": [1, 0.25, "0.5*math.sin(q.anim_time*90*4)"]
				},
				"hand_left_1": {
					"rotation": [-16.30513, "47.3481+20*math.sin(q.anim_time*90*4)", -3.9579]
				},
				"flamefist_alternate": {
					"scale": 1
				},
				"hand_left_2": {
					"rotation": [0, 0, 7.5]
				},
				"scarf": {
					"rotation": [0, -7.5, 0],
					"scale": 0.01
				},
				"in_3": {
					"rotation": ["-14.0954-1*math.sin(query.anim_time*180-110)*15", -35, -14.09535]
				},
				"in_4": {
					"rotation": ["5.5981-1*math.sin(query.anim_time*180-130)*20", -38.08904, -13.26799]
				},
				"scarf_alternate": {
					"scale": [1, "2-math.sin(q.anim_time*90*5*1-90)*0.02-1", "1.9-math.sin(q.anim_time*90*6*1)*0.01-1"]
				},
				"head": {
					"rotation": ["-1.6694+1*math.sin(q.anim_time*90*8-50)", "-29.1884+5*math.sin(q.anim_time*90*4-20)", 4.45075],
					"position": [0.15, 0, -0.2]
				},
				"hoot_alternate": {
					"scale": 1.01
				},
				"anthena_ball4": {
					"rotation": ["-2.4981+math.sin(q.anim_time*90*3*2-90)*1-1*6", -0.08722, "-2.4985+math.sin(q.anim_time*90*5-150)*2-1)+6*(math.sin(q.anim_time*90*5/2-90)*10"],
					"position": [0, 1, 0],
					"scale": [1, "2-math.sin(q.anim_time*90*5*2-90)*0.02-1", "1.9-math.sin(q.anim_time*90*6*2)*0.02-1"]
				},
				"bone5": {
					"rotation": ["-2.4981+math.sin(q.anim_time*90*3*2-90)*1-1*6", -0.08722, "-2.4985+math.sin(q.anim_time*90*5-150)*2-1)+6*(math.sin(q.anim_time*90*5/2-90)*10"],
					"scale": [1, "2-math.sin(q.anim_time*90*5*2-90)*0.02-1", "1.9-math.sin(q.anim_time*90*6*2)*0.02-1"]
				},
				"bone6": {
					"rotation": ["2.4981+math.sin(q.anim_time*90*3*2-90)*1-1*6", 0.0872, "2.4985+math.sin(q.anim_time*90*5-150)*2-1)+6*(math.sin(q.anim_time*90*5/2-90)*10"],
					"scale": [1, "2-math.sin(q.anim_time*90*5*2-90)*0.02-1", "1.9-math.sin(q.anim_time*90*6*2)*0.02-1"]
				},
				"left_leg": {
					"rotation": ["-22.5-1*math.sin(q.anim_time*90*8)", -17.5, "1*math.sin(q.anim_time*90*4)"],
					"position": ["-0.5+0.2*math.sin(q.anim_time*90*4)", "-0.9+0.1*math.sin(q.anim_time*90*8)", -1.75]
				},
				"left_leg_2": {
					"rotation": ["22.5193-2*math.sin(q.anim_time*90*4)", -2.30959, "-0.9572+2*math.sin(q.anim_time*90*4)"]
				},
				"right_leg": {
					"rotation": ["8.7486-5*math.sin(q.anim_time*90*4)", "54.7128-5*math.sin(q.anim_time*90*4)", 34.40719],
					"position": [0.25, "-1.1+0.1*math.sin(q.anim_time*90*8)", "1-0.2*math.sin(q.anim_time*90*4)"]
				},
				"right_leg_2": {
					"rotation": ["17.3517+10*math.sin(q.anim_time*90*4)", 7.04226, -16.68641]
				},
				"flamefist_right": {
					"scale": 0.01
				},
				"fire_effect3": {
					"rotation": [0, 0, "-66.5954+9*math.sin(q.anim_time*90*2-4)"],
					"scale": [1, "2-math.sin(q.anim_time*90*5*2-90)*0.04-1", "1.9-math.sin(q.anim_time*90*6*2)*0.04-1"]
				},
				"fire_effect4": {
					"rotation": [0, 0, "48.4046+9*math.sin(q.anim_time*180*2-4)"]
				},
				"flamefist_left": {
					"scale": 0.01
				},
				"fire_effect": {
					"rotation": [0, 0, "78.4046+9*math.sin(q.anim_time*90*2-4)"],
					"scale": [1, "2-math.sin(q.anim_time*90*5*2-90)*0.04-1", "1.9-math.sin(q.anim_time*90*6*2)*0.04-1"]
				},
				"fire_effect2": {
					"rotation": [0, 0, "-44.0954+9*math.sin(q.anim_time*180*2-4)"]
				},
				"in_6": {
					"rotation": ["-14.0954-1*math.sin(query.anim_time*270-110)*15", -52.5, -14.09535]
				},
				"in_7": {
					"rotation": ["5.5981-1*math.sin(query.anim_time*270-130)*20", -38.08904, -13.26799]
				},
				"bone3": {
					"rotation": ["0+Math.sin((query.anim_time) * 90 * 2) * 2", 0, "0+Math.cos((query.anim_time) * 90 * 2 - 40) * -4"],
					"scale": [1, "2-math.sin(q.anim_time*90*5*2-90)*0.02-1", "1.9-math.sin(q.anim_time*90*6*2)*0.02-1"]
				},
				"bone4": {
					"rotation": ["0+Math.sin((query.anim_time) * 90 * 2 - 90) * 2", 0, "0+Math.cos((query.anim_time) * 90 * 2 - 90) * -6"]
				},
				"bone2": {
					"rotation": ["0+Math.sin((query.anim_time) * 90 * 2) * 2", 0, "0+Math.cos((query.anim_time) * 90 * 2 - 40) * 4"],
					"scale": [1, "2-math.sin(q.anim_time*90*5*2-90)*0.02-1", "1.9-math.sin(q.anim_time*90*6*2)*0.02-1"]
				},
				"bone": {
					"rotation": ["0+Math.sin((query.anim_time) * 90 * 2 - 90) * 2", 0, "0+Math.cos((query.anim_time) * 90 * 2 - 90) * 6"]
				},
				"anthena_ball2": {
					"rotation": ["-2.4981+math.sin(q.anim_time*90*3*2-90)*1-1*6", -0.08722, "-2.4985+math.sin(q.anim_time*90*5-150)*2-1)+6*(math.sin(q.anim_time*90*5/2-90)*10"],
					"position": [0, 1, 0],
					"scale": [1, "2-math.sin(q.anim_time*90*5*2-90)*0.02-1", "1.9-math.sin(q.anim_time*90*6*2)*0.02-1"]
				},
				"hood_normal": {
					"scale": 0.01
				}
			}
		},
		"animation.marshadow.physical": {
			"loop": true,
			"animation_length": 2,
			"bones": {
				"right_shadow_4": {
					"rotation": ["20-math.cos((query.anim_time)*90*2-270)*15", 0, 0],
					"scale": [0.1, 0.1, 0]
				},
				"right_shadow_5": {
					"rotation": ["math.cos((query.anim_time)*90*2-315)*15", 0, 0]
				},
				"right_shadow_6": {
					"rotation": ["-math.cos((query.anim_time)*90*2-350)*25", 0, 0]
				},
				"left_shadow_4": {
					"rotation": ["30+math.cos((query.anim_time)*90*2-270)*15", 0, 0],
					"scale": [0.1, 0.1, 0]
				},
				"left_shadow_5": {
					"rotation": ["-math.cos((query.anim_time)*90*2-315)*15", 0, 0]
				},
				"left_shadow_6": {
					"rotation": ["math.cos((query.anim_time)*90*2-350)*25", 0, 0]
				},
				"body": {
					"rotation": {
						"0.0": [5.9139, 34.0227, 0.2853],
						"0.2083": [-0.01784, 19.9822, 0.01446],
						"0.2917": [12.47076, -55.0178, 0.04451],
						"0.3333": [7.47133, -19.18447, 0.02925],
						"0.375": {
							"pre": [9.97247, 52.4822, -0.00128],
							"post": [9.97247, 52.4822, -0.00128],
							"lerp_mode": "catmullrom"
						},
						"0.5": {
							"post": [-0.02892, 54.82509, -0.00339],
							"lerp_mode": "catmullrom"
						},
						"2.0": [5.9139, 34.0227, 0.2853]
					},
					"position": {
						"0.0": [0, 0.25, 0.25],
						"0.2083": [0, -0.6, 0],
						"0.2917": [0, -0.6, -0.5],
						"0.3333": [0, -0.6, 0],
						"0.375": [0, -0.6, -0.75],
						"0.5": [0, -0.6, 0],
						"2.0": [0, 0.25, 0.25]
					}
				},
				"arm_right": {
					"rotation": [-7.76076, 27.9686, -46.47272],
					"position": [-1, 0.5, 0.25]
				},
				"hand_right_1": {
					"rotation": [-26.00932, -74.4271, 26.44392]
				},
				"flamefist_alternate2": {
					"scale": 1
				},
				"hand_right_2": {
					"rotation": [0, 0, -7.5]
				},
				"arm_left": {
					"rotation": [-11.011, 22.5029, 29.5478],
					"position": [1, 0.25, 0.5],
					"scale": {
						"0.3333": [1, 1, 1],
						"0.375": [1.7, 1, 1],
						"0.4167": [1, 1, 1]
					}
				},
				"hand_left_1": {
					"rotation": [-16.30513, 47.3481, -3.9579]
				},
				"flamefist_alternate": {
					"scale": 1
				},
				"hand_left_2": {
					"rotation": [0, 0, 7.5]
				},
				"scarf": {
					"rotation": [0, -7.5, 0],
					"scale": 0.01
				},
				"in_3": {
					"rotation": ["-14.0954-1*math.sin(query.anim_time*180-110)*15", -35, -14.09535]
				},
				"in_4": {
					"rotation": ["5.5981-1*math.sin(query.anim_time*180-130)*20", -38.08904, -13.26799]
				},
				"head": {
					"rotation": {
						"0.0": [-1.6694, -29.1884, 4.45075],
						"0.2083": [19.6586, -9.52438, -3.88326],
						"0.2917": [29.95875, 48.36493, 22.80549],
						"0.375": {
							"pre": [21.64651, -25.91799, -10.34124],
							"post": [21.64651, -25.91799, -10.34124],
							"lerp_mode": "catmullrom"
						},
						"0.5417": {
							"post": [21.64651, -25.91799, -10.34124],
							"lerp_mode": "catmullrom"
						},
						"1.125": {
							"post": [12.87227, -29.01271, -0.64854],
							"lerp_mode": "catmullrom"
						},
						"2.0": [-1.6694, -29.1884, 4.45075]
					},
					"position": {
						"0.0": [0.15, 0, -0.2],
						"2.0": [0.15, 0, -0.2]
					}
				},
				"hoot_alternate": {
					"scale": 1.01
				},
				"anthena_ball4": {
					"rotation": ["-2.4981+math.sin(q.anim_time*90*3*2-90)*1-1*6", -0.08722, "-2.4985+math.sin(q.anim_time*90*5-150)*2-1)+6*(math.sin(q.anim_time*90*5/2-90)*10"],
					"position": [0, 1, 0],
					"scale": [1, "2-math.sin(q.anim_time*90*5*2-90)*0.02-1", "1.9-math.sin(q.anim_time*90*6*2)*0.02-1"]
				},
				"bone5": {
					"rotation": ["-2.4981+math.sin(q.anim_time*90*3*2-90)*1-1*6", -0.08722, "-2.4985+math.sin(q.anim_time*90*5-150)*2-1)+6*(math.sin(q.anim_time*90*5/2-90)*10"],
					"scale": [1, "2-math.sin(q.anim_time*90*5*2-90)*0.02-1", "1.9-math.sin(q.anim_time*90*6*2)*0.02-1"]
				},
				"bone6": {
					"rotation": ["2.4981+math.sin(q.anim_time*90*3*2-90)*1-1*6", 0.0872, "2.4985+math.sin(q.anim_time*90*5-150)*2-1)+6*(math.sin(q.anim_time*90*5/2-90)*10"],
					"scale": [1, "2-math.sin(q.anim_time*90*5*2-90)*0.02-1", "1.9-math.sin(q.anim_time*90*6*2)*0.02-1"]
				},
				"left_leg": {
					"rotation": [-22.5, -17.5, 1],
					"position": [-0.5, -0.9, -1.75]
				},
				"left_leg_2": {
					"rotation": [22.5193, -2.30959, -0.9572]
				},
				"right_leg": {
					"rotation": [8.7486, 54.7128, 34.40719],
					"position": [0.25, -1.1, 1]
				},
				"right_leg_2": {
					"rotation": [17.3517, 7.04226, -16.68641]
				},
				"flamefist_right": {
					"scale": 0.01
				},
				"fire_effect3": {
					"rotation": [0, 0, "-66.5954+9*math.sin(q.anim_time*90*2-4)"],
					"scale": [1, "2-math.sin(q.anim_time*90*5*2-90)*0.04-1", "1.9-math.sin(q.anim_time*90*6*2)*0.04-1"]
				},
				"fire_effect4": {
					"rotation": [0, 0, "48.4046+9*math.sin(q.anim_time*180*2-4)"]
				},
				"flamefist_left": {
					"scale": 0.01
				},
				"fire_effect": {
					"rotation": [0, 0, "78.4046+9*math.sin(q.anim_time*90*2-4)"],
					"scale": [1, "2-math.sin(q.anim_time*90*5*2-90)*0.04-1", "1.9-math.sin(q.anim_time*90*6*2)*0.04-1"]
				},
				"fire_effect2": {
					"rotation": [0, 0, "-44.0954+9*math.sin(q.anim_time*180*2-4)"]
				},
				"bone3": {
					"rotation": ["0+Math.sin((query.anim_time) * 90 * 2) * 2", 0, "0+Math.cos((query.anim_time) * 90 * 2 - 40) * -4"],
					"scale": {
						"0.0": [1, "2-math.sin(q.anim_time*90*5*2-90)*0.02-1", "1.9-math.sin(q.anim_time*90*6*2)*0.02-1"],
						"0.3333": [1, 1, 1],
						"0.375": [1, 1.7, 1],
						"0.4167": [1, "2-math.sin(q.anim_time*90*5*2-90)*0.02-1", "1.9-math.sin(q.anim_time*90*6*2)*0.02-1"]
					}
				},
				"bone4": {
					"rotation": ["0+Math.sin((query.anim_time) * 90 * 2 - 90) * 2", 0, "0+Math.cos((query.anim_time) * 90 * 2 - 90) * -6"]
				},
				"bone2": {
					"rotation": ["0+Math.sin((query.anim_time) * 90 * 2) * 2", 0, "0+Math.cos((query.anim_time) * 90 * 2 - 40) * 4"],
					"scale": {
						"0.0": [1, "2-math.sin(q.anim_time*90*5*2-90)*0.02-1", "1.9-math.sin(q.anim_time*90*6*2)*0.02-1"],
						"0.3333": [1, 1, 1],
						"0.375": [1, 1.7, 1],
						"0.4167": [1, "2-math.sin(q.anim_time*90*5*2-90)*0.02-1", "1.9-math.sin(q.anim_time*90*6*2)*0.02-1"]
					}
				},
				"bone": {
					"rotation": ["0+Math.sin((query.anim_time) * 90 * 2 - 90) * 2", 0, "0+Math.cos((query.anim_time) * 90 * 2 - 90) * 6"]
				},
				"anthena_ball2": {
					"rotation": ["-2.4981+math.sin(q.anim_time*90*3*2-90)*1-1*6", -0.08722, "-2.4985+math.sin(q.anim_time*90*5-150)*2-1)+6*(math.sin(q.anim_time*90*5/2-90)*10"],
					"position": [0, 1, 0],
					"scale": [1, "2-math.sin(q.anim_time*90*5*2-90)*0.02-1", "1.9-math.sin(q.anim_time*90*6*2)*0.02-1"]
				},
				"hood_normal": {
					"scale": 0.01
				},
				"in_6": {
					"rotation": ["6.9733+math.sin(q.anim_time*90*3*2-90)*1-1*6", "-32.586+math.sin(q.anim_time*90*5-150)*2-1)+6*(math.sin(q.anim_time*90*5/2-90)*10", 0]
				},
				"in_7": {
					"rotation": ["6.9733+math.sin(q.anim_time*90*3*2-90)*1-1*6", "-32.586+math.sin(q.anim_time*90*5-150)*2-1)+6*(math.sin(q.anim_time*90*5/2-90)*10", 0]
				},
				"whole_body": {
					"position": {
						"0.375": [0, 0, 0],
						"0.4167": [0, -1, 0],
						"0.4583": [0, 0.1, 0],
						"0.5": [0, -0.8, 0],
						"0.5417": [0, 0.1, 0],
						"0.5833": [0, -0.4, 0],
						"0.6667": [0, 0, 0]
					}
				}
			}
		},
		"animation.marshadow.status": {
			"loop": true,
			"animation_length": 2.9167,
			"bones": {
				"right_shadow_4": {
					"rotation": ["20-math.cos((query.anim_time)*90*2-270)*15", 0, 0],
					"scale": [0.1, 0.1, 0]
				},
				"right_shadow_5": {
					"rotation": ["math.cos((query.anim_time)*90*2-315)*15", 0, 0]
				},
				"right_shadow_6": {
					"rotation": ["-math.cos((query.anim_time)*90*2-350)*25", 0, 0]
				},
				"left_shadow_4": {
					"rotation": ["30+math.cos((query.anim_time)*90*2-270)*15", 0, 0],
					"scale": [0.1, 0.1, 0]
				},
				"left_shadow_5": {
					"rotation": ["-math.cos((query.anim_time)*90*2-315)*15", 0, 0]
				},
				"left_shadow_6": {
					"rotation": ["math.cos((query.anim_time)*90*2-350)*25", 0, 0]
				},
				"body": {
					"rotation": {
						"0.0": {
							"post": [5.9139, 34.0227, 0.2853],
							"lerp_mode": "catmullrom"
						},
						"0.5": {
							"post": [5.53754, 6.41121, 0.03084],
							"lerp_mode": "catmullrom"
						},
						"1.7083": {
							"post": [5.53754, 6.41121, 0.03084],
							"lerp_mode": "catmullrom"
						},
						"2.9167": {
							"post": [5.9139, 34.0227, 0.2853],
							"lerp_mode": "catmullrom"
						}
					},
					"position": [0, 0.25, 0.25]
				},
				"arm_right": {
					"rotation": [-7.76076, 27.9686, -46.47272],
					"position": [-1, 0.5, 0.25]
				},
				"hand_right_1": {
					"rotation": [-26.00932, -74.4271, 26.44392]
				},
				"flamefist_alternate2": {
					"scale": 1
				},
				"hand_right_2": {
					"rotation": [0, 0, -7.5]
				},
				"arm_left": {
					"rotation": [-11.011, 22.5029, 29.5478],
					"position": [1, 0.25, 0.5]
				},
				"hand_left_1": {
					"rotation": [-16.30513, 47.3481, -3.9579]
				},
				"flamefist_alternate": {
					"scale": 1
				},
				"hand_left_2": {
					"rotation": [0, 0, 7.5]
				},
				"scarf": {
					"rotation": [0, -7.5, 0],
					"scale": 0.01
				},
				"in_3": {
					"rotation": ["-14.0954-1*math.sin(query.anim_time*180-110)*15", -35, -14.09535]
				},
				"in_4": {
					"rotation": ["5.5981-1*math.sin(query.anim_time*180-130)*20", -38.08904, -13.26799]
				},
				"head": {
					"rotation": {
						"0.0": [-1.6694, -29.1884, 4.45075],
						"0.25": {
							"pre": [10, 0, 0],
							"post": [10, 0, 0],
							"lerp_mode": "catmullrom"
						},
						"0.5": {
							"post": [1.85, 0, 0],
							"lerp_mode": "catmullrom"
						},
						"0.7083": {
							"post": [-6.83, 0, 0],
							"lerp_mode": "catmullrom"
						},
						"1.0": {
							"post": [0, 0, 0],
							"lerp_mode": "catmullrom"
						},
						"1.875": {
							"post": [2.5, 0, 0],
							"lerp_mode": "catmullrom"
						},
						"2.75": [-1.6694, -29.1884, 4.45075]
					},
					"position": [0.15, 0, -0.2]
				},
				"hoot_alternate": {
					"scale": 1.01
				},
				"anthena_ball4": {
					"rotation": ["-2.4981+math.sin(q.anim_time*90*3*2-90)*1-1*6", -0.08722, "-2.4985+math.sin(q.anim_time*90*5-150)*2-1)+6*(math.sin(q.anim_time*90*5/2-90)*10"],
					"position": [0, 1, 0],
					"scale": [1, "2-math.sin(q.anim_time*90*5*2-90)*0.02-1", "1.9-math.sin(q.anim_time*90*6*2)*0.02-1"]
				},
				"bone5": {
					"rotation": ["-2.4981+math.sin(q.anim_time*90*3*2-90)*1-1*6", -0.08722, "-2.4985+math.sin(q.anim_time*90*5-150)*2-1)+6*(math.sin(q.anim_time*90*5/2-90)*10"],
					"scale": [1, "2-math.sin(q.anim_time*90*5*2-90)*0.02-1", "1.9-math.sin(q.anim_time*90*6*2)*0.02-1"]
				},
				"bone6": {
					"rotation": ["2.4981+math.sin(q.anim_time*90*3*2-90)*1-1*6", 0.0872, "2.4985+math.sin(q.anim_time*90*5-150)*2-1)+6*(math.sin(q.anim_time*90*5/2-90)*10"],
					"scale": [1, "2-math.sin(q.anim_time*90*5*2-90)*0.02-1", "1.9-math.sin(q.anim_time*90*6*2)*0.02-1"]
				},
				"left_leg": {
					"rotation": [-22.5, -17.5, 1],
					"position": [-0.5, -0.9, -1.75]
				},
				"left_leg_2": {
					"rotation": [22.5193, -2.30959, -0.9572]
				},
				"right_leg": {
					"rotation": [8.7486, 54.7128, 34.40719],
					"position": [0.25, -1.1, 1]
				},
				"right_leg_2": {
					"rotation": [17.3517, 7.04226, -16.68641]
				},
				"flamefist_right": {
					"scale": 0.01
				},
				"fire_effect3": {
					"rotation": [0, 0, "-66.5954+9*math.sin(q.anim_time*90*2-4)"],
					"scale": [1, "2-math.sin(q.anim_time*90*5*2-90)*0.04-1", "1.9-math.sin(q.anim_time*90*6*2)*0.04-1"]
				},
				"fire_effect4": {
					"rotation": [0, 0, "48.4046+9*math.sin(q.anim_time*180*2-4)"]
				},
				"flamefist_left": {
					"scale": 0.01
				},
				"fire_effect": {
					"rotation": [0, 0, "78.4046+9*math.sin(q.anim_time*90*2-4)"],
					"scale": [1, "2-math.sin(q.anim_time*90*5*2-90)*0.04-1", "1.9-math.sin(q.anim_time*90*6*2)*0.04-1"]
				},
				"fire_effect2": {
					"rotation": [0, 0, "-44.0954+9*math.sin(q.anim_time*180*2-4)"]
				},
				"bone3": {
					"rotation": ["0+Math.sin((query.anim_time) * 90 * 2) * 2", 0, "0+Math.cos((query.anim_time) * 90 * 2 - 40) * -4"],
					"scale": {
						"0.0": [1, "2-math.sin(q.anim_time*90*5*2-90)*0.02-1", "1.9-math.sin(q.anim_time*90*6*2)*0.02-1"],
						"0.9167": [1, 1, 1],
						"1.0": ["2+math.cos(q.anim_time*90*4*20+90)*1/2", "2.3+math.cos(q.anim_time*90*4*20)*1", 1],
						"1.5833": ["2+math.cos(q.anim_time*90*4*20+90)*1/2", "2.3+math.cos(q.anim_time*90*4*20)*1", 1],
						"2.5": [1, 1, 1]
					}
				},
				"bone4": {
					"rotation": ["0+Math.sin((query.anim_time) * 90 * 2 - 90) * 2", 0, "0+Math.cos((query.anim_time) * 90 * 2 - 90) * -6"]
				},
				"bone2": {
					"rotation": ["0+Math.sin((query.anim_time) * 90 * 2) * 2", 0, "0+Math.cos((query.anim_time) * 90 * 2 - 40) * 4"],
					"scale": {
						"0.0": [1, "2-math.sin(q.anim_time*90*5*2-90)*0.02-1", "1.9-math.sin(q.anim_time*90*6*2)*0.02-1"],
						"0.9167": [1, 1, 1],
						"1.0": ["2+math.cos(q.anim_time*90*4*20+90)*1/2", "2.3+math.cos(q.anim_time*90*4*20)*1", 1],
						"1.5833": ["2+math.cos(q.anim_time*90*4*20+90)*1/2", "2.3+math.cos(q.anim_time*90*4*20)*1", 1],
						"2.5": [1, 1, 1]
					}
				},
				"bone": {
					"rotation": ["0+Math.sin((query.anim_time) * 90 * 2 - 90) * 2", 0, "0+Math.cos((query.anim_time) * 90 * 2 - 90) * 6"]
				},
				"anthena_ball2": {
					"rotation": ["-2.4981+math.sin(q.anim_time*90*3*2-90)*1-1*6", -0.08722, "-2.4985+math.sin(q.anim_time*90*5-150)*2-1)+6*(math.sin(q.anim_time*90*5/2-90)*10"],
					"position": [0, 1, 0],
					"scale": [1, "2-math.sin(q.anim_time*90*5*2-90)*0.02-1", "1.9-math.sin(q.anim_time*90*6*2)*0.02-1"]
				},
				"hood_normal": {
					"scale": 0.01
				},
				"body_shake": {
					"rotation": {
						"0.0": [0, 0, 0],
						"0.1667": {
							"pre": [2.5, 0, 0],
							"post": [2.5, 0, 0],
							"lerp_mode": "catmullrom"
						},
						"0.4583": {
							"post": [-5, 0, 0],
							"lerp_mode": "catmullrom"
						},
						"0.7917": {
							"post": [9, 0, 0],
							"lerp_mode": "catmullrom"
						},
						"1.0417": {
							"post": [10.09, 0, 0],
							"lerp_mode": "catmullrom"
						},
						"1.5417": {
							"post": [9, 0, 0],
							"lerp_mode": "catmullrom"
						},
						"2.1667": {
							"post": [0.5, 0, 0],
							"lerp_mode": "catmullrom"
						},
						"2.9167": [0, 0, 0]
					},
					"position": {
						"0.625": [0, 0, 0],
						"1.3333": [0, "-0.2*math.sin(q.anim_time*90*70)", 0],
						"1.7083": [0, 0, 0]
					}
				}
			}
		},
		"animation.marshadow.ground_walk": {
			"loop": true,
			"animation_length": 4,
			"bones": {
				"left_leg": {
					"rotation": {
						"0.0": {
							"post": [-3.54, 0, 0],
							"lerp_mode": "catmullrom"
						},
						"0.2917": {
							"post": [-22.5, 0, 0],
							"lerp_mode": "catmullrom"
						},
						"0.375": {
							"post": [-8.73, 0, 0],
							"lerp_mode": "catmullrom"
						},
						"0.6667": {
							"post": [1.25, 0, 0],
							"lerp_mode": "catmullrom"
						},
						"1.0": {
							"post": [20, 0, 0],
							"lerp_mode": "catmullrom"
						},
						"1.3333": {
							"post": [-3.54, 0, 0],
							"lerp_mode": "catmullrom"
						},
						"1.625": {
							"post": [-22.5, 0, 0],
							"lerp_mode": "catmullrom"
						},
						"1.75": {
							"post": [-8.73, 0, 0],
							"lerp_mode": "catmullrom"
						},
						"2.0": {
							"post": [1.25, 0, 0],
							"lerp_mode": "catmullrom"
						},
						"2.3333": {
							"post": [20, 0, 0],
							"lerp_mode": "catmullrom"
						},
						"2.6667": {
							"post": [-3.54, 0, 0],
							"lerp_mode": "catmullrom"
						},
						"2.9583": {
							"post": [-22.5, 0, 0],
							"lerp_mode": "catmullrom"
						},
						"3.0833": {
							"post": [-8.73, 0, 0],
							"lerp_mode": "catmullrom"
						},
						"3.3333": {
							"post": [1.25, 0, 0],
							"lerp_mode": "catmullrom"
						},
						"3.6667": {
							"post": [20, 0, 0],
							"lerp_mode": "catmullrom"
						},
						"4.0": {
							"post": [-3.54, 0, 0],
							"lerp_mode": "catmullrom"
						}
					},
					"position": [0, "math.clamp(1*math.cos(q.anim_time*90*3),0,2)", "-1*math.sin(q.anim_time*90*1)"]
				},
				"left_leg_2": {
					"rotation": {
						"0.0": {
							"post": [59.1, 0, 0],
							"lerp_mode": "catmullrom"
						},
						"0.3333": {
							"post": [-2.5, 0, 0],
							"lerp_mode": "catmullrom"
						},
						"0.4167": {
							"post": [5.55, 0, 0],
							"lerp_mode": "catmullrom"
						},
						"0.6667": {
							"post": [1.66, 0, 0],
							"lerp_mode": "catmullrom"
						},
						"1.0": {
							"post": [-2.5, 0, 0],
							"lerp_mode": "catmullrom"
						},
						"1.1667": {
							"post": [19.22, 0, 0],
							"lerp_mode": "catmullrom"
						},
						"1.3333": {
							"post": [59.1, 0, 0],
							"lerp_mode": "catmullrom"
						},
						"1.6667": {
							"post": [-2.5, 0, 0],
							"lerp_mode": "catmullrom"
						},
						"1.75": {
							"post": [5.55, 0, 0],
							"lerp_mode": "catmullrom"
						},
						"2.0": {
							"post": [1.66, 0, 0],
							"lerp_mode": "catmullrom"
						},
						"2.3333": {
							"post": [-2.5, 0, 0],
							"lerp_mode": "catmullrom"
						},
						"2.5": {
							"post": [19.22, 0, 0],
							"lerp_mode": "catmullrom"
						},
						"2.6667": {
							"post": [59.1, 0, 0],
							"lerp_mode": "catmullrom"
						},
						"3.0": {
							"post": [-2.5, 0, 0],
							"lerp_mode": "catmullrom"
						},
						"3.0833": {
							"post": [5.55, 0, 0],
							"lerp_mode": "catmullrom"
						},
						"3.3333": {
							"post": [1.66, 0, 0],
							"lerp_mode": "catmullrom"
						},
						"3.6667": {
							"post": [-2.5, 0, 0],
							"lerp_mode": "catmullrom"
						},
						"3.8333": {
							"post": [19.22, 0, 0],
							"lerp_mode": "catmullrom"
						},
						"4.0": {
							"post": [59.1, 0, 0],
							"lerp_mode": "catmullrom"
						}
					}
				},
				"right_shadow_4": {
					"scale": [1, 1, 0]
				},
				"right_leg": {
					"rotation": {
						"0.0": {
							"post": [1.25, 0, 0],
							"lerp_mode": "catmullrom"
						},
						"0.3333": {
							"post": [20, 0, 0],
							"lerp_mode": "catmullrom"
						},
						"0.6667": {
							"post": [-3.54, 0, 0],
							"lerp_mode": "catmullrom"
						},
						"0.9583": {
							"post": [-22.5, 0, 0],
							"lerp_mode": "catmullrom"
						},
						"1.0417": {
							"post": [-8.73, 0, 0],
							"lerp_mode": "catmullrom"
						},
						"1.3333": {
							"post": [1.25, 0, 0],
							"lerp_mode": "catmullrom"
						},
						"1.6667": {
							"post": [20, 0, 0],
							"lerp_mode": "catmullrom"
						},
						"2.0": {
							"post": [-3.54, 0, 0],
							"lerp_mode": "catmullrom"
						},
						"2.2917": {
							"post": [-22.5, 0, 0],
							"lerp_mode": "catmullrom"
						},
						"2.4167": {
							"post": [-8.73, 0, 0],
							"lerp_mode": "catmullrom"
						},
						"2.6667": {
							"post": [1.25, 0, 0],
							"lerp_mode": "catmullrom"
						},
						"3.0": {
							"post": [20, 0, 0],
							"lerp_mode": "catmullrom"
						},
						"3.3333": {
							"post": [-3.54, 0, 0],
							"lerp_mode": "catmullrom"
						},
						"3.625": {
							"post": [-22.5, 0, 0],
							"lerp_mode": "catmullrom"
						},
						"3.75": {
							"post": [-8.73, 0, 0],
							"lerp_mode": "catmullrom"
						},
						"4.0": {
							"post": [1.25, 0, 0],
							"lerp_mode": "catmullrom"
						}
					},
					"position": [0, "math.clamp(-1*math.cos(q.anim_time*90*3),0,2)", "1*math.sin(q.anim_time*90*1)"]
				},
				"right_leg_2": {
					"rotation": {
						"0.0": {
							"post": [1.66, 0, 0],
							"lerp_mode": "catmullrom"
						},
						"0.3333": {
							"post": [-2.5, 0, 0],
							"lerp_mode": "catmullrom"
						},
						"0.5": {
							"post": [19.22, 0, 0],
							"lerp_mode": "catmullrom"
						},
						"0.6667": {
							"post": [59.1, 0, 0],
							"lerp_mode": "catmullrom"
						},
						"1.0": {
							"post": [-2.5, 0, 0],
							"lerp_mode": "catmullrom"
						},
						"1.0833": {
							"post": [5.55, 0, 0],
							"lerp_mode": "catmullrom"
						},
						"1.3333": {
							"post": [1.66, 0, 0],
							"lerp_mode": "catmullrom"
						},
						"1.6667": {
							"post": [-2.5, 0, 0],
							"lerp_mode": "catmullrom"
						},
						"1.8333": {
							"post": [19.22, 0, 0],
							"lerp_mode": "catmullrom"
						},
						"2.0": {
							"post": [59.1, 0, 0],
							"lerp_mode": "catmullrom"
						},
						"2.3333": {
							"post": [-2.5, 0, 0],
							"lerp_mode": "catmullrom"
						},
						"2.4167": {
							"post": [5.55, 0, 0],
							"lerp_mode": "catmullrom"
						},
						"2.6667": {
							"post": [1.66, 0, 0],
							"lerp_mode": "catmullrom"
						},
						"3.0": {
							"post": [-2.5, 0, 0],
							"lerp_mode": "catmullrom"
						},
						"3.1667": {
							"post": [19.22, 0, 0],
							"lerp_mode": "catmullrom"
						},
						"3.3333": {
							"post": [59.1, 0, 0],
							"lerp_mode": "catmullrom"
						},
						"3.6667": {
							"post": [-2.5, 0, 0],
							"lerp_mode": "catmullrom"
						},
						"3.75": {
							"post": [5.55, 0, 0],
							"lerp_mode": "catmullrom"
						},
						"4.0": {
							"post": [1.66, 0, 0],
							"lerp_mode": "catmullrom"
						}
					}
				},
				"left_shadow_4": {
					"scale": [1, 1, 0]
				},
				"body": {
					"rotation": ["5+2*math.sin(q.anim_time*90*6-50)", "-16*math.sin(q.anim_time*90*3-20)", "1*math.sin(q.anim_time*90*1)"],
					"position": {
						"0.0": {
							"post": [0, 0.09, 0],
							"lerp_mode": "catmullrom"
						},
						"0.375": {
							"post": [0, 0.25, 0],
							"lerp_mode": "catmullrom"
						},
						"0.4583": {
							"post": [0, 0.02, 0],
							"lerp_mode": "catmullrom"
						},
						"1.0417": {
							"post": [0, 0.25, 0],
							"lerp_mode": "catmullrom"
						},
						"1.125": {
							"post": [0, 0.02, 0],
							"lerp_mode": "catmullrom"
						},
						"1.3333": {
							"post": [0, 0.09, 0],
							"lerp_mode": "catmullrom"
						},
						"1.75": {
							"post": [0, 0.25, 0],
							"lerp_mode": "catmullrom"
						},
						"1.7917": {
							"post": [0, 0.02, 0],
							"lerp_mode": "catmullrom"
						},
						"2.4167": {
							"post": [0, 0.25, 0],
							"lerp_mode": "catmullrom"
						},
						"2.4583": {
							"post": [0, 0.02, 0],
							"lerp_mode": "catmullrom"
						},
						"2.6667": {
							"post": [0, 0.09, 0],
							"lerp_mode": "catmullrom"
						},
						"3.0833": {
							"post": [0, 0.25, 0],
							"lerp_mode": "catmullrom"
						},
						"3.125": {
							"post": [0, 0.02, 0],
							"lerp_mode": "catmullrom"
						},
						"3.75": {
							"post": [0, 0.25, 0],
							"lerp_mode": "catmullrom"
						},
						"3.7917": {
							"post": [0, 0.02, 0],
							"lerp_mode": "catmullrom"
						},
						"4.0": {
							"post": [0, 0.09, 0],
							"lerp_mode": "catmullrom"
						}
					}
				},
				"arm_right": {
					"rotation": ["-0.8704+20*math.sin(q.anim_time*90*3+30)", "-0.0762-20*math.sin(q.anim_time*90*3+30)", "-60.0374+2*math.sin(q.anim_time*90*6+90)"],
					"position": [-1, 0, "-0.2*math.sin(q.anim_time*90*3)"]
				},
				"hand_right_1": {
					"rotation": [0, "-10-10*math.sin(q.anim_time*90*3-60)", 0]
				},
				"flamefist_alternate2": {
					"scale": 0
				},
				"hand_right_2": {
					"rotation": [0, 0, -7.5]
				},
				"arm_left": {
					"rotation": ["-0.8704-20*math.sin(q.anim_time*90*3+30)", "0.0762-10*math.sin(q.anim_time*90*3+30)", "60.0374-2*math.sin(q.anim_time*90*6+90)"],
					"position": [1, 0, "0.2*math.sin(q.anim_time*90*3)"]
				},
				"hand_left_1": {
					"rotation": [0, "10-10*math.sin(q.anim_time*90*3-60)", 0]
				},
				"flamefist_alternate": {
					"scale": 0
				},
				"hand_left_2": {
					"rotation": [0, 0, 7.5]
				},
				"in_3": {
					"rotation": ["-14.0954-1*math.sin(query.anim_time*270-110)*15", -32.5, -14.09535]
				},
				"in_4": {
					"rotation": ["5.5981-1*math.sin(query.anim_time*270-130)*20", -38.08904, -13.26799]
				},
				"scarf_alternate": {
					"scale": 0
				},
				"head": {
					"rotation": ["-2.5+2*math.sin(q.anim_time*90*6+30)", "0+12*math.sin(q.anim_time*90*3)", 0]
				},
				"hoot_alternate": {
					"scale": 0
				},
				"bone6": {
					"rotation": ["2.4981+math.sin(q.anim_time*90*3*2-90)*1-1*6", 0.0872, "2.4985+math.sin(q.anim_time*90*5-150)*2-1)+6*(math.sin(q.anim_time*90*5/2-90)*10"],
					"scale": [1, "2-math.sin(q.anim_time*90*5*2-90)*0.02-1", "1.9-math.sin(q.anim_time*90*6*2)*0.02-1"]
				},
				"bone5": {
					"rotation": ["-2.4981+math.sin(q.anim_time*90*3*2-90)*1-1*6", -0.08722, "-2.4985+math.sin(q.anim_time*90*5-150)*2-1)+6*(math.sin(q.anim_time*90*5/2-90)*10"],
					"scale": [1, "2-math.sin(q.anim_time*90*5*2-90)*0.02-1", "1.9-math.sin(q.anim_time*90*6*2)*0.02-1"]
				},
				"anthena_ball4": {
					"rotation": ["-7.5+2*math.sin(q.anim_time*90*6+30)", "0+20*math.sin(q.anim_time*90*3)", 0],
					"scale": [1, "2-math.sin(q.anim_time*90*5*2-90)*0.02-1", "1.9-math.sin(q.anim_time*90*6*2)*0.02-1"]
				}
			}
		},
		"animation.marshadow.recoil": {
			"animation_length": 1.5,
			"bones": {
				"body": {
					"rotation": {
						"0.0": [0, 0, 0],
						"0.125": {
							"pre": [-8, 1, 0],
							"post": [-8, 1, 0],
							"lerp_mode": "catmullrom"
						},
						"0.8333": {
							"post": [1, 0, 0],
							"lerp_mode": "catmullrom"
						},
						"1.5": [0, 0, 0]
					}
				},
				"head": {
					"rotation": {
						"0.0": [0, 0, 0],
						"0.0417": {
							"pre": [17.5, 0, 0],
							"post": [17.5, 0, 0],
							"lerp_mode": "catmullrom"
						},
						"0.4583": {
							"post": [-5.4, 1.5, 0],
							"lerp_mode": "catmullrom"
						},
						"1.1667": {
							"post": [-0.3, 0, 0],
							"lerp_mode": "catmullrom"
						},
						"1.5": [0, 0, 0]
					}
				}
			}
		},
		"animation.marshadow.blink": {
			"animation_length": 0.625,
			"bones": {
				"eye_left": {
					"scale": {
						"0.0": [1, 1, 1],
						"0.2083": [1, 1, 1],
						"0.2917": [1, 0, 1],
						"0.375": [1, 0, 1],
						"0.4583": [1, 1.1, 1],
						"0.5": [1, 1, 1],
						"0.625": [1, 1, 1]
					}
				},
				"eye_right": {
					"scale": {
						"0.0": [1, 1, 1],
						"0.2083": [1, 1, 1],
						"0.2917": [1, 0, 1],
						"0.375": [1, 0, 1],
						"0.4583": [1, 1.1, 1],
						"0.5": [1, 1, 1],
						"0.625": [1, 1, 1]
					}
				}
			}
		},
		"animation.marshadow.cry": {
			"animation_length": 1.5,
			"bones": {
				"head": {
					"rotation": {
						"0.0": {
							"post": [0, 0, 0],
							"lerp_mode": "catmullrom"
						},
						"0.2083": {
							"post": [10, 0, 0],
							"lerp_mode": "catmullrom"
						},
						"0.4583": {
							"post": [-15, 0, 0],
							"lerp_mode": "catmullrom"
						},
						"1.0": {
							"post": [-15, 0, 0],
							"lerp_mode": "catmullrom"
						},
						"1.25": {
							"post": [5, 0, 0],
							"lerp_mode": "catmullrom"
						},
						"1.5": {
							"post": [0, 0, 0],
							"lerp_mode": "catmullrom"
						}
					}
				}
			}
		}
	}
}