{
	"format_version": "1.8.0",
	"animations": {
		"animation.necrozma_dusk_mane.ground_idle": {
			"loop": true,
			"animation_length": 4,
			"bones": {
				"eye": {
					"rotation": [0, 0, 0],
					"position": [0, -0.2, 0.2]
				},
				"body": {
					"position": [0, "0+math.cos(query.anim_time*90*variable.idlespeed-0)*0.25-0.25", 0]
				},
				"ass": {
					"rotation": ["0+math.sin(query.anim_time*90*variable.idlespeed-30)*1", 0, 0]
				},
				"neck": {
					"rotation": ["-7.5-math.sin(query.anim_time*90*variable.idlespeed-60)*1", "0-math.sin(query.anim_time*90*variable.idlespeed/2-150)*1", 0]
				},
				"head": {
					"rotation": [
						"10+math.sin(query.anim_time*90*variable.idlespeed-90)*2",
						"0+math.sin(query.anim_time*90*variable.idlespeed/2-180)*2",
						"0+math.sin(query.anim_time*90*variable.idlespeed/2-210)*1"
					]
				},
				"mouth": {
					"rotation": [10, 0, 0]
				},
				"hair": {
					"rotation": ["-7.5+math.sin(query.anim_time*90*variable.idlespeed-120)*1", 0, 0]
				},
				"hair2": {
					"rotation": ["-2.5+math.sin(query.anim_time*90*variable.idlespeed-120)*1", 0, 0]
				},
				"hair3": {
					"rotation": ["0+math.sin(query.anim_time*90*variable.idlespeed-120)*1", 0, 0]
				},
				"hair4": {
					"rotation": ["0-math.sin(query.anim_time*90*variable.idlespeed-120)*1", 0, 0]
				},
				"hair5": {
					"rotation": ["0-math.sin(query.anim_time*90*variable.idlespeed-120)*1", 0, 0]
				},
				"hairs_left": {
					"rotation": ["0+math.sin(query.anim_time*90*variable.idlespeed-120)*1", 0, 0]
				},
				"hairs_right": {
					"rotation": ["0+math.sin(query.anim_time*90*variable.idlespeed-120)*1", 0, 0]
				},
				"hairs_left2": {
					"rotation": [0, "-10+math.sin(query.anim_time*90*variable.idlespeed-120)*1", 0]
				},
				"tail": {
					"rotation": ["5+math.sin(query.anim_time*90*variable.idlespeed-60)*2", "0-math.sin(query.anim_time*90*variable.idlespeed/2-150)*3", 0],
					"position": [0, 1, 0]
				},
				"tail2": {
					"rotation": ["-32.5+math.sin(query.anim_time*90*variable.idlespeed-80)*2", "0-math.sin(query.anim_time*90*variable.idlespeed/2-170)*3", 0]
				},
				"tail3": {
					"rotation": ["-22.5236+math.sin(query.anim_time*90*variable.idlespeed-100)*2", "-0.387-math.sin(query.anim_time*90*variable.idlespeed/2-190)*3", -0.31029]
				},
				"tail4": {
					"rotation": ["32.5+math.sin(query.anim_time*90*variable.idlespeed-120)*3", "0-math.sin(query.anim_time*90*variable.idlespeed/2-210)*4", 0]
				},
				"tail5": {
					"rotation": ["45+math.sin(query.anim_time*90*variable.idlespeed-140)*3", "0-math.sin(query.anim_time*90*variable.idlespeed/2-230)*4", 0]
				},
				"tail6": {
					"rotation": ["62.5+math.sin(query.anim_time*90*variable.idlespeed-160)*3", "0-math.sin(query.anim_time*90*variable.idlespeed/2-250)*4", 0]
				},
				"tail7": {
					"rotation": ["42.5+math.sin(query.anim_time*90*variable.idlespeed-180)*4", "0-math.sin(query.anim_time*90*variable.idlespeed/2-270)*5", 0]
				},
				"tail8": {
					"rotation": ["35+math.sin(query.anim_time*90*variable.idlespeed-200)*4", "0-math.sin(query.anim_time*90*variable.idlespeed/2-290)*4", 0]
				},
				"leg_left": {
					"rotation": [-10.23772, 0, 0],
					"position": [0, "0+math.cos(query.anim_time*90*variable.idlespeed-0)*0.05-0.05", "0+math.cos(query.anim_time*90*variable.idlespeed-0)*0.05-0.05"]
				},
				"leg_left2": {
					"rotation": ["65-math.cos(query.anim_time*90*variable.idlespeed-0)*1.5+1.5", 0, 0]
				},
				"leg_left3": {
					"rotation": ["-57.5+math.cos(query.anim_time*90*variable.idlespeed-0)*1.5-1.5", 0, 0]
				},
				"leg_left4": {
					"rotation": [30.5, 0, 0]
				},
				"leg_left5": {
					"rotation": [-27.5, 0, 0]
				},
				"leg_right": {
					"rotation": [-10.23772, 0, 0],
					"position": [0, "0+math.cos(query.anim_time*90*variable.idlespeed-0)*0.05-0.05", "0+math.cos(query.anim_time*90*variable.idlespeed-0)*0.05-0.05"]
				},
				"leg_right2": {
					"rotation": ["65-math.cos(query.anim_time*90*variable.idlespeed-0)*1.5+1.5", 0, 0]
				},
				"leg_right3": {
					"rotation": ["-57.5+math.cos(query.anim_time*90*variable.idlespeed-0)*1.5-1.5", 0, 0]
				},
				"leg_right4": {
					"rotation": [30.5, 0, 0]
				},
				"leg_right5": {
					"rotation": [-27.5, 0, 0]
				},
				"leg_left_front": {
					"rotation": [14.65994, 0, 0],
					"position": [0, 0, "0+math.cos(query.anim_time*90*variable.idlespeed-0)*0.05-0.05"]
				},
				"leg_left_front2": {
					"rotation": ["35-math.cos(query.anim_time*90*variable.idlespeed-0)*2+2", 0, 0]
				},
				"leg_left_front3": {
					"rotation": ["-55+math.cos(query.anim_time*90*variable.idlespeed-0)*1.5-1.5", 0, 0]
				},
				"leg_left_front4": {
					"rotation": ["22.5+math.cos(query.anim_time*90*variable.idlespeed-0)*0.5-0.5", 0, 0]
				},
				"leg_left_front5": {
					"rotation": [-17.5, 0, 0]
				},
				"arm_left2": {
					"rotation": [28.22975, -52.42246, -34.11397]
				},
				"hand_left": {
					"rotation": [0, 0, 10]
				},
				"finger_back_left4": {
					"rotation": [0, 0, -5]
				},
				"finger_back_left5": {
					"rotation": [0, 0, 30]
				},
				"finger_back_left6": {
					"rotation": [0, 0, 17.5]
				},
				"finger_back_left2": {
					"rotation": [0.43202, 35.00024, 10.31352],
					"position": [-1.59007, 0.18842, 0.02167]
				},
				"finger_back_left3": {
					"rotation": [0, 0, 30]
				},
				"finger_back_left7": {
					"rotation": [0, 0, 17.5]
				},
				"finger_back_left8": {
					"rotation": [-13.03983, -35.79405, 13.44275],
					"position": [-0.70297, 0.19831, -0.68301]
				},
				"finger_back_left9": {
					"rotation": [0, 0, 30]
				},
				"finger_back_left10": {
					"rotation": [0, 0, 17.5]
				},
				"arm_right2": {
					"rotation": [28.22975, 52.42246, 34.11397]
				},
				"hand_right": {
					"rotation": [0, 0, -10]
				},
				"finger_back_right4": {
					"rotation": [0, 0, 5]
				},
				"finger_back_right5": {
					"rotation": [0, 0, -30]
				},
				"finger_back_right6": {
					"rotation": [0, 0, -17.5]
				},
				"finger_back_right8": {
					"rotation": [-13.03983, 35.79405, -13.44275],
					"position": [0.70297, 0.19831, -0.68301]
				},
				"finger_back_right9": {
					"rotation": [0, 0, -30]
				},
				"finger_back_right10": {
					"rotation": [0, 0, -17.5]
				},
				"finger_back_right2": {
					"rotation": [0.43202, -35.00024, -10.31352],
					"position": [1.59007, 0.18842, 0.02167]
				},
				"finger_back_right3": {
					"rotation": [0, 0, -30]
				},
				"finger_back_right7": {
					"rotation": [0, 0, -17.5]
				},
				"leg_right_front": {
					"rotation": [14.65994, 0, 0],
					"position": [0, 0, "0+math.cos(query.anim_time*90*variable.idlespeed-0)*0.05-0.05"]
				},
				"leg_right_front2": {
					"rotation": ["35-math.cos(query.anim_time*90*variable.idlespeed-0)*2+2", 0, 0]
				},
				"leg_right_front3": {
					"rotation": ["-55+math.cos(query.anim_time*90*variable.idlespeed-0)*1.5-1.5", 0, 0]
				},
				"leg_right_front4": {
					"rotation": ["22.5+math.cos(query.anim_time*90*variable.idlespeed-0)*0.5-0.5", 0, 0]
				},
				"leg_right_front5": {
					"rotation": [-17.5, 0, 0]
				}
			}
		},
		"animation.necrozma_dusk_mane.ground_walk": {
			"loop": true,
			"animation_length": 2,
			"bones": {
				"eye": {
					"rotation": [0, 0, 0],
					"position": [0, -0.2, 0.2]
				},
				"body": {
					"rotation": {
						"0.0": [0, 0, 0],
						"0.25": [0, 0, 0]
					},
					"position": {
						"0.0": [0, 0, 0],
						"0.2083": [0, 0, 0],
						"0.25": [0, -0.25, 0],
						"0.2917": [0, 0, 0],
						"0.3333": [0, -0.25, 0],
						"0.375": [0, 0, 0],
						"0.4583": [0, 0, 0],
						"0.5": [0, -0.25, 0],
						"0.5417": [0, 0, 0],
						"0.5833": [0, -0.25, 0],
						"0.625": [0, 0, 0],
						"1.2083": [0, 0, 0],
						"1.25": [0, -0.25, 0],
						"1.2917": [0, 0, 0],
						"1.3333": [0, -0.25, 0],
						"1.375": [0, 0, 0],
						"1.4583": [0, 0, 0],
						"1.5": [0, -0.25, 0],
						"1.5417": [0, 0, 0],
						"1.5833": [0, -0.25, 0],
						"1.625": [0, 0, 0]
					}
				},
				"ass": {
					"rotation": [
						"0+math.sin(query.anim_time*90*variable.walkspeed*2-0)*1",
						"0-math.sin(query.anim_time*90*variable.walkspeed-0)*2",
						"0+math.sin(query.anim_time*90*variable.walkspeed-0)*3"
					],
					"position": [0, "0+math.sin(query.anim_time*90*variable.walkspeed*2-0)*0.5", 0]
				},
				"neck": {
					"rotation": [
						"-7.5-math.sin(query.anim_time*90*variable.walkspeed*2-60)*1",
						"0-math.sin(query.anim_time*90*variable.walkspeed-150)*1",
						"0+math.sin(query.anim_time*90*variable.walkspeed-150)*2"
					]
				},
				"head": {
					"rotation": [
						"10+math.sin(query.anim_time*90*variable.walkspeed*2-90)*2",
						"0-math.sin(query.anim_time*90*variable.walkspeed-180)*1",
						"0+math.sin(query.anim_time*90*variable.walkspeed-210)*3"
					]
				},
				"mouth": {
					"rotation": [10, 0, 0]
				},
				"hair": {
					"rotation": ["-7.5+math.sin(query.anim_time*90*variable.walkspeed*2-120)*2", 0, 0]
				},
				"hair2": {
					"rotation": ["-2.5+math.sin(query.anim_time*90*variable.walkspeed*2-120)*2", 0, 0]
				},
				"hair3": {
					"rotation": ["0+math.sin(query.anim_time*90*variable.walkspeed*2-120)*2", 0, 0]
				},
				"hair4": {
					"rotation": ["0-math.sin(query.anim_time*90*variable.walkspeed*2-120)*2", 0, 0]
				},
				"hair5": {
					"rotation": ["0-math.sin(query.anim_time*90*variable.walkspeed*2-120)*2", 0, 0]
				},
				"hairs_left": {
					"rotation": ["0+math.sin(query.anim_time*90*variable.walkspeed*2-120)*2", 0, 0]
				},
				"hairs_right": {
					"rotation": ["0+math.sin(query.anim_time*90*variable.walkspeed*2-120)*2", 0, 0]
				},
				"hairs_left2": {
					"rotation": [0, "-10+math.sin(query.anim_time*90*variable.walkspeed*2-120)*2", 0]
				},
				"tail": {
					"rotation": ["5+math.sin(query.anim_time*90*variable.walkspeed*2-60)*1", "0-math.sin(query.anim_time*90*variable.walkspeed-150)*5", 0],
					"position": [0, 1, 0]
				},
				"tail2": {
					"rotation": ["-32.5+math.sin(query.anim_time*90*variable.walkspeed*2-80)*1", "0-math.sin(query.anim_time*90*variable.walkspeed-170)*2", 0]
				},
				"tail3": {
					"rotation": ["-22.5236+math.sin(query.anim_time*90*variable.walkspeed*2-100)*1", "-0.387-math.sin(query.anim_time*90*variable.walkspeed-190)*2", -0.31029]
				},
				"tail4": {
					"rotation": ["32.5+math.sin(query.anim_time*90*variable.walkspeed*2-120)*2", "0-math.sin(query.anim_time*90*variable.walkspeed-210)*3", 0]
				},
				"tail5": {
					"rotation": ["45+math.sin(query.anim_time*90*variable.walkspeed*2-140)*2", "0-math.sin(query.anim_time*90*variable.walkspeed-230)*3", 0]
				},
				"tail6": {
					"rotation": ["62.5+math.sin(query.anim_time*90*variable.walkspeed*2-160)*2", "0-math.sin(query.anim_time*90*variable.walkspeed-250)*3", 0]
				},
				"tail7": {
					"rotation": ["42.5+math.sin(query.anim_time*90*variable.walkspeed*2-180)*3", "0-math.sin(query.anim_time*90*variable.walkspeed-270)*4", 0]
				},
				"tail8": {
					"rotation": ["35+math.sin(query.anim_time*90*variable.walkspeed*2-200)*3", "0-math.sin(query.anim_time*90*variable.walkspeed-290)*3", 0]
				},
				"leg_left": {
					"rotation": ["-10.2377+math.sin(query.anim_time*90*variable.walkspeed+45)*15", 0, 0],
					"position": {
						"0.0": {
							"post": [0, 0, 0],
							"lerp_mode": "catmullrom"
						},
						"0.25": {
							"post": [0, 0, 0],
							"lerp_mode": "catmullrom"
						},
						"0.5": {
							"post": [0, 1, 0],
							"lerp_mode": "catmullrom"
						},
						"1.0": {
							"post": [0, 1, 0],
							"lerp_mode": "catmullrom"
						},
						"1.125": {
							"post": [0, 0, 0],
							"lerp_mode": "catmullrom"
						},
						"1.75": {
							"post": [0, 0, 0],
							"lerp_mode": "catmullrom"
						},
						"2.0": {
							"post": [0, 0, 0],
							"lerp_mode": "catmullrom"
						}
					}
				},
				"leg_left2": {
					"rotation": {
						"0.0": {
							"post": [62.5, 0, 0],
							"lerp_mode": "catmullrom"
						},
						"0.25": {
							"post": [60.5, 0, 0],
							"lerp_mode": "catmullrom"
						},
						"0.5": {
							"post": [70.5, 0, 0],
							"lerp_mode": "catmullrom"
						},
						"0.75": {
							"post": [60.5, 0, 0],
							"lerp_mode": "catmullrom"
						},
						"1.0": {
							"post": [55.5, 0, 0],
							"lerp_mode": "catmullrom"
						},
						"1.125": {
							"post": [56.75, 0, 0],
							"lerp_mode": "catmullrom"
						},
						"1.25": {
							"post": [58, 0, 0],
							"lerp_mode": "catmullrom"
						},
						"1.75": {
							"post": [65, 0, 0],
							"lerp_mode": "catmullrom"
						},
						"2.0": {
							"post": [62.5, 0, 0],
							"lerp_mode": "catmullrom"
						}
					}
				},
				"leg_left3": {
					"rotation": {
						"0.0": {
							"post": [-57.5, 0, 0],
							"lerp_mode": "catmullrom"
						},
						"0.25": {
							"post": [-58.5, 0, 0],
							"lerp_mode": "catmullrom"
						},
						"0.5": {
							"post": [-56, 0, 0],
							"lerp_mode": "catmullrom"
						},
						"0.75": {
							"post": [-61, 0, 0],
							"lerp_mode": "catmullrom"
						},
						"1.0": {
							"post": [-66, 0, 0],
							"lerp_mode": "catmullrom"
						},
						"1.125": {
							"post": [-55, 0, 0],
							"lerp_mode": "catmullrom"
						},
						"1.25": {
							"post": [-53.5, 0, 0],
							"lerp_mode": "catmullrom"
						},
						"1.75": {
							"post": [-57.5, 0, 0],
							"lerp_mode": "catmullrom"
						},
						"2.0": {
							"post": [-57.5, 0, 0],
							"lerp_mode": "catmullrom"
						}
					}
				},
				"leg_left4": {
					"rotation": {
						"0.0": {
							"post": [30.5, 0, 0],
							"lerp_mode": "catmullrom"
						},
						"0.25": {
							"post": [30.5, 0, 0],
							"lerp_mode": "catmullrom"
						},
						"0.5": {
							"post": [40.5, 0, 0],
							"lerp_mode": "catmullrom"
						},
						"0.75": {
							"post": [25.5, 0, 0],
							"lerp_mode": "catmullrom"
						},
						"1.0": {
							"post": [13, 0, 0],
							"lerp_mode": "catmullrom"
						},
						"1.125": {
							"post": [35.5, 0, 0],
							"lerp_mode": "catmullrom"
						},
						"1.25": {
							"post": [33, 0, 0],
							"lerp_mode": "catmullrom"
						},
						"1.75": {
							"post": [30.5, 0, 0],
							"lerp_mode": "catmullrom"
						},
						"2.0": {
							"post": [30.5, 0, 0],
							"lerp_mode": "catmullrom"
						}
					}
				},
				"leg_left5": {
					"rotation": {
						"0.0": {
							"post": [-35, 0, 0],
							"lerp_mode": "catmullrom"
						},
						"0.25": {
							"post": [-37, 0, 0],
							"lerp_mode": "catmullrom"
						},
						"0.5": {
							"post": [-22, 0, 0],
							"lerp_mode": "catmullrom"
						},
						"0.75": {
							"post": [-24.5, 0, 0],
							"lerp_mode": "catmullrom"
						},
						"1.0": {
							"post": [-17.83, 0, 0],
							"lerp_mode": "catmullrom"
						},
						"1.125": {
							"post": [-12, 0, 0],
							"lerp_mode": "catmullrom"
						},
						"1.25": {
							"post": [-12.5, 0, 0],
							"lerp_mode": "catmullrom"
						},
						"1.5": {
							"post": [-17.5, 0, 0],
							"lerp_mode": "catmullrom"
						},
						"1.75": {
							"post": [-27.5, 0, 0],
							"lerp_mode": "catmullrom"
						},
						"2.0": {
							"post": [-35, 0, 0],
							"lerp_mode": "catmullrom"
						}
					}
				},
				"leg_right": {
					"rotation": ["-10.2377-math.sin(query.anim_time*90*variable.walkspeed+45)*15", 0, 0],
					"position": {
						"0.0": {
							"post": [0, 1, 0],
							"lerp_mode": "catmullrom"
						},
						"0.125": {
							"post": [0, 0, 0],
							"lerp_mode": "catmullrom"
						},
						"0.75": {
							"post": [0, 0, 0],
							"lerp_mode": "catmullrom"
						},
						"1.0": {
							"post": [0, 0, 0],
							"lerp_mode": "catmullrom"
						},
						"1.25": {
							"post": [0, 0, 0],
							"lerp_mode": "catmullrom"
						},
						"1.5": {
							"post": [0, 1, 0],
							"lerp_mode": "catmullrom"
						},
						"2.0": {
							"post": [0, 1, 0],
							"lerp_mode": "catmullrom"
						}
					}
				},
				"leg_right2": {
					"rotation": {
						"0.0": {
							"post": [55.5, 0, 0],
							"lerp_mode": "catmullrom"
						},
						"0.125": {
							"post": [56.75, 0, 0],
							"lerp_mode": "catmullrom"
						},
						"0.25": {
							"post": [58, 0, 0],
							"lerp_mode": "catmullrom"
						},
						"0.75": {
							"post": [65, 0, 0],
							"lerp_mode": "catmullrom"
						},
						"1.0": {
							"post": [62.5, 0, 0],
							"lerp_mode": "catmullrom"
						},
						"1.25": {
							"post": [60.5, 0, 0],
							"lerp_mode": "catmullrom"
						},
						"1.5": {
							"post": [70.5, 0, 0],
							"lerp_mode": "catmullrom"
						},
						"1.75": {
							"post": [60.5, 0, 0],
							"lerp_mode": "catmullrom"
						},
						"2.0": {
							"post": [55.5, 0, 0],
							"lerp_mode": "catmullrom"
						}
					}
				},
				"leg_right3": {
					"rotation": {
						"0.0": {
							"post": [-66, 0, 0],
							"lerp_mode": "catmullrom"
						},
						"0.125": {
							"post": [-55, 0, 0],
							"lerp_mode": "catmullrom"
						},
						"0.25": {
							"post": [-53.5, 0, 0],
							"lerp_mode": "catmullrom"
						},
						"0.75": {
							"post": [-57.5, 0, 0],
							"lerp_mode": "catmullrom"
						},
						"1.0": {
							"post": [-57.5, 0, 0],
							"lerp_mode": "catmullrom"
						},
						"1.25": {
							"post": [-58.5, 0, 0],
							"lerp_mode": "catmullrom"
						},
						"1.5": {
							"post": [-56, 0, 0],
							"lerp_mode": "catmullrom"
						},
						"1.75": {
							"post": [-61, 0, 0],
							"lerp_mode": "catmullrom"
						},
						"2.0": {
							"post": [-66, 0, 0],
							"lerp_mode": "catmullrom"
						}
					}
				},
				"leg_right4": {
					"rotation": {
						"0.0": {
							"post": [13, 0, 0],
							"lerp_mode": "catmullrom"
						},
						"0.125": {
							"post": [35.5, 0, 0],
							"lerp_mode": "catmullrom"
						},
						"0.25": {
							"post": [33, 0, 0],
							"lerp_mode": "catmullrom"
						},
						"0.75": {
							"post": [30.5, 0, 0],
							"lerp_mode": "catmullrom"
						},
						"1.0": {
							"post": [30.5, 0, 0],
							"lerp_mode": "catmullrom"
						},
						"1.25": {
							"post": [30.5, 0, 0],
							"lerp_mode": "catmullrom"
						},
						"1.5": {
							"post": [40.5, 0, 0],
							"lerp_mode": "catmullrom"
						},
						"1.75": {
							"post": [25.5, 0, 0],
							"lerp_mode": "catmullrom"
						},
						"2.0": {
							"post": [13, 0, 0],
							"lerp_mode": "catmullrom"
						}
					}
				},
				"leg_right5": {
					"rotation": {
						"0.0": {
							"post": [-17.83, 0, 0],
							"lerp_mode": "catmullrom"
						},
						"0.125": {
							"post": [-12, 0, 0],
							"lerp_mode": "catmullrom"
						},
						"0.25": {
							"post": [-12.5, 0, 0],
							"lerp_mode": "catmullrom"
						},
						"0.5": {
							"post": [-17.5, 0, 0],
							"lerp_mode": "catmullrom"
						},
						"0.75": {
							"post": [-27.5, 0, 0],
							"lerp_mode": "catmullrom"
						},
						"1.0": {
							"post": [-35, 0, 0],
							"lerp_mode": "catmullrom"
						},
						"1.25": {
							"post": [-37, 0, 0],
							"lerp_mode": "catmullrom"
						},
						"1.5": {
							"post": [-22, 0, 0],
							"lerp_mode": "catmullrom"
						},
						"1.75": {
							"post": [-24.5, 0, 0],
							"lerp_mode": "catmullrom"
						},
						"2.0": {
							"post": [-17.83, 0, 0],
							"lerp_mode": "catmullrom"
						}
					}
				},
				"leg_left_front": {
					"rotation": ["15+math.sin(query.anim_time*90*variable.walkspeed-0)*15", 0, 0],
					"position": {
						"0.0": {
							"post": [0, 0, 0],
							"lerp_mode": "catmullrom"
						},
						"0.5": {
							"post": [0, 0, 0],
							"lerp_mode": "catmullrom"
						},
						"0.75": {
							"post": [0, 2, 0],
							"lerp_mode": "catmullrom"
						},
						"1.0": {
							"post": [0, 3, 0],
							"lerp_mode": "catmullrom"
						},
						"1.5": {
							"post": [0, 0, 0],
							"lerp_mode": "catmullrom"
						},
						"2.0": {
							"post": [0, 0, 0],
							"lerp_mode": "catmullrom"
						}
					}
				},
				"leg_left_front2": {
					"rotation": {
						"0.0": {
							"post": [35, 0, 0],
							"lerp_mode": "catmullrom"
						},
						"0.25": {
							"post": [35, 0, 0],
							"lerp_mode": "catmullrom"
						},
						"0.5": {
							"post": [32.5, 0, 0],
							"lerp_mode": "catmullrom"
						},
						"0.75": {
							"post": [37.5, 0, 0],
							"lerp_mode": "catmullrom"
						},
						"1.0": {
							"post": [42.5, 0, 0],
							"lerp_mode": "catmullrom"
						},
						"1.25": {
							"post": [32.5, 0, 0],
							"lerp_mode": "catmullrom"
						},
						"1.5": {
							"post": [25, 0, 0],
							"lerp_mode": "catmullrom"
						},
						"2.0": {
							"post": [35, 0, 0],
							"lerp_mode": "catmullrom"
						}
					}
				},
				"leg_left_front3": {
					"rotation": {
						"0.0": {
							"post": [-55, 0, 0],
							"lerp_mode": "catmullrom"
						},
						"0.25": {
							"post": [-55, 0, 0],
							"lerp_mode": "catmullrom"
						},
						"0.5": {
							"post": [-55, 0, 0],
							"lerp_mode": "catmullrom"
						},
						"0.75": {
							"post": [-45, 0, 0],
							"lerp_mode": "catmullrom"
						},
						"1.0": {
							"post": [-57.5, 0, 0],
							"lerp_mode": "catmullrom"
						},
						"1.25": {
							"post": [-60, 0, 0],
							"lerp_mode": "catmullrom"
						},
						"1.5": {
							"post": [-47.5, 0, 0],
							"lerp_mode": "catmullrom"
						},
						"2.0": {
							"post": [-55, 0, 0],
							"lerp_mode": "catmullrom"
						}
					}
				},
				"leg_left_front4": {
					"rotation": {
						"0.0": {
							"post": [22.5, 0, 0],
							"lerp_mode": "catmullrom"
						},
						"0.25": {
							"post": [22.5, 0, 0],
							"lerp_mode": "catmullrom"
						},
						"0.5": {
							"post": [22.5, 0, 0],
							"lerp_mode": "catmullrom"
						},
						"0.75": {
							"post": [40, 0, 0],
							"lerp_mode": "catmullrom"
						},
						"1.0": {
							"post": [37.5, 0, 0],
							"lerp_mode": "catmullrom"
						},
						"1.25": {
							"post": [20, 0, 0],
							"lerp_mode": "catmullrom"
						},
						"1.375": {
							"post": [6.25, 0, 0],
							"lerp_mode": "catmullrom"
						},
						"1.5": {
							"post": [22.5, 0, 0],
							"lerp_mode": "catmullrom"
						},
						"2.0": {
							"post": [22.5, 0, 0],
							"lerp_mode": "catmullrom"
						}
					}
				},
				"leg_left_front5": {
					"rotation": {
						"0.0": {
							"post": [-17.5, 0, 0],
							"lerp_mode": "catmullrom"
						},
						"0.25": {
							"post": [-27.5, 0, 0],
							"lerp_mode": "catmullrom"
						},
						"0.5": {
							"post": [-27.5, 0, 0],
							"lerp_mode": "catmullrom"
						},
						"0.75": {
							"post": [-27.5, 0, 0],
							"lerp_mode": "catmullrom"
						},
						"1.0": {
							"post": [-5, 0, 0],
							"lerp_mode": "catmullrom"
						},
						"1.25": {
							"post": [-17.5, 0, 0],
							"lerp_mode": "catmullrom"
						},
						"1.375": {
							"post": [-13.75, 0, 0],
							"lerp_mode": "catmullrom"
						},
						"1.5": {
							"post": [0, 0, 0],
							"lerp_mode": "catmullrom"
						},
						"2.0": {
							"post": [-17.5, 0, 0],
							"lerp_mode": "catmullrom"
						}
					}
				},
				"arm_left2": {
					"rotation": [28.22975, -52.42246, -34.11397]
				},
				"hand_left": {
					"rotation": [0, 0, 10]
				},
				"finger_back_left4": {
					"rotation": [0, 0, -15]
				},
				"finger_back_left5": {
					"rotation": [0, 0, 30]
				},
				"finger_back_left6": {
					"rotation": [0, 0, 17.5]
				},
				"finger_back_left2": {
					"rotation": [0, 0, -15]
				},
				"finger_back_left3": {
					"rotation": [0, 0, 30]
				},
				"finger_back_left7": {
					"rotation": [0, 0, 17.5]
				},
				"finger_back_left8": {
					"rotation": [0, 0, -15]
				},
				"finger_back_left9": {
					"rotation": [0, 0, 30]
				},
				"finger_back_left10": {
					"rotation": [0, 0, 17.5]
				},
				"leg_right_front": {
					"rotation": ["15-math.sin(query.anim_time*90*variable.walkspeed-0)*15", 0, 0],
					"position": {
						"0.0": {
							"post": [0, 3, 0],
							"lerp_mode": "catmullrom"
						},
						"0.5": [0, 0, 0],
						"1.0": [0, 0, 0],
						"1.5": [0, 0, 0],
						"1.75": {
							"pre": [0, 2, 0],
							"post": [0, 2, 0],
							"lerp_mode": "catmullrom"
						},
						"2.0": {
							"post": [0, 3, 0],
							"lerp_mode": "catmullrom"
						}
					}
				},
				"leg_right_front2": {
					"rotation": {
						"0.0": {
							"post": [42.5, 0, 0],
							"lerp_mode": "catmullrom"
						},
						"0.25": {
							"post": [32.5, 0, 0],
							"lerp_mode": "catmullrom"
						},
						"0.5": {
							"post": [25, 0, 0],
							"lerp_mode": "catmullrom"
						},
						"1.0": {
							"post": [35, 0, 0],
							"lerp_mode": "catmullrom"
						},
						"1.25": {
							"post": [35, 0, 0],
							"lerp_mode": "catmullrom"
						},
						"1.5": {
							"post": [32.5, 0, 0],
							"lerp_mode": "catmullrom"
						},
						"1.75": {
							"post": [37.5, 0, 0],
							"lerp_mode": "catmullrom"
						},
						"2.0": {
							"post": [42.5, 0, 0],
							"lerp_mode": "catmullrom"
						}
					}
				},
				"leg_right_front3": {
					"rotation": {
						"0.0": {
							"post": [-57.5, 0, 0],
							"lerp_mode": "catmullrom"
						},
						"0.25": {
							"post": [-60, 0, 0],
							"lerp_mode": "catmullrom"
						},
						"0.5": {
							"post": [-47.5, 0, 0],
							"lerp_mode": "catmullrom"
						},
						"1.0": {
							"post": [-55, 0, 0],
							"lerp_mode": "catmullrom"
						},
						"1.25": {
							"post": [-55, 0, 0],
							"lerp_mode": "catmullrom"
						},
						"1.5": {
							"post": [-55, 0, 0],
							"lerp_mode": "catmullrom"
						},
						"1.75": {
							"post": [-45, 0, 0],
							"lerp_mode": "catmullrom"
						},
						"2.0": {
							"post": [-57.5, 0, 0],
							"lerp_mode": "catmullrom"
						}
					}
				},
				"leg_right_front4": {
					"rotation": {
						"0.0": {
							"post": [37.5, 0, 0],
							"lerp_mode": "catmullrom"
						},
						"0.25": {
							"post": [20, 0, 0],
							"lerp_mode": "catmullrom"
						},
						"0.375": {
							"post": [6.25, 0, 0],
							"lerp_mode": "catmullrom"
						},
						"0.5": {
							"post": [22.5, 0, 0],
							"lerp_mode": "catmullrom"
						},
						"1.0": {
							"post": [22.5, 0, 0],
							"lerp_mode": "catmullrom"
						},
						"1.25": {
							"post": [22.5, 0, 0],
							"lerp_mode": "catmullrom"
						},
						"1.5": {
							"post": [22.5, 0, 0],
							"lerp_mode": "catmullrom"
						},
						"1.75": {
							"post": [40, 0, 0],
							"lerp_mode": "catmullrom"
						},
						"2.0": {
							"post": [37.5, 0, 0],
							"lerp_mode": "catmullrom"
						}
					}
				},
				"leg_right_front5": {
					"rotation": {
						"0.0": {
							"post": [-5, 0, 0],
							"lerp_mode": "catmullrom"
						},
						"0.25": {
							"post": [-17.5, 0, 0],
							"lerp_mode": "catmullrom"
						},
						"0.375": {
							"post": [-13.75, 0, 0],
							"lerp_mode": "catmullrom"
						},
						"0.5": {
							"post": [0, 0, 0],
							"lerp_mode": "catmullrom"
						},
						"1.0": {
							"post": [-17.5, 0, 0],
							"lerp_mode": "catmullrom"
						},
						"1.25": {
							"post": [-27.5, 0, 0],
							"lerp_mode": "catmullrom"
						},
						"1.5": {
							"post": [-27.5, 0, 0],
							"lerp_mode": "catmullrom"
						},
						"1.75": {
							"post": [-27.5, 0, 0],
							"lerp_mode": "catmullrom"
						},
						"2.0": {
							"post": [-5, 0, 0],
							"lerp_mode": "catmullrom"
						}
					}
				}
			}
		},
		"animation.necrozma_dusk_mane.battle_idle": {
			"loop": true,
			"animation_length": 2.6667,
			"bones": {
				"eye": {
					"rotation": [0, 0, 0],
					"position": [0, -0.2, 0.2]
				},
				"body": {
					"rotation": [5, 0, 0],
					"position": [0, "0+math.cos(query.anim_time*90*variable.battlespeed-0)*0.25-0.25", 0]
				},
				"ass": {
					"rotation": ["7.4956+math.sin(query.anim_time*90*variable.battlespeed-30)*1", 0.342, -2.43674],
					"position": [0, -1, 0]
				},
				"neck": {
					"rotation": ["-7.52-math.sin(query.anim_time*90*variable.battlespeed-60)*1", "-4.9665-math.sin(query.anim_time*90*variable.battlespeed/2-150)*1", 0.57866]
				},
				"head": {
					"rotation": [
						"0.0012+math.sin(query.anim_time*90*variable.battlespeed-90)*2",
						"2.5662+math.sin(query.anim_time*90*variable.battlespeed/2-180)*2",
						"2.3933+math.sin(query.anim_time*90*variable.battlespeed/2-210)*1"
					]
				},
				"mouth": {
					"rotation": ["30-math.sin(query.anim_time*90*variable.battlespeed-90)*3", 0, 0]
				},
				"hair": {
					"rotation": ["-7.5+math.sin(query.anim_time*90*variable.battlespeed-120)*2", 0, 0]
				},
				"hair2": {
					"rotation": ["-2.5+math.sin(query.anim_time*90*variable.battlespeed-120)*2", 0, 0]
				},
				"hair3": {
					"rotation": ["0+math.sin(query.anim_time*90*variable.battlespeed-120)*2", 0, 0]
				},
				"hair4": {
					"rotation": ["0-math.sin(query.anim_time*90*variable.battlespeed-120)*2", 0, 0]
				},
				"hair5": {
					"rotation": ["0-math.sin(query.anim_time*90*variable.battlespeed-120)*2", 0, 0]
				},
				"hairs_left": {
					"rotation": ["5+math.sin(query.anim_time*90*variable.battlespeed-120)*2", 0, 0]
				},
				"hairs_right": {
					"rotation": ["5+math.sin(query.anim_time*90*variable.battlespeed-120)*2", 0, 0]
				},
				"hairs_left2": {
					"rotation": [0, "-10+math.sin(query.anim_time*90*variable.battlespeed-120)*2", 0]
				},
				"tail": {
					"rotation": ["5+math.sin(query.anim_time*90*variable.battlespeed-60)*2", "0-math.sin(query.anim_time*90*variable.battlespeed/2-150)*5", 0],
					"position": [0, 1, 0]
				},
				"tail2": {
					"rotation": ["-32.5+math.sin(query.anim_time*90*variable.battlespeed-80)*2", "0-math.sin(query.anim_time*90*variable.battlespeed/2-170)*2", 0]
				},
				"tail3": {
					"rotation": ["-22.5236+math.sin(query.anim_time*90*variable.battlespeed-100)*2", "-0.387-math.sin(query.anim_time*90*variable.battlespeed/2-190)*2", -0.31029]
				},
				"tail4": {
					"rotation": ["32.5+math.sin(query.anim_time*90*variable.battlespeed-120)*3", "0-math.sin(query.anim_time*90*variable.battlespeed/2-210)*3", 0]
				},
				"tail5": {
					"rotation": ["45+math.sin(query.anim_time*90*variable.battlespeed-140)*3", "0-math.sin(query.anim_time*90*variable.battlespeed/2-230)*3", 0]
				},
				"tail6": {
					"rotation": ["62.5+math.sin(query.anim_time*90*variable.battlespeed-160)*3", "0-math.sin(query.anim_time*90*variable.battlespeed/2-250)*3", 0]
				},
				"tail7": {
					"rotation": ["42.5+math.sin(query.anim_time*90*variable.battlespeed-180)*4", "0-math.sin(query.anim_time*90*variable.battlespeed/2-270)*4", 0]
				},
				"tail8": {
					"rotation": ["35+math.sin(query.anim_time*90*variable.battlespeed-200)*4", "0-math.sin(query.anim_time*90*variable.battlespeed/2-290)*4", 0]
				},
				"leg_left": {
					"rotation": [-10.23772, 0, 0],
					"position": [0, "0+math.cos(query.anim_time*90*variable.battlespeed-0)*0.05-0.05", "-2+math.cos(query.anim_time*90*variable.battlespeed-0)*0.05-0.05"]
				},
				"leg_left2": {
					"rotation": ["60-math.cos(query.anim_time*90*variable.battlespeed-0)*1.5+1.5", 0, 0]
				},
				"leg_left3": {
					"rotation": ["-50+math.cos(query.anim_time*90*variable.battlespeed-0)*1.5-1.5", 0, 0]
				},
				"leg_left4": {
					"rotation": [30.5, 0, 0]
				},
				"leg_left5": {
					"rotation": [-35, 0, 0]
				},
				"leg_right": {
					"rotation": [15, 5, 0],
					"position": [0, "0+math.cos(query.anim_time*90*variable.battlespeed-0)*0.05-0.05", "-1+math.cos(query.anim_time*90*variable.battlespeed-0)*0.05-0.05"]
				},
				"leg_right2": {
					"rotation": ["44.1245-math.cos(query.anim_time*90*variable.battlespeed-0)*1.5+1.5", 0.00001, -0.00005]
				},
				"leg_right3": {
					"rotation": ["-59.851+math.cos(query.anim_time*90*variable.battlespeed-0)*1.5-1.5", -0.00489, -0.00409]
				},
				"leg_right4": {
					"rotation": [30.5, 0, 0]
				},
				"leg_right5": {
					"rotation": [-34.22423, 0.21902, -0.07534]
				},
				"leg_left_front": {
					"rotation": [5, -10, 0],
					"position": ["0-math.cos(query.anim_time*90*variable.battlespeed-0)*0.02-0.02", 0, "0+math.cos(query.anim_time*90*variable.battlespeed-0)*0.12-0.12"]
				},
				"leg_left_front2": {
					"rotation": ["27.5-math.cos(query.anim_time*90*variable.battlespeed-0)*2+2", 0, 0]
				},
				"leg_left_front3": {
					"rotation": ["-57.5+math.cos(query.anim_time*90*variable.battlespeed-0)*1.5-1.5", 0, 0]
				},
				"leg_left_front4": {
					"rotation": ["52.5+math.cos(query.anim_time*90*variable.battlespeed-0)*0.5-0.5", 0, 0]
				},
				"leg_left_front5": {
					"rotation": [-33, 0, 0]
				},
				"arm_left2": {
					"rotation": [28.22975, -52.42246, -34.11397]
				},
				"hand_left": {
					"rotation": [0, 0, 10]
				},
				"finger_back_left4": {
					"rotation": [0, 0, -15]
				},
				"finger_back_left5": {
					"rotation": [0, 0, 30]
				},
				"finger_back_left6": {
					"rotation": [0, 0, 17.5]
				},
				"finger_back_left2": {
					"rotation": [0, 0, -15]
				},
				"finger_back_left3": {
					"rotation": [0, 0, 30]
				},
				"finger_back_left7": {
					"rotation": [0, 0, 17.5]
				},
				"finger_back_left8": {
					"rotation": [0, 0, -15]
				},
				"finger_back_left9": {
					"rotation": [0, 0, 30]
				},
				"finger_back_left10": {
					"rotation": [0, 0, 17.5]
				},
				"leg_right_front": {
					"rotation": [-2.5, 10, 0],
					"position": ["0+math.cos(query.anim_time*90*variable.battlespeed-0)*0.02-0.02", 0, "0+math.cos(query.anim_time*90*variable.battlespeed-0)*0.12-0.12"]
				},
				"leg_right_front2": {
					"rotation": ["27.5-math.cos(query.anim_time*90*variable.battlespeed-0)*2+2", 0, 0]
				},
				"leg_right_front3": {
					"rotation": ["-53.5+math.cos(query.anim_time*90*variable.battlespeed-0)*1.5-1.5", 0, 0]
				},
				"leg_right_front4": {
					"rotation": ["52.5+math.cos(query.anim_time*90*variable.battlespeed-0)*0.5-0.5", 0, 0]
				},
				"leg_right_front5": {
					"rotation": [-28, 0, 0]
				}
			}
		},
		"animation.necrozma_dusk_mane.cry": {
			"animation_length": 3,
			"bones": {
				"eye": {
					"rotation": {
						"0.0": {
							"post": [0, 0, 0],
							"lerp_mode": "catmullrom"
						},
						"0.25": {
							"post": [0, 0, 0],
							"lerp_mode": "catmullrom"
						},
						"0.5": {
							"post": [0, 0, 0],
							"lerp_mode": "catmullrom"
						},
						"2.25": {
							"post": [0, 0, 0],
							"lerp_mode": "catmullrom"
						}
					},
					"position": {
						"0.0": [0, 0, 0],
						"0.5": {"pre": [0, 0, 0], "post": [0, 0.2, -0.2]},
						"2.25": {"pre": [0, 0.2, -0.2], "post": [0, 0, 0]}
					}
				},
				"torso": {
					"rotation": {
						"0.0": {
							"post": [0, 0, 0],
							"lerp_mode": "catmullrom"
						},
						"0.25": {
							"post": [0, 0, 0],
							"lerp_mode": "catmullrom"
						},
						"0.5": {
							"post": [0, 0, 0],
							"lerp_mode": "catmullrom"
						},
						"2.25": {
							"post": [0, 0, 0],
							"lerp_mode": "catmullrom"
						}
					}
				},
				"neck": {
					"rotation": {
						"0.0": {
							"post": [0, 0, 0],
							"lerp_mode": "catmullrom"
						},
						"0.25": {
							"post": [2.5, 0, 0],
							"lerp_mode": "catmullrom"
						},
						"0.5": {
							"post": [2.5, 0, 0],
							"lerp_mode": "catmullrom"
						},
						"0.875": {
							"post": [-15, 5, 0],
							"lerp_mode": "catmullrom"
						},
						"1.875": {
							"post": [-15, -5, 0],
							"lerp_mode": "catmullrom"
						},
						"2.625": {
							"post": [2.5, 0, 0],
							"lerp_mode": "catmullrom"
						},
						"3.0": {
							"post": [0, 0, 0],
							"lerp_mode": "catmullrom"
						}
					},
					"position": {
						"0.0": {
							"post": [0, 0, 0],
							"lerp_mode": "catmullrom"
						},
						"0.25": {
							"post": [0, 0, 0],
							"lerp_mode": "catmullrom"
						},
						"0.5": {
							"post": [0, 0, 0],
							"lerp_mode": "catmullrom"
						},
						"0.875": {
							"post": [0, 1, 0],
							"lerp_mode": "catmullrom"
						},
						"1.875": {
							"post": [0, 1, 0],
							"lerp_mode": "catmullrom"
						},
						"2.25": {
							"post": [0, 0, 0],
							"lerp_mode": "catmullrom"
						},
						"2.625": {
							"post": [0, 0, 0],
							"lerp_mode": "catmullrom"
						}
					}
				},
				"head": {
					"rotation": {
						"0.0": {
							"post": [0, 0, 0],
							"lerp_mode": "catmullrom"
						},
						"0.375": {
							"post": [10, 0, 0],
							"lerp_mode": "catmullrom"
						},
						"0.625": {
							"post": [10, 0, 0],
							"lerp_mode": "catmullrom"
						},
						"1.0": {
							"post": [-2.5, 0, 0],
							"lerp_mode": "catmullrom"
						},
						"1.75": {
							"post": [-2.5, 0, 0],
							"lerp_mode": "catmullrom"
						},
						"2.625": {
							"post": [0, 0, 0],
							"lerp_mode": "catmullrom"
						}
					}
				},
				"mouth": {
					"rotation": {
						"0.0": {
							"post": [0, 0, 0],
							"lerp_mode": "catmullrom"
						},
						"0.25": {
							"post": [0, 0, 0],
							"lerp_mode": "catmullrom"
						},
						"0.5": {
							"post": [0, 0, 0],
							"lerp_mode": "catmullrom"
						},
						"0.875": [32, 0, 0],
						"1.0": ["33.22+math.sin(query.anim_time*90*24-0)*1", 0, 0],
						"1.75": ["33.22+math.sin(query.anim_time*90*24-0)*1", 0, 0],
						"1.875": [32, 0, 0],
						"2.5": {
							"pre": [0, 0, 0],
							"post": [0, 0, 0],
							"lerp_mode": "catmullrom"
						}
					}
				},
				"hair": {
					"rotation": {
						"0.0": {
							"post": [0, 0, 0],
							"lerp_mode": "catmullrom"
						},
						"0.25": {
							"post": [0, 0, 0],
							"lerp_mode": "catmullrom"
						},
						"0.5": {
							"post": [0, 0, 0],
							"lerp_mode": "catmullrom"
						},
						"0.875": {
							"post": [5, 0, 0],
							"lerp_mode": "catmullrom"
						},
						"1.75": {
							"post": [0, 0, 0],
							"lerp_mode": "catmullrom"
						},
						"2.25": {
							"post": [0, 0, 0],
							"lerp_mode": "catmullrom"
						}
					}
				},
				"hair2": {
					"rotation": {
						"0.0": {
							"post": [0, 0, 0],
							"lerp_mode": "catmullrom"
						},
						"0.25": {
							"post": [0, 0, 0],
							"lerp_mode": "catmullrom"
						},
						"0.5": {
							"post": [0, 0, 0],
							"lerp_mode": "catmullrom"
						},
						"0.875": {
							"post": [5, 0, 0],
							"lerp_mode": "catmullrom"
						},
						"1.75": {
							"post": [0, 0, 0],
							"lerp_mode": "catmullrom"
						},
						"2.25": {
							"post": [0, 0, 0],
							"lerp_mode": "catmullrom"
						}
					}
				},
				"hair3": {
					"rotation": {
						"0.0": {
							"post": [0, 0, 0],
							"lerp_mode": "catmullrom"
						},
						"0.25": {
							"post": [0, 0, 0],
							"lerp_mode": "catmullrom"
						},
						"0.5": {
							"post": [0, 0, 0],
							"lerp_mode": "catmullrom"
						},
						"0.875": {
							"post": [5, 0, 0],
							"lerp_mode": "catmullrom"
						},
						"1.75": {
							"post": [0, 0, 0],
							"lerp_mode": "catmullrom"
						},
						"2.25": {
							"post": [0, 0, 0],
							"lerp_mode": "catmullrom"
						}
					}
				},
				"hair4": {
					"rotation": {
						"0.0": {
							"post": [0, 0, 0],
							"lerp_mode": "catmullrom"
						},
						"0.25": {
							"post": [0, 0, 0],
							"lerp_mode": "catmullrom"
						},
						"0.5": {
							"post": [0, 0, 0],
							"lerp_mode": "catmullrom"
						},
						"0.875": {
							"post": [-5, 0, 0],
							"lerp_mode": "catmullrom"
						},
						"1.75": {
							"post": [0, 0, 0],
							"lerp_mode": "catmullrom"
						},
						"2.25": {
							"post": [0, 0, 0],
							"lerp_mode": "catmullrom"
						}
					}
				},
				"hair5": {
					"rotation": {
						"0.0": {
							"post": [0, 0, 0],
							"lerp_mode": "catmullrom"
						},
						"0.25": {
							"post": [0, 0, 0],
							"lerp_mode": "catmullrom"
						},
						"0.5": {
							"post": [0, 0, 0],
							"lerp_mode": "catmullrom"
						},
						"0.875": {
							"post": [-5, 0, 0],
							"lerp_mode": "catmullrom"
						},
						"1.75": {
							"post": [0, 0, 0],
							"lerp_mode": "catmullrom"
						},
						"2.25": {
							"post": [0, 0, 0],
							"lerp_mode": "catmullrom"
						}
					}
				},
				"hairs_left": {
					"rotation": {
						"0.0": {
							"post": [0, 0, 0],
							"lerp_mode": "catmullrom"
						},
						"0.25": {
							"post": [0, 0, 0],
							"lerp_mode": "catmullrom"
						},
						"0.5": {
							"post": [0, 0, 0],
							"lerp_mode": "catmullrom"
						},
						"0.875": {
							"post": [5, 0, 0],
							"lerp_mode": "catmullrom"
						},
						"1.75": {
							"post": [0, 0, 0],
							"lerp_mode": "catmullrom"
						},
						"2.25": {
							"post": [0, 0, 0],
							"lerp_mode": "catmullrom"
						}
					}
				},
				"hairs_right": {
					"rotation": {
						"0.0": {
							"post": [0, 0, 0],
							"lerp_mode": "catmullrom"
						},
						"0.25": {
							"post": [0, 0, 0],
							"lerp_mode": "catmullrom"
						},
						"0.5": {
							"post": [0, 0, 0],
							"lerp_mode": "catmullrom"
						},
						"0.875": {
							"post": [5, 0, 0],
							"lerp_mode": "catmullrom"
						},
						"1.75": {
							"post": [0, 0, 0],
							"lerp_mode": "catmullrom"
						},
						"2.25": {
							"post": [0, 0, 0],
							"lerp_mode": "catmullrom"
						}
					}
				},
				"hairs_left2": {
					"rotation": {
						"0.0": {
							"post": [0, 0, 0],
							"lerp_mode": "catmullrom"
						},
						"0.25": {
							"post": [0, 0, 0],
							"lerp_mode": "catmullrom"
						},
						"0.5": {
							"post": [0, 0, 0],
							"lerp_mode": "catmullrom"
						},
						"0.875": {
							"post": [0, 0, 0],
							"lerp_mode": "catmullrom"
						},
						"1.75": {
							"post": [0, 0, 0],
							"lerp_mode": "catmullrom"
						},
						"2.25": {
							"post": [0, 0, 0],
							"lerp_mode": "catmullrom"
						}
					}
				}
			}
		},
		"animation.necrozma_dusk_mane.battle_cry": {
			"animation_length": 3,
			"bones": {
				"eye": {
					"rotation": {
						"0.0": {
							"post": [0, 0, 0],
							"lerp_mode": "catmullrom"
						},
						"0.25": {
							"post": [0, 0, 0],
							"lerp_mode": "catmullrom"
						},
						"0.5": {
							"post": [0, 0, 0],
							"lerp_mode": "catmullrom"
						},
						"2.25": {
							"post": [0, 0, 0],
							"lerp_mode": "catmullrom"
						}
					},
					"position": {
						"0.0": [0, 0, 0],
						"0.5": {"pre": [0, 0, 0], "post": [0, 0.2, -0.2]},
						"2.25": {"pre": [0, 0.2, -0.2], "post": [0, 0, 0]}
					}
				},
				"torso": {
					"rotation": {
						"0.0": {
							"post": [0, 0, 0],
							"lerp_mode": "catmullrom"
						},
						"0.25": {
							"post": [0, 0, 0],
							"lerp_mode": "catmullrom"
						},
						"0.5": {
							"post": [0, 0, 0],
							"lerp_mode": "catmullrom"
						},
						"2.25": {
							"post": [0, 0, 0],
							"lerp_mode": "catmullrom"
						}
					}
				},
				"neck": {
					"rotation": {
						"0.0": {
							"post": [0, 0, 0],
							"lerp_mode": "catmullrom"
						},
						"0.25": {
							"post": [2.5, 0, 0],
							"lerp_mode": "catmullrom"
						},
						"0.5": {
							"post": [2.5, 0, 0],
							"lerp_mode": "catmullrom"
						},
						"0.875": {
							"post": [-15, 5, 0],
							"lerp_mode": "catmullrom"
						},
						"1.875": {
							"post": [-15, -5, 0],
							"lerp_mode": "catmullrom"
						},
						"2.625": {
							"post": [2.5, 0, 0],
							"lerp_mode": "catmullrom"
						},
						"3.0": {
							"post": [0, 0, 0],
							"lerp_mode": "catmullrom"
						}
					},
					"position": {
						"0.0": {
							"post": [0, 0, 0],
							"lerp_mode": "catmullrom"
						},
						"0.25": {
							"post": [0, 0, 0],
							"lerp_mode": "catmullrom"
						},
						"0.5": {
							"post": [0, 0, 0],
							"lerp_mode": "catmullrom"
						},
						"0.875": {
							"post": [0, 1, 0],
							"lerp_mode": "catmullrom"
						},
						"1.875": {
							"post": [0, 1, 0],
							"lerp_mode": "catmullrom"
						},
						"2.25": {
							"post": [0, 0, 0],
							"lerp_mode": "catmullrom"
						},
						"2.625": {
							"post": [0, 0, 0],
							"lerp_mode": "catmullrom"
						}
					}
				},
				"head": {
					"rotation": {
						"0.0": {
							"post": [0, 0, 0],
							"lerp_mode": "catmullrom"
						},
						"0.375": {
							"post": [10, 0, 0],
							"lerp_mode": "catmullrom"
						},
						"0.625": {
							"post": [10, 0, 0],
							"lerp_mode": "catmullrom"
						},
						"1.0": {
							"post": [-2.5, 0, 0],
							"lerp_mode": "catmullrom"
						},
						"1.75": {
							"post": [-2.5, 0, 0],
							"lerp_mode": "catmullrom"
						},
						"2.625": {
							"post": [0, 0, 0],
							"lerp_mode": "catmullrom"
						}
					}
				},
				"mouth": {
					"rotation": {
						"0.0": {
							"post": [0, 0, 0],
							"lerp_mode": "catmullrom"
						},
						"0.25": {
							"post": [0, 0, 0],
							"lerp_mode": "catmullrom"
						},
						"0.5": {
							"post": [0, 0, 0],
							"lerp_mode": "catmullrom"
						},
						"0.875": [17, 0, 0],
						"1.0": ["15.72+math.sin(query.anim_time*90*24-0)*1", 0, 0],
						"1.75": ["15.72+math.sin(query.anim_time*90*24-0)*1", 0, 0],
						"1.875": [17, 0, 0],
						"2.5": {
							"pre": [-6, 0, 0],
							"post": [-6, 0, 0],
							"lerp_mode": "catmullrom"
						},
						"3.0": {
							"post": [0, 0, 0],
							"lerp_mode": "catmullrom"
						}
					}
				},
				"hair": {
					"rotation": {
						"0.0": {
							"post": [0, 0, 0],
							"lerp_mode": "catmullrom"
						},
						"0.25": {
							"post": [0, 0, 0],
							"lerp_mode": "catmullrom"
						},
						"0.5": {
							"post": [0, 0, 0],
							"lerp_mode": "catmullrom"
						},
						"0.875": {
							"post": [5, 0, 0],
							"lerp_mode": "catmullrom"
						},
						"1.75": {
							"post": [0, 0, 0],
							"lerp_mode": "catmullrom"
						},
						"2.25": {
							"post": [0, 0, 0],
							"lerp_mode": "catmullrom"
						}
					}
				},
				"hair2": {
					"rotation": {
						"0.0": {
							"post": [0, 0, 0],
							"lerp_mode": "catmullrom"
						},
						"0.25": {
							"post": [0, 0, 0],
							"lerp_mode": "catmullrom"
						},
						"0.5": {
							"post": [0, 0, 0],
							"lerp_mode": "catmullrom"
						},
						"0.875": {
							"post": [5, 0, 0],
							"lerp_mode": "catmullrom"
						},
						"1.75": {
							"post": [0, 0, 0],
							"lerp_mode": "catmullrom"
						},
						"2.25": {
							"post": [0, 0, 0],
							"lerp_mode": "catmullrom"
						}
					}
				},
				"hair3": {
					"rotation": {
						"0.0": {
							"post": [0, 0, 0],
							"lerp_mode": "catmullrom"
						},
						"0.25": {
							"post": [0, 0, 0],
							"lerp_mode": "catmullrom"
						},
						"0.5": {
							"post": [0, 0, 0],
							"lerp_mode": "catmullrom"
						},
						"0.875": {
							"post": [5, 0, 0],
							"lerp_mode": "catmullrom"
						},
						"1.75": {
							"post": [0, 0, 0],
							"lerp_mode": "catmullrom"
						},
						"2.25": {
							"post": [0, 0, 0],
							"lerp_mode": "catmullrom"
						}
					}
				},
				"hair4": {
					"rotation": {
						"0.0": {
							"post": [0, 0, 0],
							"lerp_mode": "catmullrom"
						},
						"0.25": {
							"post": [0, 0, 0],
							"lerp_mode": "catmullrom"
						},
						"0.5": {
							"post": [0, 0, 0],
							"lerp_mode": "catmullrom"
						},
						"0.875": {
							"post": [-5, 0, 0],
							"lerp_mode": "catmullrom"
						},
						"1.75": {
							"post": [0, 0, 0],
							"lerp_mode": "catmullrom"
						},
						"2.25": {
							"post": [0, 0, 0],
							"lerp_mode": "catmullrom"
						}
					}
				},
				"hair5": {
					"rotation": {
						"0.0": {
							"post": [0, 0, 0],
							"lerp_mode": "catmullrom"
						},
						"0.25": {
							"post": [0, 0, 0],
							"lerp_mode": "catmullrom"
						},
						"0.5": {
							"post": [0, 0, 0],
							"lerp_mode": "catmullrom"
						},
						"0.875": {
							"post": [-5, 0, 0],
							"lerp_mode": "catmullrom"
						},
						"1.75": {
							"post": [0, 0, 0],
							"lerp_mode": "catmullrom"
						},
						"2.25": {
							"post": [0, 0, 0],
							"lerp_mode": "catmullrom"
						}
					}
				},
				"hairs_left": {
					"rotation": {
						"0.0": {
							"post": [0, 0, 0],
							"lerp_mode": "catmullrom"
						},
						"0.25": {
							"post": [0, 0, 0],
							"lerp_mode": "catmullrom"
						},
						"0.5": {
							"post": [0, 0, 0],
							"lerp_mode": "catmullrom"
						},
						"0.875": {
							"post": [5, 0, 0],
							"lerp_mode": "catmullrom"
						},
						"1.75": {
							"post": [0, 0, 0],
							"lerp_mode": "catmullrom"
						},
						"2.25": {
							"post": [0, 0, 0],
							"lerp_mode": "catmullrom"
						}
					}
				},
				"hairs_right": {
					"rotation": {
						"0.0": {
							"post": [0, 0, 0],
							"lerp_mode": "catmullrom"
						},
						"0.25": {
							"post": [0, 0, 0],
							"lerp_mode": "catmullrom"
						},
						"0.5": {
							"post": [0, 0, 0],
							"lerp_mode": "catmullrom"
						},
						"0.875": {
							"post": [5, 0, 0],
							"lerp_mode": "catmullrom"
						},
						"1.75": {
							"post": [0, 0, 0],
							"lerp_mode": "catmullrom"
						},
						"2.25": {
							"post": [0, 0, 0],
							"lerp_mode": "catmullrom"
						}
					}
				},
				"hairs_left2": {
					"rotation": {
						"0.0": {
							"post": [0, 0, 0],
							"lerp_mode": "catmullrom"
						},
						"0.25": {
							"post": [0, 0, 0],
							"lerp_mode": "catmullrom"
						},
						"0.5": {
							"post": [0, 0, 0],
							"lerp_mode": "catmullrom"
						},
						"0.875": {
							"post": [0, 0, 0],
							"lerp_mode": "catmullrom"
						},
						"1.75": {
							"post": [0, 0, 0],
							"lerp_mode": "catmullrom"
						},
						"2.25": {
							"post": [0, 0, 0],
							"lerp_mode": "catmullrom"
						}
					}
				}
			}
		},
		"animation.necrozma_dusk_mane.blink": {
			"animation_length": 0.1667,
			"bones": {
				"eyelid_right": {
					"position": {
						"0.0": [-0.05, 0, -0.1],
						"0.125": [-0.05, 0, -0.1],
						"0.1667": [0, 0, 0]
					}
				},
				"eyelid_left": {
					"position": {
						"0.0": [0.05, 0, -0.1],
						"0.125": [0.05, 0, -0.1],
						"0.1667": [0, 0, 0]
					}
				}
			}
		}
	}
}