{
    "enabled": true,
    "neededInstalledMods": [],
    "neededUninstalledMods": [],
    "spawns": [
        {
            "id": "groudon-1",
            "pokemon": "groudon",
            "presets": [
                "natural"
            ],
            "type": "pokemon",
            "context": "grounded",
            "bucket": "ultra-rare",
            "level": "70",
            "weight": 5.0,
            "condition": {
               "biomes": [
                   "#cobblemon:is_badlands"
               ]
           }
       },
       {
            "id": "groudon-2",
            "pokemon": "groudon",
            "presets": [
                "natural"
            ],
            "type": "pokemon",
            "context": "grounded",
            "bucket": "ultra-rare",
            "level": "70",
            "weight": 15.0,
            "condition": {
                "biomes": [
                    "#cobblemon:is_volcanic"
               ]
           }
       }
   ]
}