{
   "enabled": true,
   "neededInstalledMods": [],
   "neededUninstalledMods": [],
   "spawns": [
       {
           "id": "landorus-1",
           "pokemon": "landorus",
           "presets": [
               "natural"
           ],
           "type": "pokemon",
           "context": "grounded",
           "bucket": "ultra-rare",
           "level": "50",
           "weight": 3.0,
           "condition": {
            "isRaining":false,
               "biomes": [
                   "#cobblemon:is_savanna"
               ]
           }
       }
   ]
}