{
    "enabled": true,
    "neededInstalledMods": [],
    "neededUninstalledMods": [],
    "spawns": [
        {
            "id": "latios-1",
            "pokemon": "latios",
            "presets": [
                "natural"
            ],
            "type": "pokemon",
            "context": "grounded",
            "bucket": "ultra-rare",
            "level": "70",
            "weight": 4.0,
            "condition": {
                 "minY": 120,
                 "isRaining": false,
                 "biomes": [
                    "#cobblemon:is_overworld"
                ]
            }
        }
    ]
 }