{
    "enabled": true,
    "neededInstalledMods": [],
    "neededUninstalledMods": [],
    "spawns": [
        {
            "id": "manaphy-1",
            "pokemon": "manaphy",
            "type": "pokemon",
            "context": "submerged",
            "bucket": "ultra-rare",
            "level": "50",
            "weight": 3.0,
            "condition": {
                "biomes": [
                    "#cobblemon:is_ocean"
                ]
            }
        }
    ]
}