{
    "enabled": true,
    "neededInstalledMods": [],
    "neededUninstalledMods": [],
    "spawns": [
        {
            "id": "meltan-1",
            "pokemon": "meltan",
            "presets": [
                "ancient_city",
				"stronghold"
            ],
            "type": "pokemon",
            "context": "grounded",
            "bucket": "rare",
            "level": "11-41",
            "weight": 0.5,
            "condition": {
                "canSeeSky": false,
                "biomes": [
                    "#cobblemon:is_overworld"
                ],
                "minY": 30
            }
        }
    ]
}