{
    "enabled": "true",
    "neededInstalledMods": [],
    "neededUninstalledMods": [],
    "spawns": [
        {
            "id": "ogerpon-1",
            "pokemon": "ogerpon",
            "type": "pokemon",
            "context": "grounded",
            "bucket": "ultra-rare",
            "level": "65",
            "weight": 8.0,
            "condition": {
                "biomes": [
                    "#cobblemon:is_lush"
                ]
            }
        }
    ]
}