{
   "enabled": true,
   "neededInstalledMods": [],
   "neededUninstalledMods": [],
   "spawns": [
       {
           "id": "thundurus-1",
           "pokemon": "thundurus",
           "presets": [
               "natural"
           ],
           "type": "pokemon",
           "context": "grounded",
           "bucket": "ultra-rare",
           "level": "50",
           "weight": 5.0,
           "condition": {
                "isThundering":true,
                "biomes": [
                   "#cobblemon:is_plains"
               ]
           }
       }
   ]
}