{
  "format_version": "1.8.0",
  "animations": {
    "animation.electrike.ground_idle": {
      "loop": true,
      "animation_length": 0.4,
      "bones": {
        "neck": {
          "rotation": {
            "0.0": [0, 0, 0],
            "0.2": [10, 0, 0],
            "0.4": [0, 0, 0]
          },
          "position": {
            "0.0": [0, 0, 0],
            "0.2": [0, 1, 0],
            "0.4": [0, 0, 0]
          }
        },
        "frontleg_left": {
          "rotation": [-30, 45, 0],
          "position": [-3, 0, 0]
        },
        "foot2": {
          "rotation": [35, 0, 0],
          "position": [0, -0.8, 0.6]
        },
        "frontleg_right": {
          "rotation": [-30, -30, 0],
          "position": [3, 0, 0]
        },
        "foot": {
          "rotation": [35, 0, 0],
          "position": [0, -0.8, 0.6]
        }
      }
    },
    "animation.electrike.ground_walk": {
      "loop": true,
      "animation_length": 0.8,
      "bones": {
        "neck": {
          "rotation": {
            "0.0": [0, 0, 0],
            "0.2": [10, 0, 0],
            "0.4": [0, 0, 0],
            "0.6": [10, 0, 0],
            "0.8": [0, 0, 0]
          },
          "position": {
            "0.0": [0, 0, 0],
            "0.2": [0, 1, 0],
            "0.4": [0, 0, 0],
            "0.6": [0, 1, 0],
            "0.8": [0, 0, 0]
          }
        },
        "Lowerjaw2": {
          "rotation": {
            "0.0": [0, 0, 0],
            "0.2333": [27.5, 0, 0],
            "0.4": [0, 0, 0]
          },
          "position": {
            "0.0": [0, 0, 0],
            "0.2333": [0, -2, 1],
            "0.4": [0, 0, 0]
          }
        },
        "backleg_left": {
          "rotation": {
            "0.0": [0, 0, 0],
            "0.2": [20, 0, 0],
            "0.4": [0, 0, 0],
            "0.6": [-20, 0, 0],
            "0.8": [0, 0, 0]
          }
        },
        "frontleg_left": {
          "rotation": {
            "0.0": [0, 0, 0],
            "0.2": [-40, 0, 0],
            "0.4": [0, 0, 0],
            "0.6": [40, 0, 0],
            "0.8": [0, 0, 0]
          },
          "position": {
            "0.0": [0, 0, 0],
            "0.2": [0, 0, -3],
            "0.4": [0, 0, 0],
            "0.6": [0, 0, 3],
            "0.8": [0, 0, 0]
          }
        },
        "frontleg_right": {
          "rotation": {
            "0.0": [0, 0, 0],
            "0.2": [30, 0, 0],
            "0.4": [0, 0, 0],
            "0.6": [-30, 0, 0],
            "0.8": [0, 0, 0]
          },
          "position": {
            "0.0": [0, 0, 0],
            "0.2": [0, 0, 3],
            "0.4": [0, 0, 0],
            "0.6": [0, 0, -3],
            "0.8": [0, 0, 0]
          }
        },
        "backleg_right": {
          "rotation": {
            "0.0": [0, 0, 0],
            "0.2": [-20, 0, 0],
            "0.4": [0, 0, 0],
            "0.6": [20, 0, 0],
            "0.8": [0, 0, 0]
          }
        }
      }
    },
    "animation.electrike.cry": {
      "animation_length": 0.5,
      "bones": {
        "Lowerjaw2": {
          "rotation": {
            "0.0": [0, 0, 0],
            "0.25": [40, 0, 0],
            "0.5": [0, 0, 0]
          },
          "position": {
            "0.0": [0, 0, 0],
            "0.25": [0, -2, 0],
            "0.5": [0, 0, 0]
          }
        }
      }
    }
  }
}
